photo_id,observation_uuid,species,slug,taxon_id,category,lat,lon,source,sha256,created_at,blur_score
686114831,c58cff18-8783-4322-9209-4b5c4d9bc2a2,Anoplolepis gracilipes,anoplolepis-gracilipes,123386,known_holdout,12.7435722222,77.4993333333,inat_api_calibration,6ade6d54cd2c96409c1fe5e4627e50c0a58b673372b1b9e5f71dc4f25d62a878,2026-06-26T01:30:55+05:30,788.0385036232653
686137269,be458dc1-a9e8-4d41-ae04-e9fb35d4c064,Anoplolepis gracilipes,anoplolepis-gracilipes,123386,known_holdout,12.7434194444,77.4991916667,inat_api_calibration,82c26144983b8142b1dc211c442ca72003abb8ad579c2d4816dd99b2ed879bd5,2026-06-26T02:14:01+05:30,481.2598166239979
686295758,b3a0dfa5-6d6c-418e-95ed-9ee989231b6d,Anoplolepis gracilipes,anoplolepis-gracilipes,123386,known_holdout,19.0641945,-155.805725,inat_api_calibration,1c692c3d93ce85b749bf24365db854d3cf9764123b9e7d6c138c4a6390ac68b5,2026-06-25T16:33:26-10:00,2177.507211071256
686330229,53db9489-ec9f-4e82-af6f-1c3c7f854858,Anoplolepis gracilipes,anoplolepis-gracilipes,123386,known_holdout,-19.3122131997,146.7571963997,inat_api_calibration,db0903af3305d7ab9d6f767967d431c81ec2e14bbc400adf2dd666f79c896203,2026-06-26T14:14:07+10:00,536.5496782628587
686330220,2b5122a2-feac-4504-8f94-e33f837987a7,Anoplolepis gracilipes,anoplolepis-gracilipes,123386,known_holdout,-19.3122131997,146.7571963997,inat_api_calibration,f53a5c84b2962ec0b75aaf167d1ecf780ac0dba3c764573b68f27023a40095bc,2026-06-26T14:14:07+10:00,920.3247223096631
686330223,055e29cb-8904-43c5-879e-ca95d1877e7b,Anoplolepis gracilipes,anoplolepis-gracilipes,123386,known_holdout,-19.3122131997,146.7571963997,inat_api_calibration,a37c9336bcda002146cd7b0ed02c17ab9294bc935dce5727970b15fd481f59f2,2026-06-26T14:14:08+10:00,2106.587843205066
683643273,d0517900-59f8-4e88-8386-aafdfed387a8,Atta mexicana,atta-mexicana,300315,known_holdout,18.9950498758,-99.4544323098,inat_api_calibration,a006a401f3b4e115cf82c30a7a090bf4649b1aa1ab9ae74d01336aed6df9d41e,2026-06-21T13:41:54-06:00,3723.8451971046984
683802357,685fff43-4133-436c-b401-78d0bbd05fd9,Atta mexicana,atta-mexicana,300315,known_holdout,24.0826945497,-104.62003599,inat_api_calibration,e7967b2a5e8611b3863a1ccde0c3d9de3c0384d735d2c64c81e393477b4125a5,2026-06-21T18:04:13-06:00,842.4252997283596
683931432,41ebd729-13d6-4073-9deb-38ddb39a3de9,Atta mexicana,atta-mexicana,300315,known_holdout,18.4505081304,-101.4465790987,inat_api_calibration,859866a990d93c7798a3cefd46088c6a2e09d98c4c3d2c0b198cdc021b5539c5,2026-06-21T21:41:42-06:00,765.2626082485559
683924410,5449b4de-11ec-46db-af68-ec236bc538bb,Atta mexicana,atta-mexicana,300315,known_holdout,18.9563125473,-98.0174254999,inat_api_calibration,8b87b1befb1ed22609f1eb37e2ec68fcf110c443e881b9f824c2bba4afda1b96,2026-06-21T22:18:44-06:00,4888.0209413908515
683927616,121d4762-b0ca-4293-8b39-e1f4ab222e7f,Atta mexicana,atta-mexicana,300315,known_holdout,19.3368650237,-102.3624817282,inat_api_calibration,2eb91753a396fc278711fe6cc5d906a86103c26a2e66dc942a60091b936bca69,2026-06-21T22:28:33-06:00,2753.748316000513
683939883,27e3a5b2-0e46-475f-93ab-fe3048420a13,Atta mexicana,atta-mexicana,300315,known_holdout,18.9231679707,-99.2446491122,inat_api_calibration,52edc3df65516609118620f28c5bb0659d255a7f673eb99e553661bf9635166f,2026-06-21T23:06:55-06:00,593.9740652278683
695258339,0bab9f08-0609-4c3a-8637-b0cfcbeaaabc,Atta texana,atta-texana,151794,known_holdout,30.1232734518,-98.0315889046,inat_api_calibration,6cb5a7c969a422b709ad38e20c05ecba562a8a22d78f1ebfb2d70a03b5f08cab,2026-07-10T12:20:44-05:00,8159.605394283317
695829895,b33f571d-579d-492d-9c47-9115eb871f65,Atta texana,atta-texana,151794,known_holdout,29.2925135995,-98.2065337511,inat_api_calibration,c2ee2bb1de63c7aed20e6372cea603696c2ff3eaa937506b9d20306d3e9d7e8b,2026-07-11T10:42:18-05:00,4912.544675245399
696230340,a52e4910-6018-49ef-82d6-d9675de6b74d,Atta texana,atta-texana,151794,known_holdout,26.3327795787,-98.2452432811,inat_api_calibration,457a1fd8cb5925e2a59b36a3aa62edc156938959099e5fe2ce7af1455b3ab93d,2026-07-11T22:25:34-05:00,680.4771566083053
696603630,51a059b9-8342-4f52-94d8-753d85f3b8ad,Atta texana,atta-texana,151794,known_holdout,30.9179633333,-93.2873466667,inat_api_calibration,53f94cce81b6078869f6f4d0f26aeced4e833b5222ca9e0d960e78e603be39e3,2026-07-12T12:49:58-05:00,590.6317344584843
699253649,8fe17d61-6940-4af6-aa34-cdca54f58712,Atta texana,atta-texana,151794,known_holdout,29.4075415927,-100.905587433,inat_api_calibration,394f02fe609b18a026dd6029b1539ca936e389e5498246133e37cbe1d5c61483,2026-07-16T17:36:59-05:00,1094.1845440736038
699286926,e01dd83e-21cc-4ef8-a04e-a68a8d6082cb,Atta texana,atta-texana,151794,known_holdout,28.7217366667,-97.17498,inat_api_calibration,b4768490b048606638318f0de6bf4d247c20752bd1bab83a320a88c19367d49a,2026-07-16T18:57:08-05:00,5598.565828814227
691427447,837500ff-4b17-4451-bab8-f9d54354ae8a,Brachymyrmex patagonicus,brachymyrmex-patagonicus,356419,known_holdout,33.370845,-112.0882111667,inat_api_calibration,fa30d73cd30faed3109a34dc487628ab27857d9168598360445ac1ac9cc21ec9,2026-07-04T07:59:43-07:00,96.64250767939457
691523427,51fcbffe-3b0e-4803-a813-0166561ef254,Brachymyrmex patagonicus,brachymyrmex-patagonicus,356419,known_holdout,33.21941914,-117.28948682,inat_api_calibration,c69aa016076176ab759d8e842442c175ab07ae0a9ee49e91236c23f1535a9875,2026-07-04T10:38:55-07:00,2572.6309460500843
691577975,0604bc51-a336-4bbc-9d52-a9908d9acf1e,Brachymyrmex patagonicus,brachymyrmex-patagonicus,356419,known_holdout,34.1973123512,-118.4016915419,inat_api_calibration,e6a3b8dced500566793711ea69cd16e2deadbc7d0235e12998af4dcbbe5baa78,2026-07-04T12:25:41-07:00,491.2385882258289
692081660,59fd0248-3680-4fe3-aa1a-f3c693084525,Brachymyrmex patagonicus,brachymyrmex-patagonicus,356419,known_holdout,32.2557133333,-110.9488366667,inat_api_calibration,470cecdfebe47f9aee481170e20934260e1cad15c53ae3276bbd5bfd56403be9,2026-07-05T07:45:16-07:00,209.55387727076442
692531809,b47f8e80-963e-46b7-bfb1-01717cfae13c,Brachymyrmex patagonicus,brachymyrmex-patagonicus,356419,known_holdout,31.19438,-81.4675866667,inat_api_calibration,a67f1d65ff7012802788206f221a55ad2f3dc5cca153c2c32db6110fc55ea5ab,2026-07-05T23:35:50-04:00,212.2623257632761
692531859,69db28d6-66a1-49f4-b7d5-33626ed3b4fe,Brachymyrmex patagonicus,brachymyrmex-patagonicus,356419,known_holdout,31.1944983333,-81.4675883333,inat_api_calibration,b0fd4e676061721021d01fb5eb353eb676996af5c3af578f7a6ba7da80a9f186,2026-07-05T23:35:51-04:00,51.958494801380596
681192955,d5645ff1-0321-4a30-9231-95a061e355ec,Camponotus castaneus,camponotus-castaneus,129272,known_holdout,39.2135424064,-77.5440820228,inat_api_calibration,4a46c7d2e756ca79cc74064d329b98d71de95e83c44b8676b794603f72011c00,2026-06-17T19:00:49-04:00,1307.4439251977115
681202471,7412c4fc-fb09-4e70-9fe7-3b989fd54a58,Camponotus castaneus,camponotus-castaneus,129272,known_holdout,37.49947,-77.6442633333,inat_api_calibration,68360d155716c3362267b29d065b41f87f561a4a5656c2d2b48302486ceb853b,2026-06-17T19:23:31-04:00,267.77310014511943
681663776,31fac4ab-fb3f-42b6-b682-322236474819,Camponotus castaneus,camponotus-castaneus,129272,known_holdout,39.9283218384,-91.4050064087,inat_api_calibration,db7438a566eb5a4b08e7b2c6dc3088d372f09e195d83048b3ad7c30d3d5090e7,2026-06-17T18:25:03-05:00,1440.2822659434735
681213059,8b8502d5-35aa-4424-be04-252fa87169ee,Camponotus castaneus,camponotus-castaneus,129272,known_holdout,39.1480697681,-76.8888684776,inat_api_calibration,81b5dc7cf54f30c9fd40cf95abf899bb61d2356f1365079cb933f0c94b8612f7,2026-06-17T19:45:39-04:00,276.493107994997
681202592,b4eb3829-b019-41ef-89ad-228d1e37d44c,Camponotus castaneus,camponotus-castaneus,129272,known_holdout,28.5008847988,-82.526427322,inat_api_calibration,5d67d23765cdb53d3b6bf58b1b986a7012ec05d2740a991a3d348e90b1c99550,2026-06-17T19:48:13-04:00,262.2375660932796
681219018,049e8642-a286-4911-93f1-144576b2c742,Camponotus castaneus,camponotus-castaneus,129272,known_holdout,37.37421438,-77.209187356,inat_api_calibration,a4ccc5704a60e0918d59827c8431b3bf9f9ebb669519c35bd18da7df42535f30,2026-06-17T19:59:00-04:00,1207.5324774854676
681131327,b73e6752-a1c5-4577-ac06-712efb07ae11,Camponotus chromaiodes,camponotus-chromaiodes,62780,known_holdout,35.4878245459,-83.7573027261,inat_api_calibration,190252c9f646c2c349b2ea9fabbbe42d388a2be076b089c9959e69075cc223f6,2026-06-17T17:01:49-04:00,3773.622750946445
681135616,29969526-da41-4e68-9ed2-2492a151a1df,Camponotus chromaiodes,camponotus-chromaiodes,62780,known_holdout,40.3829416667,-87.0838083333,inat_api_calibration,efe175f371013ed7cc5a72ed4d2594082fcf282ba05b28a41d5a20a1fca98543,2026-06-17T17:35:13-04:00,177.34394342884758
681164925,4cf68e59-1ccc-4684-ad57-fb09e5c7cb85,Camponotus chromaiodes,camponotus-chromaiodes,62780,known_holdout,39.9744533333,-77.5860283333,inat_api_calibration,73bad051a2f6b211e2d5b52fae448e7673cf4a2d84b0794842c1742842a8a6af,2026-06-17T18:02:38-04:00,5038.638072369424
681194058,24be5d9b-fbaa-42f4-93d7-49fb15ae2778,Camponotus chromaiodes,camponotus-chromaiodes,62780,known_holdout,40.4820992297,-75.038717218,inat_api_calibration,f8bc0b33541a2e21ded798b8294f146e3888c3d9992a24af41c5f5808b332b9d,2026-06-17T19:14:33-04:00,192.1824338417899
681217665,cde0e453-1563-4d74-9438-8cc31e3015ca,Camponotus chromaiodes,camponotus-chromaiodes,62780,known_holdout,40.90992,-72.8651883333,inat_api_calibration,d8424124cfa0a35514d6a7a4d83891b3f52a7dc654ed2ab9286ecbbb688b9ee5,2026-06-17T19:55:56-04:00,629.1057004071887
681229252,322f3eca-c18d-4a63-b5a7-732ecfa821fe,Camponotus chromaiodes,camponotus-chromaiodes,62780,known_holdout,38.935955,-84.4664166667,inat_api_calibration,25e22b6261721c42668701125fc8c5ebef92a21687b8a5e48df8032086ea6671,2026-06-17T20:20:55-04:00,520.8461889703168
680923634,94660e39-5705-4ecf-a301-cc90630bbe99,Camponotus pennsylvanicus,camponotus-pennsylvanicus,129902,known_holdout,44.4355483913,-75.8928262161,inat_api_calibration,02d95da97b5139b2d843daf885058eb7bda194ecdae45a0c746fc31ba90801e8,2026-06-17T10:53:50-04:00,1728.7986216962445
680910375,e1969876-943e-4619-97f7-21ae31dce43b,Camponotus pennsylvanicus,camponotus-pennsylvanicus,129902,known_holdout,40.4615124245,-91.3609497733,inat_api_calibration,d493f6f13ea9b9eb23c4f49982b6ec25893ba76e536fb5d38a60161a82bfcac9,2026-06-17T10:05:29-05:00,195.07821068409163
680935372,76e6c0c1-eeea-4e4e-afac-8b31fb6a33ec,Camponotus pennsylvanicus,camponotus-pennsylvanicus,129902,known_holdout,39.2625777558,-79.398785025,inat_api_calibration,20bd8a92510a37c934cf5f06811b42ae672f4651b2df6d8e94e47945666634cc,2026-06-17T11:22:08-04:00,370.84864510694484
680960887,69fd722f-d1bb-4c53-bfe6-c299f88f1710,Camponotus pennsylvanicus,camponotus-pennsylvanicus,129902,known_holdout,42.9818227402,-88.1923992709,inat_api_calibration,fb1d963ddde22f5804286b95a32483e7049f741f78fa8c8db61bce6f84e32657,2026-06-17T11:16:23-05:00,289.9559562958847
680984826,84a0fdb5-5a6e-4663-99ef-d4520f0af6bd,Camponotus pennsylvanicus,camponotus-pennsylvanicus,129902,known_holdout,32.65866913,-85.4827086306,inat_api_calibration,7ebcfcb469e87aede9dbb5480bac0b2f3ca784e3091ea7a1190b5f111fb78132,2026-06-17T11:43:07-05:00,5911.963138392602
680986124,5d40d07b-548a-4087-9626-ef514c33ed92,Camponotus pennsylvanicus,camponotus-pennsylvanicus,129902,known_holdout,44.3119083333,-78.311255,inat_api_calibration,94c666469120e08c99e98145cba94b11d668bc0f95eb95c15a637f65c7422fa0,2026-06-17T12:44:53-04:00,1184.725685205601
698640454,e23bfb06-a11f-49ec-95e3-97ecc503a280,Cephalotes atratus,cephalotes-atratus,366960,known_holdout,-0.2752386826,-63.1047401638,inat_api_calibration,930beca6f5c5aa26305ef8660853189186117a9bc05000bcdebfd24d92fc541c,2026-07-15T18:58:25-04:00,435.8079071476351
698734046,dde9133f-5831-4617-8a5c-a12fe269a1ac,Cephalotes atratus,cephalotes-atratus,366960,known_holdout,9.130806,-79.726593,inat_api_calibration,de24740b82619527fa304d265bbf98c5483707343ec676bff02359b1562e1d57,2026-07-15T20:02:21-05:00,400.9940975390858
699083799,ad29a90b-2ee0-43e2-af5a-dc384acd04a7,Cephalotes atratus,cephalotes-atratus,366960,known_holdout,-2.6014597555,-60.0403154793,inat_api_calibration,7b6ffb4c7722caef9ca1dea9681f34eb95bb927615b996308a009613019c73f9,2026-07-16T13:20:00-04:00,729.0657011721208
699230891,5bfa5dcf-d82e-45c7-861c-e11907a14e68,Cephalotes atratus,cephalotes-atratus,366960,known_holdout,-25.5164846598,-54.5854029804,inat_api_calibration,600433f7b6ff81268c3d09b1f350cdccb6a6cfd11efc64309fe8a3bea34804b6,2026-07-16T18:40:10-03:00,396.229556085492
699872516,ccb83dfd-3138-4427-a9dd-bee1329c7a4d,Cephalotes atratus,cephalotes-atratus,366960,known_holdout,-3.930575,-70.1758583333,inat_api_calibration,3f79d105b014fe9992d63fa6ea8adf1074699f80fba82d61bcfa67f8d153d55c,2026-07-17T19:35:59-05:00,1120.0781822230815
700574910,cf07842d-1d88-4dcc-9bd8-14324a316b90,Cephalotes atratus,cephalotes-atratus,366960,known_holdout,2.4740966667,-73.73713,inat_api_calibration,d1b8244e897fc15d3c1aba9df6012a2c475698dd27e459cf57e232d2c7a158c7,2026-07-18T21:44:20-05:00,631.2968315766036
685403536,bc03eae7-9442-43e8-8acc-9a610b073871,Colobopsis truncata,colobopsis-truncata,503397,known_holdout,48.230574471,16.3274840226,inat_api_calibration,3fea48587db2a0b498e710787a960104c5428b80fbeed0941b161bd500907410,2026-06-24T19:04:46+02:00,81.83562989669696
685602126,40d27da2-c0d5-4188-80da-716ffe826839,Colobopsis truncata,colobopsis-truncata,503397,known_holdout,47.332351,5.041373,inat_api_calibration,a066b9615ae44b35a21f25611f8320a0b417c947b7b8244d8e2a1c781c0f511b,2026-06-25T00:52:53+02:00,140.43215725860273
685653650,eed685b7-d09d-4060-aa9e-4dc9ffcc4eb2,Colobopsis truncata,colobopsis-truncata,503397,known_holdout,45.6262645096,5.3127090633,inat_api_calibration,d6c557c84c4653d78644d5f928a2186501180191e3e6a919e12f275c80d1aae1,2026-06-25T02:44:16+02:00,170.4820284192686
685808342,d1e0c6aa-dae4-4854-bb84-56cdf7928e4d,Colobopsis truncata,colobopsis-truncata,503397,known_holdout,43.7275047222,10.6186132222,inat_api_calibration,4e2428ce01257031b991a3504b63a667534fc98c333ce5c1df9089de40a0f636,2026-06-25T10:30:41+02:00,82.50476098354001
686154317,c431173b-6860-4ffc-bfbf-93b8b8e3beec,Colobopsis truncata,colobopsis-truncata,503397,known_holdout,47.50698,19.1640916667,inat_api_calibration,b60b5627025d333f13901cc36e14d1e611a7410a83471e3d4f7105136cf73f29,2026-06-25T23:15:02+02:00,302.9139776158606
686171959,1043a39f-023b-44d2-b01e-b5c53d432e0a,Colobopsis truncata,colobopsis-truncata,503397,known_holdout,44.9509197352,5.0066113472,inat_api_calibration,9dccac1714ec2c2dd54b4d2726bceb0207d446eb681285246aaaf8de8e07d844,2026-06-25T23:48:27+02:00,107.53769423788046
720731187,51b441fc-8e51-4b05-87a8-c80a025710d8,Crematogaster peringueyi,crematogaster-peringueyi,426236,known_holdout,-34.0356750278,21.8271999167,inat_api_calibration,4e05e06002f43c89d8675117a08712829741ee66264761bf66e7da9bf9e099a7,2026-08-21T18:05:10+02:00,1760.0764459769348
682840307,5f94d442-1374-4228-8956-de1ef2d4a3b1,Crematogaster scutellaris,crematogaster-scutellaris,342899,known_holdout,40.0545353,15.4905693,inat_api_calibration,f7e4fc3a9101763c38e7894b2ce820926eea9f7f265a2a2faa07e167a22e4bba,2026-06-20T19:27:36+02:00,82.35770329968686
682874513,923bea47-5b59-4af3-b731-ff6983aa3fcc,Crematogaster scutellaris,crematogaster-scutellaris,342899,known_holdout,42.0096473694,12.3654212952,inat_api_calibration,5405d9364b8d2ff4f6921849922d4d370fbd93d9b5bf7f3b7c4d4df4551a4e9c,2026-06-20T20:19:24+02:00,553.4222026996308
682898550,2404370d-54f0-4997-babc-942eba0fce29,Crematogaster scutellaris,crematogaster-scutellaris,342899,known_holdout,39.4098091125,3.0209851265,inat_api_calibration,1c660525a40dba50445245067a81e491808d11761c4da3f3a736e05a674b0e15,2026-06-20T20:56:10+02:00,1513.644212036065
682920185,737b2340-1c9c-416e-99cc-bb8a41e2a9c9,Crematogaster scutellaris,crematogaster-scutellaris,342899,known_holdout,43.5106383333,16.434345,inat_api_calibration,101da51b4d4a13962f256718d53f9887a5e0c37410539f4406869fbfa34d5528,2026-06-20T21:29:03+02:00,253.7170655090054
682952834,6c7e2ee4-eab8-450b-aa2e-42ca8a8bf9ae,Crematogaster scutellaris,crematogaster-scutellaris,342899,known_holdout,37.1035777778,-8.2558833333,inat_api_calibration,de44bc7b43cb9e4aef224b7e4fe785845895139052b3dba22e486aa5f240258a,2026-06-20T21:24:38+01:00,29.56691537986446
682963332,df50c025-239f-4356-942c-a1b854173929,Crematogaster scutellaris,crematogaster-scutellaris,342899,known_holdout,42.5617116802,-0.5926574484,inat_api_calibration,5d436ab15753b54ea4e3cfb8ace905856e3a21296fefed0ca48c43ee33ef121b,2026-06-20T22:51:02+02:00,2940.6093040368646
707736032,f4b666b2-4ac5-4c97-8b34-c5f93e988352,Dolichoderus bispinosus,dolichoderus-bispinosus,300626,known_holdout,10.7252229524,-61.3734466755,inat_api_calibration,f2a679293a4a3aaaa5c5a5bb81533fbd49a12a7b0861b107b879018c912b16b8,2026-07-30T07:42:08-04:00,903.5029770329542
708167040,7d815da1-3b1a-458a-9afb-37ce61fbffe0,Dolichoderus bispinosus,dolichoderus-bispinosus,300626,known_holdout,-25.67974136,-54.4515312463,inat_api_calibration,e27ef231db34f2914d4f3f8dd4a5159d6ead53757736c33df8f4426e69ae6960,2026-07-30T23:21:51-03:00,2115.151290939123
708176216,b4c9a7d1-b928-4442-ac22-a84488c6504d,Dolichoderus bispinosus,dolichoderus-bispinosus,300626,known_holdout,17.189877,-88.49765,inat_api_calibration,e67c6925d606e25bb594c1697996a52ce8c312890fde3ebf72432331d3414a6d,2026-07-30T20:50:11-06:00,1668.7490634134806
708330480,6c7ac517-ad66-4138-b9dd-6ffeed82fefa,Dolichoderus bispinosus,dolichoderus-bispinosus,300626,known_holdout,-6.062975,-50.0587528333,inat_api_calibration,5350f11e1799113e03384ec6a3f0f6c0c51e59f616fcf6632bbd241914358d44,2026-07-31T09:13:51-03:00,404.5893083184563
708366238,2104cae2-9f9f-421d-9281-e29b110c4ec6,Dolichoderus bispinosus,dolichoderus-bispinosus,300626,known_holdout,-3.1450416667,-52.0828166667,inat_api_calibration,df56a392c293ae5c6d474781e925b16efce08f3d587f95965d2864c889e9bc7b,2026-07-31T10:37:08-03:00,3202.245568476083
708432901,fe1db9e8-f558-4fbc-bee8-47a9673dd42e,Dolichoderus bispinosus,dolichoderus-bispinosus,300626,known_holdout,10.8394867787,-85.6185618696,inat_api_calibration,097aa81a35cdaa99d76284d0659b4a586ebe92f9a55021a5cf042efa8e29b4a8,2026-07-31T09:47:55-06:00,240.92152493432178
683614808,f91c760f-288a-463d-8270-f0d423131ee8,Dolichoderus quadripunctatus,dolichoderus-quadripunctatus,343264,known_holdout,49.3692797406,8.2663694327,inat_api_calibration,2c5a4fbf807dcf80e55e781b7da91fc3d235dfed20d0cb948237e4f3e97def4a,2026-06-21T21:00:44+02:00,873.9811430546989
683630922,b308836f-f0ee-4fb4-b44d-6bc6c1e86a65,Dolichoderus quadripunctatus,dolichoderus-quadripunctatus,343264,known_holdout,54.64186729,21.8463711,inat_api_calibration,8732e6f6621ad71b128d49bb1427342bf8859d5431f2c6bee81ecf958a2a67fe,2026-06-21T21:24:20+02:00,345.99164572523347
683961073,46fd9c12-03c1-4dd1-8955-4ce3a5f50faf,Dolichoderus quadripunctatus,dolichoderus-quadripunctatus,343264,known_holdout,50.3165883333,31.7403,inat_api_calibration,7d4a7d88f93209db4c216dad2c0dd6d5d9972d0763a4825ffa8cb227fd4fe70c,2026-06-22T09:13:20+03:00,86.60391675243447
684022229,a35385e3-cb1b-45ee-a21f-47d8c5eb6c44,Dolichoderus quadripunctatus,dolichoderus-quadripunctatus,343264,known_holdout,48.224778819,11.5066072882,inat_api_calibration,77170b7b28059591b42ca7bae848c38bd7fdd865739e8b4f1abdc8058d1d44a1,2026-06-22T11:45:31+02:00,105.6277577111351
684036227,45c64e4b-1431-4579-9511-0c8e15b4a1d9,Dolichoderus quadripunctatus,dolichoderus-quadripunctatus,343264,known_holdout,49.1908714251,14.7019094601,inat_api_calibration,09013e2d3c00c42f39025234c22e9874d70df483dd414cd8c270ea558e1fe882,2026-06-22T12:32:26+02:00,61.152725526333334
684066975,2ed96cfc-e25c-4e4c-abfc-2198b43727ee,Dolichoderus quadripunctatus,dolichoderus-quadripunctatus,343264,known_holdout,48.1894380698,16.2733129681,inat_api_calibration,17f1250f46a0951582e682116ccf62a88329f3c9bc64d045dca8781a7194c5d0,2026-06-22T14:13:19+02:00,35.059281983737634
688879827,d436070d-157e-472e-a51b-e3097cbe9bfb,Dolichoderus thoracicus,dolichoderus-thoracicus,626764,known_holdout,24.2068101155,120.5939016491,inat_api_calibration,8ac33956429a2cfe30c72b4e4288a74a91ca58e593a96fbd98c940541aa20fd4,2026-06-30T12:00:33+08:00,183.44812229198942
688993755,9930a21e-1c9f-4d69-b455-97da08bcc807,Dolichoderus thoracicus,dolichoderus-thoracicus,626764,known_holdout,13.1609959458,123.7296793551,inat_api_calibration,b2abd892f5bbd9d1c8fc5a97c793d0734da50f858d98e834c9cd03b9248ceec6,2026-06-30T18:56:15+08:00,180.07993987152082
688994483,4c5ffaed-a430-4691-8064-624188e1e8ce,Dolichoderus thoracicus,dolichoderus-thoracicus,626764,known_holdout,13.1608856395,123.7297725643,inat_api_calibration,94414e2717f533a4849c57f7d4bb8467c834d91d5a17a353c8deb60193acf7a0,2026-06-30T18:58:28+08:00,623.5634445391522
688995339,bb679868-9c9e-457e-a269-b6c24305f389,Dolichoderus thoracicus,dolichoderus-thoracicus,626764,known_holdout,13.1609002924,123.7297212899,inat_api_calibration,8430f5fea5b854af1594929dd6c77e9cae19d9b84f3da630822987b5696eb63a,2026-06-30T19:01:45+08:00,334.0361556668441
689429403,54b528cf-b1f4-46d7-995b-0dd3386019d9,Dolichoderus thoracicus,dolichoderus-thoracicus,626764,known_holdout,14.5528769919,121.1257059127,inat_api_calibration,562590048b44f213efeb2f7bd546b553a99d0d065583e613ff4ce96988e295b1,2026-07-01T10:43:48+08:00,379.37118398749834
689484095,a3b0833e-aa31-433d-b1ec-34ee4e2f0517,Dolichoderus thoracicus,dolichoderus-thoracicus,626764,known_holdout,23.8523163956,120.9030239055,inat_api_calibration,4ccceb807c690cbe88f3d0cd65abcab4070af3d6b31da4d38661223e12f9092e,2026-07-01T13:33:20+08:00,102.1270901784432
685623920,c0c777eb-0cb9-472d-b8d9-b7f5647c976d,Dorymyrmex bureni,dorymyrmex-bureni,319444,known_holdout,33.7213583333,-78.8497166667,inat_api_calibration,f798f07629cb17d80b36b284c80c46f70baf89fe0d6c89331f359e0cc5edfa78,2026-06-24T19:38:16-04:00,3108.1105284600567
685674118,4351f362-e2d6-438a-a7f1-ebdee15004e8,Dorymyrmex bureni,dorymyrmex-bureni,319444,known_holdout,38.9708116667,-74.8322133333,inat_api_calibration,f78d0d26e48d52479f68947ce3e1a112b14fa3b2257318dda483d31c311a4044,2026-06-24T21:31:16-04:00,2134.5255327405775
686539678,a5a20ffd-86f6-43d9-9299-fc1e95e610c7,Dorymyrmex bureni,dorymyrmex-bureni,319444,known_holdout,32.7759033333,-80.2477116667,inat_api_calibration,3a32e647aba68529f5f4cdf58765e6e52e7447bc715e64dbd936b9b2e5ad8d5c,2026-06-24T22:32:42-04:00,673.0954829504717
686170824,a006001c-58fb-479b-a2d1-ff6216c2109e,Dorymyrmex bureni,dorymyrmex-bureni,319444,known_holdout,28.6214971179,-81.2792718865,inat_api_calibration,4a55f14a34989c2770bafd767c5ee8f7407a0aad6eeb0770f2b00aeb64f295d7,2026-06-25T17:46:24-04:00,10535.359650928094
686146768,0317691a-1895-4f0a-ba70-020bc3f798a1,Dorymyrmex bureni,dorymyrmex-bureni,319444,known_holdout,36.9041083333,-76.1047416667,inat_api_calibration,3d17e012be590e054eac94788d02b0995993f689345939a487c1feaa00b4f952,2026-06-25T18:31:24-04:00,1440.4985371724824
686146998,91584052-99dd-4620-bdcc-4b89699939df,Dorymyrmex bureni,dorymyrmex-bureni,319444,known_holdout,36.9039805556,-76.1042722222,inat_api_calibration,143e70905fd981517bb8f9db4424b47604a9b5a7fc2422ebf51a3de2b29098ae,2026-06-25T18:31:25-04:00,1654.1834610876772
697479525,3094dbf0-ee57-4732-8a7d-df4f6c23b8f5,Eciton burchellii,eciton-burchellii,126838,known_holdout,10.3829466667,-84.6172033333,inat_api_calibration,556dee422e7070a25fcceda15356ad4d25d29574a2bfea83ce4e1ebca4fc99c1,2026-07-13T17:00:19-06:00,853.01667228326
697611933,a8c0cdee-e34a-4431-85ba-eabda2c7f2ca,Eciton burchellii,eciton-burchellii,126838,known_holdout,16.8449616667,-93.203075,inat_api_calibration,ac4b52bc85144809f274f6e544ad87465f9448063378d7b515c698000c1810a9,2026-07-13T22:00:11-06:00,93.40159952241004
698782266,7ce93179-a93c-4d52-b8a9-e6c363676656,Eciton burchellii,eciton-burchellii,126838,known_holdout,9.13068,-79.716156,inat_api_calibration,f16ba71abbd9981f446695a8cc713efba319394975c437ed7c1fd0c0eb39b454,2026-07-15T22:01:00-05:00,1144.8436919955227
699033450,0408d33a-6524-4e17-b50f-61d2c813e955,Eciton burchellii,eciton-burchellii,126838,known_holdout,10.43175,-84.0043611117,inat_api_calibration,ad2850f31bf60ebbf3b05d351a2111d2430a146035058f87582d944742af01fc,2026-07-16T09:30:22-06:00,1851.7879231971385
699033492,fdf29d76-3b60-4a49-9c49-60bb9c23b948,Eciton burchellii,eciton-burchellii,126838,known_holdout,10.43175,-84.0043611117,inat_api_calibration,61efa3077f62bc8ed1945947eba372bcfd1f246c047b46f18f1612bea662c34a,2026-07-16T09:30:23-06:00,2610.189738123548
699050572,d1155222-56ca-4599-9d04-90c135972059,Eciton burchellii,eciton-burchellii,126838,known_holdout,10.59368,-83.5275416667,inat_api_calibration,a2b1ee406629dc8a3a7576044800512c78f2e0fc9c0bbf66532dcea27f9486ea,2026-07-16T10:01:34-06:00,2834.099192037433
694207182,0b737638-215d-4fc0-904a-375864fb76df,Ectatomma tuberculatum,ectatomma-tuberculatum,300347,known_holdout,-18.6752383333,-39.8637883333,inat_api_calibration,e7c675df4302a1bd9f328b842b290675e0a352407bf64d7c86652152027792e2,2026-07-08T18:57:36-03:00,3665.8814324995856
694245660,ec18a959-7bd9-4a4b-8be6-c13ca916f89d,Ectatomma tuberculatum,ectatomma-tuberculatum,300347,known_holdout,16.7692000833,-93.1174682947,inat_api_calibration,29a0e915b48f554e1d8271e3f54f8cb8e9fb9d86578f622c3ba87dae811cca74,2026-07-08T17:19:07-06:00,199.19964534988668
694861614,25d7641f-1ef7-4050-98ba-ff814259e7e6,Ectatomma tuberculatum,ectatomma-tuberculatum,300347,known_holdout,-12.5198533333,-68.979995,inat_api_calibration,e599158d8de08d9873227635881d80ca022e43fa2f69c25ea9001c7392c7dc66,2026-07-09T18:56:33-05:00,1015.5351285205901
696056264,a6d58716-2502-4d9d-a836-0104dbea46a5,Ectatomma tuberculatum,ectatomma-tuberculatum,300347,known_holdout,-9.7289550471,-35.6044380094,inat_api_calibration,c4de5f570771cfbfc377ece0689900a8860519887c05f94d6084299b7c291c5b,2026-07-11T18:46:45-03:00,84.70895815839053
696150094,90e1293b-3f78-4f2b-855f-6f92b864cef0,Ectatomma tuberculatum,ectatomma-tuberculatum,300347,known_holdout,18.4135583333,-95.1219166667,inat_api_calibration,a0364ed06c57e66a471de2d346b9eb8af07adc391a4a2ba28fd74ffa70be202b,2026-07-11T18:51:59-06:00,165.13851219185736
696659868,42771ae5-e9d7-4732-b1f2-30b277557cfc,Ectatomma tuberculatum,ectatomma-tuberculatum,300347,known_holdout,4.8429361111,-52.3524583333,inat_api_calibration,7fc482435830341a18adb854b29cad0ced4c90a3f6958cae10b225c4c12b0a05,2026-07-12T16:19:21-03:00,1157.0016454533509
685066786,14110d84-2f66-4bb3-9e51-5a7529528bf7,Iridomyrmex purpureus,iridomyrmex-purpureus,202000,known_holdout,-38.0171555,143.9744416667,inat_api_calibration,74d9105e08438852b1ef4f61285ec6b95fa4450e7143d451baee5e9119855fdb,2026-06-24T11:21:09+10:00,3784.2308581013103
685167563,db9ef63b-9ae6-407a-b3f3-f2e3d574436b,Iridomyrmex purpureus,iridomyrmex-purpureus,202000,known_holdout,-31.9581346997,116.164972,inat_api_calibration,24b3a75ad572de576c4622e05c0f153b0501ca5b2d715b2880f0df36ec782132,2026-06-24T14:17:37+08:00,576.5693838604369
685212737,6eb4d5d9-0f11-4c3c-8db1-25a645adf4ae,Iridomyrmex purpureus,iridomyrmex-purpureus,202000,known_holdout,-31.9358616667,140.7026516667,inat_api_calibration,21b5760dad78424890898ecc7e12e2e68c05182360105346ad4178f50531899c,2026-06-24T18:39:10+09:30,197.04298494836522
685766855,4a12ee25-80b1-4e22-adfe-6776204a5774,Iridomyrmex purpureus,iridomyrmex-purpureus,202000,known_holdout,-33.5178866667,116.903695,inat_api_calibration,24c75a78a8f759f9781369592692c2d894f66fb665a9dd2e7abd9ea816de2d99,2026-06-25T13:51:53+08:00,193.29112772106967
685810693,f44fee8a-4ecb-4714-a8e5-aa137a39f908,Iridomyrmex purpureus,iridomyrmex-purpureus,202000,known_holdout,-28.832169,151.9384761997,inat_api_calibration,df826cc0873aa09ec1a9c02df740b69cf10727a10ff1bea41ac8aa3fe6be5e80,2026-06-25T18:38:51+10:00,1954.0524225694462
685815632,567610ad-8fb9-4b9b-958e-b3997ee6ccac,Iridomyrmex purpureus,iridomyrmex-purpureus,202000,known_holdout,-36.6472939006,145.6244923074,inat_api_calibration,4bec9f11f7ae4764979c204228ee96672fd0a5b8f982d4064ce03284a23fe2c2,2026-06-25T19:17:40+10:00,2435.0645092493105
683370942,0edd0e80-0384-446d-974b-28c01987fafe,Lasius fuliginosus,lasius-fuliginosus,124150,known_holdout,53.0075464242,18.5747028163,inat_api_calibration,f9a10ad8261f8d04e488e5979209d8e6298722ced93aefec52f08fa35a176631,2026-06-21T14:35:23+02:00,1294.676700190329
683438843,f9b1543b-88f1-4319-b204-758f08c3fe7c,Lasius fuliginosus,lasius-fuliginosus,124150,known_holdout,49.5735409722,18.1709199722,inat_api_calibration,3ae21be7ab98c867ea354567a215eca7c1a45e1786d30ae6886980535b10bfa4,2026-06-21T16:35:51+02:00,1883.2587452881312
683441750,920077f6-6ab6-4cde-8d78-0173e9cb3aea,Lasius fuliginosus,lasius-fuliginosus,124150,known_holdout,52.20297,21.0746833333,inat_api_calibration,ebc8958f294b26fbbfac9b8fd8f6e85d608ab8d4827a026860d6ac7863ab8600,2026-06-21T16:40:02+02:00,986.0871570785112
683537298,0784ac2a-5c66-4c25-8116-0fac31020a14,Lasius fuliginosus,lasius-fuliginosus,124150,known_holdout,47.48852,19.8782133333,inat_api_calibration,679ea3508c82ca948d60351c04bb10b0919daa2e4d94b41d85cbffcc20186caa,2026-06-21T19:09:22+02:00,214.77031484357738
683561001,6c506d42-498c-4d30-a43f-8c11e5a18a92,Lasius fuliginosus,lasius-fuliginosus,124150,known_holdout,51.3208742124,4.8979794732,inat_api_calibration,0d1c5e2e901366a3364fadaf43d7e6a35957a2bb0b2091f3b0db0186435120a3,2026-06-21T19:41:39+02:00,3406.508244876088
683585975,c7b05099-0aa3-4d8b-b71a-2368a2fc28f1,Lasius fuliginosus,lasius-fuliginosus,124150,known_holdout,51.4258613586,-0.5817871092,inat_api_calibration,3b4162dffb081d919c6cccd5db00f01b571d43259ba4eff86883f044e7674071,2026-06-21T19:17:59+01:00,1499.8319666656118
696177311,9e6c5e5e-9088-434c-b0fa-40c4e287d024,Leptomyrmex erythrocephalus,leptomyrmex-erythrocephalus,129515,known_holdout,-33.5510125381,151.2967435613,inat_api_calibration,a683f15cac77d6188fc9198fdd335cad3affd6fb867825a6dc9e7614dc0d4bf1,2026-07-12T11:55:01+10:00,2045.4790496339856
696216755,44049d63-b407-4972-916e-d40692c4ed7e,Leptomyrmex erythrocephalus,leptomyrmex-erythrocephalus,129515,known_holdout,-35.2026883333,150.4777216667,inat_api_calibration,e802c67cf021daa3f1fe4b095276f4259c2c6e6242f9beb77024aed58fe50055,2026-07-12T13:19:28+10:00,3910.823743213444
697051554,8766ef49-009e-45db-b069-b3be9c616ce8,Leptomyrmex erythrocephalus,leptomyrmex-erythrocephalus,129515,known_holdout,-34.0230138333,150.8706533333,inat_api_calibration,3210948b27b1a4f66b248f0deca6ad3535e5c6ae27d771a799928ace27236e70,2026-07-13T19:08:18+10:00,263.4759960407655
697687288,7daa801b-5ab1-438a-8c20-4e5ad3ed73b6,Leptomyrmex erythrocephalus,leptomyrmex-erythrocephalus,129515,known_holdout,-33.7272916667,150.2920833333,inat_api_calibration,f60c6500dc106aea7ab71f05bf0c42e1a2b4d858fe8b5269ce3bad70a839cda2,2026-07-14T18:22:07+10:00,2880.4165930845415
698948540,7b6658c6-d08e-47ba-9834-941ea945591c,Leptomyrmex erythrocephalus,leptomyrmex-erythrocephalus,129515,known_holdout,-36.181213896,149.371901383,inat_api_calibration,d7026a41a4809000e159195f774515efe1122b9159277f5f97534f236fcb87b2,2026-07-16T22:24:20+10:00,3158.5527810435224
683485149,8054c8d4-c84a-419e-b8d9-0e19f4783d43,Linepithema humile,linepithema-humile,68165,known_holdout,28.0036972167,-15.551255,inat_api_calibration,6146259f84acd813a660399af57165fe7494782dd810c35f7656136875110765,2026-06-21T16:49:28+01:00,2807.969997967818
683608592,af487fbe-3adf-4e12-8a8b-313b6b6bce92,Linepithema humile,linepithema-humile,68165,known_holdout,37.265051,-122.008938,inat_api_calibration,7ede60263359c23bb34bc187a3f45d1b4797b4e1515668fb77bb3358c7331a46,2026-06-21T12:04:43-07:00,257.90024407123013
683691460,ac47a34a-5859-41de-967e-602f7fdb1c0d,Linepithema humile,linepithema-humile,68165,known_holdout,34.2284092329,-118.4059395263,inat_api_calibration,4d955b86d01122af867d4037c9094f96377b865ee262fd642d7323712d276c86,2026-06-21T14:08:10-07:00,100.45640934215
683769066,c1d1b18c-91f4-4454-9dd2-4f69051b7b38,Linepithema humile,linepithema-humile,68165,known_holdout,33.9706383333,-118.4159783333,inat_api_calibration,546e9248768e7910c4ea75dd806cbd0ba0fbf629796d6c6c40b15ebc9856a070,2026-06-21T16:02:12-07:00,2672.592051925865
684012417,b072e3d5-bbbe-4f95-bfdc-ee64e549a16b,Linepithema humile,linepithema-humile,68165,known_holdout,28.4659374645,-16.2791746353,inat_api_calibration,06b022fba123725390fea9ccc81a0d66175dd6fb990513c0d13861183cf04ca6,2026-06-22T10:33:51+01:00,117.77270819515738
684059970,c7badb86-a0e1-43c3-9c64-5eff31dfd469,Linepithema humile,linepithema-humile,68165,known_holdout,42.130689137,2.7603099045,inat_api_calibration,242a72cb50b2ddce5665e3801ace340398be1bfaad8290376cb5b35154d3443e,2026-06-22T13:48:44+02:00,130.84216140627157
709848407,3c4ea5ca-7c2d-4e32-9e91-08ee837c5af2,Liometopum occidentale,liometopum-occidentale,68993,known_holdout,34.3281883333,-117.8344033333,inat_api_calibration,52ef8833e7d6a1b73748d51d3b9d938368c446da41f6ad584285a38d5c0cbe33,2026-08-02T12:26:27-07:00,936.0768849565087
709981578,7aa50af8-89fd-425f-9dd7-bef667923e4a,Liometopum occidentale,liometopum-occidentale,68993,known_holdout,37.2722759298,-121.9018918255,inat_api_calibration,69f8ab7e7d29b7c24dad3d01a28c555497e494f399ecac6c48fa9828bc0b49c0,2026-08-02T16:11:08-07:00,226.94304387588613
710751320,d2837055-24a8-4fec-8858-45e4d888a6f4,Liometopum occidentale,liometopum-occidentale,68993,known_holdout,38.5270533333,-121.804795,inat_api_calibration,9c05b943262a84c0185c8553dc41e8dc5a00242d1e251f98a57d863708a724e7,2026-08-03T22:37:34-07:00,2919.4944882940317
710751627,017a84d5-3849-40c7-80a6-d3ad44019c10,Liometopum occidentale,liometopum-occidentale,68993,known_holdout,38.52703,-121.80452,inat_api_calibration,135b716be58089256474295a5e289a1765fdd83fdd082908d4b562e15c42fe8a,2026-08-03T22:38:57-07:00,2604.4495252548168
711899373,1ec68981-caf6-4044-ab89-3967d2a48946,Liometopum occidentale,liometopum-occidentale,68993,known_holdout,38.5468116667,-121.75287,inat_api_calibration,3a371ca984fb988bc58bff7dd2aea62bf90581187fc93a571b7bcd8eabc6e44f,2026-08-05T23:33:16-07:00,3920.16431582388
712113844,9781f3b0-0a18-488e-a3ec-5463b7453274,Liometopum occidentale,liometopum-occidentale,68993,known_holdout,34.362095,-118.4997166667,inat_api_calibration,c559d38a8e13f34f1866118fa4e98e52b5a79295d6d2a4a36b1960a129e92e6c,2026-08-06T10:01:00-07:00,4084.9330076517035
686682239,5b066dd8-2bd7-4690-974e-6a122471a41f,Messor barbarus,messor-barbarus,118487,known_holdout,43.5551566667,3.8087183333,inat_api_calibration,da28c4c9ff8c95a84c1093b57e316a83094d738b097908846d1184d0cb4c42fa,2026-06-26T21:46:04+02:00,1010.4680740583832
686686786,c632afd1-5fd3-4275-a6fb-9dbc1e3b6e16,Messor barbarus,messor-barbarus,118487,known_holdout,38.5459316667,-8.9015316667,inat_api_calibration,d64a24937dedf774ade18abc65f08ab96923b8322d923790e5302e391ea71530,2026-06-26T20:54:32+01:00,6691.654289309951
686977147,7d96e44b-024e-4236-a21d-f45f581e0d88,Messor barbarus,messor-barbarus,118487,known_holdout,41.56636492,1.99661293,inat_api_calibration,127b4c3ee27d60c16cc8d7ba9c147a420dd5bcb0cabf9d8e2ff074fd4dd17a81,2026-06-27T10:14:35+02:00,274.9126828942598
687001128,166dd1f4-2c4a-4674-86bc-293a4365a2c5,Messor barbarus,messor-barbarus,118487,known_holdout,38.182187593,-0.8939651772,inat_api_calibration,9aa514eee5937962c57000c6c3ba81403ce66ca84eb3c4d1a3016ff8c534524c,2026-06-27T11:40:32+02:00,441.4051854869661
687001910,fe7af108-5666-4297-bac8-f962c86ada8d,Messor barbarus,messor-barbarus,118487,known_holdout,38.1823024979,-0.8941039816,inat_api_calibration,14321c75d1f3bb2c65f81de996ce2abf2a3a0a499d4c571a6f5e81b65e28c129,2026-06-27T11:42:43+02:00,1592.1643077164267
687014992,df817c9d-4f98-44a4-bb39-4fc1ef8a71b7,Messor barbarus,messor-barbarus,118487,known_holdout,38.1824239911,-0.8938997984,inat_api_calibration,49b18cc28ea1833060aafcf4a3f3b60fbc6343c48dcd6764da088a8b3c5cebaf,2026-06-27T12:19:51+02:00,2891.5546020130105
703289874,32717686-b927-4767-934a-8c31b317b33e,Myrmecia pilosula,myrmecia-pilosula,122515,known_holdout,-42.1740200654,148.2797731926,inat_api_calibration,2ddf20ca79f29eac2b87c9886a1db1cd5c07197ed6d0dfae8f3a97ef0ba79d26,2026-07-23T21:51:41+10:00,283.78394361394
708275413,ab4c650a-54b6-4f1f-b928-70a78f1bcf31,Myrmecia pilosula,myrmecia-pilosula,122515,known_holdout,-42.8710322586,147.3570763797,inat_api_calibration,1e30ac46260d01221b8d12c39c6b701ddcba38fd50b41b0359907bd38461b393,2026-07-31T18:59:49+10:00,11236.44317280352
715953782,18b74503-ce66-4cca-8fc2-250365958c85,Myrmecia pilosula,myrmecia-pilosula,122515,known_holdout,-42.9111496825,147.3182049116,inat_api_calibration,be91c46954d52b72e71d3b68b2a93cb322b4d4f0260262ebb609524a386cc6e7,2026-08-13T15:57:38+10:00,646.6104234125316
715984244,5e977490-fc83-4080-ae5b-a0f9fd42c416,Myrmecia pilosula,myrmecia-pilosula,122515,known_holdout,-36.9656814488,140.3767994419,inat_api_calibration,e4010423c9e5e75650f5a6222d3034438c7b8e528b77f733aee3c954e92aee26,2026-08-13T17:42:22+09:30,547.8657764184215
716034925,ff832a2f-6a07-4289-ba33-f7898a710734,Myrmecia pilosula,myrmecia-pilosula,122515,known_holdout,-42.8944825097,147.2823505468,inat_api_calibration,deb7ff0d868ec61e5cf7953b6c2673e6de2049fc57bde5eea58586cb20ae97e2,2026-08-13T21:55:06+10:00,6351.037817295432
716474865,a213d489-3e81-4bd0-b66c-895d11f50524,Myrmecia pilosula,myrmecia-pilosula,122515,known_holdout,-41.4569098503,147.1702420247,inat_api_calibration,dc5ecc4ccd1ab0a5ed5a19225ddd4757b4ee043d4d4b963714575ca97ed66430,2026-08-14T14:38:28+10:00,6157.7529133835
687666838,ae361d70-61ed-413b-b968-885fe60c628c,Myrmecia pyriformis,myrmecia-pyriformis,711955,known_holdout,-37.7922512518,145.0165714324,inat_api_calibration,38c198218cb752798338e6973ddfa07fd50fc3ab98d8d6d20db42a94c9c98313,2026-06-28T18:47:31+10:00,4502.469740035343
688916356,337483cb-ec6f-4a47-8310-b5eb5a190857,Myrmecia pyriformis,myrmecia-pyriformis,711955,known_holdout,-35.0625116139,138.6760525306,inat_api_calibration,f7cdbefa9d81a113aac488fb73321cd8a06ff7c95f70cbbcc1003ecfa26b863a,2026-06-30T15:30:12+09:30,3117.1622073726
688927617,7b1643bb-fd23-48c5-b438-e39a772912e7,Myrmecia pyriformis,myrmecia-pyriformis,711955,known_holdout,-36.7786533333,144.2808216667,inat_api_calibration,48a5d702a85a16618e14c3b6a957af2ac69b044b6f715dc86e12b351e619ab74,2026-06-30T16:43:12+10:00,1210.811532123077
689008086,cc85b84f-b296-4fc7-abdf-f2110419c6de,Myrmecia pyriformis,myrmecia-pyriformis,711955,known_holdout,-37.9746002778,145.39285,inat_api_calibration,706f430eb157f4c404022d9e8cf2458f3cc69a820b8cb84c370441c02c2d979e,2026-06-30T21:44:50+10:00,528.1488989954244
689481349,5ce4b867-a926-48e0-94d2-c19c4e0d0147,Myrmecia pyriformis,myrmecia-pyriformis,711955,known_holdout,-36.7529875997,145.4056232,inat_api_calibration,38d6518da65d3ec0d6e27863c0e9c5fb6a5fd0e2f2acda902b9923612136e63f,2026-07-01T15:20:51+10:00,2958.395782323354
690125078,dd9f9205-5b4d-475b-a8e6-6ea0bf9f30c8,Myrmecia pyriformis,myrmecia-pyriformis,711955,known_holdout,-37.8843344162,144.1850686354,inat_api_calibration,30d5d33c42e59a57758382ccf752df22c2381fe7d355bf1b78a71d7f7a628a12,2026-07-02T20:15:28+10:00,1744.8341536564167
684157030,b0f6fcb3-4080-486b-bb51-a0c8b610b2d1,Myrmica rubra,myrmica-rubra,119172,known_holdout,56.2796066368,43.9705266058,inat_api_calibration,5ca4f93fe722fbac8fbc25e7b6d5abf85c7f1a900d4655c4c67e3311f059141c,2026-06-22T18:14:11+03:00,604.9572022938237
684173478,49bc3328-c187-4220-aebf-d22b3e653e9d,Myrmica rubra,myrmica-rubra,119172,known_holdout,56.2794366667,43.97074,inat_api_calibration,5ffda1574e9f0f0d3b62600bd3fd80e3174fc0ffae04388995a6f920ef612dee,2026-06-22T18:42:38+03:00,68.9312115779312
684303435,7a69b68a-84a8-469d-9ce9-3a14e385daa1,Myrmica rubra,myrmica-rubra,119172,known_holdout,51.8608978191,7.4551596234,inat_api_calibration,a102efe78c342dc1a7e3dcac9d86bf923de559f62a289e289ef423628526da14,2026-06-22T21:27:35+02:00,518.6868921873844
684306317,0ea0179c-8ac5-43a2-b717-dca7b2611bb8,Myrmica rubra,myrmica-rubra,119172,known_holdout,51.9648765045,7.5819569677,inat_api_calibration,15d69544fc13660531946a5c474358666d4173ae0b050965c196ee934ba31314,2026-06-22T21:33:39+02:00,699.4980202804337
684690551,6d8cb733-31d0-46bd-b7ac-a036213fe5a8,Myrmica rubra,myrmica-rubra,119172,known_holdout,59.8351758,18.6328751,inat_api_calibration,943551a506b6b689366b4a62baea67b0b84844a5579cd5343a254c443cecc930,2026-06-23T14:58:43+02:00,58.24152273304303
685110093,bd158126-7636-4358-b325-8882eecd9beb,Myrmica rubra,myrmica-rubra,119172,known_holdout,43.6527206413,-79.4613752262,inat_api_calibration,4737fc90f99f8fcc107aa4630bc886180ff71c4e2cbc41c587ba23ab4d9e31a2,2026-06-23T23:36:28-04:00,706.9132869088662
707222380,c6a95695-b88c-4c1c-8b05-b243523e961e,Odontomachus simillimus,odontomachus-simillimus,411282,known_holdout,1.3072167081,103.7708124518,inat_api_calibration,16d5fe8980116dfce0c68a40c55b0be3a6f44842761d4424a339652c78b4ca0c,2026-07-29T22:52:23+08:00,180.24264827036117
707836370,49e08dc5-d6b2-4b6c-85df-575263af3146,Odontomachus simillimus,odontomachus-simillimus,411282,known_holdout,1.3595404962,103.9387355493,inat_api_calibration,93382b6eba695ff997ce3da2ef7729922f0863b342c6093af36f2704fcde59f0,2026-07-30T23:18:38+08:00,554.4160709607125
708214526,e7f82e88-1f07-4815-9d5f-f085592cd46b,Odontomachus simillimus,odontomachus-simillimus,411282,known_holdout,1.2964659434,103.7783209335,inat_api_calibration,cd0c8b5c088f4fe1f7149f0d37ce790d45e377740b4159b443700aed6c87492a,2026-07-31T12:56:15+08:00,3115.4992728150037
708337146,4898d587-4468-4eef-b2b3-933c57f38485,Odontomachus simillimus,odontomachus-simillimus,411282,known_holdout,11.1649133986,99.496233277,inat_api_calibration,6299fab0d18889068e621fae617cc6ce0a0581c5691f9fd58fff8213d50c8e19,2026-07-31T19:30:54+07:00,39.372348799232725
709479886,775c6956-64e9-43a6-99d9-99797d4a418c,Odontomachus simillimus,odontomachus-simillimus,411282,known_holdout,1.33915,103.7456366667,inat_api_calibration,8fa7774d467889e98b31c58eba12b09c3a81d8b22fcc8535f183fd7bf0db64c6,2026-08-02T14:22:31+08:00,439.4188366903076
710095076,6eb7f795-05e6-402f-bfb1-588e8063f9c7,Odontomachus simillimus,odontomachus-simillimus,411282,known_holdout,-8.1817230478,114.9779782052,inat_api_calibration,19a367aed6db61e79cf5ea20943c5b17f233fc4929cc21ec83d8a309a7793b62,2026-08-03T11:17:56+08:00,113.66709685375618
697820970,3966cc00-e9b3-436a-8896-af80d6cdff89,Odontoponera denticulata,odontoponera-denticulata,628334,known_holdout,18.7688057525,98.9475616836,inat_api_calibration,a8d8f68f4a31da5ba711f9d022f3f9a15f3b987ad5b3ee2318517a154632158a,2026-07-14T21:31:05+07:00,623.2829139686675
698467804,0155153a-eb8e-46ea-89df-d87af690ac68,Odontoponera denticulata,odontoponera-denticulata,628334,known_holdout,1.3856809,103.8207694,inat_api_calibration,1bf16bc29a9419947eac970d2dd5b86dbf202a9724bf0153bb75104b939b566a,2026-07-16T07:25:08+08:00,1298.4180798249631
698870731,f97b7d6e-5e99-423a-882f-338d5f1009a7,Odontoponera denticulata,odontoponera-denticulata,628334,known_holdout,5.6871366667,118.3846583333,inat_api_calibration,ca5db6032d40b135198e00678a5fe5cf78f15a32b7453bb8a47e9a79ae429d3f,2026-07-16T15:47:09+08:00,265.40973532684956
699301582,e0bb5fda-0fbf-45f3-b234-6d6b4d8daf3d,Odontoponera denticulata,odontoponera-denticulata,628334,known_holdout,1.3600944444,103.8500527778,inat_api_calibration,4473a8d1e4e06dddf61251b20821162ef40703264b8b5e917ca7f5256bac6e9e,2026-07-17T08:32:38+08:00,1154.0185917000392
699448457,7adf623f-8009-428c-ab79-4aff7d6d931d,Odontoponera denticulata,odontoponera-denticulata,628334,known_holdout,11.4552170954,103.5075752659,inat_api_calibration,c3a0ad344360e86d80b3d8675d065d037762322c843323992fb49ae7383b6c34,2026-07-17T15:35:32+07:00,925.5800261057633
699448476,3c67809f-f59c-448e-8aa4-7e9efad28d40,Odontoponera denticulata,odontoponera-denticulata,628334,known_holdout,11.4732414429,103.4616212138,inat_api_calibration,11b0d183c0c21697b19a64fc4f3c25a6b5f75c3d2585f45106f75d25e0888381,2026-07-17T15:35:32+07:00,2071.980429400859
681171286,603d7084-ec88-42dd-97d6-651a8e23488e,Oecophylla smaragdina,oecophylla-smaragdina,117293,known_holdout,3.112281,101.601213,inat_api_calibration,0014b97e44a0715c2173885b496dc96b41c70d3ec45d89e1b4ae5ebc965e6bff,2026-06-18T06:19:25+08:00,361.9846140500649
681263811,026a57fa-9aae-47c6-988d-f00312a75007,Oecophylla smaragdina,oecophylla-smaragdina,117293,known_holdout,5.9466045279,116.0462957382,inat_api_calibration,43e8cd0582c30ac24013d46dcc2bc602421cfc7e30297752e62ece772ed809d9,2026-06-18T09:43:56+08:00,714.9432249571651
681295156,d3072282-a969-4ee2-94ba-732cc7b5f470,Oecophylla smaragdina,oecophylla-smaragdina,117293,known_holdout,1.2327881497,103.6956483427,inat_api_calibration,be911b5969928672d4e060da0f9f74f3f0fae0745b21db820ca4844432e84532,2026-06-18T10:51:01+08:00,606.0139508830179
681340379,714c64fe-7483-4e02-acfe-e50981da9b80,Oecophylla smaragdina,oecophylla-smaragdina,117293,known_holdout,10.5123260067,76.8823311447,inat_api_calibration,fecc7ffb70cd61a13a51f22a1a5f89243c73476b50ee2282a643c19d0b6f5a35,2026-06-18T10:38:14+05:30,276.74325080794557
681354677,020e1322-b525-4e68-a3c2-07cc2206825f,Oecophylla smaragdina,oecophylla-smaragdina,117293,known_holdout,1.4159633333,103.91655,inat_api_calibration,84c947f16cab25ddc8eb2b2babda8f3e71ac47e15d137205aef5d10cd77caa8c,2026-06-18T13:53:24+08:00,3887.672941778277
681356851,8ecb2f9d-6930-4dc9-b8c9-3372c3d5be19,Oecophylla smaragdina,oecophylla-smaragdina,117293,known_holdout,23.20652,100.9190533333,inat_api_calibration,1b0a39e7f2a7309cae57782519211e65395918fd2b67355622c571403c8b1080,2026-06-18T14:01:21+08:00,406.7124791286169
684823750,fa495ff3-40d1-4bca-932b-6c28ba3b6d09,Paraponera clavata,paraponera-clavata,67986,known_holdout,10.4494120997,-84.0664165997,inat_api_calibration,96e231dca9ffec1f0272aa947f4a0f83be86e65ba899f8e913982df1800c3299,2026-06-23T11:35:16-06:00,4189.446445794295
684931259,87ed5d33-50ab-46aa-b27d-ee7dbc34c315,Paraponera clavata,paraponera-clavata,67986,known_holdout,10.4321472222,-84.0080638889,inat_api_calibration,734d817be4ba5876e86231c9d04edd28db26185ee8c9aadceb8484ae04e77168,2026-06-23T14:52:18-06:00,872.2158342418116
684968175,4a81f37a-4575-41a1-8046-876f8431d959,Paraponera clavata,paraponera-clavata,67986,known_holdout,10.4290133333,-84.0050583333,inat_api_calibration,5ddd1491b31381a18f353634cdf5ea9e0f3321b0444129ae8939214a159c0285,2026-06-23T15:45:45-06:00,4885.767495838867
684984139,f545efca-737c-43d5-bfdf-ad4fe9a486d4,Paraponera clavata,paraponera-clavata,67986,known_holdout,-3.659822,-79.7809987,inat_api_calibration,08114d3dfaa5b82859debf404159144eea4b3c728bc3bab610bdfbc95190fc0d,2026-06-23T17:18:07-05:00,769.7155051579217
685123975,556e1e04-40e3-4f94-bbea-b6b8fed60012,Paraponera clavata,paraponera-clavata,67986,known_holdout,4.9511966667,-55.1761583333,inat_api_calibration,65366b2f1cf711a3fbca35ede4d24a9bac896fa6e2a4a655526c1ea28dbe88db,2026-06-24T00:37:05-03:00,1866.706718433852
685139585,b74b4d17-bf01-4ac8-8485-308f20010ea5,Paraponera clavata,paraponera-clavata,67986,known_holdout,10.4304537147,-84.0069109934,inat_api_calibration,73c6c9480b352147736ccb77041f5b51a2c731855eb0c7faf1238b0316cf2401,2026-06-23T22:27:03-06:00,3986.255376521995
685479739,b06834fa-7f08-4f7a-8951-ae213c9297d5,Paratrechina longicornis,paratrechina-longicornis,69388,known_holdout,22.3095583333,70.6857083333,inat_api_calibration,0331f125dbecd88ff84671bcd08a4fd24e2a63d99c2517b7cfc682dfbebb422f,2026-06-25T00:30:37+05:30,750.2290734976178
685641376,769f01bc-943b-46b8-9a82-83174cb1f06e,Paratrechina longicornis,paratrechina-longicornis,69388,known_holdout,-12.0620672441,-77.0680792603,inat_api_calibration,522aedbfc00f41602c46ae43faa0fe0b404d29df483c7a723fdcf398bb224dda,2026-06-24T19:17:05-05:00,510.3323878311853
685886186,7040aec7-5121-4fbd-829f-3f9c04cd08af,Paratrechina longicornis,paratrechina-longicornis,69388,known_holdout,30.499905,-87.22573,inat_api_calibration,cf8e3c6038f8617a4e1be8a0804fa191fa2ae06022da63bfc2e8a18c6f6efbb3,2026-06-25T07:43:23-05:00,1592.0136311779527
685926612,961ddb9b-29bb-4982-bc2d-75c09ef87eb2,Paratrechina longicornis,paratrechina-longicornis,69388,known_holdout,13.0164294813,80.2237536232,inat_api_calibration,0b17ada6a8a54e727df69dc36ab76103abd4773733eef2dcf03aa7bfeaf2c722,2026-06-25T19:46:30+05:30,2019.1851426521398
686235747,aae920cf-570c-435f-b60e-29131148ff7d,Paratrechina longicornis,paratrechina-longicornis,69388,known_holdout,26.1199798584,-80.1044235229,inat_api_calibration,cf77fab73968f0650abe62ed07eec4bf3edf2513f3bce64501436cff617b51d3,2026-06-25T19:52:52-04:00,72.93277200470776
686416526,d2243031-d9f6-4041-b39a-4424a5abe9e8,Paratrechina longicornis,paratrechina-longicornis,69388,known_holdout,1.2812474617,103.869259879,inat_api_calibration,2cd5fed60ec2e06816cf63ca5889c33a93312a9011539faca7848f6601c801e1,2026-06-26T17:40:13+08:00,964.231921052388
687407558,9bba391f-44fe-4dd0-a70f-ded70bc59afe,Pheidole pallidula,pheidole-pallidula,343179,known_holdout,42.1058083333,2.7716083333,inat_api_calibration,0e73e399a2689dcc7ba74c1d2f8e1b91ca62eb4aa7a1b9c1fa693f7598e8430a,2026-06-28T00:15:59+02:00,617.1095959855592
687641777,2a3e91c4-1256-4a52-b20c-564489f83722,Pheidole pallidula,pheidole-pallidula,343179,known_holdout,44.4316482544,4.3341932297,inat_api_calibration,a7c120eee52214324b0c858240eba434c6d44b77ac3b79218ecb3c249d6a06a9,2026-06-28T09:25:39+02:00,239.8826453367699
687784096,ed807103-39f6-45f8-b226-af5e5a31728d,Pheidole pallidula,pheidole-pallidula,343179,known_holdout,,,inat_api_calibration,9bf678855b69afe694cf69db0a4b38c2e94337dc6a4bebf933dc3e7219249b87,2026-06-28T15:40:58+02:00,139.94628715196004
688061284,9adc33d5-bcf4-47db-8d00-71e021168c3e,Pheidole pallidula,pheidole-pallidula,343179,known_holdout,38.6975589722,-9.382811,inat_api_calibration,9ca0022dc44a119e57db764b16552d683feb9d89c34d863f6c3f6216744a8e75,2026-06-28T21:53:32+01:00,1125.5861011731815
688193234,a1457934-12cb-4c32-aecb-9ec08adf463e,Pheidole pallidula,pheidole-pallidula,343179,known_holdout,43.55878572,11.53573193,inat_api_calibration,537b63c84e7161585a4d5cc118d360df40509a6b3c062a9b5c205758981c3b0b,2026-06-29T02:46:41+02:00,855.3132148749602
688330070,55d27550-4029-4723-b3ce-4e2c02ea693d,Pheidole pallidula,pheidole-pallidula,343179,known_holdout,37.9138831944,-4.7207021667,inat_api_calibration,2bc3e3952fe8e812d5338dce5a83ce923d9783294bf36c2be0ea56e5cb8fe0eb,2026-06-29T08:54:51+02:00,691.306694411157
688516120,b7e3c1d4-c1e1-40b5-af57-222ff902eedf,Pogonomyrmex barbatus,pogonomyrmex-barbatus,194690,known_holdout,29.8689333333,-98.1590583333,inat_api_calibration,42a5bca82db4ec089d0189bf5865c3ed247c91d98a94aef480e1e6b0f74867a1,2026-06-29T10:24:50-05:00,5011.777215825112
688520272,c95f5a25-22b0-4fe7-b9a5-48c5b445a6e4,Pogonomyrmex barbatus,pogonomyrmex-barbatus,194690,known_holdout,34.2692716667,-99.631745,inat_api_calibration,4ec3e95fdfecb2dbdee2b8c80556cd40e6e2bc210b36575c6a82487b84180ff8,2026-06-29T10:31:42-05:00,2490.5811669626887
688551367,5516a1ab-5227-4316-85af-3eddc029b85f,Pogonomyrmex barbatus,pogonomyrmex-barbatus,194690,known_holdout,27.6714978363,-97.3520723087,inat_api_calibration,db4086acbc7927dc3ec688db201b2f9aff1d7fa73b331b9643d3b3d805dd68ec,2026-06-29T11:27:59-05:00,1462.0779898293997
688676137,b272dbc9-5b55-44aa-8a6f-bc760df01d75,Pogonomyrmex barbatus,pogonomyrmex-barbatus,194690,known_holdout,32.2287733333,-101.481835,inat_api_calibration,f9e6da468fb3454f802c374f3dbb63ab8cf4be0e9e21d375b069e01dbb9c1ef8,2026-06-29T15:10:27-05:00,7725.868484057509
688807390,922b2671-a522-421e-9bc8-ca029f3f13fa,Pogonomyrmex barbatus,pogonomyrmex-barbatus,194690,known_holdout,36.460245,-103.1997916667,inat_api_calibration,677d3f4606a6f7a921b1a4e79dcc82e2e86bca7346d922a6ec70d346fc7a10e1,2026-06-29T18:57:40-06:00,2608.67897280401
688879088,3726ac28-981f-450d-8db3-533dca9d9183,Pogonomyrmex barbatus,pogonomyrmex-barbatus,194690,known_holdout,26.1399583333,-98.0422055,inat_api_calibration,4ce9f331dc9fe24eb031233b9e703928941adf5821dc50de5bfe796020ec75e1,2026-06-29T22:58:55-05:00,8930.559965509448
686923503,eca5ba74-b837-47f5-bba7-a4af53a3d7f4,Pogonomyrmex rugosus,pogonomyrmex-rugosus,69517,known_holdout,33.5689783333,-117.1651221667,inat_api_calibration,c0bde1ddec2368fb5b826987a0692f7628e8053eebada442290575ef1209eb66,2026-06-26T22:02:59-07:00,4190.524852927943
687144766,c082e056-4755-475f-8e0b-0138df7e0a67,Pogonomyrmex rugosus,pogonomyrmex-rugosus,69517,known_holdout,36.82692188,-107.95254595,inat_api_calibration,cfb9a40f39660b227303fd092cea39ef2098098076b85df922d87b939b710b61,2026-06-27T09:06:53-06:00,5873.79046126403
687167383,00a38131-f20b-4469-8d9a-76b77c581272,Pogonomyrmex rugosus,pogonomyrmex-rugosus,69517,known_holdout,35.1407016215,-106.6725569957,inat_api_calibration,394b3cd7f37f5f570f93ab098c80a5c00fd9fc286a15915f407322d552496565,2026-06-27T09:43:16-06:00,3994.803396586768
687175756,004baa0d-560e-4bf0-96ed-4afcbe9e59bb,Pogonomyrmex rugosus,pogonomyrmex-rugosus,69517,known_holdout,34.2596032036,-106.0920570893,inat_api_calibration,de1e68045af3b550f6e097b309da0ffc04d37d37f149933f0ea88aaa63903b37,2026-06-27T09:57:05-06:00,5187.982833626015
687176285,8d289b37-ce68-4ec2-920b-76b5ca50cc31,Pogonomyrmex rugosus,pogonomyrmex-rugosus,69517,known_holdout,34.2596267954,-106.0922897717,inat_api_calibration,a313b784d1346acedf26f2938c652da26d0fcd53347debc541d279a6caadecb1,2026-06-27T09:57:55-06:00,11440.024746731684
687407281,67aa96e0-309a-4d08-b7be-f8c36f760898,Pogonomyrmex rugosus,pogonomyrmex-rugosus,69517,known_holdout,33.8165361111,-111.96915,inat_api_calibration,18a69faa7241630fc577538ad8f66c38fadf39677b5ffd6f9964a1693aac9bb6,2026-06-27T15:15:26-07:00,2949.8195180851526
707710849,0af43b6c-874b-45d7-8c66-1e5b80febb80,Polyrhachis dives,polyrhachis-dives,424544,known_holdout,26.3237866667,127.79792,inat_api_calibration,a1c1ed3823f9d32b62ca8b64e96ee323d2bf8260a4a23a07623148602f621b01,2026-07-30T19:13:16+09:00,643.1084094739749
710779904,bd2d6b1f-352b-4a66-89cc-fed5ba0c43f1,Polyrhachis dives,polyrhachis-dives,424544,known_holdout,22.654805,114.3397966667,inat_api_calibration,c315ec1373af1fbcb94be3c7216d42e6c9cef1d99473eb76528da4626ffa0e4f,2026-08-04T15:31:15+08:00,576.1833568641846
711833721,27da704f-1903-4252-a257-5d724b293f3f,Polyrhachis dives,polyrhachis-dives,424544,known_holdout,26.175679,119.378381,inat_api_calibration,8b757a1e6f62aa568f507b461097703d5b8fa1460c966b7f04031c8c1406c54e,2026-08-06T10:44:02+08:00,166.93986402374705
713529640,5c694b18-4245-4561-bf09-8e5001d7afe8,Polyrhachis dives,polyrhachis-dives,424544,known_holdout,27.7929435081,118.0419029686,inat_api_calibration,ab17222e01d482dc22a2e94ce22d296b228b2c04d23fff17041ac44a6de584f4,2026-08-09T11:17:34+08:00,438.6025309696534
713821618,1c6b18aa-5ae2-4945-8da5-a8305af5b369,Polyrhachis dives,polyrhachis-dives,424544,known_holdout,22.4360868266,114.0698631898,inat_api_calibration,e36e0ee11357df670b4e93629246f8d32194b753498ed9fd511e91e6d05fb633,2026-08-09T23:31:49+08:00,309.49636076012
713872508,ea7f0daa-25a5-4cb2-b0ee-2a6f35dcf192,Polyrhachis dives,polyrhachis-dives,424544,known_holdout,26.7114205463,91.0842815167,inat_api_calibration,3efae9239f4e9b6553e1b7d61257da787bd20b87c1ecce6029687dc35b1a00f5,2026-08-09T23:36:20+05:30,322.46994623078893
685942663,1d34c869-e350-4154-9fa8-a65fe8c09335,Prenolepis imparis,prenolepis-imparis,68142,known_holdout,41.3891666667,-81.7513116667,inat_api_calibration,e8847b65a66cfa10eef278269c1eba6e098080abf98da45884855b4c65e5af72,2026-06-25T10:42:55-04:00,282.1536500716577
686164665,962f0cbf-c3be-4ee2-a804-666b03dd1963,Prenolepis imparis,prenolepis-imparis,68142,known_holdout,37.263776,-122.01005,inat_api_calibration,8f934d802f3bfdfaab6e2ab2797d0318a197ed8f40f681f5ef2c49141c08e25b,2026-06-25T14:34:18-07:00,451.8538690881968
686164730,829c91be-7a57-49a5-a515-0499428742c1,Prenolepis imparis,prenolepis-imparis,68142,known_holdout,37.263825,-122.010023,inat_api_calibration,2093008d49f912e8b0fb2a8bf50b783493541011eafc2bbf75df03b87629a95d,2026-06-25T14:34:25-07:00,579.9025229073657
686218721,6e2a4560-654b-4540-b9a1-daab1a65f0ff,Prenolepis imparis,prenolepis-imparis,68142,known_holdout,42.9652938611,-85.6341781389,inat_api_calibration,ac78dcb4dc2748f3eac5945eb20534cfdf61031108c689ceec4d966e395ba1a9,2026-06-25T19:33:39-04:00,119.59517428340689
686316353,4b12caae-2aa2-41ff-86a8-75e2ada55da8,Prenolepis imparis,prenolepis-imparis,68142,known_holdout,40.0879555,-75.222275,inat_api_calibration,51b6d4ae411302273368839cb72ceadadb2d0a2a20d6582c321a4eed2e72c194,2026-06-25T23:27:25-04:00,153.47482976583225
686590097,1c7199a8-1a0c-4feb-9c18-bed88da102d1,Prenolepis imparis,prenolepis-imparis,68142,known_holdout,42.9933937638,-81.2011944263,inat_api_calibration,eaddf04cad66f6549d507062731dc80c2627e3358f4832484911cb3e58e2338a,2026-06-26T12:53:06-04:00,153.42032482752168
689695042,f9aa6ae9-9f4b-4cdb-90d5-8fd74bc5b1ee,Pristomyrmex punctatus,pristomyrmex-punctatus,360058,known_holdout,37.97449415,127.2751062167,inat_api_calibration,bb60b56ac02274ef747a026c353470c5c6ead41cda75d6e888556217b799b80c,2026-07-02T01:12:54+09:00,1703.7862264180196
689894488,c289b726-c9cd-4477-ac0a-5631d5a54cdb,Pristomyrmex punctatus,pristomyrmex-punctatus,360058,known_holdout,30.608516,119.378766,inat_api_calibration,2585bb02724e24e561e1455c4de6f34af51107620601adb339a043e8f56b71ac,2026-07-02T06:30:18+08:00,90.69596112338597
690137707,fdee31c6-1bfc-4d3d-8a5d-04643eb26fe5,Pristomyrmex punctatus,pristomyrmex-punctatus,360058,known_holdout,31.0335102081,120.5196762083,inat_api_calibration,115a905e669e84e4e090442ab9206e151ff89c2eda7422814242886715f9688b,2026-07-02T19:01:51+08:00,921.3295443685629
690161680,77c65841-4ae2-49a9-a376-ad80adb30fcf,Pristomyrmex punctatus,pristomyrmex-punctatus,360058,known_holdout,31.3529758453,120.5716018675,inat_api_calibration,cba3c246ea6154369e999c1a1ac81fb12af15af3f66b4b97b48309e468d3eac2,2026-07-02T20:13:43+08:00,131.8751127268417
690519383,186e582b-b507-49e5-8690-13075c192c13,Pristomyrmex punctatus,pristomyrmex-punctatus,360058,known_holdout,34.7838801,128.6258543119,inat_api_calibration,7f029d9f19f5f6673b0327ca23f437b7cd2e94daee11e4eebf77276d7a61fd39,2026-07-03T09:59:53+09:00,2136.616594641124
690520192,fa5dcf53-5a7f-43f8-b05f-0d6af3c0041f,Pristomyrmex punctatus,pristomyrmex-punctatus,360058,known_holdout,34.7838801,128.6258543119,inat_api_calibration,7059544166af01750255afd2ed842f8843cd4e7e6a2497cc58219372d60e0e64,2026-07-03T10:00:05+09:00,348.4852943627389
685981480,d95d2afb-abfc-4340-8659-dd0c67f9ae20,Pseudomyrmex gracilis,pseudomyrmex-gracilis,300301,known_holdout,27.57287,-99.4355616667,inat_api_calibration,98f298f63743e5af0726d6c9fe51b4b1dddfcfaddd971517c516468ed0851fa0,2026-06-25T10:58:10-05:00,2010.2381884025576
686125687,93a59a59-c2a0-4147-a5d1-0161d568f33d,Pseudomyrmex gracilis,pseudomyrmex-gracilis,300301,known_holdout,26.2022366667,-97.9861616667,inat_api_calibration,2839cf394e44ac045d1c3e1467dd0f3cb8cb07217532b6a8a225d611e7320b29,2026-06-25T15:22:07-05:00,237.04329444450804
686129741,5b513e62-15b7-4b36-ad28-27a9cdcab6dd,Pseudomyrmex gracilis,pseudomyrmex-gracilis,300301,known_holdout,28.352245,-81.60315,inat_api_calibration,0a86c0283c74dd023b7b4dc96e888e5358c3922722bb9734bf884ec88c8e22e1,2026-06-25T16:29:57-04:00,89.44041565574908
686206443,6a009bb8-655c-4490-81b7-a06968a8a212,Pseudomyrmex gracilis,pseudomyrmex-gracilis,300301,known_holdout,26.499308386,-80.2122893929,inat_api_calibration,180c25b72cac4b27537ab468e9b697ab7a0504b7ed65423a8b3e6c35feffbd48,2026-06-25T19:03:44-04:00,198.1684241860491
686211367,efca1162-3f32-4c99-83ea-9a35c4670699,Pseudomyrmex gracilis,pseudomyrmex-gracilis,300301,known_holdout,30.1939033333,-95.4878866667,inat_api_calibration,78cd1b6f9a533b90204a5cbf074ce785e5b6e3c3e6cc704436e6878f70f5bb56,2026-06-25T18:15:28-05:00,1154.1592035310932
686431732,539cba54-f07f-426f-adce-743b28bd23f3,Pseudomyrmex gracilis,pseudomyrmex-gracilis,300301,known_holdout,30.2429349102,-81.9059209169,inat_api_calibration,c18e4f68b7552a10e2900bd647725850850433b5324a531aa94ef60c0e3733e4,2026-06-26T06:35:53-04:00,3855.3900263157984
684605205,6f500c4b-ff91-47d0-b140-7edb26dcfd3c,Rhytidoponera metallica,rhytidoponera-metallica,201975,known_holdout,-32.0264222222,115.9244888889,inat_api_calibration,2acb01c587442600370f1a9c30d63a93cf7b7b332ddd986cbd0340b4fb37f7d6,2026-06-23T16:22:00+08:00,3433.2664060328575
684625530,82ea0362-3729-4ea5-825e-991ada4da386,Rhytidoponera metallica,rhytidoponera-metallica,201975,known_holdout,-27.9907266667,153.37416,inat_api_calibration,20f2fbbb9b6e1e76bc0dcc67201c449028b3b602d74254e707d8b3fa4cda7926,2026-06-23T19:48:12+10:00,1095.2093438100005
685059063,daaceeb0-5315-4dea-87af-6763170f125b,Rhytidoponera metallica,rhytidoponera-metallica,201975,known_holdout,-33.9096979009,151.1835677927,inat_api_calibration,b32f498506e5b0cb1cb2c80a593710e95fa611385ec9da89175c728a5c376ba5,2026-06-24T11:05:17+10:00,3493.0931379022936
685227263,bfc72bca-3904-4b39-8883-a0f78bd06943,Rhytidoponera metallica,rhytidoponera-metallica,201975,known_holdout,-28.5846777778,153.4049194444,inat_api_calibration,74f5c296d2048440eaab190d520e8f53933bbe4bad2190e55aebb9cca191f7f6,2026-06-24T19:56:19+10:00,1373.9668015600662
685747495,3e9db9e9-6272-48a8-88da-40610ee3cded,Rhytidoponera metallica,rhytidoponera-metallica,201975,known_holdout,-34.7539918048,149.7161797074,inat_api_calibration,b74321ab21eb8ba967092be37ddd103df841a219295fd273ef4232506f837d92,2026-06-25T14:43:34+10:00,1678.1232010817944
685667849,4cceb1c2-8a3e-4f5c-ba09-d42a82b722fb,Rhytidoponera metallica,rhytidoponera-metallica,201975,known_holdout,-32.9458555556,137.5149833333,inat_api_calibration,9f5795fe26c0462d4206c813b00dbcb7f979117459d0673fc04b62bc1ef9656a,2026-06-25T19:29:27+09:30,1174.4163223793332
684424400,5ef1bf2a-a579-4ec2-b456-4150519f815a,Solenopsis invicta,solenopsis-invicta,67598,known_holdout,32.6909729853,-97.1911699958,inat_api_calibration,eb14e369f5cb1a6ee59567629615cebd6f5a875811bf3ca8058e57e67fa46a78,2026-06-22T18:31:03-05:00,124.31663898360918
684494904,3832256b-480b-49aa-8c07-a531b72adbf8,Solenopsis invicta,solenopsis-invicta,67598,known_holdout,32.469505,-90.127725,inat_api_calibration,54880d94588db545f19d93b25fe5306b0a3a1a89eca1c1c366e773bd1117b597,2026-06-22T21:13:26-05:00,2134.804043760872
684528001,f7cc9198-89cb-494f-8c86-c01765bda4ae,Solenopsis invicta,solenopsis-invicta,67598,known_holdout,-27.4484821272,152.9533564999,inat_api_calibration,2d07bdd6f2552ee492680ab97c6bd3ffefa75b026f0792d302ebe6c087ece072,2026-06-23T13:36:52+10:00,5413.911327048213
684581011,fe439c40-c99c-47a9-bd90-54ec61de738a,Solenopsis invicta,solenopsis-invicta,67598,known_holdout,-27.5487027778,152.5086666389,inat_api_calibration,64f3247f3be883dcf7795365610be8eec58e5eb100f959678ce9b915181fed13,2026-06-23T16:43:00+10:00,23503.318621477712
684876797,e3781ac2-be0e-4e45-9dcb-552fd83b5b83,Solenopsis invicta,solenopsis-invicta,67598,known_holdout,32.6085648198,-90.0047448436,inat_api_calibration,7d94b12137e4c88ffa141db5ec77add1fd4a083caa80f16e961527e286fee08e,2026-06-23T13:53:39-05:00,123.1060135732338
684952386,2e1f5cc1-ad05-4b69-8773-4e8351dcabb6,Solenopsis invicta,solenopsis-invicta,67598,known_holdout,34.0330194444,-77.8920277778,inat_api_calibration,78e0cc4094b43fe9ac532c9c288a0f335bdae006e9a07457437dbd3b2a42c484,2026-06-23T17:15:44-04:00,2057.38179667489
683158544,cd4eb1cd-1d1d-44ab-964d-dc2413ea74ef,Tapinoma sessile,tapinoma-sessile,47340,known_holdout,43.1658662551,-89.2244682168,inat_api_calibration,894bce5999a43564c6d870020fca93779ab5b814c199d87ee3d44f3d4436fe00,2026-06-20T22:12:55-05:00,112.25632892774881
683536926,6f893e9a-34f8-4611-a880-ac59c8518758,Tapinoma sessile,tapinoma-sessile,47340,known_holdout,40.7234783333,-73.96022,inat_api_calibration,6cb5a5eb4f1c0782c3aae801f95b6f64aa6bf4b081b02ae7d0568c2b2bcfb699,2026-06-21T13:08:13-04:00,47.748805865406965
683682127,b00aec73-86ac-485d-a194-7607f86019e3,Tapinoma sessile,tapinoma-sessile,47340,known_holdout,40.3548888889,-80.0344861111,inat_api_calibration,cca70ed9ba61ab8b78fe31dee1103aaa7942395bb4ec953da59ab29015a301f8,2026-06-21T17:13:54-04:00,2528.989838398035
683801753,03a73cea-6f64-4260-b03d-9ce167f077db,Tapinoma sessile,tapinoma-sessile,47340,known_holdout,41.63712493,-93.7924765795,inat_api_calibration,b7fc986ca7b1a79a43792740565d0e3b7a7c6a5b3b0a1160b1078fb7a9b60815,2026-06-21T19:02:47-05:00,4540.220478269599
683823169,2397b8c6-178f-42b7-8a08-4f09f4145bab,Tapinoma sessile,tapinoma-sessile,47340,known_holdout,42.816517765,-73.8596359295,inat_api_calibration,36d9ae1b811b78dac4ff4a22cd056416821714de53759ae430bb922bd2da1c02,2026-06-21T20:44:53-04:00,1908.9586386904807
683913461,9733dc4c-e929-494a-905d-fa0aff48d0fb,Tapinoma sessile,tapinoma-sessile,47340,known_holdout,40.1217417399,-82.9584860678,inat_api_calibration,00d489a52fef79442433a6d2057a2689248a5fe862da6484e175bd0dad22ecdb,2026-06-21T23:50:31-04:00,1237.1752196234197
682754589,cfeb5636-d964-4051-8d91-d32da03698cf,Tetramorium immigrans,tetramorium-immigrans,569552,known_holdout,39.7877837526,-83.8668568432,inat_api_calibration,62bfbf43b5517f2e6cbe51f958189c5c6e9693eb62c8cb546454c260f39ca8ee,2026-06-20T11:14:58-04:00,254.0809099936249
682773066,e74b63f9-dc3a-4313-9ae1-6261e78ba3c6,Tetramorium immigrans,tetramorium-immigrans,569552,known_holdout,40.2510083333,-111.6441883333,inat_api_calibration,efa8dff84c538bc8fab4154c685eaae093ca113442172b38a845d0379229928c,2026-06-20T09:43:42-06:00,1392.4789370737117
682783972,9c2ed47c-c781-4a11-8d8e-92a7ec41c1ab,Tetramorium immigrans,tetramorium-immigrans,569552,known_holdout,37.6916759863,-121.7803084105,inat_api_calibration,62dea1aed5fc3bde80772f519a36becf064a0d5047090e897b0a6b0140922d9e,2026-06-20T09:01:27-07:00,2459.0636101320665
682788256,3eb2e8d6-6078-4d09-b2c4-316efc38222a,Tetramorium immigrans,tetramorium-immigrans,569552,known_holdout,44.0479774475,-121.3483581543,inat_api_calibration,f95210da46826d74161d28031cda56f2ec85ee27cdc14249a842cb7578846711,2026-06-20T09:07:52-07:00,8647.03354574799
682869381,0056c689-cf68-4240-8460-51c9d0682648,Tetramorium immigrans,tetramorium-immigrans,569552,known_holdout,41.7004466667,-71.3841383333,inat_api_calibration,ef5255afc35db7f6498dcfa3b4868b1541ec86a1ca6b6e5b40123b6af54651c5,2026-06-20T14:11:57-04:00,1077.1224587911372
682892305,c7006651-0ebb-4103-b73c-2eb55653afe0,Tetramorium immigrans,tetramorium-immigrans,569552,known_holdout,39.378838,-84.4241058,inat_api_calibration,9dad0a925dd0c5e009bd62edd00ce8263c2afb471dbba5693d41403a5ff26e06,2026-06-20T14:47:09-04:00,755.9788141244434
686711840,8ff9f014-9c8d-47b6-b245-9f924cbb6986,Tetraponera rufonigra,tetraponera-rufonigra,155026,known_holdout,1.2919319742,103.8614751053,inat_api_calibration,81e776c730dbdd4e278556d18d298bc4e6093e56552d79b739ac740ed80ee880,2026-06-27T04:44:05+08:00,135.66541406299172
687061445,e623f6c1-5007-444c-a329-76b8b19fbb3a,Tetraponera rufonigra,tetraponera-rufonigra,155026,known_holdout,1.6178052,104.2556491997,inat_api_calibration,1a78247ef37edb5e7a09d80d5a1505a3e78be740849496d64be1bcad0b0249d7,2026-06-27T20:28:16+08:00,142.1910073969629
687148127,e6640d6c-3167-43a9-8cfc-88f89d2b2a39,Tetraponera rufonigra,tetraponera-rufonigra,155026,known_holdout,22.3137205246,87.9829674214,inat_api_calibration,4f5cfa14f3a3f79921e3fa0eb2c3db09db311da062a1e800084979109b7b0f87,2026-06-27T20:41:58+05:30,1579.452000354932
687666939,ff320caf-844f-453b-b4da-12311dbc9d43,Tetraponera rufonigra,tetraponera-rufonigra,155026,known_holdout,19.0532277778,72.8640888889,inat_api_calibration,359b3a86b029deefbd81504f6569602ac7eba377a327decfbefc29a22af19ad6,2026-06-28T14:20:17+05:30,2894.5561683689352
687691748,7098bafb-23f0-4af9-946c-4c5be24bdc31,Tetraponera rufonigra,tetraponera-rufonigra,155026,known_holdout,16.0767575875,108.2102187825,inat_api_calibration,588a308a0874ce690f8b271863ef4794e2bbde6c7f1adc6e7f7c5a5459fbdc5a,2026-06-28T17:06:49+07:00,2188.87585573728
687726799,f29eaa6c-6ea8-4f86-92fe-ed5987316c03,Tetraponera rufonigra,tetraponera-rufonigra,155026,known_holdout,22.2850983333,88.0188116667,inat_api_calibration,8d4674529d44d7d624d47f8138bc0a49ea0e8174c965ef6b9ec19807c566720f,2026-06-28T17:06:21+05:30,591.0372576650989
715233113,67952777-ac0e-40b2-8247-e03456ddbdfb,Veromessor pergandei,veromessor-pergandei,371172,known_holdout,34.9255419783,-118.2983224897,inat_api_calibration,c35ae0934fd918609d272e4735b6b9ba1f5ad2e2515b554c0ea2e72cbecd47ee,2026-08-11T14:56:18-07:00,2820.2983697938907
716294638,e73829de-3b19-48c1-a3e5-b65171e535c4,Veromessor pergandei,veromessor-pergandei,371172,known_holdout,32.5884816667,-111.4494166667,inat_api_calibration,f344c26b875f0c969945fd3e95ac4ead36b29ffd8bb9b61204999b51b473f476,2026-08-13T13:57:00-07:00,2986.723356625758
719256564,e64edcf6-ffeb-402d-bf46-2ffe84fe488b,Veromessor pergandei,veromessor-pergandei,371172,known_holdout,34.7353304726,-117.9011814713,inat_api_calibration,504b697a019bd0560f8e8d18d3bd81ed904ec5be161f1aeade3215781e01ba43,2026-08-18T12:53:46-07:00,4260.8295156777585
679672042,64d89f26-8108-453e-972b-bf9aa6a0fc3f,Camponotus obscuripes,camponotus-obscuripes,354345,out_of_scope_ant,43.1654607438,141.2302941797,inat_api_calibration,07efa1fcbc77d516884b0fb5394298519aac860d2bd49006ab13e3a318943802,2026-06-16T00:00:21+09:00,439.47885043875306
679667302,bad193fd-6984-4879-b3cd-d48448925671,Tetramorium tsushimae,tetramorium-tsushimae,319451,out_of_scope_ant,37.97602,127.2740801667,inat_api_calibration,2e57d137bf0f4da1f61bf622250f88fdc50767cef6bedcb243bce904f9999893,2026-06-16T02:01:52+09:00,3512.014037709823
679743610,3895e7d7-8c90-4156-917b-d6e6e89f4ca2,Myrmecia fulvipes,myrmecia-fulvipes,486223,out_of_scope_ant,-35.2770550997,149.0984245997,inat_api_calibration,b60f0f78e81b47c1e4bdbe5c84ed87f48c432fe922da75a2e49dea3d1c07e7ef,2026-06-16T03:05:53+10:00,3250.5464543038024
679796311,2b7da79c-c34a-41d1-97b7-4eb5de240680,Crematogaster rogenhoferi,crematogaster-rogenhoferi,733431,out_of_scope_ant,18.4465176103,73.4286274016,inat_api_calibration,97754d1e3477facda1d4a06d937fd6d996ffc230e5b9ddf69a53ab4047b7f783,2026-06-16T00:02:45+05:30,574.8346234264286
679807736,d638bc71-4eda-41b5-ae66-39f4fdaa6037,Leptomyrmex cnemidatus,leptomyrmex-cnemidatus,704244,out_of_scope_ant,-33.728275,150.3744666667,inat_api_calibration,51d963573da8100dfbec5b6f35364b8a014db1906f569efdb2fbc31f036d9278,2026-06-16T04:51:15+10:00,3636.792532450622
679837554,8747a5af-4f3c-4efe-a36e-3fb9f4c68757,Myrmecia desertorum,myrmecia-desertorum,633426,out_of_scope_ant,-31.9582966667,141.4399116667,inat_api_calibration,ad5b3e788d94ae8f55c808c9d531b5531f76f7c1690d4e94cd284b0035e97b02,2026-06-16T05:10:49+09:30,1193.170947154691
679863799,c6976116-54ce-4068-9e1a-a9485b5e4821,Camponotus habereri,camponotus-habereri,706552,out_of_scope_ant,23.0811368564,121.1757636059,inat_api_calibration,b04ebeeec0c35e12a25bded067c87b8e85adcba782685877d4184aa633308f14,2026-06-16T04:45:15+08:00,2010.138540716836
679878331,0c55df41-013e-4abb-a2b3-b492f4c1a32c,Camponotus parius,camponotus-parius,367827,out_of_scope_ant,8.8954833333,76.5638444444,inat_api_calibration,4d3235c6b463032d8bba416e902362cd4b59a424aa12256df3e0c19275b54655,2026-06-16T02:21:11+05:30,993.4112912241242
679893106,eb7a3e31-127f-47b8-ab98-445290ef6020,Formica japonica,formica-japonica,322421,out_of_scope_ant,35.6386219,139.4370129,inat_api_calibration,7dae4179e2596712df8730a203df39f2cc394c72ed8b6be636d76d166a98f7b1,2026-06-16T06:16:25+09:00,528.3844344262858
679895134,2fc9f062-1bfd-4473-9e42-8eff47fbb4f7,Camponotus japonicus,camponotus-japonicus,321673,out_of_scope_ant,35.63859355,139.43690375,inat_api_calibration,ceb32b6c475160b97379f44991812c542018944ff6d2b43ae72859adac7d0eaa,2026-06-16T06:21:32+09:00,34.38925129371449
679918901,2e11a29d-3ed7-41e3-9629-2dcc2a3c0951,Camponotus consobrinus,camponotus-consobrinus,201978,out_of_scope_ant,-27.1465356213,149.6069378033,inat_api_calibration,6f84878ea2d5071d46f24abf4e9157766c077300d83f5dc0a7f7634f167c4352,2026-06-16T08:01:15+10:00,10050.604683491825
679924940,740bb67c-9cb5-424a-9262-d2e1f2028631,Camponotus vagus,camponotus-vagus,343182,out_of_scope_ant,48.782747,16.8243204997,inat_api_calibration,5ca57e6d899935f2aad1736f1b5bfc6db5448fd07c03695e7972dcbf2812281b,2026-06-16T00:12:56+02:00,1293.5456877348004
679946355,dfa85912-3cbb-4e61-a940-2285e1d3d3ca,Myrmecia nigrocincta,myrmecia-nigrocincta,201972,out_of_scope_ant,-28.6066955757,153.5654331434,inat_api_calibration,e58b523298b6588febc4238c8758ceb05f4193e61c9f5572b3d92b0d4785a190,2026-06-16T08:54:09+10:00,286.3701045447912
679938679,5259523f-1daa-4b58-83f0-f109a84d41ae,Temnothorax unifasciatus,temnothorax-unifasciatus,347484,out_of_scope_ant,46.2656065997,29.3902383,inat_api_calibration,da1befdf4c2875bb7ebad4075885aa9705b4f3927202b46153ba418505404d25,2026-06-16T02:04:27+03:00,877.1777395950321
679957247,6618bc32-609c-41c2-8bbc-1019ad339446,Temnothorax interruptus,temnothorax-interruptus,347498,out_of_scope_ant,49.0269166667,11.921095,inat_api_calibration,ff4dca1dc3b69a39d3f36559c31882bb48ffddf52e77eda2c9d48c1901db6830,2026-06-16T01:18:27+02:00,200.99889048598962
679960600,6b2d59fc-16be-4009-a4a9-26b3fe759df1,Tetramorium tsushimae,tetramorium-tsushimae,319451,out_of_scope_ant,37.6312888,127.0271455997,inat_api_calibration,7f32f2a398ac275cc5cdcd040abe429b21d07ca4b099e03f323535617291c8dd,2026-06-16T08:24:44+09:00,6039.425681796299
679975856,5bbd3621-987e-4371-a54d-59c28f6e72ba,Camponotus angusticollis,camponotus-angusticollis,490630,out_of_scope_ant,15.4113458496,74.1997817225,inat_api_calibration,d569c0880ba87fd2285b66d0ef82dbc9d656e212b76cadf11660cbc6a90b33c4,2026-06-16T05:24:41+05:30,184.30773375994664
679983288,7866b425-2b57-458e-96aa-7af4935e7305,Camponotus piceus,camponotus-piceus,347442,out_of_scope_ant,38.8810094135,-9.2984241659,inat_api_calibration,81ca199549b1681214fc75ef6de7b73fb20dfc813127a2f10fe4cb7d0301cbb1,2026-06-16T01:33:58+01:00,613.228967475544
680011275,075abd7a-7491-4bd0-806d-330466b452e9,Camponotus suffusus,camponotus-suffusus,607146,out_of_scope_ant,-36.0159542997,147.0102272,inat_api_calibration,66ebf00ce5a9c1039485ef7b3fae692b8a17dac17e30fb702e027984f6ff834d,2026-06-16T11:10:42+10:00,17656.20890465602
680010927,f1695609-ba14-4e15-a735-0e64fca9a5a1,Camponotus aeneopilosus,camponotus-aeneopilosus,201982,out_of_scope_ant,-36.0159534,147.0102267,inat_api_calibration,168f57831de5122c52c2c6ef7fa33d4517a5f7d2519c718ec00719bb1aa760a5,2026-06-16T11:11:06+10:00,13222.630038454121
680061975,2a46194c-5369-415e-9260-1236a392d2ef,Camponotus rufoglaucus,camponotus-rufoglaucus,428254,out_of_scope_ant,13.1710588726,80.3214582696,inat_api_calibration,21ee240263fe0964c3953c009f47de5b3985d290cb8740a3e5a9cc8c268790a8,2026-06-16T08:28:48+05:30,431.2973284160479
680067287,5166b8b8-a97c-4259-8989-df2acd1c6200,Colobopsis gasseri,colobopsis-gasseri,547966,out_of_scope_ant,-27.4999533333,153.01123055,inat_api_calibration,f3d7d2ece5c0770ef17707fea0e61faf6b68e01952cfc9f8dee352cdb5079675,2026-06-16T13:16:09+10:00,127.58090271744045
680074818,bd3492fe-c6b9-4a36-b28b-f7280340e454,Camponotus rufoglaucus,camponotus-rufoglaucus,428254,out_of_scope_ant,11.4290776406,77.64012378,inat_api_calibration,37c67ae64cacc386a3f174b95c6d957c8b0e09335d3f45305e27a5b0bfa8e324,2026-06-16T09:05:32+05:30,165.0287247002985
680084385,dbaa3e27-e7de-4815-acd4-0ba0eccf7c8a,Tetramorium tsushimae,tetramorium-tsushimae,319451,out_of_scope_ant,32.1582744403,119.4994037971,inat_api_calibration,1ed42e8ae495d7fea701ec224904ecc9348ca6e0aaa1055d2f79d30ed8aa655e,2026-06-16T11:48:12+08:00,1071.7310729162941
680081405,741d96b2-4c04-4277-8e38-b316c57e76d6,Liometopum sinense,liometopum-sinense,826650,out_of_scope_ant,30.2333111111,120.0898222222,inat_api_calibration,a8a14133c107097fd2a7565af4ff53a9c0ba9855f94e8758594f31b9da46ea36,2026-06-16T11:52:57+08:00,2615.863224914467
680083331,66e32baf-052e-45f0-805e-cb7a24b850f9,Camponotus novaeboracensis,camponotus-novaeboracensis,143252,out_of_scope_ant,44.89843,-77.19906,inat_api_calibration,0118a2269832259b4597ad62caea3f7872f982b8bcfad7ba1f1c9089d5ac86f0,2026-06-16T00:00:01-04:00,2484.9949775653513
680084491,b2151419-a0ef-4fb7-9dab-9defb97486d9,Camponotus molossus,camponotus-molossus,901276,out_of_scope_ant,-31.8715133333,116.0420388333,inat_api_calibration,45c6b39db592cb33da3567ab2536305bc1f9c0c8560807cdfe63e02f5ee78e13,2026-06-16T12:00:34+08:00,4109.316864527467
680085628,a283ddc2-5811-4a1e-b3b1-2d6921b66c66,Camponotus molossus,camponotus-molossus,901276,out_of_scope_ant,-31.8716366667,116.0433278333,inat_api_calibration,eb1c0f7cbd7b69c186f1bd209c0af9dba3651e52317f8d459124a83dcf4e2ff4,2026-06-16T12:03:59+08:00,4949.226753098374
680091858,b798ecb9-9708-44d4-a678-6425913b83f7,Myrmecia piliventris,myrmecia-piliventris,522313,out_of_scope_ant,-30.5734375619,151.7210623249,inat_api_calibration,77734bdac6a7c86073eaee4ffee0535acd9783fbf7441587306175d88a7632ed,2026-06-16T14:23:28+10:00,187.59770546831646
680093239,a3b5096d-850e-4b85-aac9-86370ea416d9,Lasius neoniger,lasius-neoniger,69311,out_of_scope_ant,41.428722,-79.713558,inat_api_calibration,b42cc74ccc1a47adbaf3c85013a79afc98341a4452dbdeff444a3e9a08ece6eb,2026-06-16T00:29:00-04:00,451.79433546821485
680098775,e0577a1f-64e6-4def-b266-35a3640c9d64,Iridomyrmex sanguineus,iridomyrmex-sanguineus,895464,out_of_scope_ant,-15.6480533333,144.50885,inat_api_calibration,00cd345582dc13418437b61ffbf7b2954467de71c7b276497608f5a3093532b2,2026-06-16T14:44:06+10:00,6178.72845108422
680038400,b0fecddc-b471-43d0-aacc-380c3b45283d,Pheidole nodus,pheidole-nodus,1120421,out_of_scope_ant,35.015538,138.426295,inat_api_calibration,8d51f53a02df32cda5478d9935b88660423e7edce6131cd56d8079499cef5701,2026-06-16T13:50:26+09:00,1349.2950128324594
680039514,7543fb28-d9cf-4fc6-935b-e8a4c4ec66c8,Crematogaster osakensis,crematogaster-osakensis,371698,out_of_scope_ant,35.015707,138.426703,inat_api_calibration,b48f0f9558135e3897b1cc06aac4b990aa101db7b93fdd681489a818f3c9eed4,2026-06-16T13:50:40+09:00,202.47394181462926
680040927,683c1df0-f253-49eb-b5ef-cc266942aee3,Crematogaster osakensis,crematogaster-osakensis,371698,out_of_scope_ant,35.016693,138.42822,inat_api_calibration,aa419d79f0c32310018d97c79d333acebd148d69f298d79fffb18e3078ddffe1,2026-06-16T13:50:58+09:00,120.80136243856786
680042832,090f3407-c7a3-4fbb-b104-1ae600567e51,Crematogaster matsumurai,crematogaster-matsumurai,888523,out_of_scope_ant,35.02305,138.431535,inat_api_calibration,458760b269885bac6bbe87146ddaf3852225e246747c3b35091494ce2b85e366,2026-06-16T13:52:10+09:00,622.0605099488647
680042846,964bccc7-d836-4797-bda4-aacbced27e8a,Colobopsis nipponica,colobopsis-nipponica,1045797,out_of_scope_ant,35.023052,138.431525,inat_api_calibration,f0c118d5a68679c4b0ee60bf80d4581e4be82ad5a68613131111aeba2c34de35,2026-06-16T13:52:10+09:00,304.5291538313208
680046621,e8df06de-5875-41be-a5e3-d078cd16695b,Aphaenogaster famelica,aphaenogaster-famelica,372688,out_of_scope_ant,35.0240932925,138.4276929175,inat_api_calibration,6e8a332477399e595cefdf8e95b991f9f7db815d1646662ab485dafb1dab5085,2026-06-16T13:53:42+09:00,246.09257902435255
680106051,aee99ef9-d44e-44f1-8e02-5f90412f3d40,Crematogaster rogenhoferi,crematogaster-rogenhoferi,733431,out_of_scope_ant,12.1737291033,76.2007552306,inat_api_calibration,4ef68bc6107c1c70fe560316eaca2e9b86d81b5c2b13fc3478db0a71c65fed94,2026-06-16T10:35:54+05:30,642.2463769771124
680107252,c687d638-f400-4c86-a354-d04f843f6357,Camponotus vagus,camponotus-vagus,343182,out_of_scope_ant,45.7388878,7.4261866,inat_api_calibration,2ddf3095f4ee7e327d1cb895e8bfc6a66a16958390e7bb130f972d53e55f0060,2026-06-16T07:09:30+02:00,1132.6088824767762
680104965,a118bb3a-3304-4476-b2d2-7b5308a595b5,Liometopum microcephalum,liometopum-microcephalum,347541,out_of_scope_ant,45.2062767167,20.0163022833,inat_api_calibration,172c0147ce424253636d347a55aa66c5edf65770ee8627bd015ccaeb13905a53,2026-06-16T07:23:36+02:00,1823.0275789492377
680536436,b5a82bd8-5ed5-48a2-9ac2-26c54bcf3bdf,Technomyrmex sophiae,technomyrmex-sophiae,1265952,out_of_scope_ant,-27.4999452999,152.9993511736,inat_api_calibration,a5bf11f90d6b2ed9df372c89edcf4911b143d10e0420c66ff422006572bf37df,2026-06-16T15:23:40+10:00,197.44965872174234
680101896,8973f72e-2db7-414c-8690-d97fba4a4654,Leptogenys elongata,leptogenys-elongata,446864,out_of_scope_ant,30.2707666667,-97.8074111111,inat_api_calibration,19c717ef10346c788608ad757f8eb1c9b8e95b93563700886e2c413b42905be0,2026-06-16T00:28:35-05:00,6723.121426145137
680113378,4cf4273e-516c-4577-93c1-4a3144c1061a,Camponotus nigriceps,camponotus-nigriceps,625668,out_of_scope_ant,-27.6251857036,153.0813725307,inat_api_calibration,230ee5f27a33e1fc16d5f8954dc7e639bf51f0ff401e1c9566742ed3f3e40d25,2026-06-16T15:32:35+10:00,1324.0628224066904
680085925,9d754e91-5679-4997-965b-b817a3a4c873,Polyrhachis australis,polyrhachis-australis,201993,out_of_scope_ant,-27.6731274197,153.1399382962,inat_api_calibration,dc01ea1e48a71ceef4f761951ca06ccd5012672dc2f54fb99650b14299ebebcf,2026-06-16T15:39:23+10:00,467.77563668177226
680118307,56d83fbb-4548-45fc-984e-6e22451d78e5,Camponotus herculeanus,camponotus-herculeanus,215974,out_of_scope_ant,47.8336316893,8.0259663239,inat_api_calibration,f41966429f72ac76107a0f8399e69ee5a4919cc50b4a75fb26b894c1148b7df9,2026-06-16T07:49:23+02:00,2100.549261798793
680120742,fbf04ed0-9842-448a-a3ca-4bfdce0170fa,Myrmecia piliventris,myrmecia-piliventris,522313,out_of_scope_ant,-29.5512866674,151.4524760968,inat_api_calibration,ce32fd8bd718a82d6c7099005b14ddbf00720b08bb7b5e49343f3bc05ba42fbe,2026-06-16T15:57:35+10:00,364.6915534363
680123464,fa2b60ad-1df0-4dd4-817b-0ef10ed92a85,Camponotus japonicus,camponotus-japonicus,321673,out_of_scope_ant,34.6775113017,135.1575778179,inat_api_calibration,f11077a8d15dbed41dad4a5d5dcdf2abfdf867bf7d89fb564d50a3605473e671,2026-06-16T15:08:21+09:00,4088.8375187927354
680128159,19348ef2-3345-481f-a52a-d416b6636c66,Solenopsis geminata,solenopsis-geminata,67596,out_of_scope_ant,11.02677391,77.00667278,inat_api_calibration,7993c425162340a6a95a70179fd62b8dec921c34d73767519d543aae18cc7f42,2026-06-16T11:57:31+05:30,5444.530851819739
680128732,4d0f270f-f830-4a07-9f08-8871d2b18d75,Camponotus lateralis,camponotus-lateralis,343252,out_of_scope_ant,44.1476051733,9.6222981968,inat_api_calibration,74b425d6e20eb2647d7c3c2c7ef8a0980c05d5635879c19123aad7e0a2bcf3d0,2026-06-16T08:30:02+02:00,424.7848357047606
680129339,f241ea07-993f-4c97-9063-e6b991606c7f,Stictoponera bicolor,stictoponera-bicolor,1353607,out_of_scope_ant,22.42953,114.182255,inat_api_calibration,3a312b0f32a56ccb8613bfb2881f1d0df802d77089a69591f19c46dd7b0d44ff,2026-06-16T14:32:23+08:00,248.54567258268645
680132497,1766b1e6-1e80-42d9-bd35-10a20d1307de,Polyrhachis daemeli,polyrhachis-daemeli,201995,out_of_scope_ant,-27.3734196791,153.0936834509,inat_api_calibration,493370d63c506ee2d19b26ff66b673bd5ac6992727da513de791aabae6e3ec60,2026-06-16T16:55:33+10:00,177.1801170701898
680119282,5d7e014e-4593-473a-8409-b24be06e0bbd,Myrmecia brevinoda,myrmecia-brevinoda,201973,out_of_scope_ant,-27.7884296666,153.1722174398,inat_api_calibration,00aabc5db571eb7f42d7ca5a6a0afa47d5aee8af804f27ae6b36c9b0c5f1acbf,2026-06-16T17:00:39+10:00,4660.652950875899
680140032,3a138bdf-ea4c-4fe7-9afc-95328d5d5cac,Camponotus floridanus,camponotus-floridanus,81709,out_of_scope_ant,28.6101078039,-81.2128826217,inat_api_calibration,344cab8a11523edfc5da224c0e9a5cfc2b6d9f06f14f55b3efd5c57c1f1e72ab,2026-06-16T03:07:05-04:00,1542.2750648876506
680129891,cbcf75bf-9da3-4ccc-b73b-ffaf755053d5,Polyrhachis rufifemur,polyrhachis-rufifemur,460846,out_of_scope_ant,-25.287805,152.7484583333,inat_api_calibration,e5ae2d1fc19f91cd6b62c8f5696e1cb708ab099d08fc2ec50afd2355545f4df9,2026-06-16T17:07:56+10:00,398.14246098396904
680130109,d5d6bf33-34f0-42fa-99f7-df8724d7a760,Polyrhachis monteithi,polyrhachis-monteithi,1183860,out_of_scope_ant,-25.2877866667,152.74842,inat_api_calibration,beb624728919d659cc1d9cd3e3dad9296dda7211ad7825122946e87914779830,2026-06-16T17:07:56+10:00,551.3161167905427
680370809,f0e6a457-422c-4bb1-8146-254d725eab8e,Camponotus ligniperda,camponotus-ligniperda,338086,out_of_scope_ant,47.533875,14.0569638889,inat_api_calibration,678db9ea0558866d32820f5ccc52a3e42c294868c12e313c0515b2ecb173794f,2026-06-16T09:08:17+02:00,668.7922701158642
680148511,a883e02a-172f-4217-97ff-f62c3f2d551b,Pheidole megacephala,pheidole-megacephala,199356,out_of_scope_ant,-19.6689390151,134.1043167721,inat_api_calibration,377e1ec5ca43953ccd58d411db38488f2f6334e7494314d1e4bcdad2c89c4e25,2026-06-16T17:06:38+09:30,71.33603139058354
680149598,a58e1e84-edb8-47f3-a03e-1829285364d5,Formica pratensis,formica-pratensis,100996,out_of_scope_ant,46.7693399042,19.3301600218,inat_api_calibration,5911d50773c653ca15384249f6dbf85ea37608762feb1c101a6cdf5e90125472,2026-06-16T09:39:31+02:00,2167.343791693768
680142474,4f98b869-327d-46f4-8d6f-63b2d789b271,Formica gagates,formica-gagates,347462,out_of_scope_ant,45.2471253333,19.8701777667,inat_api_calibration,f02ef9f25addc331f738950c91910023a9a264610ce24c969706abe41eee6007,2026-06-16T09:42:18+02:00,1050.0593724579833
680150694,cc4000d6-7250-4a87-9dc6-465f8865bade,Camponotus vagus,camponotus-vagus,343182,out_of_scope_ant,45.1217733333,15.5876783333,inat_api_calibration,e110f65209cd488789e16fdf06ae8782790a732a17dc12a46be2d81acce988aa,2026-06-16T09:44:37+02:00,2275.9542944592017
680151193,cbb62cd7-3afc-44e5-851c-2fff6e9a89f4,Chelaner kiliani,chelaner-kiliani,1286771,out_of_scope_ant,-38.1763797817,144.3067770976,inat_api_calibration,17f729f9ab04a3c767f142814f419b523d4e1ee180d39b63d61c27984065bf6e,2026-06-16T17:47:12+10:00,173.84088347891108
680152395,6e8a9c6d-803c-4307-bddc-856f4ea172e4,Camponotus japonicus,camponotus-japonicus,321673,out_of_scope_ant,37.3297716667,127.0769583333,inat_api_calibration,096a37557b3837526bb05d8d82ba714651b764eb70e1a672cf9c6521ee07104c,2026-06-16T16:51:37+09:00,1643.082310862137
680152355,0a8129e3-e3ee-48fe-8634-867b30f0947f,Chelaner kiliani,chelaner-kiliani,1286771,out_of_scope_ant,-38.176376515,144.3067756659,inat_api_calibration,09f81e3cc5cb4afc872b78716dd15cc66a603575e6f1373be1e259572eeed79c,2026-06-16T17:51:53+10:00,184.12718244862103
680152502,4fe87bdf-44f0-4b39-86e1-cee2101067eb,Camponotus consobrinus,camponotus-consobrinus,201978,out_of_scope_ant,-33.8522912997,151.0647285997,inat_api_calibration,e193a4b855339cf26f0ce0141582c5f67961b476cb946f9de1e55cd4b2d5cdc2,2026-06-16T17:51:53+10:00,548.2856516971075
680153660,b9717097-1fc5-4aca-9f1a-c90084871c89,Aphaenogaster longiceps,aphaenogaster-longiceps,418035,out_of_scope_ant,-30.4278266453,151.5947805292,inat_api_calibration,81bfe9a0834940ca88b1b935abd01fd55a1cdc9823eb028f3911f0ff2ee73f5c,2026-06-16T17:56:22+10:00,6803.303028806692
680157055,f48f3b27-3872-4d95-ba30-40e75988b9e6,Camponotus vagus,camponotus-vagus,343182,out_of_scope_ant,44.9426804,10.0886788,inat_api_calibration,e06cf29118643c1389ce6c9864b22e77aee9ab5683eca7f2c3455b4415e84833,2026-06-16T10:09:26+02:00,523.9004467755375
680161572,b5dd0ccb-9863-4ce7-b878-1158556f7a30,Camponotus vagus,camponotus-vagus,343182,out_of_scope_ant,46.767310051,19.3285600841,inat_api_calibration,57381f36aaab4882deac1d999b13eb283119d7955952e00e78b843705205d105,2026-06-16T10:27:46+02:00,5162.595847742174
680163066,d27bd572-96a8-46be-9a64-fdaf15d48a58,Trichomyrmex destructor,trichomyrmex-destructor,424679,out_of_scope_ant,17.6000917,78.0279378997,inat_api_calibration,69dfb5f84e6ce0365a210702e2c6ad96f1eea6e39e2e0c1e3f95047c93a53b3c,2026-06-16T14:03:15+05:30,5245.1933225628745
680163754,968ae585-aaac-4adf-9334-47c4bde931eb,Cataglyphis aphrodite,cataglyphis-aphrodite,1466834,out_of_scope_ant,34.7383722025,32.4334755912,inat_api_calibration,2f2a0cce8d480f83498e6c087b1d9ee702a78875d8004a57e2b3cb81c887b09e,2026-06-16T11:36:02+03:00,53.00977477302598
680171912,65d150f5-9af2-4039-9ba8-eb0820b9562b,Formica uralensis,formica-uralensis,100998,out_of_scope_ant,51.4999841689,115.8551760533,inat_api_calibration,c36d0132da89895e6141d0f8a1179ae723cb9a68ece544c1c8c958d0d0b8159d,2026-06-16T18:04:57+09:00,112.85695365187254
680161457,11ea0a86-5bd3-4213-8f7f-8310f0fbbe00,Formica pratensis,formica-pratensis,100996,out_of_scope_ant,50.92836,59.99256,inat_api_calibration,857f09449a748f501e7647735e23f2d5c8a85b68026b6e8aef2a85a8c2b64d82,2026-06-16T14:17:36+05:00,365.0026772921762
680175165,9a93e0be-7203-436c-8136-d5df9e2a2617,Camponotus japonicus,camponotus-japonicus,321673,out_of_scope_ant,40.0014111117,116.20237,inat_api_calibration,e5ecf0fc7cce146f0acad1ec3542e74825d663aa43217270950e53ec3a12ac06,2026-06-16T17:17:59+08:00,5196.502165738177
680175568,e802dc15-5178-4ad7-8166-96e2af94cb99,Crematogaster lorteti,crematogaster-lorteti,1145862,out_of_scope_ant,33.5873489378,36.3724861144,inat_api_calibration,b3a42aabad5a3db78f0d212c3424239adc42a267d15b26d63ad50a30f5159989,2026-06-16T12:20:03+03:00,291.1023227323828
680176376,f231923f-6b67-404c-b710-5741a306fae9,Myrmecia simillima,myrmecia-simillima,516641,out_of_scope_ant,-34.1158833666,151.0326676816,inat_api_calibration,06b94dddb33339b1e62d4b5e94b37c341e24f9803514bd2df5dccd689b83aeb2,2026-06-16T19:22:10+10:00,2207.106515869532
680183876,fea60c0d-074b-458b-ac92-af182d9f4aad,Nylanderia jaegerskioeldi,nylanderia-jaegerskioeldi,489427,out_of_scope_ant,27.982797535,-15.7804796845,inat_api_calibration,6386d1f35292ad91541b3355b93a2aca025228ec86e40f595c6105c08b505257,2026-06-16T10:38:43+01:00,187.90379634391567
680181387,9bec8f18-9180-4873-8a53-c41e66b1b1de,Lasius emarginatus,lasius-emarginatus,341143,out_of_scope_ant,48.4806222222,-2.6939944444,inat_api_calibration,cea1ed0e94dd0d961fbc603cf3dc163e78d0bd4431d78e62b5242c7373ad47ea,2026-06-16T11:40:29+02:00,153.8708237461234
680186828,b03d1450-6aef-41c8-b3f8-b12c9f36eaf7,Myrmica ruginodis,myrmica-ruginodis,347551,out_of_scope_ant,60.1619277474,25.0734963169,inat_api_calibration,7a7bfb76976c8274631221b5a864a06c0b5ea8e2b0bf91f99c0145f71ad87342,2026-06-16T13:00:36+03:00,1367.4030830955658
680188495,b922a295-b53b-488e-9c1e-b42342ad0001,Camponotus japonicus,camponotus-japonicus,321673,out_of_scope_ant,37.8306539111,127.4845276222,inat_api_calibration,1e11b181e86a313e656a6173bb530881b03c509838dcc0e1590bd7325034f830,2026-06-16T19:05:31+09:00,829.5018141977419
680172283,94f286e6-dace-4c22-8dd6-1c71ab76bc69,Camponotus consobrinus,camponotus-consobrinus,201978,out_of_scope_ant,-37.0755691389,142.4083404444,inat_api_calibration,8e77e15ca5c2ca8d87b821e3537fef1f53d49fe3fb7db2d55528a2d1f6d1cb9a,2026-06-16T20:12:21+10:00,535.7972679603167
680190696,0ad5a1c9-b16b-48e4-820e-a2046b9c8fe7,Lasius emarginatus,lasius-emarginatus,341143,out_of_scope_ant,49.571654,0.466163,inat_api_calibration,dc79ec6066de6f7f9c129e32bda5f9d15d747003357ee33543723481fd88d2ff,2026-06-16T12:13:30+02:00,1100.0673602886852
680190667,96b21d04-ffc7-4126-b0e4-c78442f97d97,Dolichoderus scrobiculatus,dolichoderus-scrobiculatus,786992,out_of_scope_ant,-27.4547888544,152.9596984013,inat_api_calibration,510f720eb4764c61c12aaea9d7d1207a536e0f52596d3e82de9a023f3a34613c,2026-06-16T20:30:45+10:00,464.3716517276324
680190671,82061e17-36ad-4883-88b0-ab504a1dd75c,Polyrhachis mjobergi,polyrhachis-mjobergi,900593,out_of_scope_ant,-27.4547888544,152.9596984013,inat_api_calibration,a3700c17bad983cd7f376ff4a60e4927626d3ea148716bbd6826679b9e5379f2,2026-06-16T20:30:46+10:00,269.32298260541916
680190698,322345b8-057e-48d4-8da1-1d2877c019d0,Dolichoderus scrobiculatus,dolichoderus-scrobiculatus,786992,out_of_scope_ant,-27.4547888544,152.9596984013,inat_api_calibration,4b627058ddf43f637a05f5723f6ed054fb7abfae98964141d4b7d54f1ba5d439,2026-06-16T20:30:47+10:00,94.07124701103855
680190697,fbf9259f-07f7-4242-96d2-9331153e6ad8,Dolichoderus scrobiculatus,dolichoderus-scrobiculatus,786992,out_of_scope_ant,-27.4547888544,152.9596984013,inat_api_calibration,854d2e4285d15e6e3fef71b59c5084a8a3c47c051ccf4183037205842960c8c6,2026-06-16T20:30:47+10:00,185.74244356613218
680198863,24b7383d-a578-40e9-b1aa-d65e739f6130,Camponotus consobrinus,camponotus-consobrinus,201978,out_of_scope_ant,-35.1613861,149.0627773997,inat_api_calibration,70b811bdfc67662a3d0c2c0d6db3a8483cd3e6980727f827f86cc77f1eeb3ec2,2026-06-16T20:39:40+10:00,9773.154373235728
680200855,804eca3c-8064-47e4-bd8e-e7aba0afd836,Myrmecia vindex,myrmecia-vindex,878184,out_of_scope_ant,-31.5059132896,116.2999938056,inat_api_calibration,730a37aa44f3471c94b02a1f25e0bf0979af81319119d5a84cb723969ba83bf6,2026-06-16T18:46:00+08:00,9200.703990213533
680200818,636e1adf-060f-49bf-816b-04cac22e0335,Technomyrmex sophiae,technomyrmex-sophiae,1265952,out_of_scope_ant,-27.2782611111,152.6622027778,inat_api_calibration,ba289a7fb4a007707ca77d8908bbd5407e94f8ecb2f2bedf907ceb4b5aac9a69,2026-06-16T20:50:14+10:00,1054.923817799216
680206268,a06173e4-b5bd-4982-8551-cbfb146b9c88,Myrmicaria brunnea,myrmicaria-brunnea,537943,out_of_scope_ant,12.95589005,77.71668369,inat_api_calibration,b8c84b1cbd54fd25ad62a1d8f660cb00ba947624ac5585fde6d014ec01f31c97,2026-06-16T16:34:05+05:30,1035.878642981633
680206381,76cb46dd-4d0e-469d-a60f-80e719f12317,Camponotus americanus,camponotus-americanus,215970,out_of_scope_ant,35.2906050723,-82.5411080579,inat_api_calibration,2c26e22cfcc63c52f04cdee927b39851899eae0c57a2743fa851487d4ba7096b,2026-06-16T07:04:24-04:00,50.276479861207925
680209538,c8a7669d-ff34-4045-a6e5-3bd4a4d09805,Lasius flavus,lasius-flavus,69315,out_of_scope_ant,56.1539830659,14.0986400843,inat_api_calibration,bfa16f55ddc8ea1eb5febf8e756f421abd2ea773eb1c9a056ea25bf3be07076a,2026-06-16T13:12:26+02:00,5291.525016031422
680209952,5188627e-cebb-42b2-be09-2cdfae910929,Camponotus ligniperda,camponotus-ligniperda,338086,out_of_scope_ant,45.0837708,7.3313877997,inat_api_calibration,1cd0df4332d319565c92fb78b72f49a8c68b138e91b0e81a1f2573ee723d3b3c,2026-06-16T13:13:23+02:00,1674.9031555908646
680272523,3eca5683-f711-4620-934e-d3be3b195c5b,Myrmecia desertorum,myrmecia-desertorum,633426,out_of_scope_ant,-23.7459468089,133.8817378775,inat_api_calibration,ca1b4342df21df8b94c0c5452b37e5b04de72f39424aee294d33639a52077b92,2026-06-16T21:12:48+09:30,308.0439507225176
680214534,4c70c7f7-c8bb-41b3-a7e0-bdb455345ffe,Camponotus consobrinus,camponotus-consobrinus,201978,out_of_scope_ant,-42.8877138889,147.5032638889,inat_api_calibration,6dd5b425ecd96379638d18b4725c94e57e1daebc6bf957390da077e2ed63cfe9,2026-06-16T21:45:29+10:00,1928.876159906949
680225696,52c559ba-cae3-4701-aa70-a46290339e18,Cataglyphis nodus,cataglyphis-nodus,451308,out_of_scope_ant,37.7453896013,23.4219967858,inat_api_calibration,1f07bd26428b5aef7565d376926cae841a234ccf0cace0966073370340c22644,2026-06-16T15:01:01+03:00,9028.984224701397
680226415,e7022b76-6e63-4f95-b834-f31ba90c0d0f,Formica subsericea,formica-subsericea,133027,out_of_scope_ant,43.1707330122,-88.0566841091,inat_api_calibration,5d54cbba948bb457eacbf87706dc93890895f09503769786dda546b66df5bedf,2026-06-16T07:03:04-05:00,844.5186806170989
680188432,19021a3c-04be-4bae-b567-f74ef00a9665,Camponotus japonicus,camponotus-japonicus,321673,out_of_scope_ant,35.3424176709,127.9247434555,inat_api_calibration,503ec654a8fb0502f52aeeadca3f46c1b415c8bb916ea6fa8631e598f4031ffd,2026-06-16T21:04:52+09:00,1110.549070608813
680235933,a7a5d326-dc18-474e-8ab1-3235ef434550,Notoncus capitatus,notoncus-capitatus,1030099,out_of_scope_ant,-37.1566836742,144.0732258835,inat_api_calibration,47f937902ed1631a135f67ce00d2f3d1b547129c0708fd8a4cf324e189be333e,2026-06-16T22:30:56+10:00,126.50098933499854
680225040,101231c1-a0cd-4f49-8690-e354393eb4db,Cataglyphis aenescens,cataglyphis-aenescens,82191,out_of_scope_ant,37.5633055556,120.7750194444,inat_api_calibration,ff7806e6c17452b399248b92bb2a3394d5e423213861cb44b87ce11be1cdd01f,2026-06-16T20:32:04+08:00,3434.664828725911
680238996,2769bc70-a2af-4182-82b0-30f5f08ef308,Messor ibericus,messor-ibericus,840243,out_of_scope_ant,40.4565516808,-3.6443156378,inat_api_calibration,5607f2af9b3390835ace3d17d7ad40ac82f73c962c38e12e6b69b41aa8b2b914,2026-06-16T14:35:20+02:00,2069.9712715944593
680240903,fd753eb1-5926-43ae-9f45-ecd8364cd3bb,Cataglyphis nodus,cataglyphis-nodus,451308,out_of_scope_ant,36.4231694676,28.1983914413,inat_api_calibration,0dc0b265476f2540df738739af96cf36278b38a29f792972a826155e39eddbde,2026-06-16T15:39:51+03:00,8344.951115104413
680244011,f75213fc-489b-4c46-b194-e64cf7644843,Formica cunicularia,formica-cunicularia,337960,out_of_scope_ant,45.6835124252,-0.3568699211,inat_api_calibration,62e346f598d13d5e347b00a987e0ade163f5dde1b845fbd69d47c98c4dd8c291,2026-06-16T14:47:34+02:00,695.6893167610511
680242287,3e0a16a7-068e-4366-bdc0-bd436cd9a33f,Odontomachus litoralis,odontomachus-litoralis,1418864,out_of_scope_ant,1.4094989831,103.8851236901,inat_api_calibration,b43bc352bab79c61723e9725171720148077134abfafff932f03162ecfbf1b5b,2026-06-16T20:56:46+08:00,1152.5582629007024
680251337,17917cbe-cb5f-463b-b3d1-9ba8b8715c76,Camponotus floridanus,camponotus-floridanus,81709,out_of_scope_ant,28.6862485209,-81.1987699941,inat_api_calibration,9e048f66fec78997c5318e51ba54274734206feb0812ce5a19f54e8f657b32ab,2026-06-16T09:05:38-04:00,204.28915217306417
680253160,e8a7e637-5b9c-4dcd-b80f-56f745a4c7b4,Aphaenogaster epirotes,aphaenogaster-epirotes,347406,out_of_scope_ant,40.8019733333,21.8711648424,inat_api_calibration,f235005db10b6dcd2bc92b17fd61976c98c6dc603cf00e57ca8e409d4cce17fe,2026-06-16T16:09:41+03:00,104.2994999871528
680253639,08417590-2b5e-4134-8c85-53282349e067,Lasius brunneus,lasius-brunneus,343246,out_of_scope_ant,51.4108366667,-0.641555,inat_api_calibration,983c1897007a0dae094f1eea53ed0a339381acb14a7b49af9078f9ef3127f17b,2026-06-16T14:10:43+01:00,195.43712687649213
680254052,67125b52-ab57-4aa6-bcbb-a4eea4ac8b4f,Myrmecia urens,myrmecia-urens,506673,out_of_scope_ant,-37.0864781382,144.0484392138,inat_api_calibration,005be1862492b5ced8972c742b00625bfce2d6af6616b67b20cb4a2195d53f6d,2026-06-16T23:14:40+10:00,111.42188653247476
680248338,6787b3cd-24f9-4019-8f93-9609d2093fcc,Camponotus micans,camponotus-micans,347443,out_of_scope_ant,36.8231074914,14.4604529569,inat_api_calibration,75c747b48150f4e3e76ceae8e610181e500e613680b62681a079f5605a464db9,2026-06-16T15:20:46+02:00,1169.3566615998218
680263270,9402009f-0836-4ebc-bb06-4242af18a139,Formica pratensis,formica-pratensis,100996,out_of_scope_ant,54.4050409333,38.5212050879,inat_api_calibration,ccdfb8e979667e90f141e6344459a46cf76509616c59b9ffbf0e85ddbc001648,2026-06-16T16:31:29+03:00,477.5267393353996
680268508,61637d6f-06b9-4354-a2ec-ecc818229571,Formica sanguinea,formica-sanguinea,343357,out_of_scope_ant,50.1231471397,5.2438356355,inat_api_calibration,ee69d6ee1220749a52fb8b5bf72d5bc98eac3ad15d8339e7dfe112e2c7efe630,2026-06-16T15:42:18+02:00,165.8173769055209
680270719,f921b088-15c3-4bad-8d4d-6f9396f2a3f2,Camponotus sayi,camponotus-sayi,68960,out_of_scope_ant,32.2021029546,-110.9085223494,inat_api_calibration,0f956b0a0ce6ec7730394e24d598a6880e50e2a0e065a0b1226c30ee0d6f06dc,2026-06-16T06:46:10-07:00,524.2533125661374
680276036,374a29e5-2b99-4118-a162-5bf0943c4c09,Camponotus micans,camponotus-micans,347443,out_of_scope_ant,37.0672015936,-8.8118802471,inat_api_calibration,4f359c44357b49a5f6470c6e3c12cc28a50a85ae9e3009070e553f71cfa121bd,2026-06-16T14:55:39+01:00,432.7475796276841
680255520,e5338300-98dd-4c0e-b4d1-0067425dba6f,Camponotus consobrinus,camponotus-consobrinus,201978,out_of_scope_ant,-35.1162745499,147.38198313,inat_api_calibration,f19f3ae8242d2df6065edbf567a618397cbf0d78aa3e071b42922c134a3ca3a2,2026-06-16T23:55:44+10:00,110.73690240013647
680256103,b556d764-7a43-4702-b328-c84e3bca9cd0,Camponotus consobrinus,camponotus-consobrinus,201978,out_of_scope_ant,-35.11405141,147.3768897099,inat_api_calibration,0d52eabf2d71c8432e82c8dc58018ae72b2fe1bffd244a7b40cc1b88932c7a63,2026-06-16T23:55:50+10:00,237.46837085918744
680256202,5b7a9b31-77bc-4122-8986-c28f30b43b17,Camponotus consobrinus,camponotus-consobrinus,201978,out_of_scope_ant,-35.1194444,147.37871064,inat_api_calibration,f07a8dd9e1cbf3e59f4e2a7b3a4105dc2e5a1308dffdb4228cf93ac82506ddc8,2026-06-16T23:55:51+10:00,53.91398749052996
680276139,02037e78-7469-48aa-82e3-e2eee1a9d3a5,Lasius flavus,lasius-flavus,69315,out_of_scope_ant,51.4306601505,-0.5411930075,inat_api_calibration,968c770b424e565ecac21207d75e4b3710b12e83931652487f69e21917871281,2026-06-16T14:56:06+01:00,1620.9952547846638
680280385,527c74af-4b69-4a63-a158-239dce89d4fc,Camponotus sericeiventris,camponotus-sericeiventris,141749,out_of_scope_ant,19.4593190012,-96.9624999538,inat_api_calibration,de794d11f42bb67aad2ce94045961b394b0c8f8441abb0a7791974c092b36252,2026-06-16T08:03:48-06:00,759.3302800219456
680281273,c33911ad-f35d-4497-91d1-e58cf0177b9d,Oecophylla longinoda,oecophylla-longinoda,342857,out_of_scope_ant,-19.2041833333,35.0314111667,inat_api_calibration,64413684247c1ff644223ff0304fbf746c674666a6b79b9aec59ab12be173fbc,2026-06-16T16:05:03+02:00,2769.0924430350547
680283794,9db44945-68b1-466f-b85c-2b7253c1aa0f,Epopostruma wardi,epopostruma-wardi,1250722,out_of_scope_ant,-27.4883368335,152.9467642248,inat_api_calibration,0a9a0e5369e9c5f40c5b4b948c19d497fd5a793d0b4d0c28c7e2075e9c790f9c,2026-06-17T00:11:12+10:00,687.0314090771336
680285462,68f009e8-9c98-499d-bbb6-4f3c872406be,Camponotus ligniperda,camponotus-ligniperda,338086,out_of_scope_ant,50.4282729734,13.2320012525,inat_api_calibration,f9612ba5ff85e7f5be9330ee0191b2a3843d7b59a1837ecc83f4ed4bbc3315b4,2026-06-16T16:13:24+02:00,904.376966483215
680288106,95c090a2-5232-4a21-8122-98427369a06a,Formica sanguinea,formica-sanguinea,343357,out_of_scope_ant,57.670905,11.9685583333,inat_api_calibration,9416fea8ee9671055d166bd0efd4f1e6af6206ec30b9fd6627cc1bb3c8dbda00,2026-06-16T16:19:04+02:00,262.60918458339637
680288560,fc03ad28-2c64-4bb6-ae69-1e1d0a3b5f03,Lasius brunneus,lasius-brunneus,343246,out_of_scope_ant,51.559805,6.981544,inat_api_calibration,56af62e8eca34739edf520b47dcdb24ce40c847da04ecd2858567e1c0a953039,2026-06-16T16:19:50+02:00,1606.0542886601495
680288620,eb6ca206-21bb-459a-9ed7-20170963456b,Lasius brunneus,lasius-brunneus,343246,out_of_scope_ant,51.559805,6.981544,inat_api_calibration,e813b62894d9608410fd565c8a429ed212f412518c8483478f50a47912fe5347,2026-06-16T16:19:58+02:00,1452.662797624997
680280183,8897bd09-79fd-4131-8c3d-8c4ed0575727,Ectatomma ruidum,ectatomma-ruidum,265978,out_of_scope_ant,15.7384664317,-87.4586408396,inat_api_calibration,8bf1a1488c172014ab48a02edc8c16f5509b7ba349f1fe2bd7e581258d22b1c8,2026-06-16T08:20:43-06:00,259.05327206244283
680289268,6581f704-2387-4a61-8122-92de8fdd51eb,Odontomachus brunneus,odontomachus-brunneus,300384,out_of_scope_ant,29.66105,-82.3940716667,inat_api_calibration,7da37ee5bd0d136146f9759e9fbcb2e02c4b5e2bc589392de93f93f82e4eb492,2026-06-16T10:21:05-04:00,960.5972250394595
680289547,5ab0e76e-1bbd-46c2-95a6-2333e56132fe,Novomessor albisetosus,novomessor-albisetosus,482384,out_of_scope_ant,31.4737697328,-110.2975419536,inat_api_calibration,a034efb8e3c325e54cbf8289a62b8b211807ccd83351e2de54e5a0bd927f3d0a,2026-06-16T07:21:22-07:00,4309.599379707821
680294156,d5da96b7-0a31-4cf5-a76e-bc2fdc2db24e,Camponotus nigriceps,camponotus-nigriceps,625668,out_of_scope_ant,-32.1764814221,118.1642618403,inat_api_calibration,ccda4b76699d8f9030a44e1567264497634e896873da29d634eab29846af7e83,2026-06-16T22:30:28+08:00,1487.2882803883672
680296775,6707546e-58e4-46fa-bdda-84656e95055d,Platythyrea clypeata,platythyrea-clypeata,1448749,out_of_scope_ant,19.0235971792,72.837812528,inat_api_calibration,cbd5198a7acfa35ff53a6206358dd43c3ea88dce8f3350afc0b5a7edfac0be7b,2026-06-16T20:05:09+05:30,716.0771471745002
680299510,7d4eeff4-21c2-42c0-ab05-b52a59d8cb2f,Camponotus americanus,camponotus-americanus,215970,out_of_scope_ant,44.1331582742,-90.1913786307,inat_api_calibration,337b5c368cc2cf5460dcdb04ef7cffef6a773464084475c16993669280e34e70,2026-06-16T09:39:42-05:00,4327.145139871796
680306556,9c3fded2-b103-4d18-bb95-10b4f7faf5f3,Camponotus floridanus,camponotus-floridanus,81709,out_of_scope_ant,26.64588,-80.2145383333,inat_api_calibration,314473eb045e83d2d30a228c5fb4170585ddb03b259e88718bda701c03f9c144,2026-06-16T10:54:41-04:00,448.2763385731473
680306917,54b67f8c-fff8-4b02-938a-c90e89b8f098,Odontomachus bauri,odontomachus-bauri,205150,out_of_scope_ant,10.540081,-75.4687118333,inat_api_calibration,735afa472234d82bc326c3ff4276ab9f9178037a026c28acabbdcba9b274e6f7,2026-06-16T09:55:16-05:00,432.2025075891881
680307940,147f8f44-fe47-4670-b549-e948b6d088f3,Camponotus floridanus,camponotus-floridanus,81709,out_of_scope_ant,28.585164709,-81.214164868,inat_api_calibration,67869e1f614d0402d45edcb5ac4f9bb448016005a2f91c5d5684974782208487,2026-06-16T10:57:12-04:00,999.8206520533331
680307850,3b6bd17f-3b06-431c-8743-455f368ead5e,Camponotus consobrinus,camponotus-consobrinus,201978,out_of_scope_ant,-38.1825855745,145.1194485511,inat_api_calibration,14c55cc2b80bbe9ecb84c3179d1f0cd9e319688c76f5867417e4518a91c84551,2026-06-17T00:57:59+10:00,984.9334627673528
680310124,9da4c29d-c5d5-4c7d-b7e3-7f71730ae73a,Polyrhachis mackayi,polyrhachis-mackayi,1030049,out_of_scope_ant,-30.167891823,153.1822280761,inat_api_calibration,88e7a236ae7ed4cb34fb174fbb0bda89851a5525a1e221318fe86c06f0fd4d17,2026-06-17T01:01:39+10:00,770.5593590050905
680311199,fefd40f1-ce2a-4946-ad90-1281941d05a2,Myrmecia fulviculis,myrmecia-fulviculis,368688,out_of_scope_ant,-30.1182059233,153.1505662671,inat_api_calibration,c492ec310fd3106943981f76f47ca730e03cd23e0f7570ac367aa7695d134d20,2026-06-17T01:03:56+10:00,457.8238263292954
680314253,c6fd83ac-e7bc-41a8-88e0-7ffb33a2f1b1,Camponotus rufipes,camponotus-rufipes,366832,out_of_scope_ant,-26.2565210326,-49.3550796434,inat_api_calibration,4db252d7d52b029eaf68ffd9c96244b248da08334425d2c5e4e96f4ac0ba4b88,2026-06-16T12:09:10-03:00,1193.0086748608805
680313742,ad962257-6bac-4a71-980e-4e4531851a86,Cataglyphis hispanica,cataglyphis-hispanica,1370189,out_of_scope_ant,40.626570773,-7.6579231866,inat_api_calibration,74b5938713cc962091efbab423afa27f552693c59d12c9b19100789ced7083eb,2026-06-16T16:12:44+01:00,160.02717051451333
680317660,6a3f0257-a633-46da-87ff-c73cabec16c7,Camponotus vagus,camponotus-vagus,343182,out_of_scope_ant,49.7260015525,31.533133464,inat_api_calibration,89de523e7fcdb09a6b2ccdb26cab773d1ab69d3f4bc618b44301fe2afdbf34ae,2026-06-16T18:14:51+03:00,12976.808594538285
680315867,11ff3447-f04e-4545-a26d-400c2e3074a3,Camponotus quadrisectus,camponotus-quadrisectus,1415991,out_of_scope_ant,8.9243284945,98.5285505138,inat_api_calibration,0ac591feb46d8ebbbba000d9d27f148d7a9dd0b25674faea85da37165b2861e8,2026-06-16T22:15:45+07:00,123.31943502007621
680319772,f934fb44-1b6d-44ca-ae7f-7108230e9d94,Camponotus maritimus,camponotus-maritimus,68955,out_of_scope_ant,38.4827283333,-122.6658383333,inat_api_calibration,09d4056b1a9cbcd0e4757acaff09814db2e97440d57beeb1436c494ad0e3c9d0,2026-06-16T08:19:31-07:00,3624.278975124817
680320154,4fd5e774-df11-4af7-8461-4e2d31d28e3b,Aphaenogaster spinosa,aphaenogaster-spinosa,343181,out_of_scope_ant,42.8209091476,11.5250121237,inat_api_calibration,1e7e475de5c09c1df99d44e9ff7ccc2c975bb5c23e96c549a23bd12c4cbbcba3,2026-06-16T17:20:57+02:00,2187.7551217899554
680315873,70d9f0a8-5c02-4c48-b8d3-1db9829ada94,Camponotus ligniperda,camponotus-ligniperda,338086,out_of_scope_ant,47.5793642608,15.1484003345,inat_api_calibration,3c09dd527860c7abed3f37ee6209949b80de713e020a13fbfa002186aac09ab2,2026-06-16T17:23:14+02:00,2379.3634728353127
680313402,baba5657-14ca-425e-bf38-0d5e19a2f66d,Camponotus aethiops,camponotus-aethiops,338197,out_of_scope_ant,46.889316478,17.4638990195,inat_api_calibration,8481cdb94cfaba29bf9f06d5cd8e513788c2445faff4a29d359fd076e2e62d78,2026-06-16T17:23:24+02:00,105.95200133403101
680322828,356a22e8-d42b-4b7c-98c9-2f4f4926139c,Camponotus decipiens,camponotus-decipiens,215972,out_of_scope_ant,33.4332651698,-96.1920509162,inat_api_calibration,00d38b34bcf48f2f37989901dbe68edec903706f7a0a5696c5222a8059a6c89c,2026-06-16T10:30:54-05:00,1014.698589064941
680325707,e5e96d41-c174-49d2-95eb-2e8500eb2253,Dolichoderus mariae,dolichoderus-mariae,218622,out_of_scope_ant,44.4419624537,-77.8805190325,inat_api_calibration,9863e47ae596cbb2394422b65073bcb7bebad8d0e334fdb9692d2ef03b067cef,2026-06-16T11:30:56-04:00,401.63251423095477
680327280,4f16647c-fe03-4b42-b5bb-3c0238c69b25,Temnothorax longispinosus,temnothorax-longispinosus,232368,out_of_scope_ant,44.4431068885,-77.8814464062,inat_api_calibration,13f5498d100d8ab8d3d62285a990de409d4f35c662f49b51614448e400630261,2026-06-16T11:34:28-04:00,152.37262657898518
680325720,69fb1c68-f7a7-4a71-9328-004c5c3ac84c,Cataglyphis hispanica,cataglyphis-hispanica,1370189,out_of_scope_ant,40.6270697062,-7.6503293238,inat_api_calibration,8c54ceffdfcc71b394dcc4ddea93e432f454233d3e9965c2252a0986a043f93e,2026-06-16T16:35:49+01:00,772.5414906627406
680325922,1b195717-0b76-4758-8ac3-ab57432c70f8,Cataglyphis hispanica,cataglyphis-hispanica,1370189,out_of_scope_ant,40.6270697062,-7.6503293238,inat_api_calibration,73481d4a78204c7eadbbd225ce34a9f02e58b824b90c39edd949e25341a4aa4b,2026-06-16T16:35:55+01:00,715.6862196141711
680332493,8ea21db3-887c-487f-a1fb-017b3e3a4736,Camponotus vagus,camponotus-vagus,343182,out_of_scope_ant,48.1845215997,16.2662766,inat_api_calibration,a87e560aa04c36aa8c5b7da2ba677fdea8d0e0b7438f19af001c3a99daf804fd,2026-06-16T17:44:01+02:00,111.2729728855005
680332979,2c732eee-d399-4d9d-9c97-8c1e22f08976,Lasius americanus,lasius-americanus,966095,out_of_scope_ant,41.3603607806,-73.7874727456,inat_api_calibration,4ff3bced0694dae3d7d8d462fd89ba415a077414df1047d246400d58ff28b017,2026-06-16T11:45:23-04:00,292.9831736170938
680333316,34a1a2e3-a794-4697-a751-4e273048a91c,Messor capitatus,messor-capitatus,342832,out_of_scope_ant,42.5798910148,-0.584935874,inat_api_calibration,3cca9c401dd906035941fc333978d011930de850978795c80d8758c288417450,2026-06-16T17:45:55+02:00,753.0434437154897
680335368,3d1f464c-4799-4393-b5b2-959ebeb5bb83,Camponotus cruentatus,camponotus-cruentatus,131030,out_of_scope_ant,42.5798116667,-0.5853116667,inat_api_calibration,4332b4d5dace3c77691c280ed7e2f154e2b1dec421e824214802ceb53ecebc7a,2026-06-16T17:49:29+02:00,2944.6222551402766
680335728,af010071-8133-4259-8367-fed83442796a,Camponotus piceus,camponotus-piceus,347442,out_of_scope_ant,42.5768883333,-0.5840216667,inat_api_calibration,9d4e9368c1d4ec5f0d3d66dcbf2cfb37ff69d5de0f0c9e36689a37f8349cbe21,2026-06-16T17:50:15+02:00,325.81187644638374
680335977,87618de3-630f-4aee-b880-5a0bc8b61d67,Lasius brunneus,lasius-brunneus,343246,out_of_scope_ant,42.576805,-0.5833633333,inat_api_calibration,1ed4ece2209ab1687c356591c8837836da99e5bd04037dd57069605771a61749,2026-06-16T17:50:40+02:00,6479.522208432107
680335851,3c896646-2fcd-4984-945b-74a3464aa06d,Iberoformica subrufa,iberoformica-subrufa,488546,out_of_scope_ant,40.6270302077,-7.6465615391,inat_api_calibration,3bb3b4e4b029a4a342e26049336240cdb6cdf57259628b347bc7d697463d63db,2026-06-16T16:53:06+01:00,350.5450024310841
680335916,92afa4aa-5a75-4611-8788-71462f206b3a,Cataglyphis hispanica,cataglyphis-hispanica,1370189,out_of_scope_ant,40.6270302077,-7.6465615391,inat_api_calibration,550748c2eda79455eb1eaea397e101c20792dcfdbf1a93cda9276410040e980c,2026-06-16T16:53:08+01:00,366.9698428192381
680337888,3019075d-021f-4a3b-b511-a6127790a27e,Camponotus vagus,camponotus-vagus,343182,out_of_scope_ant,48.07321886,16.57568201,inat_api_calibration,e283406431f0efbb33d87b9cdbd9e5984007b7aaf54ed8f1d77fce1d1e95230f,2026-06-16T17:54:20+02:00,185.97111770645142
680851814,99f95982-5069-4d9c-bda6-7351f964b08d,Formica tombeuri,formica-tombeuri,1689599,out_of_scope_ant,42.5617133333,-0.5918416667,inat_api_calibration,c722468925b29ebf06fc1450391aed88b357ff9627c9016d88a1023d81f8f1b6,2026-06-16T17:58:20+02:00,868.0568283612906
680340055,322c72d5-15dd-4aef-8e3a-dc2f391b2a82,Camponotus novaeboracensis,camponotus-novaeboracensis,143252,out_of_scope_ant,46.5844159332,-72.9811530261,inat_api_calibration,0030681849d0ed3e539860ab2bfa307142e8eba227c65a6c1e1d24d578232901,2026-06-16T12:03:31-04:00,135.8549128860925
680344520,04cf3a3f-89ca-4e67-82b1-8704bd895277,Camponotus ligniperda,camponotus-ligniperda,338086,out_of_scope_ant,51.8715338708,10.5663618898,inat_api_calibration,ff301893f5856916d2aa87e2fb412811281453095896646214a1195ee0a97b15,2026-06-16T18:08:18+02:00,5182.094157794416
680346819,db76971d-fb3c-43b8-a47f-b95d9abecd88,Nylanderia flavipes,nylanderia-flavipes,372712,out_of_scope_ant,41.202855,-73.6408283333,inat_api_calibration,1b5244feb32684e72d3fc8b557ed0d56b551bd3b559c78c191b539403b3f88e5,2026-06-16T12:11:08-04:00,1323.4452644809098
680337910,b3c90670-423b-4da0-8776-45098f979282,Tetramorium bicarinatum,tetramorium-bicarinatum,69600,out_of_scope_ant,4.5842457339,101.0041964219,inat_api_calibration,71978d18b1daea1a54bba48a65ab637d2662377d19707eae97f5ef270e192dc8,2026-06-17T00:11:52+08:00,580.5492032620917
680340617,956e98c1-ba42-40ee-8d87-184b3d6fb17d,Camponotus albosparsus,camponotus-albosparsus,882816,out_of_scope_ant,4.5068087053,101.1498999898,inat_api_calibration,3f07f589fd4d3d871175868abe1831ce13996d46dc0b46404a8a2e394790f68f,2026-06-17T00:11:54+08:00,209.40966870783168
680345777,bf5f8076-2e27-402b-98b4-1849f4917aaa,Polyrhachis bicolor,polyrhachis-bicolor,627039,out_of_scope_ant,4.5260604028,101.1068534274,inat_api_calibration,6245c743016ffa8440020681a617d9a92ca42787b8309171acc6d975a30972b1,2026-06-17T00:11:58+08:00,101.64059888516157
680349005,ced2d419-e745-480c-8c04-a12ddc222107,Camponotus novaeboracensis,camponotus-novaeboracensis,143252,out_of_scope_ant,46.4651783489,-84.0668696162,inat_api_calibration,21a054af88e604d4c1a0d87def1a7c04d32f5038254f89e9b3362a2cc07e4f9c,2026-06-16T12:15:03-04:00,8884.300046846294
680186772,80ed6f94-8a58-47ab-86bf-7b95fe4f8125,Myrmica kotokui,myrmica-kotokui,1233264,out_of_scope_ant,43.973148,144.213073,inat_api_calibration,cba45f05e02f9900782822333dfe5d97e354755bd9b7e0a0e9d788535d039e63,2026-06-17T01:20:48+09:00,307.8699479411578
680347082,783abe6c-852c-4fee-a67c-937cc22439fc,Camponotus piceus,camponotus-piceus,347442,out_of_scope_ant,40.6193329852,-7.6656065987,inat_api_calibration,bbe6363973a247fc230198131b9dd8d7fad06c88891321beaed7e7d43f2768f5,2026-06-16T17:21:01+01:00,312.74618795002345
680186975,d441c470-4bd7-4c03-b2b4-0e45140484a1,Myrmica kotokui,myrmica-kotokui,1233264,out_of_scope_ant,43.977342,144.211185,inat_api_calibration,f6a2cb8e48d6959511760c99febf9ee3e154b18328c4a52c7dc8804a8a23793d,2026-06-17T01:22:52+09:00,599.6372274187111
680188032,b2704311-ff92-4420-a924-5095e7d7bac7,Formica truncorum,formica-truncorum,343262,out_of_scope_ant,43.917647,144.700092,inat_api_calibration,b84452255bbd0951ae4f239d540e540b080169f68f9380868d2c2429b59973aa,2026-06-17T01:23:27+09:00,1344.9609891903367
680354814,9a420fb8-3fa1-44eb-8358-12216cf6992c,Messor ibericus,messor-ibericus,840243,out_of_scope_ant,45.4320130079,10.9866349027,inat_api_calibration,ad473dcf9b1585f2a123d6426a83428c5df7c411fd8f44e77d6ca1948416b239,2026-06-16T18:24:27+02:00,9044.200407332477
680357841,cba10758-24e2-42e0-ad9f-94b2058a1290,Camponotus herculeanus,camponotus-herculeanus,215974,out_of_scope_ant,48.9280328997,15.0940923997,inat_api_calibration,169b93d443256043baa1c76aa02c2a5ebcf65d07231dbc985b08595d79c63cf3,2026-06-16T18:30:04+02:00,947.3766161882733
680357818,90861819-98cc-4c43-af2d-94495bba0edc,Camponotus floridanus,camponotus-floridanus,81709,out_of_scope_ant,25.8120305717,-80.1224670414,inat_api_calibration,bc927d86a15a11b088074e8ef83d852b64d4927ec877e6e2da51b82a8eca0182,2026-06-16T12:30:07-04:00,254.22098450644748
680352001,4ebb5155-f8e3-430f-a156-ff49e0a55b11,Iridomyrmex anceps,iridomyrmex-anceps,202005,out_of_scope_ant,4.5931883551,101.0140307592,inat_api_calibration,161b9103fa96113c9aff3ca73adf44f85173cf64d9c47abcedde0e671236d30f,2026-06-17T00:35:01+08:00,574.2131541307554
680352631,20d08cde-3330-4b90-8bca-a724651f649c,Tapinoma melanocephalum,tapinoma-melanocephalum,69122,out_of_scope_ant,4.4519767608,101.1643985751,inat_api_calibration,7402039c2ba9f816bb3239c6acff8528937c58551b6d87203e93e7739c27547a,2026-06-17T00:35:02+08:00,167.4191898839293
680352090,e18f3e90-b676-4537-b8a0-3378b7acabd9,Messor muticus,messor-muticus,1188214,out_of_scope_ant,47.3471862028,38.7773974517,inat_api_calibration,59bab38353c848a03e8dd3c7bccc2c34dadcd527021d7a471f6c9c036de4dd57,2026-06-16T19:35:18+03:00,138.5574353610534
680362346,9462a258-ba2a-4994-947d-1c0ae2232ac2,Camponotus floridanus,camponotus-floridanus,81709,out_of_scope_ant,28.0839744879,-80.6396715716,inat_api_calibration,0d57f59c4d96e11f0788bdab36871749c2d6d5ad5591e25f9309662a7c318224,2026-06-16T12:38:35-04:00,91.50402794703822
680351653,3b260e8a-87f3-4a25-8eb4-a8990cdaf3a9,Cataglyphis nodus,cataglyphis-nodus,451308,out_of_scope_ant,41.788256403,23.1759550087,inat_api_calibration,68c315d13cc34990b79a4ec187e71d3dca276308af737576da8aca863042a763,2026-06-16T19:45:52+03:00,383.7739876684163
680336052,2c97ee8f-e162-4f10-95b9-b6d09cb2ad09,Trichomyrmex destructor,trichomyrmex-destructor,424679,out_of_scope_ant,20.5981013065,79.8691335257,inat_api_calibration,e95ca8c37cc227ddbe67646a8420748309826872dd63b5ac86fe3d642da0b9d3,2026-06-16T22:17:59+05:30,133.04713913695863
680340451,048d9501-b0e2-408b-b132-99391523a756,Camponotus compressus,camponotus-compressus,490629,out_of_scope_ant,20.5980945992,79.869087164,inat_api_calibration,85f09d2e16e3a61ed65017290c8daf34c21b0baeaf430f142a4545e8a53b3382,2026-06-16T22:18:02+05:30,225.0048323360304
680353776,888026b7-8c9f-496b-a21d-c4f34d86fd48,Crematogaster auberti,crematogaster-auberti,338737,out_of_scope_ant,40.6193329852,-7.6656065987,inat_api_calibration,98ddb237ad8609ff16d8afb6af87b9671f1315b2e65d19385192fdbe0b9c06b4,2026-06-16T17:53:30+01:00,286.55795854210425
680354192,b62c763c-c393-4135-b5dd-b0982796f0a6,Crematogaster auberti,crematogaster-auberti,338737,out_of_scope_ant,40.6193329852,-7.6656065987,inat_api_calibration,45b667a55e7340ea3223f20d33bdaa2d108a6e4680ee2ea2a2298a76a0c641e6,2026-06-16T17:53:41+01:00,142.63472349534067
680365145,cc239e7b-5a87-4da7-a03e-956893f70798,Formica pallidefulva,formica-pallidefulva,143658,out_of_scope_ant,41.7236789538,-83.5903084954,inat_api_calibration,bdfdcaafb5d5d30be750e16d2ceb4b6a22c67ebdefaddf931545dd7010412ab4,2026-06-16T12:54:42-04:00,7372.524949587592
680379877,14d486e6-6e72-424a-9879-6ff885f9a17a,Formica pallidefulva,formica-pallidefulva,143658,out_of_scope_ant,42.3065383333,-72.4368283333,inat_api_calibration,19f46f509e6239b9d74108644591429ade8860cdfb16f1bb052021f36523309d,2026-06-16T13:06:33-04:00,51.7955321492548
680379312,eaee7461-0b33-43dd-a2f7-3b9da23dd3a4,Camponotus americanus,camponotus-americanus,215970,out_of_scope_ant,32.86038,-96.84648,inat_api_calibration,60b7c08c8b28dc288fdd5ba7295a7c6af538fb72b3d07a077d5cb0f03c41d566,2026-06-16T12:08:25-05:00,1350.7636894099671
680458261,71d28ede-ea3d-4150-a8af-3f818d177f00,Manica rubida,manica-rubida,347533,out_of_scope_ant,41.5525666667,23.6392472222,inat_api_calibration,5296a446faf78b5411e0b2d13efed43817580d641ffae535983da70e8ce868b7,2026-06-16T20:13:58+03:00,2013.7304323785968
680388412,cca73a22-37e1-4237-b44c-76763b8a3c03,Pheidole megacephala,pheidole-megacephala,199356,out_of_scope_ant,24.6618633333,-81.4099366667,inat_api_calibration,34bcab3fdfd0de943a031db6624e226f1e67928e384682b560c18bd9eb920545,2026-06-16T13:24:18-04:00,5091.981699117299
680390061,57972f98-2f3e-4823-a869-55e74b9c6e4b,Camponotus floridanus,camponotus-floridanus,81709,out_of_scope_ant,25.5457670247,-80.4611641291,inat_api_calibration,9d63903fb7d63d84ebd06985f87091d9407681112eca92b3aaa77ee0a3b2f80b,2026-06-16T13:32:37-04:00,383.69815363534104
680396933,1193ab51-4cde-41ad-909f-a92eefb3476a,Camponotus floridanus,camponotus-floridanus,81709,out_of_scope_ant,24.6617917978,-81.4099924923,inat_api_calibration,c5074e4970c1fa6edfb194abd24aea2f9d9622e55b6119a83123c74e6c6d21fb,2026-06-16T13:38:12-04:00,434.884827517537
680399837,400f4167-0fb7-4763-8b0c-bd1b96502802,Atta cephalotes,atta-cephalotes,153974,out_of_scope_ant,-1.2377793796,-77.8826996684,inat_api_calibration,71dde2b2ef2a86008ae2eb8ed12395fe09ddbb1b15862aa6e10c7dc5b5d9ce9b,2026-06-16T12:42:55-05:00,4017.02295172923
680402660,48e0840e-e25e-4837-b6b6-3db39a14e576,Camponotus fallax,camponotus-fallax,346980,out_of_scope_ant,48.1582305556,16.3515916667,inat_api_calibration,f3b0c0a74842021430ec6bd2dc6f5447de7df83b965cca8dd4cc11d567b80aef,2026-06-16T19:47:06+02:00,57.7924199135677
680404681,8bab0ba9-979c-4788-833e-ce1b09aa9bac,Lasius emarginatus,lasius-emarginatus,341143,out_of_scope_ant,40.7034664354,-74.0155158845,inat_api_calibration,beb57873b9ab90b7275f41872e2817c33071bd61ead0494e5354a5fdb9c2d3c5,2026-06-16T13:50:34-04:00,527.2173149791025
680406877,1af6015c-657f-467b-a218-8353450f328b,Camponotus decipiens,camponotus-decipiens,215972,out_of_scope_ant,32.7746366667,-96.7589416667,inat_api_calibration,1ca2ad4234e2f6d87b78454c6c5d195097a9802b7eee025a5b2816a358c59bb1,2026-06-16T12:54:14-05:00,939.23702270039
680407570,129348df-1763-474e-81ea-8249f6ba8cab,Aphaenogaster tennesseensis,aphaenogaster-tennesseensis,129277,out_of_scope_ant,40.9411759997,-74.7414373,inat_api_calibration,caa0972eed2722bee497a619d6ed61a8d924b2e82281311498cd0aceca3a880b,2026-06-16T13:55:13-04:00,2025.7814881805366
680407911,eceada57-e0cf-42e1-8bdd-428fd9885c5c,Camponotus novaeboracensis,camponotus-novaeboracensis,143252,out_of_scope_ant,44.092725,-70.379525,inat_api_calibration,48b6f55ce7c5d7ed9abfe0872a80b0ddebac350b70c16cb5c1404601576e1c8d,2026-06-16T13:55:51-04:00,459.4988774521167
680410240,907857f7-a6c6-4e7f-91ca-7f39229d7a4d,Atta cephalotes,atta-cephalotes,153974,out_of_scope_ant,17.99684191,-92.93914871,inat_api_calibration,a6bb2d2abece1b0343401d06e15defabddfca04ff6046946c6e806d225763cef,2026-06-16T11:59:44-06:00,5442.162238328823
680412939,2ea09b79-a568-42e4-b76c-4da52778dc8d,Camponotus ligniperda,camponotus-ligniperda,338086,out_of_scope_ant,50.0272731,14.4629387,inat_api_calibration,ee1b550d52259649c488e49e507a7dc01df7b9c09a3c6011d16e8ac0ec243bc2,2026-06-16T20:03:24+02:00,95.61233135460974
680413214,bc44cfda-8bb4-4a4c-8015-f42fef234fd9,Camponotus ligniperda,camponotus-ligniperda,338086,out_of_scope_ant,50.0272057,14.4629943,inat_api_calibration,07ece05e2bf4df9997bc1a82436ddb132eff9f15daaf45db66a1939e4f97b1c3,2026-06-16T20:04:39+02:00,3832.9237575693305
680413847,25a2f2cd-2d44-4267-8c8d-cd38f1f73b42,Aphaenogaster subterranea,aphaenogaster-subterranea,347378,out_of_scope_ant,50.0271734479,14.462687932,inat_api_calibration,0bcc8a8e5b7bb631caac15354e47ff4ea966d7ccc9409e86c7455ba0c244a254,2026-06-16T20:05:14+02:00,3639.7180688795424
680414439,9b4eb9a0-ce5c-4c5c-8f0b-2e18c2e0c6e7,Camponotus ligniperda,camponotus-ligniperda,338086,out_of_scope_ant,50.0264404997,14.4632907997,inat_api_calibration,b22fea76d8ebe0a87c879c57cf43ee81b92e66136d5f317fe9bc40a1a9e4de89,2026-06-16T20:06:49+02:00,167.9693529264715
680415168,e181b6da-5c24-48a5-b697-87e2e599a947,Aphaenogaster subterranea,aphaenogaster-subterranea,347378,out_of_scope_ant,50.0266297,14.4635464,inat_api_calibration,b358405d4844a8cd2f8fcdb8cd018d9f4594e58addc7e66fb058af0180ee2552,2026-06-16T20:07:32+02:00,11460.26679306653
680415431,05d709f8-1bae-41aa-957d-1c8fdb256375,Camponotus ligniperda,camponotus-ligniperda,338086,out_of_scope_ant,50.0266292,14.46348,inat_api_calibration,fcbd654f0d069e2452c9aa0315aa3de856976e3b13268a3c15415a1bd3aba08d,2026-06-16T20:08:28+02:00,2906.882368257793
680415754,bc9ff0f6-c4ea-4b29-9d92-5905e86b9763,Aphaenogaster subterranea,aphaenogaster-subterranea,347378,out_of_scope_ant,50.0265233,14.4636075997,inat_api_calibration,9b225cc0e38fb23fade580efa81ae62f9dfd3e6598fe8a89273d295ccdaa27f5,2026-06-16T20:08:36+02:00,3746.726477438688
680416264,8f7858cf-23ba-44b7-ac12-3e7db4159645,Camponotus ligniperda,camponotus-ligniperda,338086,out_of_scope_ant,50.0266352,14.4637963997,inat_api_calibration,c9310f7e3e4db568c0575f088dd2e3490ec3779420fa4609b042ed807571a13b,2026-06-16T20:09:23+02:00,2200.332239870943
680418252,dc7e5e12-5cc4-4698-9349-0642b2b4e739,Aphaenogaster subterranea,aphaenogaster-subterranea,347378,out_of_scope_ant,50.0265768,14.4641497,inat_api_calibration,1d9bdf1c262021263da3b611fe099aa613fa56e974bb3e8a448f25183b73172a,2026-06-16T20:12:35+02:00,4479.01057848972
680418989,34eafaad-a739-4d08-8f66-36fcc747259a,Camponotus ligniperda,camponotus-ligniperda,338086,out_of_scope_ant,50.0266222997,14.4642256,inat_api_calibration,e121a8b5ddf1b84e84edb7b43787c432d95d5d60f90f3e292ddcf7e3df009cd7,2026-06-16T20:13:43+02:00,5686.91832337209
680418509,2b4fbfd9-f230-4ef8-9d30-93c62cbb67f8,Camponotus piceus,camponotus-piceus,347442,out_of_scope_ant,43.5368639,4.7534949,inat_api_calibration,20485ce37a614ff78ad313054a55179e5bd59532bf094a32db739a4185c9a664,2026-06-16T20:14:36+02:00,404.44449095442434
680420072,559bbf1e-29c2-4da4-bbec-cb0c760c9832,Camponotus ligniperda,camponotus-ligniperda,338086,out_of_scope_ant,50.0264973997,14.4643066,inat_api_calibration,4025f03f38587def8c6b42a20b1bf91be78dc2821d200375a499db4a25812000,2026-06-16T20:15:24+02:00,230.71669217669458
680420428,60a20042-53b2-4ef8-91f2-163b2508eea5,Aphaenogaster subterranea,aphaenogaster-subterranea,347378,out_of_scope_ant,50.0264627,14.4642134,inat_api_calibration,eaebc0aa877fbe36eaf6dc4ac6bf4fc938d38b36979d2d14d5437e389d84b575,2026-06-16T20:16:24+02:00,4487.776651421616
680422567,ef6429c9-d193-44ef-9338-4c04df66ebf0,Camponotus ligniperda,camponotus-ligniperda,338086,out_of_scope_ant,50.0265054997,14.4641617,inat_api_calibration,538b11fd8a44e34ca73ce938ca3d638e0b2ad96e1d620f6467fdf14fa230f0e4,2026-06-16T20:17:20+02:00,3178.0718497250837
680423075,e4d8cf4e-d419-46b0-928d-b9c4882042e3,Aphaenogaster subterranea,aphaenogaster-subterranea,347378,out_of_scope_ant,50.0265604,14.4644244997,inat_api_calibration,62236df3d926c312490bd367915efcab29bbaca744404ffee253359ed25759f0,2026-06-16T20:20:24+02:00,1758.0097933891773
680423999,4a5fb0a5-5041-4b3b-9b46-5d7e4a48ae3f,Lasius flavus,lasius-flavus,69315,out_of_scope_ant,51.4252294061,-2.5286534736,inat_api_calibration,dd673a7719dd21b9900cdcc01b82888bb48f4914d7f21f7cbb305a17a68d1190,2026-06-16T19:21:53+01:00,6327.63400141423
680427809,c9a5f87e-e78a-4be3-b47a-3542a12172c9,Camponotus cruentatus,camponotus-cruentatus,131030,out_of_scope_ant,41.9092926208,-0.9082138538,inat_api_calibration,f1106fa19f06d4b242c1189a0fa469105f23657e54ce25bf08ec5052f24646da,2026-06-16T20:29:08+02:00,1840.5734753756572
680425636,3c9f1b7d-7a5f-4539-817e-c474db128290,Formica subsericea,formica-subsericea,133027,out_of_scope_ant,36.0930298168,-89.4097291995,inat_api_calibration,745d7b3a98b081ff074dcebd7c6b2954fedafdff1669d4efa97cd3ba6d868354,2026-06-16T13:29:37-05:00,3055.0149194123715
680432395,f12874d1-8324-430b-9d7a-b03c9140e8a4,Camponotus ligniperda,camponotus-ligniperda,338086,out_of_scope_ant,44.4325104948,3.9318894222,inat_api_calibration,36ea41f92d737148825833585b3f497f3a92622c41b2813f5a9e67f1c865a650,2026-06-16T20:35:44+02:00,452.2833012099685
680433323,a9ef07a5-4878-490d-9f0b-30f1f6e9a220,Camponotus americanus,camponotus-americanus,215970,out_of_scope_ant,37.2836832997,-82.9024478997,inat_api_calibration,43869b9617c471462a5adec5c6f1df496a7695ed10dce82562e2ac66bba4a569,2026-06-16T14:36:41-04:00,929.8629141416005
680434168,8a45bf36-e4ca-44de-9fdb-a1759540d04f,Camponotus ligniperda,camponotus-ligniperda,338086,out_of_scope_ant,46.8798105165,13.3053787496,inat_api_calibration,4acc2d8b604f610deb4871964280dc4f7f40e7e5ede42fee71fcda187c587c6b,2026-06-16T20:38:16+02:00,4913.906030374676
680435962,bef2c3ba-3876-46cb-b994-2471974225df,Aphaenogaster tennesseensis,aphaenogaster-tennesseensis,129277,out_of_scope_ant,43.5409222222,-80.2153472222,inat_api_calibration,5ecaafaa8bea49c1f55218225bff608c8599b9efd0034f81429dfb7bcd36919f,2026-06-16T14:41:04-04:00,2614.8940020210957
680436121,f2543ecc-7c55-495c-ad15-f791d01c99bc,Camponotus xerxes,camponotus-xerxes,716182,out_of_scope_ant,25.466169799,55.6211707757,inat_api_calibration,630a977e2a4730250bcf35c794eca49db4951aea48812b58272e392954807ee7,2026-06-16T22:41:22+04:00,475.7538934486837
680441813,2bfc4a00-b12b-4505-9c6e-f626bd84b54e,Tetramorium lanuginosum,tetramorium-lanuginosum,266234,out_of_scope_ant,18.8795166667,-99.1148027778,inat_api_calibration,33910ddb72d9b767ce9c5f2f7c313be7fc7391b40daf3fe78b938338748afd36,2026-06-16T12:49:59-06:00,42.82149446507347
680447040,54bf584b-6005-47fd-aa9a-8ad297122c6a,Camponotus americanus,camponotus-americanus,215970,out_of_scope_ant,39.8983466667,-76.7228866667,inat_api_calibration,6578f174821fcc2631aae3373ff74bdcda7e6be1f132b809df534527562682e9,2026-06-16T14:58:03-04:00,5782.196333731503
680447940,07ce5f5c-33dc-4e80-9eb2-d1dadfe96b57,Ectatomma ruidum,ectatomma-ruidum,265978,out_of_scope_ant,10.5848,-83.526025,inat_api_calibration,152756f970b8573cac8e4c1c5bec5615a13c995c0f314be8e75aa480a2681029,2026-06-16T12:59:59-06:00,1197.0573888097124
680448861,6a145af2-ab00-4d9f-b44f-6ad2b50f5a55,Camponotus subbarbatus,camponotus-subbarbatus,143505,out_of_scope_ant,40.2987518311,-75.5979766846,inat_api_calibration,05ba90fc63bf789577d609b3183e35c9d804bdbc5be9c38aeea9c32a7730246f,2026-06-16T15:01:27-04:00,280.01163864711384
680449599,91732e5b-8f2f-4346-8b9a-bc906e18c1cd,Lasius flavus,lasius-flavus,69315,out_of_scope_ant,56.1274364688,37.9795116412,inat_api_calibration,c939c42492e54c7a326417302b33415878d284a75d21ee48a1934f2a85b79bd7,2026-06-16T22:03:26+03:00,4347.399249759945
680450234,af398fc6-99be-481e-b731-82d8a1d64c6a,Myrmica sabuleti,myrmica-sabuleti,225416,out_of_scope_ant,50.9384186555,6.1047533517,inat_api_calibration,0a25069600e8b3cf43270ba2598e2cf61aa6ce10e2b201d2de91c67f78979d4a,2026-06-16T21:03:34+02:00,1023.7666409963276
680450994,147ab06d-d57e-4b2b-b3f9-ca584db8d479,Neoponera villosa,neoponera-villosa,423659,out_of_scope_ant,27.1096313,-108.7402631,inat_api_calibration,aafb59679b6e64b50b948ee6cb63d0494b2205ff35a0def9e5fda3aecdca5223,2026-06-16T12:04:13-07:00,1928.5420118579536
680454858,d1e50b96-9130-45e1-9ef3-e1f0a6c4ce1e,Camponotus sericeiventris,camponotus-sericeiventris,141749,out_of_scope_ant,27.1097132997,-108.7403165997,inat_api_calibration,e33c896777b1a21d300d4987ff740d796d74ca8981422c9b991dd0fc505a2a31,2026-06-16T12:11:18-07:00,716.7385524796009
680449586,d8a32ce3-46fb-4233-92a9-33f4266787b8,Strumigenys rostrata,strumigenys-rostrata,430043,out_of_scope_ant,37.5830634579,-79.5024626039,inat_api_calibration,9fe31485eb900ca0272318cc202e918c3c7e4e2961eed6c07115ed20b075dab2,2026-06-16T15:17:36-04:00,898.6337650301185
680458280,cd17b9d4-3aed-4fce-afe9-0e7e106d9bc4,Camponotus pilicornis,camponotus-pilicornis,482088,out_of_scope_ant,40.4050959759,-6.0852482915,inat_api_calibration,f074c4d5edc533b3c1be2fb16f41f41eec83afdd3d5787c8df5fb689b7886df3,2026-06-16T21:17:41+02:00,7737.47339870762
680457444,13a98d44-1094-4a31-8c8d-4f079ffe7196,Camponotus vagus,camponotus-vagus,343182,out_of_scope_ant,42.0565628,9.4568490997,inat_api_calibration,5cab9b27ae56886539f4a8329b7c0280f1ad7f7e38b2901388cda2b58b2c8deb,2026-06-16T21:26:17+02:00,4788.260135537493
680464185,fcc99694-0033-4e1e-9902-714522ed59cf,Lasius americanus,lasius-americanus,966095,out_of_scope_ant,43.0924388333,-89.3336633333,inat_api_calibration,85ce3a7841e2d262ca551bd07cd46aa2ff76642b1f8d8c7c68880f0ee8e1275d,2026-06-16T14:28:47-05:00,135.84214042626363
680471022,99871f51-419c-4a8b-9b05-4803507b9a49,Camponotus americanus,camponotus-americanus,215970,out_of_scope_ant,39.89925,-76.7227466667,inat_api_calibration,9e7f579eaeeb20d2fa1bfc8872ca8fae72e62b7c1418597655c48bd08ba31426,2026-06-16T15:41:24-04:00,2882.3897668094037
680511429,2a7d7bf5-60f1-4510-aa34-296c3f3eb8c0,Crematogaster laeviuscula,crematogaster-laeviuscula,1368641,out_of_scope_ant,36.1770896912,-95.8695678711,inat_api_calibration,1d09f501d23cd2b50c9a74d156ddfeb945aad03a33b7a993e68c1c709b0ac0ce,2026-06-16T14:42:02-05:00,135.12336697470556
680472808,1dbf65cc-9bf9-4324-8644-034801de4b75,Pheidole rhea,pheidole-rhea,300464,out_of_scope_ant,32.422295,-110.8952633333,inat_api_calibration,16c10a4df97b53b3046d18adc0e4d5708a8a937d6d0964fa67c8cc10ae49021b,2026-06-16T12:44:19-07:00,121.31366338048353
680472289,346648a2-3b9c-4771-bc42-ce24db87383b,Camponotus rectangularis,camponotus-rectangularis,266033,out_of_scope_ant,21.0429364375,-89.6633773684,inat_api_calibration,4678cac86ea7cf6ddbfa26f30c000500f7930d90a39424cb8aee14955ce0ebe1,2026-06-16T13:45:28-06:00,305.66020110026494
680475170,0ce1718c-0b7e-4904-8571-b3a5d8edac25,Formica integra,formica-integra,220175,out_of_scope_ant,41.4058336367,-70.60117244,inat_api_calibration,c5664e94e6a20884ea66e41f068138b9e6bba203e0e5ccf72c2ef514114463e7,2026-06-16T15:49:07-04:00,2083.686690145774
680477731,4bbc03bc-d49d-4780-a621-17b1c5659233,Crematogaster laeviuscula,crematogaster-laeviuscula,1368641,out_of_scope_ant,31.1127344444,-96.8686129153,inat_api_calibration,88a660c30850cea98b88535ce219a2fde226120fc560261f81b67c890f97cb0a,2026-06-16T14:53:04-05:00,825.1220110828878
680474887,32226ee8-986d-4da3-83f2-1ae1b0d934af,Atta sexdens,atta-sexdens,464621,out_of_scope_ant,5.1606805556,-54.3370361111,inat_api_calibration,b347ea75d06bf7f6f3f04a8a915cd67c0857e0a42c327426f644ea636b5075bc,2026-06-16T16:59:55-03:00,907.8654624215727
680474937,45cccf37-dce0-472c-bf40-4ff7ef3eb862,Solenopsis geminata,solenopsis-geminata,67596,out_of_scope_ant,5.1606805556,-54.3370361111,inat_api_calibration,1a387006cf6b1119677bbd97663d3a3073588193af813a5165143db731fd446f,2026-06-16T16:59:56-03:00,970.7350192208207
680488765,dbb77f02-657f-4625-a27b-1cf4e35ed950,Strumigenys epinotalis,strumigenys-epinotalis,637708,out_of_scope_ant,26.8064316606,-80.1704100579,inat_api_calibration,ca4d4bb1b4cf6d053785964e1def79f3952e9ee8164d82ad20962cf3fe62a940,2026-06-16T16:13:38-04:00,93.89435215078264
680488791,b451d7df-a42f-4848-933e-d5afd6fb7396,Hypoponera opaciceps,hypoponera-opaciceps,69304,out_of_scope_ant,26.8064316606,-80.1704100579,inat_api_calibration,35387fc1fb61cd37d243cf4f80b29abff3aa6b981899fcf2ef2cae22fc1bb581,2026-06-16T16:13:38-04:00,206.63337439466292
680502688,4f84ad67-ec1e-4985-90d4-871c76838d34,Labidus coecus,labidus-coecus,301024,out_of_scope_ant,33.541359117,-97.5974500092,inat_api_calibration,ced410e2c2965fd8176fb2fd722a9097e738cf8f5cc044e7df382828ca78275f,2026-06-16T15:37:22-05:00,617.1590867992538
680468984,660f8dde-0c83-49cf-8ce5-14aaabb2a82b,Formica sanguinea,formica-sanguinea,343357,out_of_scope_ant,51.0828005821,60.1199699418,inat_api_calibration,2b1abe91ee639cf4ee76fdead5001bde29b5708774b5e37564ce2688dedad95e,2026-06-17T01:51:28+05:00,295.65377701581355
680513997,afc15f74-53f5-40c6-8f00-79ea8670673a,Crematogaster torosa,crematogaster-torosa,1361740,out_of_scope_ant,32.420875,-111.1999666667,inat_api_calibration,55121fa6135e55192abecbf545aeb9100bdf8fd795353766cea88079398d2126,2026-06-16T13:58:36-07:00,2627.2651739911844
680514257,adbb522e-e24c-4d0f-99e5-eb99ff897bfd,Camponotus variegatus,camponotus-variegatus,448915,out_of_scope_ant,21.3954283333,-157.96837,inat_api_calibration,cd1c0d3073c349a31932c088d0c4431a17dafac7d9ab934765cd85a1007e758b,2026-06-16T10:59:05-10:00,336.2716050531035
680516772,86cb3f34-7037-49bd-a6e1-47716046f1b8,Camponotus nearcticus,camponotus-nearcticus,146942,out_of_scope_ant,41.381905,-81.6783833333,inat_api_calibration,3d4b18f8aee4de0a5e99ef0cb022142d9bf48f245fab2a4908cdab0523351070,2026-06-16T17:00:57-04:00,768.9010311862387
680500544,19d83220-4192-45c4-a80e-3547f4cd71f3,Lasius platythorax,lasius-platythorax,343183,out_of_scope_ant,50.6739599073,11.5667375337,inat_api_calibration,509e04fbe3d3a966df276cc6c66b6e33ce1df9fc0c21fd0e3948d150285d513b,2026-06-16T23:02:52+02:00,119.70365905820327
680501408,690420cc-7801-4f95-95af-2d8259ea35be,Temnothorax affinis,temnothorax-affinis,69579,out_of_scope_ant,50.6735912466,11.5649357597,inat_api_calibration,f018950e0ee1a9f34fe7c45a300d165cb678d6a26af2402c79b321e96dce9997,2026-06-16T23:02:53+02:00,118.39294009068742
680501814,01326b05-8056-445d-95d5-bb2bb27e5550,Lasius niger,lasius-niger,55213,out_of_scope_ant,50.6635272549,11.5656658765,inat_api_calibration,403064861aa8f4fb0e1192d8a1f0acf2ca4723fceb026f5312c513232e1ed9b6,2026-06-16T23:02:53+02:00,135.81573737686062
680505020,4d365d1a-f337-4242-97f0-03e7516bce36,Ponera testacea,ponera-testacea,347519,out_of_scope_ant,50.6632070337,11.562232649,inat_api_calibration,7997c6bec210feecceb346f5e0134315aec2e2e7033abdfe15d270d88ea1a23b,2026-06-16T23:02:54+02:00,412.51469143634995
680508533,e1537e92-8ca2-424c-83f2-1ce4cb313c9e,Leptothorax acervorum,leptothorax-acervorum,347536,out_of_scope_ant,50.6709854823,11.5597480515,inat_api_calibration,1922c468494a70328a874aa87bf30963a0c71a89689518d03a668ffdcb27402e,2026-06-16T23:02:55+02:00,153.7896158057028
680520324,2d5ff944-87b1-46f0-8c1e-8f1b51a99ee6,Lasius emarginatus,lasius-emarginatus,341143,out_of_scope_ant,46.9348874868,7.4694364518,inat_api_calibration,3b03fa12222a095d8537aae8bc99cecd96c59c4872fb756b5fb5f02a6969de48,2026-06-16T23:06:48+02:00,235.25604702931153
680518743,c4e33a34-43f2-4767-afef-5d2cdc20e7d9,Lasius americanus,lasius-americanus,966095,out_of_scope_ant,40.995575,-80.326905,inat_api_calibration,011e7fb212f3f08bd263199e38f2b2dd66fc4d00e07a96cdfe8ed1912c0b1591,2026-06-16T17:07:02-04:00,4841.932597707055
680520070,ec76fb6a-0301-406d-aa83-61c503d03217,Lasius neoniger,lasius-neoniger,69311,out_of_scope_ant,39.1106857803,-76.511133395,inat_api_calibration,5cd7ee8af515d76796ac22fc05a325e89890550d21454e9b59aa305dd4bc3d70,2026-06-16T17:09:20-04:00,13368.301213024924
680528830,09ace5ff-ba0c-4187-878c-8417bd8d1295,Acromyrmex octospinosus,acromyrmex-octospinosus,265941,out_of_scope_ant,14.0074396133,-86.7480621338,inat_api_calibration,5098df3dc48b40b866531849fbbbea4362792cd7feda0d70ef6e3207d5b6f7f6,2026-06-16T15:24:37-06:00,2092.222123459626
680532013,eaf0aec0-4050-457f-8399-83cbac7bce94,Camponotus subbarbatus,camponotus-subbarbatus,143505,out_of_scope_ant,39.8670801604,-83.3741494641,inat_api_calibration,bb740d550d0aa1a236f5a3d2c66b130bdb3fe7bf74d39ff7e3af8dc85054aaae,2026-06-16T17:30:46-04:00,179.35011552297678
680532660,f900c99d-ca70-4d71-8db7-10c3f2d1ee65,Formica truncorum,formica-truncorum,343262,out_of_scope_ant,54.4879177401,53.5759837925,inat_api_calibration,f14be3d5a487f8ab4cb9766d3c9f52c291b8d1e5d05428a58b343652c933fee3,2026-06-17T02:32:02+05:00,210.8918674607126
680533163,793cfea4-93d2-4939-b029-97630ae10aa2,Dolichoderus pustulatus,dolichoderus-pustulatus,218624,out_of_scope_ant,34.9700585,-78.959468,inat_api_calibration,44f35e1c04d63ffbf495bff5c299e91b5728e63df67851654abdea82f7c94b04,2026-06-16T17:33:05-04:00,221.42683359943223
680533993,ec927b91-8de8-4a39-988b-ec53bad0d00d,Camponotus floridanus,camponotus-floridanus,81709,out_of_scope_ant,27.712095,-82.682175,inat_api_calibration,4a726584f7737f6aa29c3f7ba5712c92690c1e2c806c50069410d27b6c5a56a4,2026-06-16T17:34:57-04:00,487.00293828067197
680534759,d003b8be-224a-4e1f-a781-fb1ca59b41d3,Camponotus fallax,camponotus-fallax,346980,out_of_scope_ant,55.72731475,49.158241041,inat_api_calibration,45689dafff4212759e05c67857a73236c0d234c509909298db7de0a100470e90,2026-06-17T00:36:01+03:00,163.82524865632703
680535155,2bba0b94-3c54-4675-be05-0e223d9f4630,Camponotus planatus,camponotus-planatus,300418,out_of_scope_ant,26.1271024,-97.9580927,inat_api_calibration,857314053d39ab014d054ae5d2aa9a08c4e3a2ed156bc2786483024f480701d0,2026-06-16T16:37:22-05:00,103.75094235668166
680537499,346131c8-de92-4f4a-8e4b-a11671e05c54,Camponotus sericeiventris,camponotus-sericeiventris,141749,out_of_scope_ant,2.9658033566,-78.1734776124,inat_api_calibration,5621009f1efacd101670a08c73b0789538dc601886de7d7b837b961d6f83900f,2026-06-16T16:41:52-05:00,1951.385935952646
680537841,f1c2db9f-3085-4ba5-9d24-76f5cd8560f3,Monomorium floricola,monomorium-floricola,199370,out_of_scope_ant,5.9999292873,80.2637888119,inat_api_calibration,6f1e5e40a173740e9156e700120874d97f0f84df3b57be401ca6a91c4dd80eb9,2026-06-17T03:12:28+05:30,68.61068679806748
680540472,7f26e410-a226-43cc-8bd2-fe239733ac1f,Camponotus cruentatus,camponotus-cruentatus,131030,out_of_scope_ant,40.4050959759,-6.0852482915,inat_api_calibration,a8173f80ae22297485714a43470a3ffce1f62e15cc1bc3fbd8e1b2ed06b87394,2026-06-16T23:47:01+02:00,2707.154463664965
680543207,a5fbbb22-74fa-4f28-a2ba-80a0d27e93af,Cephalotes clypeatus,cephalotes-clypeatus,462040,out_of_scope_ant,-18.8640929663,-48.2557025179,inat_api_calibration,66e53098a9798f3234756a91800b992ab28e94f7b15561470ceb24995a41bd35,2026-06-16T18:51:44-03:00,2159.6154524648227
680541828,1e7fd641-f854-4c4b-a616-fe377c441778,Discothyrea neotropica,discothyrea-neotropica,1502608,out_of_scope_ant,-23.7337741429,-46.5878084429,inat_api_calibration,ef638b198b9bd5066d6cc153970f38174789438fa9d112c587427f1ea1b542a5,2026-06-16T18:52:31-03:00,133.59903732490167
680543801,896ca1fd-8e71-4573-a7e7-665947d876c9,Temnothorax nassonovi,temnothorax-nassonovi,1121161,out_of_scope_ant,54.4217942555,53.4428141266,inat_api_calibration,4c621a6995d921d9d10aff13b681c0d3fe0f8977cf90160f8224e80c48adcf1b,2026-06-17T02:52:55+05:00,573.7132597976637
680547966,c2eb23a0-b83a-497f-9263-84b099d7572e,Camponotus vagus,camponotus-vagus,343182,out_of_scope_ant,55.8319324191,48.9553389698,inat_api_calibration,297febce7599f3ff1101eef9778d62aa0095acc7310684bbe3c0ffc07f85b275,2026-06-17T01:01:56+03:00,464.17902185881803
680550163,e309c46a-641c-40bd-a4a8-7f7e695895c2,Formica subsericea,formica-subsericea,133027,out_of_scope_ant,45.7804983145,-92.6868065634,inat_api_calibration,a982976e0951580ded9606f794eb0dd300c913aa1699472461b3b78900fb8752,2026-06-16T17:07:00-05:00,8146.393659324092
680553150,43c49ae2-f8e4-4b1c-a611-0b1d3cbb1c5a,Ectatomma ruidum,ectatomma-ruidum,265978,out_of_scope_ant,-3.65932819,-79.78040074,inat_api_calibration,dcbee37194a2972173e83b8cc7afb4d925d83db7fb9f99f63bd12fce756974fb,2026-06-16T17:12:54-05:00,467.258780206905
680553344,3f22f55f-0cdb-4660-834c-07f5ff525ad2,Dolichoderus lutosus,dolichoderus-lutosus,266006,out_of_scope_ant,-22.9003428,-43.1347762997,inat_api_calibration,71677c434e583485fdae470d5c261e850a6b829740d60f64616bdef57481f895,2026-06-16T19:13:28-03:00,115.22907858079616
680554316,5755f99b-76e1-4b8e-ba7e-16beb10c726a,Crematogaster subdentata,crematogaster-subdentata,876128,out_of_scope_ant,39.6540056337,66.9785467163,inat_api_calibration,1b58ea854b45150e96c6550594a378bb686ae248a37d3c56ea5802b15d422fe1,2026-06-17T03:14:58+05:00,545.3364568421925
680553226,df5ac751-a13d-4cfd-bddb-d31d83573106,Pogonomyrmex badius,pogonomyrmex-badius,228477,out_of_scope_ant,30.77039,-86.208985,inat_api_calibration,3795fd8c86337129f5087c483609d9119f018ca730185eab339cb08429fb5ee1,2026-06-16T17:16:32-05:00,364.5530572193504
680554956,987e1592-8a14-421e-bb4d-1e9418416ef1,Cataglyphis aenescens,cataglyphis-aenescens,82191,out_of_scope_ant,54.4215917741,53.4436016902,inat_api_calibration,4480a4653bcfac726275256c3e816800fecbf4bc599f0265a4fd66ca95a29d69,2026-06-17T03:16:43+05:00,2556.0526733719703
680561189,11f1e0f8-f190-452f-9eb1-6501f8d12587,Pseudomyrmex kuenckeli,pseudomyrmex-kuenckeli,265934,out_of_scope_ant,-25.7715499048,-56.2223347657,inat_api_calibration,9127bfd645c88a57d210aec1567b501261cbec7e2d455503323069b294a6a7ba,2026-06-16T19:31:29-03:00,411.31822435844714
680564437,d29ba0c5-9472-4668-a056-a744fd86b939,Formica subsericea,formica-subsericea,133027,out_of_scope_ant,39.1425029749,-84.3951334322,inat_api_calibration,a235215edefb27e3cd3aec9e7580c1452d798d269ae4bd1b95162345401e1bc0,2026-06-16T18:36:06-04:00,5617.542544231824
680552819,1df0c2a2-8f48-4e61-bff5-68d3afc44815,Formica cinerea,formica-cinerea,343254,out_of_scope_ant,50.418632,30.156164,inat_api_calibration,4a3a8341daf0f5f8b3359d9af0533b0425bfc2a282f4cb2d502661cfc4c416de,2026-06-17T01:38:32+03:00,623.5763772357948
680571542,e4fc8ee8-f7ad-4bb3-94ec-e2e3b227a374,Camponotus herculeanus,camponotus-herculeanus,215974,out_of_scope_ant,48.3499369722,7.228683,inat_api_calibration,d132a58465a8ff05d8b15cca5a1e53b8244260b3aa261fd4c8162fc4623fde3a,2026-06-17T00:49:45+02:00,122.06122078544456
680576973,3bd7713c-81c5-4c03-ba25-f75536a329f1,Camponotus nearcticus,camponotus-nearcticus,146942,out_of_scope_ant,39.1926066667,-77.295925,inat_api_calibration,e2ed5ba2aa703cef92636bae8ec95b309fa62e187869f51de28c5bacf885eded,2026-06-16T19:00:43-04:00,1930.4051517153896
680581327,5d8fc529-ea09-4ca8-b97e-1651d2e5e18e,Camponotus laevissimus,camponotus-laevissimus,1291025,out_of_scope_ant,40.8065034257,-111.7221112744,inat_api_calibration,fe81c516d5dcf44734d4a1c0af6e81ebb0f070503836684cfa417b6e3634381e,2026-06-16T17:09:03-06:00,3860.7575594884797
680582255,807fdf39-2526-4714-a599-983805e25def,Lasius emarginatus,lasius-emarginatus,341143,out_of_scope_ant,40.7685873816,-73.9359994614,inat_api_calibration,ed95e05e72f311ed7c1df532a5f6dd722feeb1ffbdc38fbaabcf4f4b884a2581,2026-06-16T19:11:49-04:00,163.04240241322236
680575614,cbe60bbd-0b5f-4cc7-b5d8-b3bdfdd5c86e,Camponotus japonicus,camponotus-japonicus,321673,out_of_scope_ant,35.340225,136.990625,inat_api_calibration,87ff64ffaaf3a3beb195f9223efc174d889f4fa5700c48822ee75c4f8208bd23,2026-06-17T08:12:58+09:00,205.3185126286728
680586072,80b58b9d-1333-4890-b41e-8e0d07ab7bd5,Camponotus nigriceps,camponotus-nigriceps,625668,out_of_scope_ant,-37.8240194444,145.2412083333,inat_api_calibration,22cd03a1d521b988e59780f874a7fa125c9398573344767079f28d9b4fd554b4,2026-06-17T09:19:04+10:00,1762.1849937056172
680578472,930efb57-d65f-4a16-82c5-6030a19bce96,Lasius neoniger,lasius-neoniger,69311,out_of_scope_ant,44.3282765497,-87.6361013233,inat_api_calibration,7bb544302767229421d3677b577d8e387447712b118505ed715cb3afdf875c7c,2026-06-16T18:20:15-05:00,61.85883716285285
680588175,41acc2da-2b02-417b-a8ba-6f6515506b24,Camponotus sayi,camponotus-sayi,68960,out_of_scope_ant,32.2090383333,-110.9230883333,inat_api_calibration,cb1fe4aa3c97125ccaf70c686df925965989076c0b594a908932ede01a2914a3,2026-06-16T16:24:25-07:00,952.5885484485499
680593928,57b67a31-bed9-431d-ad28-96dbe02d6ce9,Camponotus herculeanus,camponotus-herculeanus,215974,out_of_scope_ant,49.8506088257,-97.2718811035,inat_api_calibration,d2d662cfba8584b0f201ccb0c2e3c55759c31b3a2ea5b789e348d2083a8fd46d,2026-06-16T18:36:20-05:00,306.532936122334
680594904,ca69a17d-4132-4efc-b585-a53ad5c6eee2,Camponotus atriceps,camponotus-atriceps,300404,out_of_scope_ant,-12.8752835,-69.4103154997,inat_api_calibration,715dc3f12dc38ece8ec58261e7cd83a7edf31134e18b22e2d2c790620e53a8a1,2026-06-16T18:38:36-05:00,396.65700961844146
680596286,06727289-e76b-4c64-8974-6f0cad5643e0,Neoponera apicalis,neoponera-apicalis,624224,out_of_scope_ant,-12.8732293,-69.4082501,inat_api_calibration,69049a1f3708b6e0a4c5e62595bacfb93a58189e91686acd15f20775735ee3e6,2026-06-16T18:41:07-05:00,2205.3234946893604
680596717,4d0bf059-8982-46e8-9bea-aaf37e4e0873,Gigantiops destructor,gigantiops-destructor,344080,out_of_scope_ant,-12.8730671997,-69.4089725,inat_api_calibration,ebf5438297298d984525c7dc5e30c7a17f0ba1d59be6ed76db0593e932bc9094,2026-06-16T18:42:25-05:00,207.4687449118628
680596824,7c22cb6b-9799-4bee-8a80-815ba4849ed5,Dolichoderus rugosus,dolichoderus-rugosus,1029255,out_of_scope_ant,-12.8751262,-69.4101251,inat_api_calibration,d7230277907ea0c473d1f9656ff563a459a3c3c146a002a206a5cfebabed5eb9,2026-06-16T18:42:38-05:00,547.963957976122
680600858,ca608450-9308-4b92-b277-07bd92ee0da0,Polyrhachis ammon,polyrhachis-ammon,201988,out_of_scope_ant,-27.539325,153.048875,inat_api_calibration,0fa0bc5a66ce115b5e44c25cc3e9c836e2045ac66a88166d95b8295c69251500,2026-06-17T09:50:55+10:00,6051.728444622899
680602663,48766dab-c8d6-46e7-a20e-1b96c8e3eeb6,Atta cephalotes,atta-cephalotes,153974,out_of_scope_ant,4.4503864136,-75.7915358618,inat_api_calibration,870dbe7f6e0da524a8202e0b39e84e4ea4822bf6a4404009a1c58b0ef3ab6b76,2026-06-16T18:54:36-05:00,361.04528963043566
680604102,923a4c2c-6b27-4d5d-93ce-88e77213220e,Atta cephalotes,atta-cephalotes,153974,out_of_scope_ant,4.4502553816,-75.7914949581,inat_api_calibration,7915b15efe246406b5ec3a847a9054e3f4f9206168ac3ad587b6d15326215c30,2026-06-16T18:57:54-05:00,2718.1208169267998
680605302,b11bfbe8-3cc7-4d00-9ece-10c8441aafd8,Trachymyrmex septentrionalis,trachymyrmex-septentrionalis,232771,out_of_scope_ant,30.4903133333,-95.921845,inat_api_calibration,7740f74fb282b1170a3387ee8c6d4c5076fc777b8a05a3b4625999e19bca9070,2026-06-16T19:00:34-05:00,3450.4561485834747
680590888,3b0f0e43-c5cd-4f67-afdd-8beac76f9dd0,Rhytidoponera chalybaea,rhytidoponera-chalybaea,396425,out_of_scope_ant,-36.7704366667,174.6989783333,inat_api_calibration,e7e7202c9896cea2a0440f8092eb803b5ffe9d37cc4a75eadf792fed1ca0f9b0,2026-06-17T12:01:17+12:00,676.5295984323751
680605535,5bfbe26c-3543-4765-9b55-29dcea194492,Camponotus novaeboracensis,camponotus-novaeboracensis,143252,out_of_scope_ant,49.9202243633,-97.0964936994,inat_api_calibration,870efbc488ea582b59c0f2aa52f541959073fb01e7a655e7913fdd0e34d452e3,2026-06-16T19:01:33-05:00,326.8564831672351
680610188,804f5461-6fdb-4145-9308-d539b30181a0,Formica subsericea,formica-subsericea,133027,out_of_scope_ant,39.6997785495,-84.1563207833,inat_api_calibration,0e5906ebe839278d38c13821bfbe7a32a58ea7fcc2bd8b0368ec17900151992c,2026-06-16T20:12:01-04:00,452.2966179463002
680616103,4abab137-48c5-41d1-8dc7-ba4817395091,Crematogaster laeviuscula,crematogaster-laeviuscula,1368641,out_of_scope_ant,32.7525874366,-97.7849400043,inat_api_calibration,6cdbd12b2ffbd74c6cec0413829ced7221b6f74c27e1b1874fc98db897f2278b,2026-06-16T19:25:09-05:00,136.8948870734153
680617168,efb18114-d6ca-42ae-8dc8-17126fb75820,Aphaenogaster tennesseensis,aphaenogaster-tennesseensis,129277,out_of_scope_ant,44.7961057128,-91.5028909966,inat_api_calibration,d9533ed662ea31b568e83ad5669a595e403b2a94b3fec573fc26e0fb336e7768,2026-06-16T19:27:07-05:00,160.5983423797879
680624412,3567a15d-2d37-4faf-af4c-0702ce966114,Lasius neoniger,lasius-neoniger,69311,out_of_scope_ant,44.1859283333,-88.4421466667,inat_api_calibration,288f99782af67badf87d1ad3d5d3506da4037a129c2550e48c55ef4197e61b6b,2026-06-16T19:28:47-05:00,6325.752317211424
680631152,e5525cfb-d4fc-460d-9ebd-24b67aff27e9,Camponotus sansabeanus,camponotus-sansabeanus,68958,out_of_scope_ant,34.5451133333,-112.4784616667,inat_api_calibration,4583e7f9339aeade5efd537cc2c4709afb834741ae3d21b8562c2624ed60c22a,2026-06-16T17:36:38-07:00,6698.14036229472
680628208,4288efd3-8d21-4b7f-abcb-fa4a1252c565,Aphaenogaster texana,aphaenogaster-texana,300314,out_of_scope_ant,33.2326817808,-96.6069044173,inat_api_calibration,e3e3ee8237e07c410a93c9627a2065aa3efe2c0b1ec3126eeb11f31a92729dc6,2026-06-16T19:53:52-05:00,70.09693417240537
679640466,4e991449-231e-4aad-a582-2d913ed10d5e,Chinoneides tasmaniensis,chinoneides-tasmaniensis,569766,non_ant_insect,-38.1827521329,145.1193412627,inat_api_calibration,5851817b7081abe8c3a3900c2f1830e0f7443daf46b1eb5c638dbe17ae1c498f,2026-06-16T00:02:24+10:00,1547.8991422229046
679645281,68eb14bb-9744-44ed-9455-25569341e1e4,Monteithiella humeralis,monteithiella-humeralis,392922,non_ant_insect,-38.1826741246,145.1194995131,inat_api_calibration,1f94bea1b6bc96201e63acef37e43e38466ca218e0ca3c06d08f96fd3e601560,2026-06-16T00:13:47+10:00,1572.1042445223804
679652666,3450a2e1-a415-48a6-93c1-a4f9b873ca78,Epyaxa lucidata,epyaxa-lucidata,209321,non_ant_insect,-41.5242843611,173.9603271389,inat_api_calibration,1a2e5a3c9046c76f6f99a4e06f66f38469b225e7171c27985ca3be4a0d384256,2026-06-16T02:25:16+12:00,1958.6986029016493
679659166,15f1e3ab-3db7-461b-974b-55f01f13054b,Leptocroca sanguinolenta,leptocroca-sanguinolenta,320920,non_ant_insect,-27.9893159645,153.1862850553,inat_api_calibration,cef4f0baa45a2d342d8624c9966a1400d0f9b0baa63faf2a65132239e718d338,2026-06-16T00:46:52+10:00,823.6279416916784
679659211,baa9742b-dbc9-4057-adec-801838b5f431,Gymnoscelis minima,gymnoscelis-minima,1274687,non_ant_insect,-27.9893159645,153.1862850553,inat_api_calibration,b53a91e9fb05c52e9f4a3ee7b34443da9fe1f89c9247cd180b3475327fc1854d,2026-06-16T00:46:53+10:00,1186.0462045352913
679659253,dd7165c9-12ab-4935-86c4-2e9229562675,Luxiaria ochrophara,luxiaria-ochrophara,563354,non_ant_insect,-27.9893159645,153.1862850553,inat_api_calibration,7c2540d630917851e94d9b9dab6b5d394c07234fe2f095417774ba28be15438d,2026-06-16T00:46:53+10:00,490.161744154948
679659290,56b082c3-09f9-47ef-8493-742f2cd33f40,Heliomystis electrica,heliomystis-electrica,355164,non_ant_insect,-27.9893159645,153.1862850553,inat_api_calibration,ed9d47970476314e2c21f8f228471a5a9a2846ffe9c42df943f0e92698c057d8,2026-06-16T00:46:54+10:00,652.2459177016021
679659368,d856e56b-5b86-449f-92a1-91ccd0d44088,Zeuctophlebia squalidata,zeuctophlebia-squalidata,545365,non_ant_insect,-27.9893159645,153.1862850553,inat_api_calibration,c87a012948230c2dd1204f19b4a20e9265bddf37b744b78e0f11529e0f0eaeb4,2026-06-16T00:46:54+10:00,1023.4449848560236
679659423,020e3db8-70f3-429c-be85-bfb04de18df9,Spoladea recurvalis,spoladea-recurvalis,52043,non_ant_insect,-27.9893159645,153.1862850553,inat_api_calibration,78d37855b24ad855d49106c1c008275534e348a184d4335ccdad0413ba6797c7,2026-06-16T00:46:55+10:00,1090.2200860737046
679659527,2e212e2a-f4da-49db-991d-28c0060c734c,Mnesampela privata,mnesampela-privata,355134,non_ant_insect,-27.9893159645,153.1862850553,inat_api_calibration,91f7c94d93e813275dd4b10579bf1f4da1a51b81c2bd5cc27b1700f43547653f,2026-06-16T00:46:56+10:00,721.7640632806435
679659725,ec250447-e16b-4526-a1ec-2125b44b6b68,Gymnoscelis lophopus,gymnoscelis-lophopus,551856,non_ant_insect,-27.9893159645,153.1862850553,inat_api_calibration,32a1725fb4cfd6ddbf62a333f6d5733541cddc6865691abce6ee204a2e904860,2026-06-16T00:46:58+10:00,1646.5169452577406
679659821,2c936036-2b26-4fe0-8ef6-32f1753bc48d,Epiphyas xylodes,epiphyas-xylodes,495709,non_ant_insect,-27.9893159645,153.1862850553,inat_api_calibration,c2237e57b4be012c1391ce9504d4a2116c9d4609281aa3c9439cadaeb3fe741c,2026-06-16T00:46:58+10:00,588.2273752231048
679659857,4532652d-21a8-4cf4-be2c-42958a0f4d02,Visiana incertata,visiana-incertata,905203,non_ant_insect,-27.9893159645,153.1862850553,inat_api_calibration,db5d1a4df66706e489e20fdb131801a2d0d8feb9899bad769b035f8e82e2816e,2026-06-16T00:46:58+10:00,2327.0949930186393
679659890,e800832b-bc1c-457c-b472-8653c4e11a5e,Scoparia chiasta,scoparia-chiasta,1095729,non_ant_insect,-27.9893159645,153.1862850553,inat_api_calibration,e371df74bb7b183a9884e22bef2ab7084b7216c5b449cd0933542f9e6e43222a,2026-06-16T00:46:59+10:00,935.6428135506683
679659994,29cb8f53-1d58-426b-9b15-ea1647c369e1,Sauris melanosterna,sauris-melanosterna,907487,non_ant_insect,-27.9893159645,153.1862850553,inat_api_calibration,775db93acf4b4a40c70a1761c004ee0ea6b0db533a885f4bffd6e96cc53a98b9,2026-06-16T00:46:59+10:00,1061.6668993990565
679660153,dbf621d5-86ce-48fb-a89c-3d2b1d731ad7,Gonolabidura meteor,gonolabidura-meteor,1479894,non_ant_insect,-27.9893159645,153.1862850553,inat_api_calibration,cfb4ccf840dc94eb27b9ff3b67cf9ed2f7f0c50c4e5617a5b63b110b3e6948e6,2026-06-16T00:47:00+10:00,1285.6923513913403
679660308,9dd2c5b0-4f5d-43a0-8ec3-0623eb692101,Tachystola thiasotis,tachystola-thiasotis,545880,non_ant_insect,-27.9893159645,153.1862850553,inat_api_calibration,201f33173678a231277930609f510c328cb4cff26f2a78fea23f0e1b766c795a,2026-06-16T00:47:00+10:00,517.5729283298509
679660342,07fe70f2-cf78-4475-9cf2-35f44df3426d,Oxycanus beltista,oxycanus-beltista,858940,non_ant_insect,-27.9893159645,153.1862850553,inat_api_calibration,4e262844e9881f92cc91622435b87cc3334804deed85e5d2ff0c9b9a768e7342,2026-06-16T00:47:00+10:00,542.0096103330714
679660439,5423f390-d04f-4238-9097-2db920725bfa,Poecilasthena thalassias,poecilasthena-thalassias,553756,non_ant_insect,-27.9893159645,153.1862850553,inat_api_calibration,54cce71b62bac33f4ab759ef6e4d8cb4908232f8775fcddcc4c4851f5486789b,2026-06-16T00:47:01+10:00,1166.6615165855646
679660475,d1d7cb03-7ad0-4ee6-b5a3-f3bbeb03dcda,Oxycanus beltista,oxycanus-beltista,858940,non_ant_insect,-27.9893159645,153.1862850553,inat_api_calibration,1ce344fece85062ce18d533d183bb864c5e9b766f1be3cbef9795606f3342ed1,2026-06-16T00:47:01+10:00,986.1953118792007
679660591,89aa6a99-a1b0-44a9-a569-5add5bf92ad4,Candovia granulosa,candovia-granulosa,566259,non_ant_insect,-27.9893159645,153.1862850553,inat_api_calibration,7e87162cfcb131a231cfd9b03a78eac99b1c6f35f474f346beaf3ba9de1a2bf2,2026-06-16T00:47:02+10:00,481.8553309175911
679660663,d7adf474-ed75-4d76-ba51-037653681fd0,Urolitha bipunctifera,urolitha-bipunctifera,491090,non_ant_insect,-27.9893159645,153.1862850553,inat_api_calibration,4959e89a426b7e1935f61779f65f65085da8d66015aa4219874cdb8282d8bd4d,2026-06-16T00:47:02+10:00,460.05383085936404
679660684,55393a56-2f18-401a-9a32-e7950306420a,Oxycanus beltista,oxycanus-beltista,858940,non_ant_insect,-27.9893159645,153.1862850553,inat_api_calibration,16211e99368d0c464b5eb04c045a0fca39f78b691e60d8c0cd1816f84c4dc885,2026-06-16T00:47:03+10:00,710.7373006344474
679664232,2cb73036-6574-4d06-aae7-31564e2347bd,Hylaeus littleri,hylaeus-littleri,544366,non_ant_insect,-38.1826417429,145.1195427776,inat_api_calibration,34d28c4ebd909ce9ff4c2ec2abbb5a266e9ff48284c2b9e85cd8e87196bcf8e7,2026-06-16T00:48:03+10:00,436.1972603296011
679666618,a4ca358f-b858-4272-a18d-e23e263b4e3f,Calliphora vicina,calliphora-vicina,119115,non_ant_insect,-38.1826762329,145.1195477928,inat_api_calibration,2050ba69eb04eb96fa75198b0061f04f08a0e064367f05ef7b7771ea13d221bd,2026-06-16T00:51:57+10:00,1102.2056483009105
679671392,6102ef9e-03bf-40c1-84bd-b0088d9b28c0,Coccinella transversalis,coccinella-transversalis,349064,non_ant_insect,-34.8223286657,138.736438328,inat_api_calibration,fb4d726fc083785a5bb8ce3839b19190d8b2a02f90fafeaf07c61f55317389ac,2026-06-16T00:29:09+09:30,3919.996259584879
679672386,dc41d181-3137-435a-9ae4-a738de7823a5,Mallada traviatus,mallada-traviatus,966281,non_ant_insect,-38.043011005,145.1280920712,inat_api_calibration,ddb81f87c017fbe36e8ff47f0ce2ce78131ec74e7fa11a9cc832665ad33aa1da,2026-06-16T01:01:55+10:00,1045.958158126761
679669560,a40f44da-38a5-4015-b148-ce8ae6e88f21,Panolis japonica,panolis-japonica,963407,non_ant_insect,34.4851949128,136.8755455607,inat_api_calibration,7661b7a8eb7ea321129da547e4e83d94b98db1bf770be27a2cc045b83260060e,2026-06-16T00:02:30+09:00,2444.4174005534755
679670357,52ed900a-9e4f-49b8-8985-8fd3a63fc686,Arcte coerula,arcte-coerula,356216,non_ant_insect,34.4851993346,136.8755375141,inat_api_calibration,697cdf7fe69b8a64449bee61e374d7b72605c3c8a7cab6973f56a73206e28e7f,2026-06-16T00:02:31+09:00,133.79675778224578
679674164,cafef293-45da-405d-aeae-f2a3e816b3cb,Calliphora ochracea,calliphora-ochracea,557825,non_ant_insect,-38.1825855745,145.1194485511,inat_api_calibration,6a2f22adef483f0feb6461b4ad18f7830554378fa532848b34e1446d710578e3,2026-06-16T01:04:25+10:00,706.2774594016079
679673609,cb90ea35-a70a-4e90-a1f6-fbfc8dfcfdf6,Krananda semihyalina,krananda-semihyalina,244247,non_ant_insect,34.4852852278,136.8755582048,inat_api_calibration,f6cd228209da21de08b9f8ce512ee340cf7f6930e644ceff8172cab59c38b990,2026-06-16T00:06:24+09:00,5220.9734801478835
679677694,e0923682-e7ec-4b91-8fb7-cb15737b9ffc,Phyllosphingia dissimilis,phyllosphingia-dissimilis,356183,non_ant_insect,43.1817466667,140.74167,inat_api_calibration,bec2d6db25f737d486870073c088f749bd13dc17171c7e796e269e65892b9945,2026-06-16T00:10:34+09:00,2179.4514609900125
679684034,799228f6-27da-4a08-be73-fd9b3db6ba85,Libellula quadrimaculata,libellula-quadrimaculata,57443,non_ant_insect,62.0103417761,129.7496700659,inat_api_calibration,8511e8fc8dec82b163b9342e49462babfc13981d7cf6842fa7a6bd4c804e067d,2026-06-16T00:23:02+09:00,604.9522447670715
679684943,37899ad3-9c7b-468d-9ee0-176fd503e70d,Psectra nakaharai,psectra-nakaharai,395789,non_ant_insect,-38.1825855745,145.1194485511,inat_api_calibration,2750ce1e225ca522f90518b137a1f394c0925b7ac96d3ae5d7572127a2bdeedf,2026-06-16T01:25:42+10:00,972.1915434092097
679685971,aca4a1b1-e2bf-4fda-b1db-e321371acb31,Coniopteryx maculithorax,coniopteryx-maculithorax,892870,non_ant_insect,-38.1825855745,145.1194485511,inat_api_calibration,bb224cd1b1c10c0f81715d82a97e676e6abaeb27e273d8021b22223e8555670c,2026-06-16T01:28:11+10:00,111.05428375357907
679687809,179a97d3-81ed-490d-a7a4-cdff9e0cf67f,Mallada traviatus,mallada-traviatus,966281,non_ant_insect,-38.1825855745,145.1194485511,inat_api_calibration,4005b6d1952dd54af184dc9f8d00194c5d939ff2ad5fa6eba287e1d6dfa7bec3,2026-06-16T01:31:14+10:00,246.41871102093396
679692085,22fdbf87-ddaa-4bc3-9bea-0042c3b4db22,Galerucella nipponensis,galerucella-nipponensis,551388,non_ant_insect,34.396903,135.5956193,inat_api_calibration,bef15e97933d71aa95ff810562b07da0264d28f945a33b658d93b63e740924dc,2026-06-16T00:37:21+09:00,448.8510943879721
679692141,3d2403c2-d58e-4a6c-a97b-6d304fb699a5,Anisolabella marginalis,anisolabella-marginalis,1592743,non_ant_insect,37.5568079809,126.942121728,inat_api_calibration,eb1b581ea18aa20076cb71f92130d5471bad2bac0c53e9e9d431bfeba17abfa2,2026-06-16T00:37:59+09:00,79.11869953363107
679693636,b1fe384d-51f0-4058-a4d2-b61b3c3c12e7,Heptophylla picea,heptophylla-picea,550587,non_ant_insect,34.3971061,135.5956392997,inat_api_calibration,dbd1429d2d5230385f14235a217859348e63c31b183692daee53cb565eb087e9,2026-06-16T00:38:34+09:00,4500.989911437819
679694247,3d1fcef0-45e3-4832-8663-f91c77af1f04,Ephemera japonica,ephemera-japonica,501037,non_ant_insect,34.3967967,135.5954984997,inat_api_calibration,53d8042a1f096e041e2972a2f829e1b469495d8d6f0b10d7578e8a7c17d7ef73,2026-06-16T00:41:11+09:00,256.23482848472673
679694900,158c2bf0-9f4d-454a-8096-3c61e3534161,Paropsides calypso,paropsides-calypso,583331,non_ant_insect,-37.8561166667,145.2796783333,inat_api_calibration,484695ed8c0cafc33ca41c26af66f892fdf2a84acd03736e9556c8200e20d781,2026-06-16T01:42:17+10:00,2835.5807439704568
679697206,53226fe4-318b-4be1-8a28-d862a29720eb,Plesiophthalmus davidis,plesiophthalmus-davidis,545913,non_ant_insect,36.3793471997,128.1429631997,inat_api_calibration,f0c0edd1646fe0f710ff9f0e07e7f462113bd824c3f1db856e85a77e0470a98d,2026-06-16T00:46:06+09:00,8067.314180953968
679688727,a9b927ca-5d11-4ebf-b5fc-e34a88285ebc,Gasterocercus longipes,gasterocercus-longipes,1105942,non_ant_insect,34.4850928192,136.8757165311,inat_api_calibration,538e0f2cd1936b66317b8cbbb02e3d05fa74f04bfa3af2bbfc04c80f6be81b90,2026-06-16T00:48:21+09:00,220.57782748450555
679688773,50355b81-85b4-4155-8637-3aa7d4d04768,Xestophrys javanicus,xestophrys-javanicus,604589,non_ant_insect,34.4850928192,136.8757487176,inat_api_calibration,8679c784ccd564dace76bdb89d00225acc937362aaec657e1a89455d528ebf72,2026-06-16T00:48:22+09:00,532.7850475367744
679690107,0694b7ec-b1c4-4b07-88d8-954c00543b89,Sarbanissa subflava,sarbanissa-subflava,445135,non_ant_insect,34.4851436693,136.8757245777,inat_api_calibration,b70f9555f55aace2750b2f730e592fe5023ac0cd55b74c4f4d3d25fa2cbe02e9,2026-06-16T00:48:24+09:00,1556.61699021099
679690263,bc62decb-ca44-490c-beaf-ff2825604b5e,Loxoncus circumcinctus,loxoncus-circumcinctus,1236578,non_ant_insect,34.4851503019,136.8757299421,inat_api_calibration,ad7d47bfe3d5466723987fa33b4bf57b7c199b674ccbc8c373f9f746a8fafd11,2026-06-16T00:48:25+09:00,6588.195641521808
679700187,e0986a06-11a6-4644-bf6d-40bacbc4bb10,Coccinella septempunctata,coccinella-septempunctata,51702,non_ant_insect,35.1602821905,136.4570344923,inat_api_calibration,0d4fe9ce28efa3fbc924851b23aff5b8569e422a3cebcae1dc539813e0b93fcd,2026-06-16T00:51:23+09:00,3045.2394770636392
679703136,c4c3c19f-37c0-4408-82a2-a1d418b4ffef,Nacerdes luteipennis,nacerdes-luteipennis,552460,non_ant_insect,36.6241833278,127.459894,inat_api_calibration,25bc477d64edd43d5e72d025d41b1cfb68bd398a6c0e7e9d6bdf5cb0ec81dd3c,2026-06-16T00:56:24+09:00,213.3337622570186
679703451,aab152c2-0a27-4a31-bb32-cfb942ab35c0,Eobiana engelhardti,eobiana-engelhardti,499206,non_ant_insect,36.6241726472,127.4523113778,inat_api_calibration,0528d94b9812d142ba35ae061cae0517b30d37874dbfe9b53a2487d81db23ea1,2026-06-16T00:56:43+09:00,1754.7740256863697
679705602,1025e7de-4386-4395-b9f4-3d5dbbd3781b,Euphaea formosa,euphaea-formosa,100734,non_ant_insect,24.4026833333,120.7061866667,inat_api_calibration,8758fc6c6b879bdb2fe8cd1fefaeb8616f9a05bd9655637f704a708e75065f75,2026-06-16T00:00:26+08:00,1704.9633440173425
679705804,9fbf60d8-2253-48f2-95f8-b850c9fcffb3,Asota egens,asota-egens,202254,non_ant_insect,24.0411354509,121.1609756202,inat_api_calibration,6bf66bf434e80fd423ba539d024e5193240f3f6246047b78065dbfc0a4bde415,2026-06-16T00:00:45+08:00,1066.3928395366788
679706958,1271599f-b9c9-4a46-a697-5a102fa2d160,Pergesa acteus,pergesa-acteus,322014,non_ant_insect,24.4008783333,120.71563,inat_api_calibration,4b98d2f1bccb9e3293ac0d1f733fe46752d8dc32e46e0514ba88a9644ed1a3fc,2026-06-16T00:02:51+08:00,4799.8833850392175
679708532,941e762d-becc-4961-8916-24d5fbf73d84,Vespa velutina,vespa-velutina,119019,non_ant_insect,28.179851,112.930782,inat_api_calibration,979d9c23b2ebb12fb0105e7adbbbe376ce16b588e694163e80e3bed2c9085663,2026-06-16T00:05:56+08:00,1028.2083556203672
679699480,1315c49f-f1c9-4a9b-862a-a6479db22439,Cyphonocerus ruficollis,cyphonocerus-ruficollis,349356,non_ant_insect,34.4858542523,136.8756508893,inat_api_calibration,466b4f90d52ec9d60c13794efdcafc0a7c4c21972714a552e7909f736e71dd31,2026-06-16T01:06:33+09:00,877.3667472293727
679699750,757bf891-da4d-412a-be65-8e38b94b83de,Lebia calycophora,lebia-calycophora,1148361,non_ant_insect,34.4858807825,136.8756294317,inat_api_calibration,86b5346845e04dfb44a31f70914100061a36962c80bf39a171101b247e512ae4,2026-06-16T01:06:34+09:00,394.62551365533716
679700702,21b7dfd6-2d67-4773-89e4-24428659513b,Adoretus tenuimaculatus,adoretus-tenuimaculatus,472098,non_ant_insect,34.4859692166,136.8755865163,inat_api_calibration,aee84c0508b83fbc8f413b9999a7f8b00862f726e1d49dd98e3c7ee965dd4a59,2026-06-16T01:06:37+09:00,470.00783238641344
679710390,848a990d-7230-455d-a9aa-e15d044610fd,Planopleura kaempferi,planopleura-kaempferi,1594925,non_ant_insect,28.179847,112.930789,inat_api_calibration,d25b7bd841ceb4a1bda6264ee40e418431f32cbfd53e6be5f37e0bdbaa6e2f7a,2026-06-16T00:08:54+08:00,924.849548657765
679711124,905013d4-6844-4331-8a1a-c9e4050aae1e,Opisthoplatia orientalis,opisthoplatia-orientalis,347785,non_ant_insect,24.1986729867,120.5397876433,inat_api_calibration,97e83f2395b6c85a29fc41822e2365cad6a7ed98608966a900b67624bd181063,2026-06-16T00:11:58+08:00,2212.2477644037353
679713405,365bc6c4-00ea-4137-b9e8-b86ef8de3d96,Lebeda nobilis,lebeda-nobilis,155509,non_ant_insect,24.6775567113,121.3815991302,inat_api_calibration,01ce7761070ae7f195d991e12abce44c962e9809f7daea38c5c3508ec4649022,2026-06-16T00:15:17+08:00,3161.441390422771
679713511,719d4646-1e9c-4dc9-b20f-51d4d0ce41fe,Cranopygia sauteri,cranopygia-sauteri,934305,non_ant_insect,24.6766149389,121.3823771791,inat_api_calibration,216da41d84e508f99faf753dde488366dd29d3374a0cdbfe8f629a749efda25b,2026-06-16T00:15:30+08:00,245.27443849936506
679714712,c5637d85-0c6a-45ef-882f-80a61724818f,Lyssa zampa,lyssa-zampa,130846,non_ant_insect,24.0386527778,121.1572555556,inat_api_calibration,f84493b80f38f3b87e89c50b9d95547557d7778414b7a0a22b1e07034441688c,2026-06-16T00:17:56+08:00,500.91806886440816
679714205,0f935cda-83b7-4fc6-9a83-38f0e5203c9a,Perixera illepidaria,perixera-illepidaria,203950,non_ant_insect,24.1085579973,120.4266845013,inat_api_calibration,50ffc7b425351ed1a9c4c1741081db3ca6036af9c85c2135b71c572f39ba41b1,2026-06-16T00:18:26+08:00,436.43500078408647
679715006,01cd1366-a840-4453-a997-42cf2bf0413a,Lucanus formosanus,lucanus-formosanus,740844,non_ant_insect,24.0390583333,121.1600722222,inat_api_calibration,e5c84f407315e62695976398a71fb98bddc825ee16ba70a57af87d108713623e,2026-06-16T00:18:31+08:00,435.9414635896464
679715159,8f9aa60c-d21d-4801-a360-334baf7a6333,Lyssa zampa,lyssa-zampa,130846,non_ant_insect,24.067175,121.1677916667,inat_api_calibration,570f32adac08a67d09ab61bb2bf88bc63601b23b7e6d17f781f80310954a1f38,2026-06-16T00:18:48+08:00,381.7311167452981
679715423,42a5e978-ed92-4a5b-a0a9-b47508051694,Lyssa zampa,lyssa-zampa,130846,non_ant_insect,24.0428916667,121.1598888889,inat_api_calibration,4b52d2e36a45c2343df7353820762b1eca1e69228f12dc891eabfe3a9407f403,2026-06-16T00:19:10+08:00,7968.779660543263
679715955,f3dae582-bb65-40a6-9a5b-c80fbdc23707,Acherontia lachesis,acherontia-lachesis,121837,non_ant_insect,24.0428972222,121.1598861111,inat_api_calibration,f6ba0d353ca190aac726a6afc5581e885c1f6a7c8f80def1358dac76664388eb,2026-06-16T00:20:07+08:00,396.07719072176144
679716302,588857d9-9de4-4c77-9b1b-07889a5d15cd,Trypoxylus dichotomus,trypoxylus-dichotomus,324733,non_ant_insect,28.181245,112.926271,inat_api_calibration,8b46d257a036762d97087ea4fa917d948e0f63bb957b55583b54fd4b64c78270,2026-06-16T00:20:43+08:00,1822.6828122024726
679716329,d60732ba-a35b-4a0c-8728-a0f8319df9fc,Lyssa zampa,lyssa-zampa,130846,non_ant_insect,24.0667777778,121.1678694444,inat_api_calibration,b6abb97305c0f2211ff477aae882d7a6decf4ad10e46b1d99fbb27608eacac44,2026-06-16T00:20:46+08:00,707.8155777079637
679698839,46258d0e-0970-4b66-813c-cde815867f34,Sastragala esakii,sastragala-esakii,545902,non_ant_insect,35.1863227164,136.4660850115,inat_api_calibration,ad0330fdd4b21b3e881997d301718b94ec80d4f3b2105ed7d7b4e7fcdddc52b3,2026-06-16T01:25:34+09:00,936.1466518183148
679698905,ecb4a48f-094e-4ff1-88bc-91dedd9c3818,Sympetrum infuscatum,sympetrum-infuscatum,113513,non_ant_insect,35.186349903,136.4657631048,inat_api_calibration,6f21c4e5009d620a2a2be4dc4339e5d599b23e7848bc29e530116b4935e7053a,2026-06-16T01:25:35+09:00,800.0301670062865
679699622,66ecbeb8-b6ab-4f07-96ab-9af1cdedabb3,Davidius nanus,davidius-nanus,99137,non_ant_insect,35.1862688039,136.4654841967,inat_api_calibration,268ebb315f964b7be3f9a0bb5fba19ce7da1fefb60cb082e94a5ba300060a2ad,2026-06-16T01:25:35+09:00,604.4782765666198
679718409,0e3e932f-53a1-4a77-bfce-438bb4567071,Brachydiplax chalybea,brachydiplax-chalybea,95964,non_ant_insect,1.5902333333,110.2181833333,inat_api_calibration,c5a09958e44b5043876d39964f50e83a3a3e1990d3a812243d9cd359e00092b8,2026-06-16T00:25:59+08:00,607.6449409765021
679718428,79c4f6aa-10eb-4723-bc3d-08fbfe59b98f,Neurothemis fluctuans,neurothemis-fluctuans,107002,non_ant_insect,1.74365,110.3180333333,inat_api_calibration,62581d0c6ac065cf75ea809d29ec61a0da1ce7f54b04965fe6116c50f5a3af55,2026-06-16T00:25:59+08:00,415.24028623569626
679718419,9609323c-cf6d-4f08-b423-702912910da4,Traulia azureipennis,traulia-azureipennis,356154,non_ant_insect,1.7436833333,110.318,inat_api_calibration,9e2fff2ab078f3bb17a24ae7b305fd1f4208ab732dbfb5e8ec7136292c64dd84,2026-06-16T00:25:59+08:00,509.63460414820116
679721751,7cdae3d3-9c53-4a0e-bcd5-633ee27f6a2b,Asianopleura hilpa,asianopleura-hilpa,1669874,non_ant_insect,22.2123604949,113.4021261246,inat_api_calibration,4fb67da3a37faa61f9286a88df0389a20aad307758d1569434111a436c88ba5b,2026-06-16T00:29:29+08:00,320.22115549599096
679723785,3b6101e3-754a-4a7d-aa08-2619ba949d70,Sternuchopsis nero,sternuchopsis-nero,1430396,non_ant_insect,1.3520216667,103.8225033333,inat_api_calibration,319f6be978a4162e46c6516c7318186c0014c7936abc4faafccf97fabf8c8cab,2026-06-16T00:34:01+08:00,429.8996884624344
679722318,4f21702d-5808-4167-b1ab-ddb58dd0a7eb,Symmoracma minoralis,symmoracma-minoralis,462108,non_ant_insect,24.1993965352,120.5612593051,inat_api_calibration,6cce4d43cec59c2f1c22fc6f6834993def47d795ab7c26905d286b042294d0e8,2026-06-16T00:36:42+08:00,779.6652034721403
679725707,771a1a5b-e376-4cac-beea-c60e57087133,Tanna ornatipennis,tanna-ornatipennis,902096,non_ant_insect,24.5090263844,121.1229078606,inat_api_calibration,113798a8189a0c1a7d7cbea947d9f468644af2367929ce27d3bcaa514945a0f0,2026-06-16T00:37:28+08:00,1374.7604507276267
679726551,4fa48e91-778b-45aa-9ed4-747bb9f4e146,Priotyrannus closteroides,priotyrannus-closteroides,732700,non_ant_insect,28.190804,112.930377,inat_api_calibration,ff91699bc62b0bfc38a3831ca9ef6272b1b33e697f3ddc51c4caa54138c1f7ef,2026-06-16T00:37:42+08:00,164.66562299482496
679732901,df979823-71eb-42ef-9301-7dcb1886af41,Lymantria mathura,lymantria-mathura,55246,non_ant_insect,28.179472,112.928701,inat_api_calibration,25cf4b5ca40f78ee3a41f18d370862229416c11aa47953995020e91b88cd20ee,2026-06-16T00:49:23+08:00,940.0220114927935
679666141,021d3621-3720-471a-967d-5d9a99105c75,Pieris rapae,pieris-rapae,55626,non_ant_insect,37.96612025,127.2524017667,inat_api_calibration,6948651509edcea09bf4317ec0ea834e864f53143453beaefaccfafc10ed09cd,2026-06-16T02:01:03+09:00,628.6414739521631
679666226,1ce0df41-0894-418f-8a9e-4c8a2258e210,Apis mellifera,apis-mellifera,47219,non_ant_insect,37.9659275333,127.2533112333,inat_api_calibration,43d44a499c5896bfeef933e4416904ce88e2ac43734b587f989a9a3e7d986056,2026-06-16T02:01:08+09:00,1258.0046054943937
679666258,fefd7d26-7d8b-4507-a64d-822ebbba17c5,Oedaleus infernalis,oedaleus-infernalis,333076,non_ant_insect,37.9659344167,127.25373665,inat_api_calibration,6bb702310f756b81b4cf44a09cc266f03faebd62c3556a0ff686eadeb7e5b43a,2026-06-16T02:01:09+09:00,3907.726528926258
679666357,8f1fd383-e5f4-41b3-8fa0-cb60f2d29f33,Pieris rapae,pieris-rapae,55626,non_ant_insect,37.9659411833,127.2534122,inat_api_calibration,0cac6462fd8e0792abf9d942cf5373915c150c0323076f478e76201173ef6fed,2026-06-16T02:01:12+09:00,512.5587143090933
679666694,c6c0c9e6-0d94-486b-b863-018bafcc6909,Argynnis laodice,argynnis-laodice,484082,non_ant_insect,37.97001315,127.2614109167,inat_api_calibration,fff06e5306d06f3455c25af3e8a8037a736e58969da67f894c8b7e2e06390d41,2026-06-16T02:01:25+09:00,865.7873517773648
679666727,2addd21c-b9a8-4f09-96f7-9ddbfa2e2ead,Gerris latiabdominis,gerris-latiabdominis,360888,non_ant_insect,37.9707422,127.2627736667,inat_api_calibration,bc4e12ccb83385675c1616b190e8855ac941e544a1f2ae423f3f276ea3b74151,2026-06-16T02:01:27+09:00,552.5720536484134
679666809,f4ec031a-c68a-4fb9-af31-510bb2a72e91,Ischnura asiatica,ischnura-asiatica,325405,non_ant_insect,37.97094045,127.2628175333,inat_api_calibration,04112133a380227f3074db6efdba4de5e2ec466b76d09e810a6d563a516cf08c,2026-06-16T02:01:32+09:00,396.5680467066711
679666836,999cbde2-4166-42af-822e-fc5e33d12dba,Gerris latiabdominis,gerris-latiabdominis,360888,non_ant_insect,37.97094745,127.26283905,inat_api_calibration,5d972e779af8dfe4d0f77ff02494b507782fd0fc9cc9196c05c3a071a7d53c29,2026-06-16T02:01:33+09:00,1055.3020956499631
679666950,9b84ab02-617e-42f5-9034-487682c4c381,Pieris rapae,pieris-rapae,55626,non_ant_insect,37.973668,127.2701678167,inat_api_calibration,6b33ef10b5fa34e20bdb8d807e488f90c3abb4b60ede944426b3cb4fd216874f,2026-06-16T02:01:37+09:00,2562.437146833176
679667033,c5cd8fa6-a796-4e26-a4b2-ecfcd2607298,Papilio dehaanii,papilio-dehaanii,358657,non_ant_insect,37.9768243833,127.2768208833,inat_api_calibration,33ce3f40fd03db3c6cb5c1378cc4d369ec887ad4aa41f1c31c0023705b6837fa,2026-06-16T02:01:41+09:00,393.82106477590065
679667079,e2702308-3d62-4e4e-a9af-2a1a99fb9056,Papilio dehaanii,papilio-dehaanii,358657,non_ant_insect,37.9767282,127.2761585167,inat_api_calibration,0669f55d2c1caee04bb6ab7d5474da9688d6241e5bea84408cb86de60c613b8f,2026-06-16T02:01:42+09:00,3226.8881092344955
679667119,4d6d9584-c41a-4719-8782-df275710c4ac,Pieris rapae,pieris-rapae,55626,non_ant_insect,37.9766062333,127.2761684833,inat_api_calibration,59951b301b87f96aab05dfe31e9afdab048b8114ca7fe9a5b7da00975ad48b35,2026-06-16T02:01:45+09:00,1561.2137580045924
679667122,4b230ff9-9c4e-447e-a05f-f2bdc3750238,Pieris canidia,pieris-canidia,125593,non_ant_insect,37.9766112167,127.27616615,inat_api_calibration,5116b837864c729c686a5a7da0b88bc762c148fe49d06646f0a4cf8bc58ea126,2026-06-16T02:01:45+09:00,3487.5085464529084
679667235,a2307985-84c2-4698-9b97-380886a01037,Apis mellifera,apis-mellifera,47219,non_ant_insect,37.97444855,127.27397365,inat_api_calibration,8a48ccb120c40f1082b4b825006386028d182cc3269c522f13be5d580f66f373,2026-06-16T02:01:50+09:00,682.3195637699729
679667395,bab2496b-f834-4c2b-bf91-75156db3b7c1,Pieris melete,pieris-melete,358702,non_ant_insect,37.9765658833,127.2759117667,inat_api_calibration,12b1840332137bd67c652b626042f936ccb03a66b1134cb66e855c4bd89ab29e,2026-06-16T02:01:59+09:00,338.1830448886462
679667436,363adf29-d3f9-4946-9d0f-daa102a7ff6d,Pieris melete,pieris-melete,358702,non_ant_insect,37.9767151,127.2748175,inat_api_calibration,14fc6c7fe809b43414646c871cabb7966fafba881db29af5409634d2b69a53f9,2026-06-16T02:02:02+09:00,155.27884564891613
679747634,67ce5c73-1f9b-489f-897e-f81d3d868a79,Parapolybia varia,parapolybia-varia,361973,non_ant_insect,25.1860713,121.5251949,inat_api_calibration,14e8c1a83fee932cd50fa957d787f6ae2bac2f4b4bd054bd438ddd80ba7d2f01,2026-06-16T01:16:05+08:00,600.1082506914781
679747688,ec0b9626-7b95-475c-8e62-650dd447fc1d,Nephelomilta karenkonis,nephelomilta-karenkonis,1103564,non_ant_insect,25.1860713,121.5251949,inat_api_calibration,5cee20118805a5e59517431ad840efdd4239356e6a45ecee379265c31cb7b6dd,2026-06-16T01:16:05+08:00,515.6331756687345
679747708,d99aa48a-521c-4e85-b4d2-fa00e24e0ea1,Paracymoriza cataclystalis,paracymoriza-cataclystalis,705497,non_ant_insect,25.1860713,121.5251949,inat_api_calibration,c5e29a0cc336010624fe68df96efb8895125244fc4719b82e0d4ebe6a8168e2f,2026-06-16T01:16:06+08:00,980.0403999071702
679740520,19090d57-c6de-4379-813b-ae631808e277,Rotunda rotundapex,rotunda-rotundapex,1037952,non_ant_insect,37.9768223,127.2766719667,inat_api_calibration,16bb6a0721ed4944a9ab26006b84448e56a592817cd896150fbcf87f60c3f9c7,2026-06-16T02:24:07+09:00,1869.3966271772563
679740815,bdd3d44e-5e61-4e09-9a47-6df8ee43507a,Biston panterinaria,biston-panterinaria,323054,non_ant_insect,37.9764357,127.2775139167,inat_api_calibration,e7f438c4bcb24b522b34616c11ecdbcdaf3260f5c68449ddead92845e3362000,2026-06-16T02:24:23+09:00,2945.898681961167
679740892,07873851-c35b-4090-a87b-fbf7ae995db3,Adrisa magna,adrisa-magna,343621,non_ant_insect,37.9764405333,127.27743795,inat_api_calibration,eb3bbec1786ade3d1858ced685f01b84eafd96438af5001af83de13cd9acf569,2026-06-16T02:24:30+09:00,3334.0574886314234
679740946,da9613da-bc32-4572-9989-9b75bcc4742d,Rhamnosa angulata,rhamnosa-angulata,564047,non_ant_insect,37.9764827667,127.2774753,inat_api_calibration,7f6eff305d7a77b223972e675cc3b432f5524841b0ec655cd2802eb9b97922ba,2026-06-16T02:24:33+09:00,2278.5737298665827
679741010,11601056-be73-43af-8b23-6ddfd7c0db8e,Parabapta clarissa,parabapta-clarissa,910422,non_ant_insect,37.9764758667,127.27747025,inat_api_calibration,25929e05e66b9dab1016aa7f5998742594fe5e892ec6ea1fcbd35b7643333064,2026-06-16T02:24:39+09:00,1369.1857074165666
679741033,b7cbeacc-dee5-405f-866c-620b28e9a6c7,Biston panterinaria,biston-panterinaria,323054,non_ant_insect,37.9764654167,127.277472,inat_api_calibration,6389b68ac2c9de02b71b9f09c3dabffa6056971206d6cbb353e8791e8cf3af17,2026-06-16T02:24:40+09:00,1185.8100319062344
679741072,d4ba9a24-64d9-400a-8cf6-f2c69e8ceae0,Biston panterinaria,biston-panterinaria,323054,non_ant_insect,37.9764602,127.2775208,inat_api_calibration,2dbee29bb86ec9a91c3459205e5aff5183e0f333b64aa25d265bca0f0617e763,2026-06-16T02:24:43+09:00,3147.4753342446897
679741084,c5a71556-a35b-400d-acfa-01a53a8ee0ad,Rotunda rotundapex,rotunda-rotundapex,1037952,non_ant_insect,37.9764602,127.2775208,inat_api_calibration,0f3300b1f24f21063642ab2246f4abb86b92e6a769bcfd8fd09aea6ccd8f1ca0,2026-06-16T02:24:45+09:00,8687.427118132642
679741130,0a071ef4-782d-47c4-b109-14622b61e53c,Rotunda rotundapex,rotunda-rotundapex,1037952,non_ant_insect,37.97647445,127.27748625,inat_api_calibration,745d3d8858ffb20e7519d3b42e712db9591228cc50a203b94595b589299d9259,2026-06-16T02:24:47+09:00,1641.8458207831325
679741178,5d5a6dbe-f57f-4e8d-b980-d8f642686246,Rotunda rotundapex,rotunda-rotundapex,1037952,non_ant_insect,37.97648725,127.2774819,inat_api_calibration,948d6d7897f36e4cb27fa70a1ff17a9c0c1c41c7a8c814275763a9511af4cd2c,2026-06-16T02:24:49+09:00,2977.630546112358
679741412,8876d22f-edd2-4270-99ec-9e65e3f1fb5e,Halyomorpha halys,halyomorpha-halys,81923,non_ant_insect,37.9767714667,127.2767003833,inat_api_calibration,09acb1d349ccbc6a6260db9f31316c73bc06b1e377b58c7aa3fa7f817eed6151,2026-06-16T02:25:02+09:00,3715.7428316225783
679741521,aeea18e7-e7a6-4595-be2f-c89beb4c4799,Rotunda rotundapex,rotunda-rotundapex,1037952,non_ant_insect,37.9767736833,127.2767040667,inat_api_calibration,d4dcf12f88c82677f4972e32196e5eb074f352ce9c47bc4b8f57d67ec819cb3e,2026-06-16T02:25:05+09:00,499.5311218493408
679754737,107bf96c-9ade-4962-930d-c963eacc7854,Licinus setosus,licinus-setosus,1566232,non_ant_insect,36.5350227356,116.8256378172,inat_api_calibration,e3f7ab73161f5e24100fa67b0309004a25801dfb7f2c159ed61c4c4c4f2d2e8f,2026-06-16T01:25:25+08:00,3904.2035564146195
679756852,4a895f88-6e60-4001-a80c-23834d893131,Chremistica ochracea,chremistica-ochracea,338215,non_ant_insect,25.0188111667,121.4044716667,inat_api_calibration,0ca1616a007b83ec26f9bf3bbed57bacda42a11c398d742d56cf0adfc71d8e8c,2026-06-16T01:28:39+08:00,60.38786153375675
679757917,64819019-8177-45e7-a272-cfc3bf931855,Junonia hierta,junonia-hierta,68423,non_ant_insect,11.4269494997,107.4294526,inat_api_calibration,ba0d3e5e185bcf8ba781097fdf1b7a9bf67ffefc0a5670aa7d01357232721999,2026-06-16T00:30:26+07:00,1347.815654127521
679757850,67b72aa3-8f6b-478d-a4dd-4b66b9889ac0,Cicindela campestris,cicindela-campestris,130143,non_ant_insect,53.7681221134,83.4461323113,inat_api_calibration,24c4b9d776304f2f4097a8bd9df603d9a48e08f990d80cdaa9bba96a5b858c67,2026-06-16T00:32:33+07:00,590.9496297417091
679764651,ba8b7a76-8cdf-44bf-8092-2de238a33984,Aiolopus thalassinus,aiolopus-thalassinus,415621,non_ant_insect,36.5479543376,116.8247500594,inat_api_calibration,deb3952d576f967683f68f4b329d9c35162198ecc56748219842e7a6d32827f0,2026-06-16T01:42:12+08:00,2019.5651597108858
679757345,d298b565-6342-475d-b4ba-48030fab2d8c,Lyriothemis elegantissima,lyriothemis-elegantissima,149514,non_ant_insect,22.4609339075,114.0331933719,inat_api_calibration,cb2c2ca7a8d77e4dc2b4efb9684aca6715702b84cccf7eaac633b2813c656521,2026-06-16T01:48:25+08:00,176.82365104389012
679757625,f12463f9-3e1e-4846-abc9-e8cf862e50fe,Ictinogomphus pertinax,ictinogomphus-pertinax,103288,non_ant_insect,22.4700174115,114.0048266444,inat_api_calibration,ccbe29803b9515416eedccf40a8817d655bb304d8f7cb619887987473c261138,2026-06-16T01:48:26+08:00,251.72423928927344
679757775,b0e1f25a-06b7-46a4-bb47-abde048dadcc,Rhyothemis variegata,rhyothemis-variegata,82001,non_ant_insect,22.4705935358,114.005265651,inat_api_calibration,7d1915cc138d176f732e60ca1a92ce976a7bbae505ace36a95549a090a2d56a0,2026-06-16T01:48:26+08:00,57.8052726766103
679757733,835da3c4-313a-4aa6-b97d-9e3161504fa0,Rhodothemis rufa,rhodothemis-rufa,111765,non_ant_insect,22.4704579495,114.0051875252,inat_api_calibration,fcdbfdbe2d9019386ee147e6c13eb491de08c7e5a28909d0c5011ab716950e3b,2026-06-16T01:48:26+08:00,1206.430494042484
679755236,7e6d9fb9-ba4f-4067-918f-3f8b675ac03b,Pieris melete,pieris-melete,358702,non_ant_insect,37.9768991167,127.27783505,inat_api_calibration,bd1b178f5ca12113e50ef664fb8ddc5dc8b0e9968a624fe167484af1049664d8,2026-06-16T02:48:35+09:00,176.2744624804485
679755253,86f8874c-1c40-4d32-a73f-26f0625bcebf,Macroglossum stellatarum,macroglossum-stellatarum,56293,non_ant_insect,37.97679795,127.2778297833,inat_api_calibration,9bd36cabab1ef2cd87afe44693c67b20e3df176549e1c42b1f3729bdb9177efe,2026-06-16T02:48:36+09:00,153.1905692808983
679755458,bb34c2f2-34c5-4d8b-9a01-dedc0b6a2acc,Biston panterinaria,biston-panterinaria,323054,non_ant_insect,37.9762569667,127.2778098333,inat_api_calibration,7a1d4f8f4f2aca112599c15b86a2eb2acd1d96b4b97c32a6404b91c5fcad7c46,2026-06-16T02:48:39+09:00,703.4378744541319
679755614,b1dd2ff8-57f9-4a78-87f0-aba5324d0245,Luciola unmunsana,luciola-unmunsana,632463,non_ant_insect,37.9770724167,127.2766505333,inat_api_calibration,859a63b41f59839711f384132f9ec7fd9c453d288305a26146fd036992ba9958,2026-06-16T02:48:41+09:00,192.56558427666616
679755911,63b40418-b58f-40e9-9902-c9931de2e989,Platystoma mandschuricum,platystoma-mandschuricum,1204760,non_ant_insect,37.9767789833,127.27675825,inat_api_calibration,19f84eb110f272bb8d30cf6230ddc2d2409f099f97ea0d2924433d0e433158b4,2026-06-16T02:48:45+09:00,352.28558924981786
679755998,e6a93f6e-9319-45ae-892e-efc8ce877945,Atrocalopteryx atrata,atrocalopteryx-atrata,325397,non_ant_insect,37.9779671167,127.2769730167,inat_api_calibration,43a64beda4dd548b207610ed9653835f5d415b89f62009cbd0c96c4ac94477fb,2026-06-16T02:48:47+09:00,202.49278463021824
679756048,afe2518d-6dae-47e1-ae3e-d1001b2c9ecb,Polygonia c-aureum,polygonia-c-aureum,244441,non_ant_insect,37.9779506167,127.27701775,inat_api_calibration,d592e176c6cac44e758d62f5098b861e67b6b323b151a83c931215df08a28f99,2026-06-16T02:48:47+09:00,546.2719646157545
679756091,75748358-bb46-430a-a781-ea6ee64c7d32,Gerris latiabdominis,gerris-latiabdominis,360888,non_ant_insect,37.9779544667,127.2770162,inat_api_calibration,d84ce131bba33ec64f1070a4948efc7cb1ea36eada3b085bac8625804882105e,2026-06-16T02:48:48+09:00,359.1711665940872
679756269,69bb17a6-adac-4ab1-8bbf-8b1e4bac97d6,Pieris rapae,pieris-rapae,55626,non_ant_insect,37.9785813833,127.2764939167,inat_api_calibration,a63e7fc6b0f59c04545009424ade234c79e25457439bf773a63eb615a80b7f84,2026-06-16T02:48:51+09:00,509.1746249003605
679756288,6fcdd0e6-eda9-44c6-a5b3-255e03080de0,Pieris melete,pieris-melete,358702,non_ant_insect,37.97903985,127.2770388667,inat_api_calibration,d09d7b3dacd8a2ffd8c248993263d71e4cd62b9f56b8ee90777d73ca3ccd2128,2026-06-16T02:48:51+09:00,425.36517976711
679756293,f56dad06-ec5b-42f3-9473-78ae580d3480,Apis mellifera,apis-mellifera,47219,non_ant_insect,37.9792616333,127.27721625,inat_api_calibration,8ef796a6b8389a3d852ea12ff7886d7bf17a6e3382eea1d84687119ea873f7d0,2026-06-16T02:48:51+09:00,420.90176982482234
679756315,c0dd9443-c750-444c-b443-cf2c02aeec59,Bombus ardens,bombus-ardens,355991,non_ant_insect,37.9793206667,127.2772711167,inat_api_calibration,06c17d77be8286e4c964ebb4aa317c3d1d3031943377542446c05e4b3c64ff89,2026-06-16T02:48:52+09:00,401.36189364340277
679767478,3abc0eaf-d90b-4324-b9db-168a559fc04b,Lasiotrichius succinctus,lasiotrichius-succinctus,471165,non_ant_insect,34.7356597066,135.1792630681,inat_api_calibration,97e96fd90d2160855086ef1a7c8105e4b185a91ed6b3f8567dd22d88d703a955,2026-06-16T02:49:37+09:00,338.49811688198093
679773627,3f266e1a-4537-47a4-97de-d9eac0d5fb70,Junonia villida,junonia-villida,197079,non_ant_insect,-36.4229328997,146.5168926997,inat_api_calibration,7d1915756d45a2f293bab66dda7f1da3ce33343baba58becca64aa9257e55303,2026-06-16T03:55:03+10:00,1407.9333570217543
679773792,324a9c23-578f-4556-8c66-6ed1a6a52a35,Zizina otis,zizina-otis,125537,non_ant_insect,-36.4229161,146.5169113997,inat_api_calibration,c50bc5bcf0cd33a13e109a8735e2073deadab0fb233e8f1e4303cde8190d53ac,2026-06-16T03:55:17+10:00,2682.8617776829856
679771180,a6a77230-b9eb-4645-84a2-c5384077528c,Leptura ochraceofasciata,leptura-ochraceofasciata,472721,non_ant_insect,34.7617819749,135.2421936485,inat_api_calibration,ebe1eea79e4c5224339803d82a0a052800205efe552af2a4bb70940e8521e6bb,2026-06-16T02:55:26+09:00,351.78190654370877
679774571,c6cbaa5d-f0a5-4138-973d-3602283f7a97,Trypanophora semihyalina,trypanophora-semihyalina,202778,non_ant_insect,28.0,113.0,inat_api_calibration,0301bcd20d5382778f92417fe9dc826c5117aeede0c5ffd43302a22a05ffd8ae,2026-06-16T01:56:24+08:00,487.76778766136
679774600,bc95c1e3-eb84-497b-b74a-2f2ed3af7056,Chlorophorus muscosus,chlorophorus-muscosus,502795,non_ant_insect,34.7356622784,135.1792633294,inat_api_calibration,d2329274d325aca45f651420aac2401cf7865d60ec078c204b605aa257d47e18,2026-06-16T02:58:18+09:00,533.2513542232593
679776447,17bdbf47-f001-4806-82f1-e4b5aa9f3065,Xystrocera globosa,xystrocera-globosa,341622,non_ant_insect,35.4593666667,134.25232,inat_api_calibration,08183ecf55f4409d85aca2a1c4c8190e701da8143452cfac3dd411f7ac80dbd3,2026-06-16T02:59:35+09:00,2738.544102516117
679777329,de5b9337-f016-4f77-87a4-732acba54bee,Cyclosia papilionaris,cyclosia-papilionaris,326018,non_ant_insect,11.4251859,107.4285612,inat_api_calibration,29eeaa970f5032eafea5123f5b91427615857e9ed2e091c5600f079f4da12e87,2026-06-16T01:01:03+07:00,566.5219479588819
679777404,061820ec-3887-4c07-b8a4-1cd3b9f23694,Chlorophorus quinquefasciatus,chlorophorus-quinquefasciatus,355999,non_ant_insect,34.8430218014,135.4251940777,inat_api_calibration,d980648815aae1f6d2aa06dc4ae5f1a70d02fad74daf515c87f7c4547c04059c,2026-06-16T03:06:22+09:00,273.32688576787365
679732038,4fe3b04b-a68e-4c29-b00c-4dc3e5054e12,Adoretus tenuimaculatus,adoretus-tenuimaculatus,472098,non_ant_insect,35.174097592,136.4861465616,inat_api_calibration,08d165161566dc20b2556736cc16b6b1fcd27970d5b1e74499e9a4869a276693,2026-06-16T03:10:13+09:00,1137.6766485593391
679781507,13fd46e5-2c6c-4c90-b94c-efc5e170b388,Oides bowringii,oides-bowringii,348655,non_ant_insect,34.7405038138,135.1777178991,inat_api_calibration,4093cfa7ea7c165dde84d3733f76aefaede3bacf4da3b52c51d5c138d299941e,2026-06-16T03:10:24+09:00,418.7551893153575
679677669,791fd7b1-80f1-49f4-b049-e9bfb1efe747,Formosemia apicalis,formosemia-apicalis,740609,non_ant_insect,24.9875807696,121.5019325392,inat_api_calibration,9f45ae9e47e446a8ea495a5a13699b31b0a5ac18439c1bcb1d0d3ec7817ce25e,2026-06-16T02:15:14+08:00,1421.3969034271765
679679866,92c393d6-dcb4-4b5a-8231-d1763acb08cd,Conocephalus melaenus,conocephalus-melaenus,372673,non_ant_insect,24.9875819421,121.5017513285,inat_api_calibration,6bf3961cfe36fdde19779c300f85bba31d49713be9fef0306d778af64c95442f,2026-06-16T02:15:15+08:00,736.1963256605857
679684937,65e98097-bec3-4162-84c1-1b689a928a8e,Formosemia apicalis,formosemia-apicalis,740609,non_ant_insect,24.9876950337,121.5018058843,inat_api_calibration,c0ab4603f268b237fd70451534fd7dc4eb226f879e100603d709196296df18be,2026-06-16T02:15:15+08:00,790.551230253402
679690526,63588fdf-7aee-4b95-9a14-abbc82f2c419,Psilogramma increta,psilogramma-increta,84253,non_ant_insect,24.9876879807,121.5019233405,inat_api_calibration,14cacea97baa02f280c33ffb88db095a122c4f83e38c7cf6dea15489f3749e88,2026-06-16T02:15:16+08:00,786.00528127292
679712091,bd3cdaf1-f13c-48f0-b066-7bd21128fd83,Polistes takasagonus,polistes-takasagonus,717846,non_ant_insect,24.9877144829,121.5017277393,inat_api_calibration,34f0b8c183a3bc1e6fce1839929fa6e31927a256223591c5a821b61c9d98fb01,2026-06-16T02:15:17+08:00,874.4005068614476
679747811,7fca8853-1387-4ae5-adae-56b7c620d7aa,Mogannia formosana,mogannia-formosana,358847,non_ant_insect,24.9877121458,121.5019972382,inat_api_calibration,08e56325bfb2a6d36dfb7720cefbbf103565903260203e7bd2d26e6b93d74c23,2026-06-16T02:15:18+08:00,663.9519810266261
679756026,63e5a380-580a-485c-86cb-51585a20b603,Mogannia formosana,mogannia-formosana,358847,non_ant_insect,24.9867040044,121.5020989337,inat_api_calibration,250878b3f440590249063f5ae09346a06222f069c8c74314267c8ac887d33d8b,2026-06-16T02:15:19+08:00,957.8003000418057
679608184,55a2e770-03ce-44cd-98de-e384a789ce4a,Anthus novaeseelandiae,anthus-novaeseelandiae,204462,unrelated,-36.0916276,173.8643075997,inat_api_calibration,f087a93832c7f4146778e24d454a731f7cbd81140e93e0f32e31ff77e6d3f547,2026-06-16T00:48:31+12:00,699.6289607417391
679619871,2b506d6e-080c-499d-9789-4e153238451e,Dendrocopos major,dendrocopos-major,17871,unrelated,46.8900070435,142.7491574374,inat_api_calibration,0b8251402878d54fe5e28f8df0e30e4c26074a4629987b072dbe4602d50e3827,2026-06-16T00:18:44+11:00,871.7542753840116
679620476,33cb1ac9-369c-42db-a9f3-5ac7079768f5,Saxicola stejnegeri,saxicola-stejnegeri,1286913,unrelated,46.8900617861,142.7508561194,inat_api_calibration,a8be62be53fe0f4604016f5834d44fdce1f9b84aee952bf56bc72c9a1f649daf,2026-06-16T00:19:55+11:00,118.2863566407516
679620872,710ffe59-1c40-4919-8b81-e7fb30178f76,Acrocephalus bistrigiceps,acrocephalus-bistrigiceps,116795,unrelated,46.8898115821,142.7495489667,inat_api_calibration,9dc2f83d0cfad497fba737836c2b3ab42203c4b0ff1b495f0ed78476a3978b6e,2026-06-16T00:20:46+11:00,130.85228151272216
679629889,27665e8c-9cd9-46fb-a813-a97a0e8ebede,Cerorhinca monocerata,cerorhinca-monocerata,4553,unrelated,46.1332749634,143.1233137124,inat_api_calibration,d6f2e47a471a4f78339390583968568bf1a41ad8fed8adea88442500c569b940,2026-06-16T00:39:57+11:00,1415.4433399550903
679639132,929cacf8-803f-4eb0-a921-0e91758450c7,Larus schistisagus,larus-schistisagus,4366,unrelated,48.0219934362,142.548458156,inat_api_calibration,c1a68d2249e190d0866a0026da6054acdd60b7173c0f7138fc9df2fa72352482,2026-06-16T00:59:28+11:00,936.7655561458357
679639852,d04c145a-27d8-441d-b086-2c9260359651,Fratercula cirrhata,fratercula-cirrhata,4509,unrelated,48.0211698339,142.5506522876,inat_api_calibration,b1cf65614edb44a158adcb1bc657e5294f0642e2511384926cf8887ec29d5fc6,2026-06-16T01:00:30+11:00,121.83515573537876
679639953,f2b6ed20-5012-438d-802a-7fa73f68af7f,Tachybaptus novaehollandiae,tachybaptus-novaehollandiae,4243,unrelated,-35.4545645258,149.0748121804,inat_api_calibration,f3c195803909ff5feefde6940b0c3fdb00ccd789bc8340ad83e4632c4181eb30,2026-06-16T00:02:06+10:00,1456.2522436611662
679639949,f7fc2ea8-ea54-44b8-bc1e-737620bc4dd3,Thinornis melanops,thinornis-melanops,1580333,unrelated,-35.4554481845,149.0748965071,inat_api_calibration,b885f026b741934f07de39aaddd997238c3ec947cf236cb394e1bf4aa1ff0cf0,2026-06-16T00:02:07+10:00,495.84783988516256
679639996,b3de3e8a-e4cd-4778-bda6-c49ef5352b6d,Anas gracilis,anas-gracilis,6969,unrelated,-35.4549182703,149.07468527,inat_api_calibration,0c364387ad188fa17433809fe7adbd3bafa0da536de0f1c037de10c56b912531,2026-06-16T00:02:07+10:00,1094.1943607412827
679640025,20069a3e-83e3-44e0-8740-7f1fdda3c21f,Grallina cyanoleuca,grallina-cyanoleuca,8583,unrelated,-35.4557341988,149.0749169945,inat_api_calibration,2cd27525fe4689182999760ab5ea168926bf61409c5733e307eb686f888189fb,2026-06-16T00:02:08+10:00,2465.1543845341607
679642823,3368c530-4de0-485f-af48-a433b505cb9e,Chroicocephalus novaehollandiae,chroicocephalus-novaehollandiae,144507,unrelated,-16.907415,145.7653733333,inat_api_calibration,e9fe951fa5035896009d60edfcbb9f974e5b6f18118c1b621b848c72ae205889,2026-06-16T00:06:45+10:00,502.95428493569875
679643874,40ebd864-1336-48f3-9c13-badf1e590a13,Cepphus carbo,cepphus-carbo,4414,unrelated,48.0178888053,142.5481989401,inat_api_calibration,01f38c37fa85748430246996c62977242b4fcff27c9bd423e249a880ad02d299,2026-06-16T01:09:08+11:00,2400.730884388511
679641415,ad1fca7d-f69b-4d39-a77e-65a8a8a8a785,Chenonetta jubata,chenonetta-jubata,7176,unrelated,-35.4561097565,149.0409551625,inat_api_calibration,0c207327bfe5104e40bfd8c28b8d380499cd26bce25c29e2006d20dc4991167f,2026-06-16T00:11:58+10:00,1842.637492678098
679641625,8da87470-5411-433a-abf5-e195df08e3ff,Anas superciliosa,anas-superciliosa,6987,unrelated,-35.4560235956,149.040785777,inat_api_calibration,a70fde249d2b9aa2568439eb4081abdb97dfd81ba3173a0ce805443e0e8da458,2026-06-16T00:11:59+10:00,1196.286438714578
679641650,34783410-f0ea-40d9-b2cd-fd111b1d7ebf,Egretta novaehollandiae,egretta-novaehollandiae,4936,unrelated,-35.4560694769,149.0409942994,inat_api_calibration,1e377858d7666d9f570d6108a658c858a2f6ea39c6caa50f2bae488eb842f8d6,2026-06-16T00:12:00+10:00,2096.6572496866625
679641748,fd1d6fc6-afb6-4f40-aea3-14cbade46647,Zanda funerea,zanda-funerea,1432688,unrelated,-35.4556749722,149.0403449722,inat_api_calibration,757f7a2840deea9aca6c6300685d821adaa6482a499db97ac3bddf4a9d3b4d01,2026-06-16T00:12:00+10:00,106.42057652099918
679646023,f3be71b4-5faf-4898-ba7b-f8d141425855,Gymnorhina tibicen,gymnorhina-tibicen,8575,unrelated,-35.436575851,149.1140460376,inat_api_calibration,b235dc229c5284b143eb3b2d6b3e5b35cbb300c30fb5d35289836718256ee493,2026-06-16T00:15:38+10:00,1907.9412402235241
679646039,dda4e5c1-9f36-4b17-8610-4cc4eba9e0ed,Manorina melanocephala,manorina-melanocephala,12231,unrelated,-35.4365182742,149.1142850534,inat_api_calibration,ac2d4bd3ae3081947748018ad5ddb8ca1d3e46fc0357b968f4b17df13d82afc3,2026-06-16T00:15:39+10:00,4184.937926596802
679646094,87707210-f902-45dc-9491-00783209ba12,Trichoglossus moluccanus,trichoglossus-moluccanus,980095,unrelated,-35.4365764673,149.1139111157,inat_api_calibration,569313b171a9d751c98cf9d7d120bac126a98b648fca41f7799048cdfc3b516e,2026-06-16T00:15:39+10:00,2986.9117772237914
679646130,62ddaa30-402d-41aa-b1b9-1bc8617a95de,Psephotus haematonotus,psephotus-haematonotus,19009,unrelated,-35.4365728883,149.1140764135,inat_api_calibration,97bd9f7cc815155dd7cd90681133f5efb91291be61b7e40424e2da5b7dc48ea8,2026-06-16T00:15:39+10:00,1053.4355865402354
679647204,fe693ae7-c7ac-455d-9966-e9b93ba09299,Ficedula narcissina,ficedula-narcissina,13128,unrelated,46.7121305276,142.5408309195,inat_api_calibration,181844bab99f38d08394e999e66273cc4194e1786b640cc04daaa78f9fd730c4,2026-06-16T01:15:48+11:00,338.33114419803684
679647991,aa18c740-ed85-44b6-9f20-b84c411b114c,Pardalotus punctatus,pardalotus-punctatus,13531,unrelated,-37.5298420354,149.7341776375,inat_api_calibration,4f95b2e4da825ac24f3de3374133d14a083ef63f10c9618d5814b125c48590f1,2026-06-16T00:18:17+10:00,449.94014335352904
679648822,a8a09119-645e-48d1-ae16-be577e167eaa,Helopsaltes amnicola,helopsaltes-amnicola,1289503,unrelated,46.9672935173,142.7688576374,inat_api_calibration,cdb5614cb70dbfb53d0feb469a58f80717b8c6482a365211d8cf4738b528b65e,2026-06-16T01:18:58+11:00,500.156906030315
679649450,81945894-afbc-41c3-8525-26d806870290,Emberiza fucata,emberiza-fucata,9198,unrelated,42.9958621135,131.9286757385,inat_api_calibration,3993fdd92935387ba1e491442bbb3caa93d461cf3ce605a4892afe21b6d40158,2026-06-16T00:20:05+10:00,778.938701154102
679650104,9d63bfa8-a210-43b6-911e-742855a40251,Rallus indicus,rallus-indicus,144477,unrelated,46.7113772536,142.5428674467,inat_api_calibration,00527ff3181308a1f0031252547f9b00876a1139fc3dddafb4bd512720e84c93,2026-06-16T01:21:18+11:00,54.235632177524806
679649969,cf6f38c1-f3d1-424a-b63c-77edabf67271,Acrocephalus bistrigiceps,acrocephalus-bistrigiceps,116795,unrelated,46.7131737998,142.5381304402,inat_api_calibration,7a9f84c68b6baf07a4fba9eeb0ee2ea1a66c4e4165ae67de2eb5feda0c2a14de,2026-06-16T01:21:47+11:00,207.78303776456755
679651331,af5e99c5-77b5-47c4-a5dd-2333676c5355,Cuculus optatus,cuculus-optatus,1927,unrelated,46.9708041031,142.7626402441,inat_api_calibration,b7587998f505e137af66b557511a0632e33ef8879336403063189c3ae2e583c7,2026-06-16T01:23:10+11:00,1227.320696496842
679652615,f39fca44-fde7-4ce2-a0d3-4b73523cc15e,Aegithalos caudatus,aegithalos-caudatus,7278,unrelated,46.9462002285,142.7687430281,inat_api_calibration,fa37876fe048f035d54c9914b0a64809e3bdbfc3db1be907faedbace65107340,2026-06-16T01:25:41+11:00,435.5368587515986
679653054,3fad4a61-669d-4bb4-9cc0-97ef10838417,Pardalotus striatus,pardalotus-striatus,13532,unrelated,-38.457802,145.224181,inat_api_calibration,35ae7bb9c4053c76a3c9f28928b7a09cba25565a4830380a380118d05c58bf69,2026-06-16T00:26:38+10:00,506.3127516890707
679653758,fda22ac6-7b43-4257-bec1-df856da06b4c,Threskiornis spinicollis,threskiornis-spinicollis,3741,unrelated,-17.8463683333,146.09968,inat_api_calibration,d02013aa8e017245463743fcb097ea975bc2288fc82e476dd22ab9b9a782ca29,2026-06-16T00:31:18+10:00,35.835753921620714
679653851,0ab1eb52-f3d2-4c51-838a-b02745e58d4b,Dacelo novaeguineae,dacelo-novaeguineae,2413,unrelated,-17.9165380681,146.0845747772,inat_api_calibration,aa916379dcb5099481feb1b84fd9b82d8413cb045353daf3eee35e9126c6f105,2026-06-16T00:31:19+10:00,475.5767105954595
679656716,b93dcc41-7243-4927-9abe-0d234eb53318,Cisticola exilis,cisticola-exilis,7657,unrelated,-17.8144666667,146.0784066667,inat_api_calibration,87391bd7b362995b5b68b19aa6412ed31aab779d0368a5af638ae6208e08bc7a,2026-06-16T00:35:32+10:00,111.11511892751493
679660596,b41dd7c1-f76b-4897-a9a1-8af899a1a52c,Podiceps cristatus,podiceps-cristatus,4208,unrelated,42.9939749436,131.9313891111,inat_api_calibration,aee3d6bc8a47aaa6baae9392ca9a0f4cfc36afd7fe35faf06a6db61882a1a76c,2026-06-16T00:39:57+10:00,323.41725035348315
679660669,6d68cb74-8b21-4808-ae6c-8ed0142b9008,Carduelis carduelis,carduelis-carduelis,9398,unrelated,-38.4589888658,145.301601628,inat_api_calibration,a86de2c8c859cfe83e3b35e152f5ffb7cf4392bbdf9c1e62e323b5c34e0f3600,2026-06-16T00:40:10+10:00,906.3641962900684
679658759,ec888396-7451-450f-a5e8-64429036d659,Merops ornatus,merops-ornatus,2238,unrelated,-17.819695,146.0741116667,inat_api_calibration,d86a150114e6ea835f443c91992009d17951b5e35cba3f6e39d83ac7449a139d,2026-06-16T00:41:54+10:00,575.0530512922243
679658787,3e58bc23-b366-4db2-9cbe-14d919d8f6cc,Petrochelidon nigricans,petrochelidon-nigricans,144806,unrelated,-17.8196933333,146.07411,inat_api_calibration,52790e9c15c8cc847dcae5006a106bfc8692cb09cfd9c94276595c9444387568,2026-06-16T00:41:55+10:00,101.81870496455211
679658806,70ff4e62-8cc9-4f32-8c42-b9d0a9a1139b,Ardea coromanda,ardea-coromanda,1585373,unrelated,-17.8216565712,146.0767078816,inat_api_calibration,b80d4d75ea8783826eecaee4b7c213436fb342c6e2858c0eeca3a2618a085da2,2026-06-16T00:41:55+10:00,322.2840190214948
679658842,4131977f-c875-4121-b5fe-24824d35ef6f,Sphecotheres vieilloti,sphecotheres-vieilloti,73407,unrelated,-17.89241,146.0925333333,inat_api_calibration,37577bc2889469062a3965d3a26ab3905f1755b61f3c1002c7035befffe663df,2026-06-16T00:41:55+10:00,3293.6058123682587
679658862,7f0fb54a-845c-456b-ad08-86412844e580,Rhipidura leucophrys,rhipidura-leucophrys,8143,unrelated,-17.8925933333,146.092635,inat_api_calibration,e6fc9d2830d1cfa87f895af650d2c315088c856ab21704d764f9ad73c4984203,2026-06-16T00:41:55+10:00,1317.81296922244
679658942,621f7bec-cb97-4fb5-bf64-06e03471fbcf,Dacelo novaeguineae,dacelo-novaeguineae,2413,unrelated,-17.8979766667,146.093975,inat_api_calibration,3f2e5c17353ab289098fae4626ba0a955eb00a0a251454924bfb274718fbb00f,2026-06-16T00:41:56+10:00,145.61766148552516
679664503,ff835e5d-f2ac-4dbd-adcb-9d38822e97a5,Meliphaga lewinii,meliphaga-lewinii,12305,unrelated,-21.1671116667,148.5055983333,inat_api_calibration,e1648bea22e299a7592487b6fff488d1e3e91c55ef2c4347817cf1cc1a882b0d,2026-06-16T00:47:26+10:00,562.3642050466408
679664505,db8e96ad-db38-4b10-a66f-0c74c665c295,Rhipidura albiscapa,rhipidura-albiscapa,144737,unrelated,-21.1686416667,148.5057433333,inat_api_calibration,e07e98d6caa8408db55057b510d704ff719de95c3433186275ff899b92a3ee26,2026-06-16T00:47:26+10:00,212.6771319911558
679665145,33deb077-c589-4fbc-8fa9-4315a8e0b370,Zoothera heinei,zoothera-heinei,13037,unrelated,-21.1688443063,148.5062592719,inat_api_calibration,fbf81c92040c6cc56d8c485c19b07cef5f965f8b44263f558c7cd01b6e4828c4,2026-06-16T00:48:45+10:00,175.0044554922934
679665784,a06b33b0-bc34-4fe2-a3a3-bb22bc0293a6,Fulica atra,fulica-atra,482,unrelated,42.9939476822,131.9314691457,inat_api_calibration,b208a9a4063e35577ef87976ecc6c6fb7a23b15f82c0b727738fb8b9e8669e38,2026-06-16T00:49:27+10:00,883.5794020270538
679666286,41fe6be2-d8ea-468d-ab99-4e6b12a96ae5,Dacelo novaeguineae,dacelo-novaeguineae,2413,unrelated,-21.1674171122,148.5059324679,inat_api_calibration,d796ad154d355c3042cfdeba0d007e8d723f61713a0fa72fd1f94b53058806fd,2026-06-16T00:50:28+10:00,1008.1946014582248
679666928,f737ab68-766a-41da-acfd-1ceaaf17322d,Ceyx azureus,ceyx-azureus,144646,unrelated,-21.1703916667,148.502685,inat_api_calibration,9dab76b70e023ac7fb66acbb3e6a64ef2d7a03e310d2f006a8ffe25f6834fe4c,2026-06-16T00:52:21+10:00,228.60736485818427
679668512,b738b46b-2a62-4158-a693-7d0589126a94,Malurus cyaneus,malurus-cyaneus,12065,unrelated,-34.9033877997,138.706836,inat_api_calibration,db563a0b3aa1948d615f5fa4a9b6acd6450d33bc891d6242ae3c801f5b2cfd67,2026-06-16T00:23:46+09:30,484.039650924178
679668657,29df7168-e721-4d68-8571-8e2a826cf321,Dacelo novaeguineae,dacelo-novaeguineae,2413,unrelated,-34.9031836124,138.7049929798,inat_api_calibration,8bb110ffd5c509c80c2cd3ee14137055ba9e370e932b175c47785511c811b517,2026-06-16T00:24:00+09:30,8678.21314814934
679668735,0f87d082-569e-4456-b880-27bcbdc3055d,Dacelo novaeguineae,dacelo-novaeguineae,2413,unrelated,-34.9029378997,138.7032253,inat_api_calibration,6e235f4c52292fc75d4a6f133693d90d70340095493ef695590631c590018540,2026-06-16T00:24:07+09:30,5725.743585078242
679592093,98ab1a20-5601-4cd9-9666-12ae9ca50bd8,Passiflora tripartita,passiflora-tripartita,133169,unrelated,-41.2681833333,173.9694666667,inat_api_calibration,844c15d6d458429cbc23b7818786ce01f225d6d22f1125e4ae5c343eea370e9b,2026-06-16T00:07:32+12:00,3790.5624157115403
679624485,e4b86359-0f35-4446-be12-ef2907390a22,Euonymus europaeus,euonymus-europaeus,55847,unrelated,-41.5541583333,173.9305283333,inat_api_calibration,527b5dcb5aa40885043966f72c6950fe8defa46799267b872c19593eb5424a71,2026-06-16T01:28:30+12:00,4407.985431364802
679638607,7c1cf0f2-ffd4-477b-ad6e-a06ab5bc0d10,Bacopa monnieri,bacopa-monnieri,75732,unrelated,-30.314935321,153.1255433391,inat_api_calibration,d117ca353e1c4c3ee1fbff8b280cc6a44cd00c45a6b0aef5c885105a083a548f,2026-06-16T00:02:04+10:00,4427.097647401549
679655833,8c2454fc-85a6-4692-8e64-a1fcbb0e62d9,Anthocercis angustifolia,anthocercis-angustifolia,153182,unrelated,-34.9067544997,138.7077596997,inat_api_calibration,10450c9252baf2377f5f6f3135151fc0b722d0be23984189afdbb5823e9d2a5f,2026-06-16T00:00:21+09:30,574.0770042917318
679653570,bc222586-b276-44a2-9d78-0c4c711a3f2b,Leptocarpus tenax,leptocarpus-tenax,323479,unrelated,-30.3148094027,153.1253267777,inat_api_calibration,fbdd502e76a38bcda050fc304d4efdd30c400e1a29a9f8658df80555a78a525b,2026-06-16T00:30:44+10:00,426.32735625591755
679653665,66b3a2ce-5c9f-410b-9622-b66342ba1204,Ageratum houstonianum,ageratum-houstonianum,120944,unrelated,-30.3149919849,153.1258434566,inat_api_calibration,3cfa18216d7a35a69e836a15f1a324777758dad2296e9be966cb63e89242ee99,2026-06-16T00:30:45+10:00,456.8496188081943
679655933,6bb2669f-7cf0-4e92-ba36-e9c7a54aaa43,Anthocercis angustifolia,anthocercis-angustifolia,153182,unrelated,-34.9068581,138.7078320997,inat_api_calibration,b6d8a6e7038dc1da2a1167e1c9d3a4ae8a66aa03b4c3d27ea5584d25f44aac79,2026-06-16T00:01:17+09:30,561.5101297070106
679657612,d99557f7-3974-467c-a1d4-2916faa64efd,Fumaria capreolata,fumaria-capreolata,57852,unrelated,-34.9072219,138.7080655,inat_api_calibration,465959277576e02d66b4741ac0b7331c69a50234d1044b9e7a4f10d1d99e4915,2026-06-16T00:01:44+09:30,238.1104569126077
679658340,7b5c4fc5-fceb-434f-9003-21745e49720a,Solanum nigrum,solanum-nigrum,79141,unrelated,-34.9072511997,138.7080843997,inat_api_calibration,519603cbddfe7e0914dcd3a792e8923a892b94b3ed88828375f9a3bf15e31d00,2026-06-16T00:04:47+09:30,563.8976277387317
679660969,1ce4d353-db79-459e-88cb-2437fd55f6d0,Olea europaea,olea-europaea,57140,unrelated,-34.9066489,138.7081704,inat_api_calibration,01d1e1dc4450501e04de06b0a6c35961a623e91da5421eab46a3cf056f9e1f35,2026-06-16T00:09:52+09:30,1312.348939506751
679661314,3ef4ab6c-8bd2-4d63-8058-c1c4c9063efe,Allocasuarina verticillata,allocasuarina-verticillata,122323,unrelated,-34.9064727,138.7081067,inat_api_calibration,9c324b8f5fcf0f361286d454fb3d5fe6d7af3292b496eae65d5e76bb257c585a,2026-06-16T00:10:29+09:30,13077.381032156467
679661710,9b4c6825-2c47-4136-9685-1fbfc0eb4daf,Acacia rupicola,acacia-rupicola,481938,unrelated,-34.9064473997,138.7081282997,inat_api_calibration,f48c2b29bef5cba05aa545c8bac6bcd28b98c48b161bc2b6562bf78d05bf172f,2026-06-16T00:10:46+09:30,1761.7346969995344
679661869,ce42269f-b2ca-483a-899d-c87f0ce2011c,Asplenium subglandulosum,asplenium-subglandulosum,520269,unrelated,-34.9064237559,138.7081087008,inat_api_calibration,899263fa170c03383ed1df2ef7436af07e53f0984e1b7999d0a4710fe6bb605c,2026-06-16T00:11:31+09:30,8233.301720802523
679662561,bc876285-3e71-4eb7-ad3a-4ed07437b278,Dodonaea viscosa,dodonaea-viscosa,122711,unrelated,-34.9064325,138.7082259,inat_api_calibration,4cada6fdb10c39af803ec2464460b1a8f4eaa6f5706d8a9251c59a455b18bcf0,2026-06-16T00:12:34+09:30,9314.086124205092
679664783,311d8149-8477-4717-832d-a6b950fdadae,Spyridium daphnoides,spyridium-daphnoides,1473169,unrelated,-34.9065076997,138.7084975997,inat_api_calibration,c68f02f21aa0f6aed02a9f73b85b4f332e71eca583227ff81bebb5e724fdb240,2026-06-16T00:12:54+09:30,2325.6042647427294
679665040,e582987b-59e0-4aba-a464-0451720651e4,Gomphocarpus cancellatus,gomphocarpus-cancellatus,481919,unrelated,-34.9062383997,138.7088090997,inat_api_calibration,7c86feb51cd95311ccbff49a0d74647b2a54db5aabcbda568ece4645f3ff11e7,2026-06-16T00:17:32+09:30,4181.718260939695
679665096,894bafb1-e98b-482e-9e7b-56a588d83f85,Logania saxatilis,logania-saxatilis,555941,unrelated,-34.9059791997,138.7087128,inat_api_calibration,88c7c3fb0953214844e34816f75d477590a1f2639aa23bb6901056a06f9e74b2,2026-06-16T00:17:48+09:30,176.97274757721974
679665623,a06f1b4f-ab8b-44f2-b41b-f71f635c080e,Solanum nigrum,solanum-nigrum,79141,unrelated,-34.9058307997,138.7086142997,inat_api_calibration,6e99a40274d2103b5ca51f7673c9fc0cb5c680e95acdf07b491d292d7cc05524,2026-06-16T00:18:38+09:30,5961.256145528058
679665987,565b1e91-d26c-4aa8-b97d-6d1b521fd93a,Cheilanthes austrotenuifolia,cheilanthes-austrotenuifolia,323950,unrelated,-34.9055549997,138.7084565,inat_api_calibration,6a966642db319ff090966702cb57f1635e3aeb0ca73794bd6e272791fa367bae,2026-06-16T00:19:11+09:30,5895.3056275431945
679666093,c943500f-79f2-4c54-8984-a015f540fd19,Acacia rupicola,acacia-rupicola,481938,unrelated,-34.9049266997,138.7083043,inat_api_calibration,14c6c6b8f95221b35d4264b23fcf4096481dd7e05c06751154bfa46682d786a2,2026-06-16T00:19:29+09:30,683.0851972996445
679666179,3e01c89b-b56c-4da7-a9d8-92bd2aac0b6e,Xanthorrhoea quadrangulata,xanthorrhoea-quadrangulata,135328,unrelated,-34.9046943,138.7082464,inat_api_calibration,c695813d7d28c5e645f9de922218656880c38e898527fd5f57c05c463544b310,2026-06-16T00:19:38+09:30,18184.86432159039
679666441,bf378fa5-deca-45d0-b895-206704196ebc,Allocasuarina verticillata,allocasuarina-verticillata,122323,unrelated,-34.9046943,138.7082464,inat_api_calibration,401ca97683f60a78acf9b7f1bf0ed3c79c0b96f22ec88f713f398f8470f1f249,2026-06-16T00:20:02+09:30,6891.279020263416
679666526,45040b66-abc2-46fb-9e0d-796c75a22af7,Olearia ramulosa,olearia-ramulosa,465914,unrelated,-34.9044614,138.7084427,inat_api_calibration,c5af36d52a61eeb706ce40c9b4159c09f97f2b559b39248ce9616640825f26c6,2026-06-16T00:20:12+09:30,6015.376583027568
679666777,5e2429ff-c460-4c3f-82c7-f0934f812e91,Stenanthera conostephioides,stenanthera-conostephioides,1391984,unrelated,-34.9044085997,138.7087669997,inat_api_calibration,609faac2879424fb07b5954da7a7f2f72071eeb4365710e1ab38aa76a76c26e0,2026-06-16T00:20:42+09:30,5304.667218010471
679667021,be80e8b5-7277-4cee-91f7-ed2ac664e358,Spyridium daphnoides,spyridium-daphnoides,1473169,unrelated,-34.9043527997,138.7090168,inat_api_calibration,f058fc2e02f1e1f85306ebc8bc3c304627cf83cc14485cb8d9278394a2358e4d,2026-06-16T00:21:00+09:30,1079.6497173963776
679667114,7cb6daa7-f24a-4b38-a91c-6cb042f0e98e,Gomphocarpus cancellatus,gomphocarpus-cancellatus,481919,unrelated,-34.9043545997,138.7090393,inat_api_calibration,f26b1db7fe1358983a76e9981161126235c50ed3cef29677354af01ed3e9cbd6,2026-06-16T00:21:15+09:30,1205.8184957029332
679667364,4620e8a1-72b2-42eb-b868-e25778bd4e10,Cheilanthes austrotenuifolia,cheilanthes-austrotenuifolia,323950,unrelated,-34.9042457997,138.7092485,inat_api_calibration,006b88fcfbbe20a50190e892f247b0b6b388720af39d0235254656569db30c54,2026-06-16T00:21:31+09:30,3167.9859324583977
679667471,414d9c38-be54-4c55-9339-38328447dc56,Pteridium esculentum,pteridium-esculentum,194768,unrelated,-34.9042432997,138.7092349,inat_api_calibration,32ae5eaffb31d5e7cada9f3be5a2c319d756b9d9618f52ec2a8146f66407cb21,2026-06-16T00:21:48+09:30,5105.554312983378
679667613,afa0ff17-73d4-4120-bc93-cf11d2aea549,Phragmites australis,phragmites-australis,64237,unrelated,-34.9041326997,138.7089756997,inat_api_calibration,11e49ba10aba7e9cb59cb5b096099acbeba6d6863d7a74d5f89f2dd9c52eca3e,2026-06-16T00:22:05+09:30,5313.721555447029
679667895,f18f7d32-bfc8-4e24-b0e8-82e621ee072f,Olea europaea,olea-europaea,57140,unrelated,-34.9039752997,138.7085554997,inat_api_calibration,cab32dea8c9efb974fae32ac54d54f9c20a1904907cd022b9fdacb77f12c4869,2026-06-16T00:22:36+09:30,2715.1893764009105
679667976,0da19ccb-0df4-4824-9246-cef53f57c7f1,Banksia marginata,banksia-marginata,133274,unrelated,-34.9040036,138.7080951,inat_api_calibration,f35e2376b6e7ea16263fd19c901a52332f72d2a37571e04350eaaeb7ef7214ba,2026-06-16T00:22:46+09:30,4308.117697695715
679668057,0b108424-871d-4d6a-8148-bf18cef92d92,Xanthorrhoea semiplana,xanthorrhoea-semiplana,481616,unrelated,-34.9037761,138.7074787997,inat_api_calibration,0c0b58dd807c8faa1402c8160beaa94a7486101ef6a8f00da1a5ae7b67403910,2026-06-16T00:22:56+09:30,7965.416569345642
679668258,e62c8881-039e-4d8a-80ab-0aa8c9fcf018,Dodonaea viscosa,dodonaea-viscosa,122711,unrelated,-34.9037761,138.7074787997,inat_api_calibration,32c226aa1d18629ba93593f934648be0f3d74f30516dcc94bde67b00f564f320,2026-06-16T00:23:21+09:30,631.0610840470213
679668324,2a5b4447-8b7e-4db6-b8b0-be3aa9767e13,Pultenaea daphnoides,pultenaea-daphnoides,321215,unrelated,-34.9037761,138.7074787997,inat_api_calibration,3f9e25c613ce096cfb12f2b53fb5f674c0b777f47a739f9d1d8810322ea946f0,2026-06-16T00:23:29+09:30,914.0177756305873
679657582,77c38e1a-88e5-4a2d-ab9b-bb4d132c8e2d,Lemna disperma,lemna-disperma,356088,unrelated,-37.8041256676,145.3410165349,inat_api_calibration,4038fc82c2395dac4eb0b63ede8d3b7815cdbf10e1d383633371682249f4b2a5,2026-06-16T00:54:17+10:00,1761.4302788284597
679682078,ad77042c-7c3b-4c88-9190-6dd0eb6457e7,Chamaenerion angustifolium,chamaenerion-angustifolium,564969,unrelated,36.1106445,137.6651216667,inat_api_calibration,795dfaf004b4ea54fdcdc40265961d73701c67c012f4e0f1641a5f0ac17e3c24,2026-06-16T00:19:42+09:00,5200.921557298721
679678315,b68414f8-2b9b-48a3-abb7-8aaa277b9285,Delonix regia,delonix-regia,62839,unrelated,15.1853849665,145.7181593777,inat_api_calibration,dd0554ad049244164ed0eb2a6cc67b2017da32cd88ab3ad9017bbb2be78eedbb,2026-06-16T01:25:06+10:00,3827.7220646939472
679678435,1fa17660-fb78-4e90-a980-a04d42190d5a,Calophyllum inophyllum,calophyllum-inophyllum,159698,unrelated,15.1853849665,145.7181593777,inat_api_calibration,8c411423bf095fbb80bbbb316f69790273b59873378f7b0f7178e525eea238b1,2026-06-16T01:25:08+10:00,1036.747370326583
679678583,28fd591e-0a73-4ffc-a68d-4dc4a6b175d1,Macaranga thompsonii,macaranga-thompsonii,552070,unrelated,15.1853849665,145.7181593777,inat_api_calibration,81c2c6d5d7820a2db7a546e9ae1e7c0f2aaa2ec9c9c00ed8dd76ae18f44d2397,2026-06-16T01:25:08+10:00,3913.948568196388
679678947,499225e3-e683-41bd-8162-d66ec42322ce,Caesalpinia pulcherrima,caesalpinia-pulcherrima,60439,unrelated,15.1853849665,145.7181593777,inat_api_calibration,3e38b91f4b0651a9e37a476460277f88408787aa51bbfe6286e2405711264939,2026-06-16T01:25:09+10:00,1460.722245147026
679678977,354ce7d2-27fa-4270-8caa-c454660f33b5,Ipomoea pes-caprae,ipomoea-pes-caprae,60879,unrelated,15.1853849665,145.7181593777,inat_api_calibration,c06941447072f44637f31a4f2ccb7d44eb8d270d6ece60bcce5811c3639cd4b9,2026-06-16T01:25:10+10:00,2935.42857562194
679679157,aa0a2c72-724c-4d6e-b57d-e78567373c02,Artocarpus altilis,artocarpus-altilis,70027,unrelated,15.1853849665,145.7181593777,inat_api_calibration,cd39b190bd061d524297694eec3ca356e52db3c21868f30d17abbfbb8fdd9c35,2026-06-16T01:25:11+10:00,4009.2312463375174
679679201,6ac07d40-94fb-45ce-a37a-69ace3b8bb8d,Ixora coccinea,ixora-coccinea,133309,unrelated,15.1853849665,145.7181593777,inat_api_calibration,5da1acfd3671f77116eb361761bfe472abf258bf62d37c779cd904eb8f8060d2,2026-06-16T01:25:11+10:00,1921.0190899616814
679679213,9150ef25-a747-4b0d-b72c-5022f0d5360a,Barringtonia asiatica,barringtonia-asiatica,189657,unrelated,15.1853849665,145.7181593777,inat_api_calibration,4d9464e193d048c36df6713d150cdea0fdf3c3ba03ff404ecf647e52a6762ad3,2026-06-16T01:25:12+10:00,4395.422212251763
679689659,97e184c8-980a-4a86-ab80-a42c4b045705,Erythronium japonicum,erythronium-japonicum,321527,unrelated,36.0669471667,137.9519216667,inat_api_calibration,5bb7899a026ab657428bf9a24af1e25075df1fea62a1bb00310c8235cfa91967,2026-06-16T00:33:54+09:00,3978.0236705271373
679690298,9884bc79-9d6e-42dd-99e6-c1142931a81c,Disporum smilacinum,disporum-smilacinum,447617,unrelated,36.0741638333,137.9488533333,inat_api_calibration,8d545a8158577d619a968b489f561655c5a3850cc00f9b7c517ebba00fc6ca50,2026-06-16T00:35:06+09:00,555.6606505665022
679691207,4b114711-ec65-47de-a21d-4c468a8ee064,Wolffia australiana,wolffia-australiana,407044,unrelated,-37.8041308152,145.3410314052,inat_api_calibration,8df495ceb89ecf0608605da903bd28ad5c0a6e8a2034ae5c6b1c1c319a45289f,2026-06-16T01:38:53+10:00,221.4379373900224
679699922,b15d5ffa-4215-4e26-8d78-5f554acd646b,Dianthus longicalyx,dianthus-longicalyx,486210,unrelated,35.1580165762,136.5162801624,inat_api_calibration,171b8afa033f3da6ed9629c56d7786a38aac9ba6c13f7d5626e3bedd1d4571f8,2026-06-16T00:51:01+09:00,6330.813179975487
679700111,5cd9af90-dbd4-4d12-9b8a-29b58c1862a1,Oxalis corniculata,oxalis-corniculata,53168,unrelated,35.1604408361,136.4581565327,inat_api_calibration,49e14133e4b456c7aa7db3b80985e703b8367139709d73ef06117e923d8f9033,2026-06-16T00:51:17+09:00,6260.869000107366
679700754,14ec5d88-0113-4cd9-8dcf-6faabc916833,Lysimachia japonica,lysimachia-japonica,165004,unrelated,35.162336369,136.4549151865,inat_api_calibration,c4d74452e4db733d44ad5c92849822018d7979d65a82891467147aa2e89ecff9,2026-06-16T00:52:16+09:00,2844.440215163471
679653757,58f2377b-e58b-48b4-8436-06dbf063a6f7,Notamacropus agilis,notamacropus-agilis,1453432,unrelated,-17.84582,146.1039416667,inat_api_calibration,75e622b5a82e71e08ad470d04a5b423041ac9b4b8a3577b062059c3e12e26a9b,2026-06-16T00:31:18+10:00,1991.9803639992806
679653953,188daf93-456d-43e7-89b3-27cf8b2b407d,Notamacropus agilis,notamacropus-agilis,1453432,unrelated,-17.9269816667,146.0912016667,inat_api_calibration,10a8f20e10a5145d7db6abb1e429ac58ea1186c269e83113046a9ad2d764f274,2026-06-16T00:31:19+10:00,2685.6538344841915
679654103,f9f4610a-18e7-429b-8335-66ff777eafda,Notamacropus agilis,notamacropus-agilis,1453432,unrelated,-17.9272422653,146.0919168433,inat_api_calibration,011250284646c9cc4aa426d78e9de7bede9837f98c3f9916471620ce72fca648,2026-06-16T00:31:19+10:00,872.9879659743815
679665949,3ce9fffc-b3ba-4a1d-8604-a85b63edf53b,Ornithorhynchus anatinus,ornithorhynchus-anatinus,43236,unrelated,-21.166185,148.5035483333,inat_api_calibration,14efa4e5a68214770a1e669c3d33e6ae07df5a1c2d95222632177fb35aad6d0c,2026-06-16T00:49:33+10:00,234.9957037077077
679667039,7dd4ba18-2170-488c-83b0-5d9d63b31a9f,Ornithorhynchus anatinus,ornithorhynchus-anatinus,43236,unrelated,-21.1674616667,148.5053316667,inat_api_calibration,cb0a88d5718cb20cafd13818ec80183e8a5f8c02004baf78d4394b95f300be40,2026-06-16T00:52:21+10:00,2254.3844792066116
679668796,c88810c0-9655-4808-a0ad-083f65421517,Phascolarctos cinereus,phascolarctos-cinereus,42983,unrelated,-34.9029914997,138.7029767997,inat_api_calibration,d0c600022eefaf0922652edc9f8f43156a2f32514e4f095bc2e94a0239eb3e01,2026-06-16T00:24:15+09:30,3459.290176013993
679706559,8840c41a-54ce-472e-bb53-5aac4893c968,Paguma larvata,paguma-larvata,41625,unrelated,24.402395,120.7116216667,inat_api_calibration,81b572fb17b75c46a0c2a3fb53d9e24dc627532a9349c411261b1ca4f4c5dcac,2026-06-16T00:02:11+08:00,3535.369917099918
679712598,137de0af-2305-4d5c-8527-83024047b0fb,Tursiops aduncus,tursiops-aduncus,41481,unrelated,-34.9267970258,118.5816276198,inat_api_calibration,e5e374a28c58588a11260f2eaa8c21e6bcee6b966cf944277ae7f8fee2536b98,2026-06-16T00:05:05+08:00,534.502698004698
679756921,12edb1f0-07d8-4276-8d43-61fbdd919500,Cynopterus sphinx,cynopterus-sphinx,40792,unrelated,22.3140405997,114.2248371997,inat_api_calibration,dd9cd807c6139dd343ba62b0819b1e1d47b96e3d7168dbe48440700b29c4d91c,2026-06-16T01:28:46+08:00,1333.358688015734
679758325,1e757556-a19a-438d-beab-0f50a2fd0adb,Arctonyx albogularis,arctonyx-albogularis,569410,unrelated,31.9442316772,114.2768959749,inat_api_calibration,19b6de1fce05c4feb0a650ed625fda5065bd0c69ccc2e076003914b4e0fb6476,2026-06-16T01:31:11+08:00,165.53150830391277
679756967,51eb3265-69c6-4dc2-9c44-70bf65d3f378,Callosciurus notatus,callosciurus-notatus,45945,unrelated,1.3334822264,103.7269769352,inat_api_calibration,3b4b12ff1e44030eb5db1d92a25b8abb4dde0cffdd3ad5c5a7c2de3525651994,2026-06-16T01:36:41+08:00,806.1824545480749
679789511,0f231315-f4eb-43cf-9596-9920514de7f1,Isoodon macrourus,isoodon-macrourus,43301,unrelated,-28.0708629579,152.2442922029,inat_api_calibration,43a4e1778a9b8123b140344e4295e51390bc96ec4abdf39aa1c5fdfcc0003144,2026-06-16T04:21:09+10:00,1168.114616255785
679803053,5c5a3f62-502e-4ccb-bd9c-ae6e54b67af0,Macropus giganteus,macropus-giganteus,42888,unrelated,-22.5781138889,148.3527222222,inat_api_calibration,fb8ab6686b530431b04feec849a70dba5488db4b19d95b7432f030e917657f6c,2026-06-16T04:43:26+10:00,5324.330651793029
679800871,dd3698cc-4019-4b6d-b4a7-ded44694076a,Sus scrofa,sus-scrofa,42134,unrelated,53.5428789722,83.7645109722,inat_api_calibration,c912b57d749da9210539fbf882b2232f8a603bcd728b7ab415dbb193d2da4b15,2026-06-16T01:44:36+07:00,7430.746632967449
679805201,a3b5ae91-bf87-4fc8-8268-a18728ef66a5,Notamacropus dorsalis,notamacropus-dorsalis,1453433,unrelated,-22.5854583333,148.3517138889,inat_api_calibration,6e1717aa1941d7610c19acae6e11b32eb0c7fa21d6946222a13f3d7825da2ec2,2026-06-16T04:46:44+10:00,938.2196574936347
679807524,b70f5459-270c-4681-8305-358bceee113b,Macropus giganteus,macropus-giganteus,42888,unrelated,-22.9091333333,148.5579583333,inat_api_calibration,b1b3b4b10f3a0775984fbef392dace08f8be90ef285dfa42458f5401fe75969f,2026-06-16T04:50:43+10:00,336.043488777383
679808801,d9758359-43e4-49fd-abb8-30a7016e6214,Phalanger breviceps,phalanger-breviceps,1642037,unrelated,-5.3602169383,151.3748029142,inat_api_calibration,066d236342ccabda27876595e1f60b9f8d9ac5c831a02c706e28e0866b3ff04b,2026-06-16T04:59:21+10:00,57.534817324496665
679814034,e930e60b-9a95-4be2-94be-6265f3da6289,Notamacropus parryi,notamacropus-parryi,1453430,unrelated,-28.0135523871,153.0065020387,inat_api_calibration,a7fb3dd15fd843d07ec280690d33ec2dde81145b1d022df164ffef4d1eb81993,2026-06-16T05:02:16+10:00,136.87711068765728
679814475,f0f40ac6-9985-4280-bde4-8c7e7714bc71,Notamacropus parryi,notamacropus-parryi,1453430,unrelated,-28.1405227726,153.0646170707,inat_api_calibration,ed91e68c641fe7b7d693b763d91f06106a397340814a7fe0cba147351b82ea95,2026-06-16T05:02:46+10:00,196.5554857525864
679815413,6011b6ae-df00-43f3-a52f-89c70ac18f33,Notamacropus parryi,notamacropus-parryi,1453430,unrelated,-28.0133386473,153.0679271387,inat_api_calibration,6e2552759ca05f41bb279020975515dedb6265815d16207f2f612035978abe0a,2026-06-16T05:04:02+10:00,626.9281549416228
679816617,61ad0e30-7445-41fa-b881-db03be2ea866,Marmota baibacina,marmota-baibacina,46083,unrelated,40.8836422995,75.2799870168,inat_api_calibration,8284d11f1101cfe904e2b544069a60836dd49b00ab5691a1c3d5dd6113210971,2026-06-16T01:06:04+06:00,411.8601491260064
679817131,6df11b83-e392-4686-a152-b5d6fc644bf8,Notamacropus parryi,notamacropus-parryi,1453430,unrelated,-28.1358222099,153.0525174249,inat_api_calibration,050de179c2770cd1bc1b83fb1d37030cb4a92481d88f4045fe802083a7801c09,2026-06-16T05:06:33+10:00,1726.5250306007722
679820669,2d74ab10-8853-40c5-8161-7e4d85251f2d,Notamacropus rufogriseus,notamacropus-rufogriseus,1453431,unrelated,-28.0707728498,152.2462088122,inat_api_calibration,e6ccd8f389d89361e9e31eb07a6e51e2f974b289a573c00c559a498c35094b24,2026-06-16T05:12:27+10:00,1692.2030193828432
679830374,f64b86ba-bb7f-473e-9d7c-78bc5570c543,Bandicota indica,bandicota-indica,45664,unrelated,8.519444386,76.8405695758,inat_api_calibration,07c42d4e26ab2572fdc4832982b56dd339026a5115e88d16a77de951c9dada01,2026-06-16T01:02:32+05:30,265.75131012446025
679850792,a9a39ef7-a9d3-48bf-9dd4-92b9665b6eb3,Phascolarctos cinereus,phascolarctos-cinereus,42983,unrelated,-26.4065859399,153.0878435555,inat_api_calibration,d3ed3ef8ba801acdee3df1d27f36d662636665c4f7688ea2a0eb35bc835daadb,2026-06-16T06:04:48+10:00,2612.223701281761
679858866,3d2987c3-ce4e-4a4c-9a94-6bc39d492d61,Orcinus orca,orcinus-orca,41521,unrelated,-43.004743802,147.9469065596,inat_api_calibration,b731a17bde893b15cdecae021bebfa37db004cadab7852b6cdb0289eb967fa1d,2026-06-16T06:17:39+10:00,1737.3133449061647
679862875,8085df5b-1a53-4c84-9e8f-d2950e62eebc,Macaca fascicularis,macaca-fascicularis,43459,unrelated,-8.1808609999,114.5544502007,inat_api_calibration,d55ad90b1ec66fe1c2028b03e94498e71edb5d9f43869c160001661ae450c8d1,2026-06-16T04:28:46+08:00,861.3999152681673
679869491,a552f05c-68a3-41f4-abe1-e3999ad2a4e1,Felis catus,felis-catus,118552,unrelated,17.4835872204,78.2115935889,inat_api_calibration,80eccc8db8675f4f634191a7fed4e964318e83fa59ff43b9a142f1ada2ba7ae3,2026-06-16T02:06:07+05:30,905.5341502981895
679870130,ca26c0db-2c47-4ef0-a292-b0b457ffd4bb,Suncus murinus,suncus-murinus,46531,unrelated,17.4230569962,78.2576960024,inat_api_calibration,a12228c3ded145eff1344c4c4f26df451e00b15065c9622863d088f7b0b18b9e,2026-06-16T02:07:01+05:30,301.3347377908638
679879364,7cacee4b-937e-43c1-b1cc-6323ad5f1554,Macropus giganteus,macropus-giganteus,42888,unrelated,-20.9483083333,140.9835666667,inat_api_calibration,05b34acb70ec380fcf258fdc4323ef0426fa4926cd270d7ebc6f3285ff7ebce6,2026-06-16T06:52:44+10:00,10242.78197232517
679882315,19148490-ac16-4cd2-b902-d1469e9e7250,Mus musculus,mus-musculus,44705,unrelated,-41.3243149722,174.767061,inat_api_calibration,7af59b0e35672c6e32c4dfab8a8cb8c546e05be35433db646630a1201a161490,2026-06-16T08:58:20+12:00,596.9107095852429
679884436,b7b437b2-b827-40b6-897a-2803ed1da0f8,Isoodon macrourus,isoodon-macrourus,43301,unrelated,-27.5507367969,153.2160397768,inat_api_calibration,0172605a5a230fbf4892b20a8d895c17aca80b58620e575c6cb60a6a18f8228f,2026-06-16T07:01:24+10:00,8548.55686975403
679885074,843a4fa9-0cc0-4af8-b7cc-04b0371d747a,Macropus giganteus,macropus-giganteus,42888,unrelated,-33.43208,149.5541507,inat_api_calibration,396f02deb9b01919c69a4da29def17e6e14a3c773cb67488acd972fca6275615,2026-06-16T07:05:11+10:00,2053.696533238305
679998611,ed1f1fda-cc47-4f34-a3bb-296191530c8c,Phascolarctos cinereus,phascolarctos-cinereus,42983,unrelated,-27.5245134197,153.1115980269,inat_api_calibration,4fe4edfca46597f550b0f9e6d36adc22588a04a0de50ed8920801f28375e72e9,2026-06-16T07:15:34+10:00,554.5909444950004
679897591,3169e0c8-ff05-4198-adc5-e36404c04e6d,Procavia capensis,procavia-capensis,43086,unrelated,26.8161074195,38.3526668131,inat_api_calibration,377e28e60701a00c6ebf70975b073d3ebfa0bfc0a974c4d95ae2f6927153e4d3,2026-06-16T00:25:35+03:00,1500.4819056261395
679901144,30c1788d-4eb1-4838-aa5b-26c0241b4623,Notamacropus rufogriseus,notamacropus-rufogriseus,1453431,unrelated,-36.6526361886,149.8253024035,inat_api_calibration,5117a8bbcd14853c8aefba1f9c0874424db00fe024943d47d8bd96ec8fee3545,2026-06-16T07:32:23+10:00,1124.6617724465984
679903824,aa4e9bfe-c93e-45c6-9cb6-5a5909b3141e,Colobus guereza,colobus-guereza,1075514,unrelated,0.1518111427,37.2907868149,inat_api_calibration,d1d55ba0fcd28ecdf1eb8d09cb8ca55c88c738a1290cc604f7a69eed6aac1bc3,2026-06-16T00:35:46+03:00,671.5122997032349
679904914,a7b2e109-78e9-42aa-b23f-81dd5d624065,Dendrohyrax arboreus,dendrohyrax-arboreus,43092,unrelated,0.0333476437,37.3825668099,inat_api_calibration,0eb4c2f1957ea3330e586b940e46bd698fb5deb8c803a83801c25d6d807dc4ec,2026-06-16T00:37:29+03:00,476.45798681949634
679907789,29162da4-1861-4e9f-a2b0-d26a53132b14,Alcelaphus buselaphus,alcelaphus-buselaphus,42418,unrelated,0.2246635805,37.4384887917,inat_api_calibration,b1ec700480dbed1b56aa612c3699739b11cdee1bd21aea3bfc691954f60f2caf,2026-06-16T00:42:05+03:00,163.2045607664951
679909353,dc97ff46-f85e-4a2a-8304-34b5cb98ccc9,Oreotragus oreotragus,oreotragus-oreotragus,42384,unrelated,0.2280257287,37.4338985769,inat_api_calibration,c477204a5d42b917b3ca81b722045043e661644c283f5608f80299edc80de8f6,2026-06-16T00:44:36+03:00,2588.1328219151997
679909810,b64b5a9a-35c1-4a0b-b7f7-19340d96c614,Equus grevyi,equus-grevyi,43339,unrelated,0.2751253078,37.5752983584,inat_api_calibration,02a5fc1206ec6c5a431c9c10f0648dc55ab8be957d608b600dae97eb0bafe884,2026-06-16T00:45:22+03:00,1513.2150844318267
679909840,36efdb33-bfce-44a9-b1f4-6687d2ba58ee,Mus musculus,mus-musculus,44705,unrelated,-37.7889666667,145.3257,inat_api_calibration,a88de8c0c596d87881d102aae12faec5bb798b94af8720b1b6e234283a0ab98b,2026-06-16T07:45:25+10:00,562.8438795255789
679910945,3f0dd381-307b-4740-8363-e3a71bca2f12,Loxodonta africana,loxodonta-africana,43694,unrelated,0.251760912,37.4997682804,inat_api_calibration,a79c7f5b2bafed8ad984d15e17bc21e599129da0f543fb2e8dd403fe82425b8d,2026-06-16T00:47:34+03:00,2253.3570092183727
679911313,d8bcd99c-8e25-4421-95be-2c7d02834719,Megaptera novaeangliae,megaptera-novaeangliae,41566,unrelated,-28.36225068,153.5923004152,inat_api_calibration,9ca8960833d381223b461bab255514be30dd759b05c636ee1ea5957b9240dce7,2026-06-16T07:49:09+10:00,1250.3152811663247
679915253,24027fb0-2ffc-4061-b45a-ab5e1ae2c6ee,Phascolarctos cinereus,phascolarctos-cinereus,42983,unrelated,-28.662348516,153.5778713946,inat_api_calibration,4bd406e1451b3d2df0744adb7d884b004d2dcc48197b4ef22d80da67588406d8,2026-06-16T07:55:13+10:00,679.2291072864616
679908414,16db9fd7-9ded-41b0-aaf3-0c1ad0be37c3,Talpa europaea,talpa-europaea,46970,unrelated,45.6276156713,14.2828013565,inat_api_calibration,c15e6ece18364bf6f1fa4e654844f7041b95c040fcdf61d85da998ef15299603,2026-06-16T00:08:13+02:00,4031.646870918182
679911266,bc58d6f3-de66-441c-b818-c0b5fad53bf3,Capreolus capreolus,capreolus-capreolus,42184,unrelated,45.6640983333,14.3696983333,inat_api_calibration,88bbafc0927253981ea6e159e8e2a27c4a4c7ba1533dcb6353670858f84828d3,2026-06-16T00:08:23+02:00,5091.769481333841
679911300,21718b93-5fe3-41dc-a11e-7e139ea587b3,Cervus elaphus,cervus-elaphus,204113,unrelated,45.6213016667,14.4225616667,inat_api_calibration,cda2b0cae82660a462c3e7087b2035dac173084381a3613d6965c6603b54cf22,2026-06-16T00:08:23+02:00,7308.5676689509355
679911327,97ec5363-f007-4fc7-be34-d3df9ec9a9e0,Capreolus capreolus,capreolus-capreolus,42184,unrelated,45.6168416667,14.3980733333,inat_api_calibration,df1c704a7b2e9e0f5647ab4983cd2428fe9f08f873f7b4e6fe44c3caa5e8628e,2026-06-16T00:08:24+02:00,624.6775992004166
679911740,e9b24ff1-fbf1-48a1-9074-fa0804784bad,Sus scrofa,sus-scrofa,42134,unrelated,45.8619370916,13.4234740441,inat_api_calibration,ae1dd94264d2963fafec48cab637610043f718662d4a49bb4b5547a59ca84a5d,2026-06-16T00:08:29+02:00,6327.688863655775
680626654,d7df1a1f-4fd4-4afc-a1a3-a3016ce53f36,Brachymyrmex patagonicus,brachymyrmex-patagonicus,356419,low_quality_known,32.6641583333,-79.918105,inat_api_calibration,3936a69a5b4cc6ee27996fb9976c6a494b5f0dc8bd3434dee1b0c1a46676f9d8,2026-06-16T20:50:22-04:00,9.449249805103578
680576824,273a2e4d-b956-4f48-8217-0308a81e0884,Linepithema humile,linepithema-humile,68165,low_quality_known,37.3005135396,-121.7617141376,inat_api_calibration,c1f60dd2539580e2f99faff29bd78de91cea27578c5b9a7c93843355df67e085,2026-06-16T16:01:24-07:00,9.47639845469584
680405085,e515c9b1-2e91-49d4-aaf8-d84f179ef3c2,Tapinoma sessile,tapinoma-sessile,47340,low_quality_known,41.2763410049,-73.7806724429,inat_api_calibration,7fae67c030c874de07e74439bc291f88814d54fa6ff905e2f5c6192526a3840a,2026-06-16T13:51:19-04:00,12.702819589618434
680501959,8d5bb236-1cfc-4a6f-80d1-1096b0113235,Formica rufa,formica-rufa,53853,low_quality_known,47.13649,15.3775783333,inat_api_calibration,77d091140b53f72d58f7c322197e29d3bce601f093b2181866fba7fe4f61ade2,2026-06-16T23:26:36+02:00,12.92242573377881
680193643,3fb57258-4451-4b00-b7e6-684167ef2aba,Lasius fuliginosus,lasius-fuliginosus,124150,low_quality_known,49.0719730548,17.4713331833,inat_api_calibration,24949b5fad54e8e24d5f62651c3bd4762b3af57bd726b0c534073a3570e9dd9a,2026-06-16T12:23:22+02:00,16.383911220988367
693906680,ca818b8b-94e4-4773-9d3d-c9701b08e25c,Odontomachus erythrocephalus,odontomachus-erythrocephalus,321869,low_quality_known,6.5525475538,-74.7856497915,inat_api_calibration,670c5be2628f4b6ba716c5326603b4cf6ada35b811d6ec6a1df89fb9f7d9db08,2026-07-08T07:17:01-05:00,21.60241060432042
681392104,8bd71efe-e1e8-4e20-9539-d6eba2dc9421,Colobopsis truncata,colobopsis-truncata,503397,low_quality_known,42.5258799966,18.7795213262,inat_api_calibration,0c8b5a4137c55f81f3c8a5e9779ee6d78a03cfbe08b87c58e494f32888167f69,2026-06-18T10:20:21+02:00,25.382579038038955
681878609,a5643689-dce8-4387-bf58-6812ceaa7b5f,Paratrechina longicornis,paratrechina-longicornis,69388,low_quality_known,4.96753511,114.87941955,inat_api_calibration,2ce6aaff22f7c61a7feca010eebc6aa618505a55f2f6867be9813a60033d5bdf,2026-06-19T10:57:15+08:00,28.187627127514318
681904051,0ebc2602-ef5b-4221-82ab-45df192265b6,Pseudomyrmex gracilis,pseudomyrmex-gracilis,300301,low_quality_known,29.6420705414,-95.8169789868,inat_api_calibration,6325052f4751ae3758b1f3deafdad676e66ec04e15707e75653adb246417dbb7,2026-06-18T23:05:53-05:00,39.24790271639211
680313917,b83b4616-d071-4bf5-b9bf-93b541a40ad0,Camponotus pennsylvanicus,camponotus-pennsylvanicus,129902,low_quality_known,35.5258916667,-79.0109638833,inat_api_calibration,eb3c7ee62b40a36e4e56360a0a039d3ba3f7436ab5532081ccdffb2a879f4b12,2026-06-16T11:08:41-04:00,45.94333030605824
684394838,0c645651-7f3e-4e3e-80bb-8897ef9fd7de,Anoplolepis gracilipes,anoplolepis-gracilipes,123386,low_quality_known,22.127223596,113.5732952135,inat_api_calibration,6695415e1fa9bd71fafae38ccb675682c403db2fe58f23a0f4d2dca279fadd56,2026-06-23T06:23:43+08:00,49.04070897096096
680332306,440f549b-4d73-4c52-8573-a9fe31f4f3dc,Tapinoma sessile,tapinoma-sessile,47340,low_quality_known,41.3198595528,-73.776095782,inat_api_calibration,22297dd32acf125da97f5f81abc1da708dfde274a81897beaeb5af3f16a4aa3b,2026-06-16T11:44:04-04:00,49.507270169979556
680625165,08e08be1-3ebb-4249-8008-18d5a9adae8b,Tapinoma sessile,tapinoma-sessile,47340,low_quality_known,34.81836085,-118.9327775391,inat_api_calibration,079ab774fd9227228f52c304bad5792a704bfafd0a35e4ce2b6d5a052f2857ce,2026-06-16T17:46:51-07:00,50.62542932384678
719354161,0f002e58-fe2f-4194-9333-65d0cdd717c9,Dolichoderus quadripunctatus,dolichoderus-quadripunctatus,343264,low_quality_known,44.8320453791,-0.5844674259,inat_api_calibration,011cdd563b92937f5d5c0f14f5171ea38f2411bdc20bb5b7a98fd9164e1485de,2026-08-19T01:49:25+02:00,50.675670406846685
698271403,25945992-c1db-44f3-a8c5-8745699e658b,Tetraponera rufonigra,tetraponera-rufonigra,155026,low_quality_known,1.3397562,103.6938198,inat_api_calibration,224d72826ec410939879099e80479b8539287b57092fef800db8af5c863fbea4,2026-07-15T15:31:08+08:00,51.57151833300632
708271928,9e808381-3d79-42df-bc82-9dbfac55a667,Rhytidoponera metallica,rhytidoponera-metallica,201975,low_quality_known,-27.1620463201,153.3704079386,inat_api_calibration,1becffa39e0d12d808bfc373439f7cfa7414b832cd6c93dc1766615a06823753,2026-07-31T18:48:35+10:00,54.24762126880175
694893489,0cfd00d5-a961-4c19-aa10-13798a9b9e44,Crematogaster scutellaris,crematogaster-scutellaris,342899,low_quality_known,37.8961366667,14.0662471667,inat_api_calibration,3b407a51e7cfac7ceef6c5e9e88f9ebee635d1da5dd2a88098ebac7b53863321,2026-07-08T23:11:59+02:00,56.2526478382894
681003920,8b854ec0-e64f-474d-9134-345b106e7231,Lasius fuliginosus,lasius-fuliginosus,124150,low_quality_known,,,inat_api_calibration,362949080619bdf47f3e8b8e26a3179a3cbdd6136063bc6465ff4f57372abe07,2026-06-17T19:19:07+02:00,57.90685470584431
684119588,cd944091-422f-4aa4-9435-5ce466b8c6e3,Anoplolepis gracilipes,anoplolepis-gracilipes,123386,low_quality_known,22.1259945,113.5565333333,inat_api_calibration,357a70ab34431f2f84e3fb115f3887cb3bb5026d70e785d9c94f91700e04f2c0,2026-06-22T22:07:25+08:00,59.34718083754798
717985173,9056e872-e704-4235-8b32-128539b5e83b,Dolichoderus quadripunctatus,dolichoderus-quadripunctatus,343264,low_quality_known,49.9867887997,14.3410431997,inat_api_calibration,e0568a0f73122a1d6c6723824ec119e4394a0f19356e531a74acb1f0ce0a9a01,2026-08-16T19:51:05+02:00,66.13016655232911
680306662,d93e565f-b165-44c5-a982-38eb355cdb12,Myrmica rubra,myrmica-rubra,119172,low_quality_known,49.510751246,6.3360191347,inat_api_calibration,c3aa7b1b8467dd409a53a16eece25f61b31a31266cca8be5670e829dc329ce72,2026-06-16T16:54:52+02:00,73.74515898648016
683699334,2bd64617-03d3-4b2a-a314-73d138f231dd,Colobopsis truncata,colobopsis-truncata,503397,low_quality_known,45.2115232388,13.595895298,inat_api_calibration,55d167e9ac837046da5f3101e6737eb51701752d165dec5d427bbd3763178691,2026-06-21T23:12:22+02:00,79.24686364234124
680165474,aa0216fa-081a-42b3-b759-2aa1972e19b5,Lasius fuliginosus,lasius-fuliginosus,124150,low_quality_known,55.8436299722,12.425133,inat_api_calibration,6f8a550b27b1f82f6a5ad9b1d54e7000902faf56528b81b94ff5c33d92efbb0c,2026-06-16T10:41:46+02:00,88.02411781881844
680539126,77633f67-8c39-41f5-9c9d-d425c0c51c37,Brachymyrmex patagonicus,brachymyrmex-patagonicus,356419,low_quality_known,33.8030027778,-78.8681694444,inat_api_calibration,2990dd221778c96e906a1b5bbd2f03a0ed9c46cea6d4c6ae82e19d3adc25b10f,2026-06-16T17:44:43-04:00,88.47450421249268
716058229,1c8fc2a1-aaec-48c6-80ba-3cd6eee88508,Dolichoderus quadripunctatus,dolichoderus-quadripunctatus,343264,low_quality_known,42.2858576786,18.8867962357,inat_api_calibration,c97e8d6e001cbdf797e353839c2229fa9a808048aacdcfb8dcc487cb0add0937,2026-08-13T15:04:21+02:00,89.50833122717208
703011782,ef3e85a9-84f5-4830-94df-d1a28f658521,Crematogaster scutellaris,crematogaster-scutellaris,342899,low_quality_known,44.942396752,14.415240325,inat_api_calibration,d82bc97b8675a73cd5406c0eab4b17ca506ea557eef9e5ee4f8724e6323e6989,2026-07-23T00:19:26+02:00,91.77999560888387
683286974,9736dfd7-5864-466c-910b-d7f00cacb732,Colobopsis truncata,colobopsis-truncata,503397,low_quality_known,44.0819833997,4.5903111,inat_api_calibration,b5060687b017dc71f055c9865ae820c1eb7e46ad87b25f7987ea2b1337cf02cd,2026-06-21T11:01:16+02:00,94.82581359743428
691240293,5f511837-a1dd-4792-acf9-f8087391479b,Eciton burchellii,eciton-burchellii,126838,low_quality_known,16.8756443286,-93.2839886708,inat_api_calibration,9784c6ca7a441ffa5b85948156f269d679726717bd7298b6d7eff535441648db,2026-07-04T01:08:54-06:00,95.0427701554859
680424872,471d359b-6289-4ac3-94cc-7e99cdc1a815,Tetramorium immigrans,tetramorium-immigrans,569552,low_quality_known,46.7427300834,-116.985747057,inat_api_calibration,6dda6c42286de6184c518d203df5ecf4654104b433aaac296c5a59a2249c5542,2026-06-16T11:25:33-07:00,97.77586905772021
680338679,d41f80ea-d155-4e2c-be1b-209713a84084,Colobopsis truncata,colobopsis-truncata,503397,low_quality_known,45.0377644905,7.5105553865,inat_api_calibration,2b40ec50e9fa16050a34fad3ead114a58d7f9030b56a8c854c3d7ca82c894c3d,2026-06-16T15:53:55+02:00,98.50634654782591
712485632,1266be03-8d4d-4307-b340-b8b7f8a03d27,Myrmecia pyriformis,myrmecia-pyriformis,711955,low_quality_known,-37.8105966667,145.2018283333,inat_api_calibration,cf4ee08fcadcea2ffeebe7df782871c8d5f2ea4facdcb7407329004924effc10,2026-08-07T19:17:03+10:00,98.80299703800361
680614423,21041215-a9e4-4c84-b6dc-2039c2b7831f,Solenopsis invicta,solenopsis-invicta,67598,low_quality_known,32.7525874366,-97.7849400043,inat_api_calibration,ccafd242ee43b38865f8e8162909545288ad484f94040cbca172c2cb7e7a796a,2026-06-16T19:21:57-05:00,100.18605660426209
711043123,b0163d5a-d8ef-451c-9703-fef5fe745ff3,Dolichoderus bispinosus,dolichoderus-bispinosus,300626,low_quality_known,3.7515953941,-59.3108484661,inat_api_calibration,b51e50ee737330724f8f422e6e4d0a5e9b4fc965c91107c76ee4984993e29157,2026-08-04T14:28:06-04:00,100.78389074703058
680471587,1cca5791-2198-42dd-a167-1092fb6c6b9b,Brachymyrmex patagonicus,brachymyrmex-patagonicus,356419,low_quality_known,31.2260709715,-83.9110893608,inat_api_calibration,109bca02fd7b42e943c618185cf1de5e131e6de3a9db6da12bf828fc1e91d065,2026-06-16T15:42:32-04:00,101.40026516505509
688374025,fb67cb05-9983-4275-bf87-36ea960fd2dd,Paltothyreus tarsatus,paltothyreus-tarsatus,475699,low_quality_known,6.3722916667,-0.36732,inat_api_calibration,b096d361334de45421f82310bb3225690ed00ab07fc23c472e957cc6aa0421b8,2026-06-29T09:38:02+00:00,109.11144420134107
680859212,3963f128-72c2-4707-9e89-6dc8fb128741,Pseudomyrmex gracilis,pseudomyrmex-gracilis,300301,low_quality_known,28.4124009722,-82.540119,inat_api_calibration,d499a3c7c23a8e3144da2ebb7f1f01fb14a91483b94e16edcf5df3ba0ed4ed60,2026-06-17T08:41:38-04:00,114.15752264599247
680811774,2c352338-9625-4660-91f0-056c0065262c,Linepithema humile,linepithema-humile,68165,low_quality_known,39.2074689,9.3037539997,inat_api_calibration,c809abc2e0d9afefa123c505b0598c22a6253aa336f315229d5abbba5d283e37,2026-06-17T12:26:13+02:00,114.98368806177137
702213991,28fea1dc-d1e0-4f52-b81a-f4b0f912de91,Tetraponera rufonigra,tetraponera-rufonigra,155026,low_quality_known,13.6915666428,100.7034432528,inat_api_calibration,90b79ce05ed28c2d791b3dfba4182380ba37773be3422f8446b366a0178ed2e4,2026-07-21T16:38:31+07:00,118.54820405890418
680317727,3eb11d21-8a1f-4b54-a631-90395ece0726,Myrmica rubra,myrmica-rubra,119172,low_quality_known,52.2949250253,10.5607910689,inat_api_calibration,393aebafc719acd3960ef9c7a7efb94815240d98b60cfc68b14f42e0dae70467,2026-06-16T17:15:40+02:00,119.25319387488452
680617674,9f84303c-36a1-43b3-bc8e-eb667b8bf8fb,Liometopum occidentale,liometopum-occidentale,68993,low_quality_known,34.16065979,-118.4442443848,inat_api_calibration,55cceeb616903ad35ef9b069cdf503ef3b48d93d344b76df662cdd7d69a1adbe,2026-06-16T17:28:04-07:00,121.09462407653679
688377749,513cb982-dba0-445e-a030-bcbe472ccf2c,Dolichoderus thoracicus,dolichoderus-thoracicus,626764,low_quality_known,24.0318325328,121.5598004403,inat_api_calibration,296e604148385cb86a8bd7699fd199bf678b17ee685f6ac90b526cfde315d6cc,2026-06-29T17:55:23+08:00,122.26506019317071
705690578,24a7dbce-fcf8-4613-9dbe-7c19925c6d9f,Odontomachus erythrocephalus,odontomachus-erythrocephalus,321869,low_quality_known,4.4501236811,-75.7916361094,inat_api_calibration,2e93fd7c41c1b98a60d6c04b8db5e9cd11b3cbb4ac4e08eca4a02bb75c5c36ec,2026-07-26T18:49:05-05:00,127.71237044430828
680502374,037bccbd-3ecc-4a9b-ab7e-ac7268565dbc,Myrmica rubra,myrmica-rubra,119172,low_quality_known,48.4218713366,9.9596450716,inat_api_calibration,4b062dc9f6f3444896e257de753758d5d518cc80f29c15dbac038b1d50113f23,2026-06-16T23:02:29+02:00,128.551158556909
680504609,0816db15-8e1c-4adc-931e-f25c581ae347,Tetramorium immigrans,tetramorium-immigrans,569552,low_quality_known,46.3404533333,-119.2710333333,inat_api_calibration,8aaabdb7cfa200b2c9bf8ce3539ea8c68459313bd74ee6a64df83d31a3d2fda2,2026-06-16T13:39:59-07:00,129.95242910057937
680655550,af01ad37-8506-4fd5-a626-3f5c4dfb501f,Pseudomyrmex gracilis,pseudomyrmex-gracilis,300301,low_quality_known,29.65593,-82.3454216667,inat_api_calibration,610a9204c4a6ab8845ffd3d6bbfe6ccc383c76f35bcee38ef52796f52c2d2c58,2026-06-16T21:59:39-04:00,130.87978921929448
686359549,f92d2158-7160-4846-af9e-b5cd85c006dc,Odontoponera denticulata,odontoponera-denticulata,628334,low_quality_known,21.7139661692,104.871494472,inat_api_calibration,1be94c82a430b7054dc3375ae0fdab967512e7630a1ebc737ca24f0fa862cea3,2026-06-26T13:00:03+07:00,138.82145089905632
716888525,cb32d882-d277-40ac-807a-7fcc64df5b11,Dolichoderus bispinosus,dolichoderus-bispinosus,300626,low_quality_known,9.6109366667,-83.0014333333,inat_api_calibration,59597144a7355ea306e579947617eac90ad03ddfa29d1eb5fc4ef49c39b72ebe,2026-08-14T16:58:51-06:00,139.39683624510116
681878625,15c9c28f-1ebe-4544-a2e6-8542d532402f,Pseudomyrmex gracilis,pseudomyrmex-gracilis,300301,low_quality_known,30.0942908103,-82.6101216989,inat_api_calibration,06b3857e4f72b4fcefa74b9026d5683b7105cb37fb0297a0abd010ebac590e6c,2026-06-18T22:56:42-04:00,140.92470934940582
680182531,bad89204-3a42-4bb9-ab28-b5f0c2a2b6b1,Dolichoderus thoracicus,dolichoderus-thoracicus,626764,low_quality_known,25.1147166667,121.5189666667,inat_api_calibration,900a876b1466e0a17bed7b6d81f59f7e9a7eef1582b84bd85f3e893a7456ecbc,2026-06-16T17:44:41+08:00,141.2063535620441
720268976,fee70dd8-29d7-4cd2-b3e9-95bfa5f22e5c,Dolichoderus quadripunctatus,dolichoderus-quadripunctatus,343264,low_quality_known,47.2784878321,15.6953409046,inat_api_calibration,3fc27cb5ec4b22e66737ce835b4d7c6061457505af3529fe30060fb6a844933c,2026-08-20T20:30:15+02:00,143.21657584561578
683545445,08e1902f-5090-4aa4-91d7-a8f6294da341,Ectatomma tuberculatum,ectatomma-tuberculatum,300347,low_quality_known,-10.8792806806,-37.2098079833,inat_api_calibration,6c63a7355ea0954fc3b7f7ed0067859ee7eb68c484412422b653760d249d2c7e,2026-06-21T14:18:49-03:00,152.7134844934695
681337507,0f6b769d-2ac4-4a37-8938-c45b8c1b045e,Polyrhachis dives,polyrhachis-dives,424544,low_quality_known,22.465673,114.0066156,inat_api_calibration,26615ba4cd87c386495dd69565c91f8a2990569db69351ef76db9a92dc51f8f4,2026-06-18T12:52:07+08:00,155.5793232562
681337191,76508460-3d1c-4d71-8dd7-f6b8ddd3d8b4,Polyrhachis dives,polyrhachis-dives,424544,low_quality_known,22.4656729722,114.0066159722,inat_api_calibration,cca84b3d4272b51bf0e5bcb2ec13b7a29e1278bb3922c34c57fd6fa9ea5d799d,2026-06-18T12:51:01+08:00,157.49852581528557
718001798,c7241607-a6c6-4ba9-89f3-b6ea69c33732,Dolichoderus bispinosus,dolichoderus-bispinosus,300626,low_quality_known,-22.457508,-43.8216189722,inat_api_calibration,e81f91585ff2352d402db47e5c78d220f40112c5578f474b5d143b0342946c61,2026-08-16T15:17:22-03:00,160.81921202607938
680667598,c3ffe219-4cb9-42ee-8de6-728e99eeef87,Dolichoderus thoracicus,dolichoderus-thoracicus,626764,low_quality_known,1.3409603337,103.821560665,inat_api_calibration,84a5be801f648825ada73a920e330039bedbb96e26ab0f61bd74ea6f0ef145e4,2026-06-17T10:25:42+08:00,166.6035642172609
681800944,9a7917ae-b0b1-40f8-b3da-3c5aa16f5140,Cephalotes atratus,cephalotes-atratus,366960,low_quality_known,9.1064863028,-79.6863592117,inat_api_calibration,aa0686b6ff82cfa0449c2950e78a737d5af6d531de016fafeea7f5bade75f9b6,2026-06-18T18:33:21-05:00,167.70099020576328
689607494,d9a5a8a4-3095-4705-9a59-5b1d54db975a,Crematogaster peringueyi,crematogaster-peringueyi,426236,low_quality_known,-34.1731794014,18.3978505984,inat_api_calibration,05aca93c24f46426092f70596d997558dc0652e601f7a888a112a3afa43538ea,2026-07-01T16:47:26+02:00,171.10814116049815
686078411,677519be-a42e-4885-8ebe-517017001d8b,Crematogaster scutellaris,crematogaster-scutellaris,342899,low_quality_known,40.4226527778,-3.6912527778,inat_api_calibration,1611d566c3fd2b86673139a197c8bee0c3f79a08d731f4f80458a94507b1d560,2026-06-25T20:53:53+02:00,176.72683452713855
718702966,fe9df8e2-b4a8-472e-a4f4-da7f1f9098c3,Dolichoderus quadripunctatus,dolichoderus-quadripunctatus,343264,low_quality_known,48.4041166667,11.7397083333,inat_api_calibration,9b4ba67a03a461a25b83f84a4d69f25f9af62030bc547355cd0e3f9e85c4d1ff,2026-08-17T22:27:10+02:00,177.64443518670268
694370595,63146d88-5b1d-4b41-aeea-461bed268011,Camponotus castaneus,camponotus-castaneus,129272,low_quality_known,32.5748333333,-85.4696583333,inat_api_calibration,caf2845f6325dcc80426eb802bbba6c3d94a1c91b5b147fa6ff187f332c10a44,2026-07-08T23:19:10-05:00,180.2427079557965
680305993,9524456f-0499-49e7-8783-d89e64fce586,Camponotus pennsylvanicus,camponotus-pennsylvanicus,129902,low_quality_known,34.0585555584,-84.0702970155,inat_api_calibration,1d163cea174a04a0d35a317f548318dc75992a1a17253bf595b62c4ade4d14d4,2026-06-16T11:03:10-04:00,183.18599300732842
680634531,056d0960-1c49-4709-aaf1-22e0db0f3694,Prenolepis imparis,prenolepis-imparis,68142,low_quality_known,38.92028164,-77.05351831,inat_api_calibration,7302c6dae73ad0fc0f084776a0b6d1d67a19d7ca9ec427c079cd6c750268d644,2026-06-16T21:08:35-04:00,187.1959472238527
680554521,7d023e62-20ff-4483-b2c4-fcd5cdeda6bc,Tetramorium immigrans,tetramorium-immigrans,569552,low_quality_known,40.8193628327,-73.46568854,inat_api_calibration,efa742e7569aa0aba0151d506beab791f4b5027bd67ffa05266a4fbdb84ce42f,2026-06-16T18:15:43-04:00,187.5845223162867
680230029,c2905f67-dce5-4452-ad87-ba88fd3ea743,Tapinoma sessile,tapinoma-sessile,47340,low_quality_known,41.7069162,-72.6657786,inat_api_calibration,7b67336ca8d9a730a6b589933a54cbc7601f04f36a8b2ea3d5cb3fb4b649a036,2026-06-16T08:19:11-04:00,187.88593470426807
680896738,9b8a1fe3-50d2-4279-bc14-1684d26fe25e,Brachymyrmex patagonicus,brachymyrmex-patagonicus,356419,low_quality_known,33.035321,-96.7280318,inat_api_calibration,489a7156402c2d89c0e31e50dcca9d8a676b9d61f9a9bdd27a13c704b4db1db9,2026-06-17T09:03:43-05:00,191.71853787974953
691866020,2162f1ed-c36c-4c0f-a88c-9f1afc2e3242,Paraponera clavata,paraponera-clavata,67986,low_quality_known,8.553288572,-82.6147144081,inat_api_calibration,7b821c59a6db25ef975f2fc6b481360783621ef73e12bb4ba474bf5e9b41e6a7,2026-07-05T00:33:05-05:00,192.87263209849166
694536112,41addd33-d26e-4467-966b-10e489e74137,Crematogaster scutellaris,crematogaster-scutellaris,342899,low_quality_known,44.20149862,15.15830346,inat_api_calibration,dbff1c00bea52c013c5bbc8fc3103814620295433dc3f1a5589ed53585ed9a5b,2026-07-09T15:24:47+02:00,194.70712273895384
680106388,55ffdffd-c071-494c-9aa2-a2287633f175,Paratrechina longicornis,paratrechina-longicornis,69388,low_quality_known,12.1739372114,76.2012114631,inat_api_calibration,376e8ca12d364127d2bdf9d98b96bd024977d075f16fbe334aa37d1875f044c9,2026-06-16T10:36:30+05:30,195.20910243986106
680837583,2b934dcd-8e86-4827-a214-74b6eaaed5c6,Polyrhachis dives,polyrhachis-dives,424544,low_quality_known,-6.1724848992,106.6814624871,inat_api_calibration,4557acea691a299f1f2659b8e7fe4fc3bfc0b118dd1d52b9d3cac287de1ad741,2026-06-17T18:46:35+07:00,196.5464409067186
686201939,ffd4bc56-237a-45b3-93bb-f07560e30509,Pristomyrmex punctatus,pristomyrmex-punctatus,360058,low_quality_known,35.2484455964,139.0450467861,inat_api_calibration,8ee5d582224d6ea3acf6ae856405072b2d76a0addae4d2dfc75d390f245b0754,2026-06-26T08:51:39+09:00,197.951657440274
680796842,0e07ddc0-9bc7-4c3a-9af4-5b14dc672860,Myrmica rubra,myrmica-rubra,119172,low_quality_known,52.8337541,30.0039653,inat_api_calibration,c650820a5a26b2ca137387ed00a3d397000608e8e4abc1a880ee3a4716b51d9b,2026-06-17T12:34:20+03:00,198.0390136806565
680110395,e20a3248-7895-41a7-8162-ed2af77e266b,Camponotus pennsylvanicus,camponotus-pennsylvanicus,129902,low_quality_known,43.64433925,-79.43650954,inat_api_calibration,955e5def27b00568c1c6902ef681584d1d5bc7f7b936b16518ea1a280025cc4f,2026-06-16T01:20:20-04:00,202.65966829387457
705693370,86ff7abd-d8ac-4482-a39d-33b8de12a6f9,Odontomachus erythrocephalus,odontomachus-erythrocephalus,321869,low_quality_known,4.4502025677,-75.7916176692,inat_api_calibration,100792c4562c1198062c020211e5d06e29203216068242a2c40716d629b2c2cd,2026-07-26T18:54:36-05:00,209.4707220859212
693664758,35e77d6f-7cbc-40d4-a557-ac694bdbdf1f,Oecophylla smaragdina,oecophylla-smaragdina,117293,low_quality_known,15.5475017,120.7690555,inat_api_calibration,fa20d17cd2a136ba3115fb6b6f185d0ff75d462b4032314ba84eaa7953d2c73c,2026-07-08T07:49:20+08:00,214.83196147669568
697322814,87e9407f-7ab4-4822-b993-a72a6f19ad96,Dolichoderus bispinosus,dolichoderus-bispinosus,300626,low_quality_known,6.0436351,-74.2697833997,inat_api_calibration,233bdfd765441f8a15d86ca11e815427bcc030832cb6251e3f5b1b08b37826fc,2026-07-13T13:28:34-05:00,219.01293838281836
680937269,489df7a6-efb3-4605-85aa-e69b44fb24da,Colobopsis truncata,colobopsis-truncata,503397,low_quality_known,44.4876560334,11.3055817373,inat_api_calibration,4d9eaf5ff41914efbcb258d49b852b70f22acf4155a23f1cf32439a54cc4634e,2026-06-17T18:03:19+02:00,219.02243040726
680946934,f5841a0d-ace5-4571-98b1-fd4087e1bb97,Linepithema humile,linepithema-humile,68165,low_quality_known,37.2593383333,-121.8388616667,inat_api_calibration,6760375b339d55ee6e8aefc5edb76a486f02b37c4db8392d766f8cffdd58a8e5,2026-06-17T08:36:47-07:00,220.59107739397152
680639086,a2389058-6a7c-4702-8a99-0a59492cf1a3,Prenolepis imparis,prenolepis-imparis,68142,low_quality_known,42.3711609076,-83.9066823433,inat_api_calibration,3fc26679be06356753e5c1b81109e2d2a068a75596ee39eb7c4920ed9e76e2dc,2026-06-16T21:18:58-04:00,223.24375793535262
700435166,d3aa6691-7fa3-44ab-820f-fc7fca8a6258,Dolichoderus bispinosus,dolichoderus-bispinosus,300626,low_quality_known,2.1795583333,-73.78885,inat_api_calibration,bfa1b7ef70e65c350a0b6f749d769b9e08ea29a8cfc1736569b92faa0bfe1eb0,2026-07-18T16:52:37-05:00,224.70979608745336
687641407,2d739034-fdf2-4ebe-9c70-0b8fad3519e8,Crematogaster peringueyi,crematogaster-peringueyi,426236,low_quality_known,-33.98816,22.7162066667,inat_api_calibration,343bf3a328e969483d6b4085c5cc558fb7ce5c1bc280bd34d3122dcd4f47bb8b,2026-06-28T09:25:16+02:00,226.3853848651239
682538303,dc8ccb11-ba2e-42e2-8829-636d2c2892a6,Pogonomyrmex rugosus,pogonomyrmex-rugosus,69517,low_quality_known,31.6459778641,-106.3165258929,inat_api_calibration,82cb7a28386ae071e6d6bae7200ab8c32f6b9515c4f7153978b13e85be43b023,2026-06-20T00:03:54-06:00,229.7815609688692
705689465,542b3aa8-31b9-4463-b379-963c095d3358,Odontomachus erythrocephalus,odontomachus-erythrocephalus,321869,low_quality_known,4.4501577761,-75.7916481793,inat_api_calibration,d8bdffc6efc1e235d13978e3adc2ec3378cd748db3417c558b3668cdb603e2f7,2026-07-26T18:47:22-05:00,233.5531778992787
681607482,7aa97a35-6d79-48a0-bf8f-7ad955f9fd45,Lasius fuliginosus,lasius-fuliginosus,124150,low_quality_known,50.1367587609,19.0036976337,inat_api_calibration,88df8028b4af3684d66ab7cf1849adf2067fe4a79ae94fd8660f9450d87f86f0,2026-06-18T19:16:28+02:00,234.97283292224836
680885877,4a2a32a7-6cf8-4c48-9596-e36c68aa91ee,Brachymyrmex patagonicus,brachymyrmex-patagonicus,356419,low_quality_known,32.6853466667,-85.973245,inat_api_calibration,9e35ac74c48b70a281303432a4e220cc7a3cb581e9b2341a65a98b8572af6aff,2026-06-17T08:42:01-05:00,238.9412849894994
683240346,5c5f0d64-75ea-40e2-ab00-8c637ae165f7,Polyrhachis dives,polyrhachis-dives,424544,low_quality_known,-6.556048967,106.7883313684,inat_api_calibration,c258352e976b48f2df0ef3e223603fdc2dedf228f86f6b5002f3bf27d006b42f,2026-06-21T13:38:29+07:00,244.797975996096
680155615,4530380b-30e1-44fb-aecf-e1640ca9881a,Pheidole pallidula,pheidole-pallidula,343179,low_quality_known,43.6501839505,3.8673886657,inat_api_calibration,1bfcdc67442e9575b143f51522400ccdccbf64778feff83305e66be848c50b40,2026-06-16T10:04:01+02:00,250.2571947904458
680574041,7ec5b806-6e7c-4cdd-92c1-47dc1b8caeea,Prenolepis imparis,prenolepis-imparis,68142,low_quality_known,42.4689371041,-83.9966446619,inat_api_calibration,174c86ea21767546e6a96b9d25574e593f9b7c572fc938f16beeeb92ad1f3876,2026-06-16T18:57:10-04:00,253.62148266191792
681567338,f1102f8a-6dc8-4f42-8dac-975af994fe7a,Pheidole pallidula,pheidole-pallidula,343179,low_quality_known,42.80692,-2.87918,inat_api_calibration,68a19f9ae272f02ea8d8fdcf1b44bfc96ff3ec56a1de77f7c45b7f72ccb11ca5,2026-06-18T18:28:21+02:00,254.82627674643476
681281974,dfdf3cc2-e241-47d4-b8bf-a756772e4641,Paratrechina longicornis,paratrechina-longicornis,69388,low_quality_known,23.548522,119.6335998,inat_api_calibration,d8e2208fc811478202b747c0a407573f8a18cd760a73ab3d64357134111e66ba,2026-06-18T10:19:07+08:00,257.07773253588925
685396078,77d0f9b3-5ff4-4933-b56a-29b22b9afa7b,Ectatomma tuberculatum,ectatomma-tuberculatum,300347,low_quality_known,18.5447662997,-88.2635831,inat_api_calibration,c9f5403b267b0b7297f27f0961a50e06bc469dccdfbfa91e242f3201b5f94bc7,2026-06-24T11:29:35-05:00,258.4761190445012
688362565,ac11b95f-f82c-4783-a9e0-f6bb2b04029d,Dolichoderus thoracicus,dolichoderus-thoracicus,626764,low_quality_known,24.0318325328,121.5598004403,inat_api_calibration,facbc6bc9e13d99e4a42a4af5d1411e13369bc34ce1f3046d55cdb8e507c2b36,2026-06-29T17:38:28+08:00,259.1894102354191
688362473,84e52022-e7d5-4903-9209-c1ce65fb5a02,Dolichoderus thoracicus,dolichoderus-thoracicus,626764,low_quality_known,24.0318325328,121.5598004403,inat_api_calibration,8986a34e8333ba68f166f247ec3b525fc7168ef6571a9bd67d14afc61c2b088c,2026-06-29T17:38:24+08:00,259.74459411794993
686258834,98d75d11-6e42-41b3-84e1-02be9639c20c,Oecophylla smaragdina,oecophylla-smaragdina,117293,low_quality_known,-8.4346267514,115.3178362548,inat_api_calibration,69eaec4f12b2a2551197d627b5b667d50f77a7930e3a0f5fe9024f8a5378a93f,2026-06-26T09:07:38+08:00,262.2396934816917
681251522,85a571e3-8c90-4fd5-87f7-0a7d39f44f9e,Atta mexicana,atta-mexicana,300315,low_quality_known,23.7399899006,-103.8398699462,inat_api_calibration,3ecc5763e2bc1bf307cc178bc2c98cc80447d6a1a617eecbcedd9588409f40e9,2026-06-17T19:12:36-06:00,262.61758693707424
693275850,a200d508-fdba-47f2-a7a5-db053638e0b5,Camponotus castaneus,camponotus-castaneus,129272,low_quality_known,39.1073695,-95.7039333333,inat_api_calibration,6caa2c8ee8ab9948a38c931d4dbc5c06d42013cd7e1bb839c1d7bcd191984aae,2026-07-07T05:14:38-05:00,262.7740265568466
680207666,72f65187-371b-4b18-9705-5070a06a1a83,Prenolepis imparis,prenolepis-imparis,68142,low_quality_known,40.572225,-74.6153429722,inat_api_calibration,39f4cab03cd4680531a5dadf8b1fc491ea111e73b6f4347ccac11474f7e91d15,2026-06-16T07:07:54-04:00,268.278799734839
680426925,f8362fb0-b323-44b6-af53-a02abbdf689a,Paratrechina longicornis,paratrechina-longicornis,69388,low_quality_known,27.70955,-82.6819216667,inat_api_calibration,15babb0b0ff434ada2070a50a4c993f2e2598a06d7c2c28b8269814961ef341b,2026-06-16T14:27:19-04:00,269.49824491661036
688362620,3392f1ec-5042-4263-8bc1-80eb8f27df27,Dolichoderus thoracicus,dolichoderus-thoracicus,626764,low_quality_known,24.0318325328,121.5598004403,inat_api_calibration,17e567a6827cb99ef9442ceacc2958a939cd8d09e14c47b6bfa45e28707585fd,2026-06-29T17:38:30+08:00,272.0290757218369
682528936,659d369b-dac6-4967-951f-a3888fc2ac48,Colobopsis truncata,colobopsis-truncata,503397,low_quality_known,39.8834812906,4.2697947845,inat_api_calibration,ce69bf98efe9a19d5d58d5bf0205b5622d4973cc6a6ef51f875f75b43adb22e8,2026-06-20T07:32:27+02:00,273.96760731291755
680422507,0b748809-3a12-4827-82f4-254b75eaf618,Myrmica rubra,myrmica-rubra,119172,low_quality_known,51.5620515011,9.9692614826,inat_api_calibration,d7b03846f4d16216c787f3c255ed6bfe89f20183ad466ff7ca2d0c05fea4991b,2026-06-16T20:26:17+02:00,278.0393556518015
682227321,d8b1aa2a-2ef9-4bd8-8496-eeaf11b21230,Colobopsis truncata,colobopsis-truncata,503397,low_quality_known,48.83599,2.42216,inat_api_calibration,dcfbe93342cae905468fa81016f56e0a545ec51a75c0c87c15ea6e06d2d6cf69,2026-06-19T20:59:04+02:00,280.1244316726245
684626489,3c743999-8c1f-4534-b7ed-c452a45ca366,Oecophylla smaragdina,oecophylla-smaragdina,117293,low_quality_known,22.3135611111,87.9837194444,inat_api_calibration,39c97c45fd0dca8608c5861a8d6f671ac6866d30357f615f3b8d163fba83d80c,2026-06-23T15:12:29+05:30,280.74756822973757
685118752,a32e7bb8-551d-411a-aa17-dadbbf4a67ad,Cephalotes atratus,cephalotes-atratus,366960,low_quality_known,9.0776645754,-79.6492641614,inat_api_calibration,fd7963c27657011c0577091cb7fc0f7b085bf3a69694a3fe6bddea8349f29208,2026-06-23T23:37:22-05:00,286.03029304178375
687683388,b2d8b3b1-6dc9-417b-b9b6-9cecc0c5dc12,Rhytidoponera metallica,rhytidoponera-metallica,201975,low_quality_known,-34.9869895869,138.7111791035,inat_api_calibration,5f3292ead4a65544a8707b1caf497a59f4dd4ef18f2561507863ac3f0c733882,2026-06-28T19:11:25+09:30,287.5837131638358
680385588,09529d32-878c-4c17-b0a2-8209c285d7b9,Linepithema humile,linepithema-humile,68165,low_quality_known,37.233905,-122.1203695,inat_api_calibration,1d0958e40a1e27d006983a0ef0bccdbf91528aa8ab23ad6189049e6c4addd339,2026-06-16T10:19:37-07:00,297.0711560276716
705692225,c0158ef8-9fa4-4d94-ac6c-aa955f3b58d7,Odontomachus erythrocephalus,odontomachus-erythrocephalus,321869,low_quality_known,4.4501410628,-75.7916465029,inat_api_calibration,91bf5f8010f087016e1e2ad1afdd8b5ac60edde4eb1014b9e882389f2bf430ef,2026-07-26T18:52:06-05:00,298.76667673355394
694499526,28f07081-e98d-4edf-bd94-e5244098d61b,Crematogaster scutellaris,crematogaster-scutellaris,342899,low_quality_known,44.8925266667,13.7973816667,inat_api_calibration,8fa12e22607d10b17b8aa4fb0f50829478157f3edd10a4d9ff0e25dcd251491c,2026-07-09T13:59:18+02:00,302.9401211832475
680901147,885b0df1-fe1b-4bc2-bf26-ab522f06afdd,Pseudomyrmex gracilis,pseudomyrmex-gracilis,300301,low_quality_known,31.2191168663,-85.4666792258,inat_api_calibration,ac5de414549a09981f9e20aeac12261c5dc39d1728f4b1fa66b33a947085c262,2026-06-17T09:11:27-05:00,305.10930349727727
685188350,412eed7e-7153-4a64-b088-738e7ac190f6,Dolichoderus thoracicus,dolichoderus-thoracicus,626764,low_quality_known,-0.7431931251,113.9213270321,inat_api_calibration,272dc21e599203d5a474b76d18778b3e37d46f610a66642507ef4030bc2acdc6,2026-06-24T14:37:03+07:00,315.7253999822195
690127327,80dc7b28-e0f4-4f4a-952f-1df728d3fce2,Pristomyrmex punctatus,pristomyrmex-punctatus,360058,low_quality_known,31.0335102081,120.5196762083,inat_api_calibration,df1d5202e352850dcfe610c3e5323db4f37a2e61233d8cd99dc02f06971eccae,2026-07-02T18:23:17+08:00,315.81998212138575
718123562,dc837c68-2896-45be-b422-ddc8f87dacc1,Dolichoderus bispinosus,dolichoderus-bispinosus,300626,low_quality_known,10.4232682,-84.0220298,inat_api_calibration,6db95518760c612a1b46ca32fde413431bf6f30e62fec6fa7699defffba19096,2026-08-16T16:04:34-06:00,319.46949802037625
714830543,f37e7a35-cf5d-43d5-9fe8-0997f0d33f24,Atta texana,atta-texana,151794,low_quality_known,30.3475616667,-97.8092283333,inat_api_calibration,df2a0d7159ae248e49cdd11a2f689bcc20656f95f17889b7edfd3ca59a65f71a,2026-08-10T23:31:03-05:00,323.7406541217422
692612231,2e074f59-a703-408b-9eb9-040692d7ee98,Iridomyrmex purpureus,iridomyrmex-purpureus,202000,low_quality_known,-31.7485226997,115.7791876997,inat_api_calibration,1c98c6f0430b064c5cd85f61c22f122df6017e31a38dbc76a63a84a74089b342,2026-07-06T15:24:33+08:00,326.9381659874264
709009916,f76f4d77-4ada-41b4-9558-df60d415b6f6,Polyrhachis schistacea,polyrhachis-schistacea,574721,low_quality_known,-6.26888621,39.41668919,inat_api_calibration,9075231212e007c52a49fc99a325e2c0b6d42855c74b1bed72941c858ef9a728,2026-08-01T18:04:23+03:00,330.79188608988034
698361175,f080ef23-b4a7-4dbd-8f4c-46e470a85939,Tetraponera rufonigra,tetraponera-rufonigra,155026,low_quality_known,16.468744836,107.5771098596,inat_api_calibration,95048212734827f6ac562e3960091cbae938fec2053e117602c47d27f7c25b85,2026-07-15T20:09:00+07:00,341.32445441135957
686952165,20859dd5-9424-4688-8938-4b16d870a88e,Polyrhachis schistacea,polyrhachis-schistacea,574721,low_quality_known,-29.8156471736,30.8110110462,inat_api_calibration,82e64367380b4b3be30c5c790a85a66e1d316917893c6a88a1107966f5006ea4,2026-06-27T08:45:19+02:00,343.26447564669337
696980712,d74142d5-2ede-4012-b11b-f150b02ede29,Rhytidoponera metallica,rhytidoponera-metallica,201975,low_quality_known,-19.3308321997,146.7462185997,inat_api_calibration,c4a099b2de050a44d3202b74a323a1fd075695bd9a5ecbb9c3c21c07b1e64aa0,2026-07-13T15:01:59+10:00,355.7415236968024
682418658,2c06e0b1-1514-4a5e-8615-0d16d16cf97c,Messor barbarus,messor-barbarus,118487,low_quality_known,38.9278083363,-9.2902534352,inat_api_calibration,6c6bf9009024dd96b4dcc870ac803a62e22624b03cb53878ed914b7da451fc6b,2026-06-20T02:12:11+01:00,356.46694115869326
689055824,c9c2ca96-5914-4cbb-978a-0ca842dc708f,Polyrhachis schistacea,polyrhachis-schistacea,574721,low_quality_known,-24.6738360529,30.8105228841,inat_api_calibration,02652d5294e99795966845128f0f0fc10fc10e6d5a71be39823f84af04cae897,2026-06-30T15:47:21+02:00,361.4109670274888
690400241,db693657-40f6-4ec0-84ef-5962f9736674,Paraponera clavata,paraponera-clavata,67986,low_quality_known,-0.6577470095,-76.0247310863,inat_api_calibration,7dd906560b89b4987de3982edfd04ba0e7a33aaaea82497e8fbe7f9cfe41dca2,2026-07-02T15:22:12-05:00,371.9960048793006
684579677,545996d4-2141-4cd7-8f1a-2c675b275c86,Odontoponera denticulata,odontoponera-denticulata,628334,low_quality_known,19.2254299,109.45167,inat_api_calibration,dcf2260b5fb0a5d3346060ece85652fa8d156839c6a7c8d71af344e2f800b7f6,2026-06-23T14:45:06+08:00,378.5069054256687
680521338,9e52d6c7-9b63-4a1c-9da4-a3af185285ac,Myrmica rubra,myrmica-rubra,119172,low_quality_known,47.1245026045,6.9229575563,inat_api_calibration,93227d49da809001d01f7f28429c50afb9ead921d5e916d5b8060ebcb505ad16,2026-06-16T23:15:52+02:00,382.4795423636047
680774626,2b6616c7-a570-40b9-8432-78f1c93ad627,Paratrechina longicornis,paratrechina-longicornis,69388,low_quality_known,9.5806292323,77.1811736003,inat_api_calibration,bdcbfed3fe987971f78759ab6d3ff70fda7ba07b481ae8ba9e52e11a6afe8189,2026-06-17T13:40:22+05:30,389.60814094081434
684119538,ce7d46e4-fa17-43fd-bee2-f63fbb4eeb53,Anoplolepis gracilipes,anoplolepis-gracilipes,123386,low_quality_known,22.125875,113.5566633333,inat_api_calibration,e9ac58a2f0b277ad4fb54306a53171e9cf3d22a87af0b42238570f6a0132bc5c,2026-06-22T22:07:18+08:00,399.41646319983977
681182222,32fd7b82-8d9a-46ef-bf1f-9fe7af1bdfdf,Linepithema humile,linepithema-humile,68165,low_quality_known,34.021150185,-118.0592963058,inat_api_calibration,4ff6142f965998184c07c0fb934bb9489b5c28844730d8d0b78c20abd918ab96,2026-06-17T15:38:22-07:00,404.4744132500955
693930226,dd867e70-b550-42ac-bd6d-7b7ff9b7f91e,Odontomachus erythrocephalus,odontomachus-erythrocephalus,321869,low_quality_known,10.4299,-84.0048833333,inat_api_calibration,3f75096b69f7b49a171bf3d1750076d83b880ba2cd71d569f1a044acfff26c09,2026-07-08T07:17:11-06:00,404.6272644998952
720329671,7dea4459-867b-4963-b550-b6a056a534e4,Dolichoderus quadripunctatus,dolichoderus-quadripunctatus,343264,low_quality_known,50.0611,19.9582,inat_api_calibration,78c891c27ac244089e6ef7de3310e1304e7c76553e6bc502dc7d7f5fd3039ca9,2026-08-20T22:24:31+02:00,414.1330584231488
681924017,26955e24-17f3-40cd-89b3-df115d635e40,Cephalotes atratus,cephalotes-atratus,366960,low_quality_known,10.7090111111,-61.3987722222,inat_api_calibration,1ce3d91d6123acafa256c85a9b953628d44a129e4bb37e28080626ae06c80572,2026-06-19T01:13:50-04:00,414.2510243080846
682934672,475584e0-794f-4e82-8a62-cb92df5b7ae1,Pseudomyrmex gracilis,pseudomyrmex-gracilis,300301,low_quality_known,30.0652721667,-81.713805,inat_api_calibration,11d191703fd3f72e6cfae5157bb95580f71412503dd07d3062a9835254ae0812,2026-06-18T10:46:34-04:00,414.7661851219337
684568712,66d0aa74-4b59-4009-b0fa-9a15ae8ba3c6,Odontoponera denticulata,odontoponera-denticulata,628334,low_quality_known,22.33647,114.2678,inat_api_calibration,9c1c28300777e91a21586433f70726e77a8fb6c4260017b466ed7c3cb150f166,2026-06-17T11:42:05+08:00,417.7870998826838
688522523,cbd6ac77-4327-4411-b4bd-637d509a65c3,Odontomachus simillimus,odontomachus-simillimus,411282,low_quality_known,6.8523499006,126.29639318,inat_api_calibration,b58af358e80e5b8e9d3a6347ba0a54c3ad6a43228fa9a2ca331fe8e73c05bb2a,2026-06-29T23:35:29+08:00,418.3544382284598
694574920,308fa773-c93b-4a35-8077-e12dc7b3ceb3,Paraponera clavata,paraponera-clavata,67986,low_quality_known,10.3830666667,-84.6185216667,inat_api_calibration,dd56e1646dff85bfd816f1fbe97c5a8a2796da93425d07edbbf4587ac7714430,2026-07-09T08:45:30-06:00,421.26076640550986
680299685,dd797db6-b585-49bb-83d9-4d4f296720eb,Camponotus pennsylvanicus,camponotus-pennsylvanicus,129902,low_quality_known,41.106341331,-73.3929054891,inat_api_calibration,31cb1280193168dff3c2db50b3221d540c5266b8eb52aff8a509f0188181c561,2026-06-16T10:41:11-04:00,422.4516713228337
681238593,90954005-a441-4998-a469-08b78366ddba,Pheidole pallidula,pheidole-pallidula,343179,low_quality_known,38.9084362919,-9.2172988546,inat_api_calibration,3d19f3834f3c7c222a3c4c35193478a4262970cccdd103d918725e71be6199e2,2026-06-18T02:05:36+01:00,422.719955357067
684706266,12cf5b96-b9bb-4f8c-b1fc-62e2a43c504e,Polyrhachis schistacea,polyrhachis-schistacea,574721,low_quality_known,-22.6928674179,31.0153370351,inat_api_calibration,7888d594c9a88f5db1cde9cc347050f90948e2f2f36d2694d5776ccfb9d94325,2026-06-23T15:31:26+02:00,429.5050460090242
680571732,a674325b-dc99-4564-a60f-87469b613f7d,Tapinoma sessile,tapinoma-sessile,47340,low_quality_known,40.8246002502,-73.8899411271,inat_api_calibration,672cbe1000a99bedc2f21046965c1450e44d8fe3fae987e42181983375600fdd,2026-06-16T18:50:16-04:00,439.1755765361228
680395454,a65d6ba4-9652-4a29-a829-2af6891c38cd,Tetramorium immigrans,tetramorium-immigrans,569552,low_quality_known,42.3833792,-71.0980287997,inat_api_calibration,923f88ef3cf8d54dd5773c11e898ed8a02c9d3f75c1482a0c1020a104ff66e5e,2026-06-16T13:35:24-04:00,458.1406374343589
682775005,32d7eb15-15ae-49d3-ae1f-f93bd7f3cf6f,Polyrhachis dives,polyrhachis-dives,424544,low_quality_known,25.0667757927,121.5450225084,inat_api_calibration,e7c87a5d6d1f9fad173aa569f314e3a01da3bbab4c745e1e9c4882eb91fd01e5,2026-06-20T23:46:55+08:00,465.3949365901971
692030809,c7e3aa85-24b0-4198-ac54-b6493a357bda,Odontomachus simillimus,odontomachus-simillimus,411282,low_quality_known,14.7048266695,121.1110811791,inat_api_calibration,f8b8837896fda52f88a5992306da624a59eb9905f99b23b154e299e3dc38434b,2026-07-05T21:18:15+08:00,474.8644594794821
680853226,baef4c3c-d8fb-4ad6-9380-6fcfaf042e60,Prenolepis imparis,prenolepis-imparis,68142,low_quality_known,42.40548,-71.3303616667,inat_api_calibration,8fd3b9d2ddf07eb28dbb7c6df524d89e3e52c58990aa1bc1f3bf223852fbc0ba,2026-06-17T08:27:38-04:00,477.2547324474964
680429939,4d81069e-aa0a-4d42-9a61-d4679d7c5d21,Prenolepis imparis,prenolepis-imparis,68142,low_quality_known,44.5344124231,-89.561549854,inat_api_calibration,910366cd2ddc00c224970e970681aab27ba506a4b79a334a9a1e2332ed15dd3a,2026-06-16T14:00:43-05:00,480.3932801479886
682369195,197c43b2-53c7-4a79-9d96-3ab17af18f74,Camponotus chromaiodes,camponotus-chromaiodes,62780,low_quality_known,41.7495614927,-72.0528484114,inat_api_calibration,905b17f7c2b200b6f84b1c5afffa069b025f58fa09ff0681c0897958cf1975a1,2026-06-19T18:59:38-04:00,480.50648790549735
680670363,1fc54569-f488-4ccb-bf12-173a4a6d75eb,Linepithema humile,linepithema-humile,68165,low_quality_known,35.9425383333,-75.6147133333,inat_api_calibration,a01993b896b4cec2bb394636ba2c9af3108afd437806979dd2780d20c6be263b,2026-06-16T22:32:38-04:00,491.81302090662024
683761977,07785c94-1bb9-4b6e-a108-c1fac514c024,Atta mexicana,atta-mexicana,300315,low_quality_known,14.5958449192,-90.2490495764,inat_api_calibration,882c9d5a8af8d31c9b47a7c9b92df159d75eb41c35082472ff8278b48c5d9f9f,2026-06-21T16:49:46-06:00,494.55156804440355
694690021,55017dda-fb53-4c5a-8b02-7facb3bc248b,Paraponera clavata,paraponera-clavata,67986,low_quality_known,10.4309744854,-84.005913958,inat_api_calibration,351c3ca66f0999d2a636cb37dd1f4798df110e5df861f6bc665eb573699485f1,2026-07-09T12:15:26-06:00,497.0708767612134
680727106,05a56b73-19eb-4e4a-b7f3-4c421b34fc43,Brachymyrmex patagonicus,brachymyrmex-patagonicus,356419,low_quality_known,29.7103941997,-95.8775614997,inat_api_calibration,9c3033f29af5a7e707bc66dd7da3fa50b22658ed5648962caa0ccc1e29353754,2026-06-17T00:15:28-05:00,497.311203042357
682450684,7a491df4-2c0b-40b3-a05e-7f570d164045,Atta mexicana,atta-mexicana,300315,low_quality_known,13.7104378388,-89.2155502951,inat_api_calibration,2ff14c7e80a975ec0d984bc7346d8c9604369f3943ca3c749c36f9266716d2d9,2026-06-19T19:59:10-06:00,507.6063751271023
694466069,a0264c4c-a2cc-4772-b77a-8dbff3345015,Rhytidoponera metallica,rhytidoponera-metallica,201975,low_quality_known,-29.0437666667,141.1102,inat_api_calibration,57a4c93a00b5fa76c1213b84f9fa82d12c394615aec67f5c0a2b09ab1edbf51b,2026-07-09T20:12:25+10:00,507.77672956861244
681229204,1c8ee6c1-10a5-46e5-aa65-251dc4a13635,Odontoponera denticulata,odontoponera-denticulata,628334,low_quality_known,4.5375383361,101.1060136556,inat_api_calibration,421c8d244a2aa7a88091479d4ada355b58d4281c092511179e557769c3c74349,2026-06-18T08:20:46+08:00,509.74117105242345
685090842,11c59b15-522c-4c5e-85fa-9e9081f956d7,Pristomyrmex punctatus,pristomyrmex-punctatus,360058,low_quality_known,35.2140068869,138.6001695694,inat_api_calibration,401346cdd76d6fb8bd3271b2def7014c76cc11406648613a6b22e68e5bb139f4,2026-06-24T10:56:59+09:00,511.49124557059884
