queue_index,suggested_session,dataset,slug,split,species,taxon_id,observation_uuid,photo_id,sha256,selection_digest,review_order_digest
0,1,northeast_final_test_v1,camponotus-nearcticus,final_test,Camponotus nearcticus,146942,dd1c98ee-c1e6-4ed3-b2d5-8e352d5ac3f5,298306839,b04d89aa76d1bae6df97572ea2f298cbdf90b06f134b98fff14e18909881f2d3,40bc819693cb8058196959f0530abb6bb669660d8247e70a1f249623c02c85f1,0027321a2409f7fa94ed6d83ca2441490cc61271ebda1f072448210d635db936
1,1,northeast_final_test_v1,nylanderia-flavipes,final_test,Nylanderia flavipes,372712,8562849f-f780-4617-b405-33bee06fbdeb,515838615,8e3e2ae285ee2021f19f57750fb3d017dff11997a45f10709b68a99ae49ce766,96b55b22b7af97e57c5af10914bcc37b69a9fe8fb742074843d01500dbbf3e42,01299f05cf69f94b00bf0a3403a37ae9c9457cf52b07c7482c8266be5459fbe5
2,1,northeast_final_test_v1,ponera-pennsylvanica,final_test,Ponera pennsylvanica,203419,67280a05-0f26-4596-92a0-a2dc130012b9,528921264,38c18cabaf91ed66696f1d5ab920f9a0be0f9e787b6edd56bf84649b9c593a55,618c9cc571d6eb644f893cdcdf34db424d402914b07aed06dfa0efb216445c77,019351d2f113ec608ca83f7f4f2ad82814a19f54889bbb60a36d91784287cd01
3,1,northeast_final_test_v1,lasius-emarginatus,final_test,Lasius emarginatus,341143,49e46a64-cb7b-47cc-b978-d567fa30159a,142641277,39aa504880b5ef3dd60a5a194ad41171d18ffc802990a6e18c4fc2431ea41f8e,8bcda5d318306751733217311c2abb3e5cf24d9a5cf3df6793048deaf7ee72b4,0219b4ea4f9e36e30eae269807e9b0da413fcef4ac0ad86a858a93528514573b
4,1,northeast_final_test_v1,lasius-neoniger,final_test,Lasius neoniger,69311,2295923f-98f8-4b48-b1f8-5c55b069933f,439195900,96da8fc9aa551cf680b11e67577ddc5e68466b4ba81057822abeb294fee95199,d5c544ed7e738267659ceda7e2d45dafdd7a1c89f81e6825a13a7521528cd79b,02705ff815f00ae7d9273443771e7e2bb374d7a290b1d706c6efbe573133b826
5,1,northeast_final_test_v1,camponotus-americanus,final_test,Camponotus americanus,215970,53eeba90-e167-4340-9839-c1f812399077,19404091,aad35e932cbd12295eceba1af31799c68fe1433f56150d27e36f1d50d3505831,8cfb2a467d615d5881d4703f63b1500f3bdd4b1f477c6b2c4acbb18b56f48744,03df9d81a31681dd814e6623147f86d6351838ec75680aa84b37bf1fd685338b
6,1,northeast_final_test_v1,lasius-emarginatus,final_test,Lasius emarginatus,341143,2d408df8-cc77-46a6-a53c-c00e501f4a54,77505153,189a5e58459c1aa7f9c70f16333f0fc2ab28bbbad568eefb23b26de2bb7858a3,08fa2acd2af3041dd5704401bf3c568853eb7c8775ace4dc30cf4b50efd83950,047146c7b3c7c82df4de027febea450cead69ae30997c48e96c139d81cbb795e
7,1,northeast_final_test_v1,camponotus-novaeboracensis,final_test,Camponotus novaeboracensis,143252,f5cdb84e-371a-4b38-9af8-6209ee1e7b6a,505875644,b6ef45589926e05cd469ac00adae366473fe3566d6fb74d49bb34cd783cec82d,04dd8690d919d92ff22d68a9bb4aecb5fc40599ed91e5411c41e1268f55fe6af,04c83182945ad0522178d6ea4ed83ce5b64f311a0f7d0302e55f119a75e9b2ae
8,1,northeast_final_test_v1,lasius-interjectus,final_test,Lasius interjectus,222713,82e448de-4626-4f25-a7d3-3790fea17d5d,330808888,500028eaf77e74516eedc9349f4edcf050ffd04486bb7e76b97d54926b1a7793,263a020e6594f55cf561692eae2aa69cb582b70b105d5ef26edaa5720122e5b7,04e1e6e0c022e3ace2517732ce8ebb4e20e212e538e2377e6a435f6322487eee
9,1,northeast_expansion_v1,lasius-americanus,train,Lasius americanus,966095,29fce4fb-8ed3-40ef-9424-dea11556f2bc,146108228,e94c63398150c4e145df463eac1828239d2d226fa311773fc227b26050d7f4a2,0592d3ec68a847e840ba3e805f552abca7aa9f97ccb812b17a7da9a2ce781630,059b65b0296b5967bb6c71fe668ea3de6710790d2cc1b0cfa4257d91824448e3
10,1,northeast_expansion_v1,camponotus-novaeboracensis,train,Camponotus novaeboracensis,143252,7b72262d-6747-4c9f-a151-5e7b4e1c5cbf,381642001,7662e35c2484d99e68cb52f2f6c49587452aec319c893a95c8535034571c866a,03214114225cafefe5c8563edfe1c5ce8d43b54f51a0a5c4c883cebb1cc4b678,069afe97d71f86692da4c070a8b89450631f76615079b0e59c95323a8b1ddaba
11,1,northeast_final_test_v1,camponotus-nearcticus,final_test,Camponotus nearcticus,146942,21e89173-a16e-4743-852c-de3ed4357dde,24216798,d1e98e8053902c1099ad5581ef9a8ef93329aafa6f6c878598fbb0e45951ebc3,58d988e96e6de4ba9c9d64d830b657c053f30b7f9d583a29af1fc19ef89beb2a,06a7f0639b515077390011c87c5d0b0c6737562a63395102e4a780015e986e7a
12,1,northeast_final_test_v1,ponera-pennsylvanica,final_test,Ponera pennsylvanica,203419,8b18155c-bbb2-492b-aec8-1acabb5ea53c,501953848,cc4b10c4216e2a6640defed83a7f47fd54fa72b0861dd78f7da78148b3afdf4e,f3b28504a5629fe228bedb8365d8a9afff2bc2944637a71154c67a9f46af4a0b,0702aec6966e0c362452c61db95812301b3856db918dd750a473dd14e288f5aa
13,1,northeast_final_test_v1,camponotus-nearcticus,final_test,Camponotus nearcticus,146942,02872328-7016-4d68-8711-653b3840bbe9,639345694,0c70ed1f8730f38e1328e938751427a8ddce05fb4772058f68ed720676eb9d67,ba58a5d999bb88ddfe03bcc4040ee52aa6b2b0260408e6eeb65ebaed26355026,083b8e6590017f9dcb1855228096bbc2e97bf44718d3a5111ee76be3a11f2e8e
14,1,northeast_expansion_v1,nylanderia-flavipes,train,Nylanderia flavipes,372712,dd9e1812-5c10-4a0d-b576-5d95d30780bb,40884902,27d2ff0c0b8ecc6eb1af2064c7e4af26a401ef0767afd9984788ea50775eb682,03177e8896889d486d5c806aaa22263f2f163299c0fe7e121b1ed0fae1d736d0,08cecc99994bcb72a0d3f290895ef85826ba06beca6eb1399a76cc58704681c3
15,1,northeast_final_test_v1,lasius-aphidicola,final_test,Lasius aphidicola,1032788,2d929dac-b0f8-49d7-80d0-785be489c488,158245197,879746a9f3afbf83d8a20625f64393afc8fe610cf9fe5d9c31c4f21384b0095e,02d561321fdd6684f440c946dd86c1161108e4d95c35b706902bc4a78c43b13a,09f9a46e729d79703205836ae847fcc89ffbbff96f0725a06d7463b45bdf9fd5
16,1,northeast_final_test_v1,camponotus-novaeboracensis,final_test,Camponotus novaeboracensis,143252,943d988d-fd26-4af6-ab89-ed1cc869529e,381912332,3bfcd25af6d79598d00fc7cf9e447910b75f69aeec98442e6d31e9c4fdf9c072,1032e1c6c387c219fcf0497b4f27ee5b7e9fbd2209661fba2cd875006aec8380,0a0e235c0982405efefe7ccf73ebb22a1ef528794ec25b2c971d7f00196db775
17,1,northeast_final_test_v1,camponotus-nearcticus,final_test,Camponotus nearcticus,146942,19b44a70-f351-48be-957c-de6c202cc310,401709726,19a4e06216dec7537bbf372d49a769a93288319e8ed4c0605db828fe08124646,61943bdeebf986551e59c9277535eb9fd8e61dc5b3f36f7cca004bc7836394d1,0a4bb3e1d4d87b293058fe938ad6a0ab9eb77fd83dfc08ae54c0eec760b2f775
18,1,northeast_final_test_v1,lasius-aphidicola,final_test,Lasius aphidicola,1032788,81e76cd8-6815-4665-a557-d25bab8696d6,403390911,70a44b12516a13786bcd8d729e267dfb4f623062a115d6df98f318f7935a8718,9d2de34e817317887958ea5c67739e420c29106f4f8f5bdf8282b1c62ed9de9e,0b064305a43fdc17db4dd7a44950466e843cfab3ce9a9699d7d922a3d53fd954
19,1,northeast_expansion_v1,lasius-americanus,development,Lasius americanus,966095,b0b53f57-005d-40b7-a85e-758ae01b260f,281478594,8567d47482dfd0d9bd0760485932a61e93dd3e126d322cd3ef25519a2c9511c7,16fcc971e72f1b5134efebbc1088a338384968698a6f0bd8b06742f8349aa27d,0b868095e9921b285424062e1a12dcc3585ec1dac940196e08dc952a51553255
20,1,northeast_final_test_v1,camponotus-novaeboracensis,final_test,Camponotus novaeboracensis,143252,a1d2aa4f-8ed9-4cd7-b6b2-0feb432ff6b5,435608559,6a643bed5750c304e3d750fa23b99c7bc35dc5cc9530501d4434691d047a323a,9fa7ca76a9ff197e40184f210380f2c41fd4e511bcf8cece21934b241d284d57,0c55951ae692dd11837bda3d8ab0c9483719597a77d01c80925ef29c68cf2b3e
21,1,northeast_final_test_v1,lasius-emarginatus,final_test,Lasius emarginatus,341143,39a3b268-509a-4fa4-9149-bc02967fc706,17687430,f9f584681163a2cdc133e13709b3afcf9c62d799a69a57c662fcc659b0026e21,e578063991b5ed484eb867d11c2cb8af21d51794cb0ef0abb501a6ca01c84f52,0c5aaa0682458ebe22a0eadc2cf82c3f99f2a318a50bd4669a19456f976ea12c
22,1,northeast_final_test_v1,lasius-interjectus,final_test,Lasius interjectus,222713,8ce83dff-1ba3-4b94-84f6-3e94cf514c87,330880864,f872d97f0e9cdba18311a35c008fe6af93cc6062f85d5995c3c34f70ffba8063,ffbdf741b8e9684321eff670b1ea915ddec3ce2a55560dd7c07aabf5cf5541f4,0cb41ed42b2d884c48fce3fe1f57b30ba8d27b80e552fc3bf439e9f9f5c8a95d
23,1,northeast_expansion_v1,camponotus-novaeboracensis,development,Camponotus novaeboracensis,143252,fea6a83f-4414-4b0a-aec5-36a08d70bc44,679394859,762613115b40e28f4f38b54a289904ae693d7b10a84be6d5e2f37b9bfc40c152,138a861500a24bfe70f44adcba0c6314d893cb5e11ad93f2584c2d1a15ee7e31,0dc4b22f03e11708ab66d8917f10e9a5a44c3ab1bce14e2471693a4907fd8ba2
24,1,northeast_final_test_v1,lasius-americanus,final_test,Lasius americanus,966095,5d9f4b9a-dd73-4759-a2fd-e876ae503258,285729271,065c7fa2a02ef76134b28a55215c7be59d6127e589241f92606b2b793afa0e98,a79d6c72d784c66d1b1e28e00ffc9d56c7c6e2604158126d0d02c3a8a3acfc01,0e0816835ab27d136412f7253e18f5a78eb821ac64e661021fdfcc4cd4ceae03
25,1,northeast_final_test_v1,lasius-americanus,final_test,Lasius americanus,966095,5def0735-cd96-4d29-b339-31afebbe71b6,520413997,fada4877ffe718e47518585dc3949dea0b510531121f41dd9cb5df64e14bf3b8,7293badee26cea6bf32516435f75cf888aa1622a485a0430a338c2f632d9e35d,0f1396aa464d4189efa4c095ad3cb5e3d46dd9a58350cbde975c03a634007327
26,1,northeast_final_test_v1,lasius-emarginatus,final_test,Lasius emarginatus,341143,fa875cc5-5ab7-4d0c-8529-4fc31ff3933c,259558479,d0cf3a299409cdff680c931be32b59825d7a156e064cffbcd5491fcc94ce7307,fcde3b8a6c13fd4a1a6093d6d270e0ecc69dc239c1ee3393a3ba4eac906b686f,0ffd8f63c030ac5a2638c74b213fbaf7bd3ecde15a06365d78b4c4f4de3d1a20
27,1,northeast_final_test_v1,camponotus-novaeboracensis,final_test,Camponotus novaeboracensis,143252,bc4dba2c-7665-40a0-bc94-67f8a2f743f2,522226798,88907189ab96b41630353109d9054782a9e3c7ccf3e6803d3a4d512dea291350,8a8802836264e19fbafea20fbbb4eec71f89f60602798264ba47cdc5d4209e85,1105ccda386de5d71d105ba0a6f56135e47336112c74734a5c7792943cf9f243
28,1,northeast_final_test_v1,temnothorax-curvispinosus,final_test,Temnothorax curvispinosus,232366,691057d1-d816-469c-a279-d4cc52bac2ab,229600526,22dd27c5c39bfab702bb02db9a3108050c7dab9e000bd225f90ed07f0d2426cd,b6ebdad39922038ef2730366c0bef2cc5671e71181577253d1fb16ee91aca107,1116baef7d833dad2c85a332a01aca93e24aa346a067e405db1c43d901b55043
29,1,northeast_final_test_v1,lasius-aphidicola,final_test,Lasius aphidicola,1032788,5b651b3a-40bf-4af1-9e04-94fb0a09e3ad,267185763,9a5803aaaa28465a3d927d939b18d8ef6dc5dd061b527a47f686d54bd7290fec,d3e04dc26871515e20810445dd2e93c66eae18ff60aea38b8f50c8b297a892fc,11f12cda592395a080775a6dc6e9e64a70cac64562fc6ed06dd616393ada688b
30,1,northeast_final_test_v1,lasius-americanus,final_test,Lasius americanus,966095,3b487443-1b84-4a8f-bf0d-68d8b8ccc404,411639605,d359b268eee9ce3bd165b31574a20a70307eb3edff96ab841da68bb9a1c5fcb8,782da499b69dc2c45839604cbee63fad6ad6e664a0594eb0aab4300e12832efe,12123d4cde86a00359f56155247133542d29b0d4660eb02fd33d205e41887a76
31,1,northeast_final_test_v1,nylanderia-flavipes,final_test,Nylanderia flavipes,372712,c782194a-a9d1-458c-8dd5-89bdac7b7647,355108551,d208c0a3177a2cf8ce81240df7f3bb15649e70bfb58064118d73e393f8590936,d42869c3933f9e4749bdc35cd82a64e7329bfe3bac6153ef809a0b7b21a6e06f,12cccd51f75208cce409d738414d1165f7b1601a79e8e15977f4b063b20c123f
32,1,northeast_expansion_v1,aphaenogaster-rudis,development,Aphaenogaster rudis,213893,c334d8ad-9a86-467f-b671-a018787a4608,306866742,964b2cd76f64d867e04df32e0501fe5c4f44af8e8dc0be7d0ecef1bfa5fc7bf3,12be29e17a843610eaac48248ac3652864ce72c3d129851823dafe7e2fdd406b,12f0babc1e5ca7633a53fe039cd492eaf73c3e0be962a5c596667e196ff2576e
33,1,northeast_final_test_v1,camponotus-subbarbatus,final_test,Camponotus subbarbatus,143505,63c30635-94f1-4532-b9af-8b27e1372bb4,210641203,990e93fc210b848d39715c652a4bef82b1ac205303676195cad3008c63a239d6,18b7314f8bd86f72fd9a78a039518f29b06729f495239e66963f71c1dd9b6f62,13348b3fb49a35cda0b8ea5ac3bf9cb94e3263192bcaa3b9b4f617be22c2a1aa
34,1,northeast_final_test_v1,lasius-claviger,final_test,Lasius claviger,222712,90f7c4a4-faf6-454c-b38a-023f9e7b7a2b,165641601,5417eead29145af6be5a6a3256ea9cd6ece4c06302a8344693b7e68c808756b9,20cfb56e73914ed84595f52eadb24de02287337c86269d73dbbcc2730ca98872,1348f2190a4603e47ee6894e6843fdf66c49efc56c40681f6f40ae8fa94b5990
35,1,northeast_final_test_v1,nylanderia-flavipes,final_test,Nylanderia flavipes,372712,f8ffa1fb-f306-4115-82b1-375b23e6157b,46461692,c6ab61cbcfdfbb8c4eec962067f9fdb6a88a13a832336953c1e108ec11effeb1,d0d8f086ad59fc1827f68b5e95d8abf30539184089fd5f4a5027eacb0667dce9,13f18d2b6fecf47931c8baa080b8c5d40300e9797aff31b853519e8cbbf134a9
36,1,northeast_final_test_v1,lasius-aphidicola,final_test,Lasius aphidicola,1032788,4b5f6426-3b43-4ff7-9452-e334397ac429,594827937,4e12445f207e17eb5c9d75984207761b5d400e64c5126afd608fa187bf1c9a8a,34339de61ceedae57cfa0e26e617352a52a396aed64cac3a57a0a7f0c7fcfac3,1414ac0f91f7f5ece4efca3618adc43a8a07451698543f21a463d691aa18ed65
37,1,northeast_expansion_v1,lasius-emarginatus,development,Lasius emarginatus,341143,39fac1d5-e42c-4d61-b11e-c473276c9934,493256023,841ecf495a46f090db6960114de2f62ae408e5aea64af17c65112f61c3553fc9,0bb3a84193a71808944f1744caf0dd29ffeda880829acd424f0f556861bc567c,145a756fc011eaf10c9cd21066fe66cba06f6ee8e8ec0dec5b9d06c9780c7f79
38,1,northeast_final_test_v1,lasius-neoniger,final_test,Lasius neoniger,69311,1d1440f3-bbc9-4666-857c-5e1dbb2e5ab5,572433922,963de5e98ac4664d70a723d4e67c8bf75995c93c79a839f3ffecd2bd43a82480,9bfecc2bf8fd46fc50693944abf1e31763fe3c9401bb2153b30ff8b316c78ee9,14a4d3288e60d773387a2eef34f83e333f349394a400a0a29e1d4ddc5dcf3539
39,1,northeast_expansion_v1,lasius-americanus,development,Lasius americanus,966095,9e331a05-783a-4c6c-a398-d6e9eb6b7cf0,415201920,ba61445daa2993b7f50ef65a143b1624d9d6b653f66a60ee1ff4a92093414b4b,121711c959ff655168176d9a992a0a4bc59db5b64782bf0d906e1260105eb9c5,1536d69556676c602db8418bdaa3acbd02e8726ad5a43a951243edbfa17ccb3f
40,1,northeast_final_test_v1,lasius-americanus,final_test,Lasius americanus,966095,5049942a-f4bb-434b-876d-d5e230e2b1c6,514262939,9c4bb8beba463322c56cbe0209e4996e10ce0ba03378447c37039d9044e98368,c4af0a861e6e87439609dbaf79594d982909dd58804978ac9b407607225671eb,1548cfb3e8ff4f3b40d662fab11b3e9a45c0fe64e681b9e484ed870f0f960b09
41,1,northeast_final_test_v1,lasius-emarginatus,final_test,Lasius emarginatus,341143,4669819e-6576-44c4-9a77-b442eaee8d2c,381510906,00dcb8a936961ab9ebd4887f293cf2dd4e7b51b232c02b322a03cb4b6de762dd,b3b9357a3b0accbd6c592232bfdadd8be2aebbd75117334efed40b12eed50aa6,15e88c6e4d88b79859d2a237efcede5cd8942c705be615625200c6e3ace779fb
42,1,northeast_final_test_v1,formica-exsectoides,final_test,Formica exsectoides,133654,68e84351-78d2-48a7-a67d-b9c0c2b0867e,193341265,d7fc56ee79a0072212bc3834bab767e4f63f9125fc308c25ad800c15d0239cc2,d3dc00523c34ee69a2ef501e7d2a7e57294c89f7833d47f8ec7e6e7ade8b70a0,162bc74eed9279bab33e66f1e587c2897a71684ef9758266945432ae90ea4565
43,1,northeast_final_test_v1,lasius-neoniger,final_test,Lasius neoniger,69311,ffcad598-6109-448e-b2f6-85e649892564,487975475,07ca4c4a12424b9637603ec5a354ecea50ba554bfcc4a9a9358b7bddc2ea4594,1e84b85756a0f99bdd1f372ff77d22bb8cbec3a9149514f38b4e111260883ffe,16a87cf084b5abf12a4f3b6f23c1bdcfc66d0d44889cf4efbd05cab45778906d
44,1,northeast_expansion_v1,camponotus-nearcticus,train,Camponotus nearcticus,146942,bfa84348-985d-4287-a336-df876ee92c0d,208522818,4d530ba4d151e88d2052a110ccf725dd8734f737b895355c4bac66f81726260b,04e6117cacc140be4ba6c18b08fd3150ce1b58f0d488ec8fa7bf5481edb94365,174a7fce892de5084849affce42f3b930a3f4c2146c774cabebd0fd69e412363
45,1,northeast_final_test_v1,camponotus-subbarbatus,final_test,Camponotus subbarbatus,143505,58a59b47-f591-4eba-8304-03ca046debe0,198321742,10dd239a8123dc33b63d6e951572dee9fe3e6f0b63f0e3956dbfd9a6653edf53,d3660ce5afe982adaa7ab05fe687d4d1950bb2dfc882874eeb5f9a1d9a6a6d50,18370725a53898e49b52e6717370cbdab3fcc42c6bd4fbe30ded110e89f4c563
46,1,northeast_final_test_v1,camponotus-americanus,final_test,Camponotus americanus,215970,ebfe8406-ad1f-488b-a5f9-7a48510539a2,425811521,21f242361c0655dded91dc1bfb022e5395da342016d29cf63eae2d1553f691bc,9e1031eb83750ab3fe346b3e895b3f6639e6a1301eac1a915c3bcb08e3f14326,1869421be03c0dc967b6e45be599e8648cf8b1d8279413011c7d5d38f5b5a910
47,1,northeast_expansion_v1,formica-exsectoides,development,Formica exsectoides,133654,8b5a1f76-efaf-427b-b4e3-e4fdb8a3b132,430458829,ce04e20b7e4882381930ba7847755c3c7e29929647040fb6999fe627f6ad2fda,396af86d1f432b61f060405c7bac90c9235f76866112c89f8a481643d4789403,18a3b75785b2dbcd0391b3a6d54549c12a05fcbdf8a9a47027328614a2d71ec6
48,1,northeast_final_test_v1,lasius-neoniger,final_test,Lasius neoniger,69311,6026cf74-c8ea-46c2-a09c-a1be9b842ae6,441072253,9043f96829336cfc8fb27b8d5cab366a4e75faace8facb87b61ed0d3e44e633d,acdd97abf691dfe9add2191d6f660ae72b474ad3d673d6c1035f0868eb236bff,18aa9051ff1590464c21be85360a0bfb3c5e9c4a3d9bf57049c3ed9bb0d5705c
49,1,northeast_expansion_v1,temnothorax-curvispinosus,train,Temnothorax curvispinosus,232366,9d23654d-19d7-4890-b744-08bef1f43fee,64494522,e6d8932346b2a67361c700211ceef988e9dbd1b9faceb72423f0446331e9931a,0688b0e118fab4c440fd543c6950de623eb6fa2cfab813c2a7d03a1476da98e4,1912bfa5aa1cb16fe4a39e1090952f961ccc3f2f371bb53747a532cf69979189
50,1,northeast_final_test_v1,aphaenogaster-rudis,final_test,Aphaenogaster rudis,213893,74052d9e-a933-4b63-9cbd-a6c1034c9f91,397964412,1534296a2976734846b9af742c099b7774d13fc331df8da3b9fac152205884c8,47f87b0db82ac9cd8f919ba9abfdfcdac44e60a0743565cc94eeedb8ce1ddb91,1923c06626ab7f9985750cc59562d6af79fac2971209eaebae12e324195f9cfe
51,1,northeast_expansion_v1,camponotus-americanus,train,Camponotus americanus,215970,f3cbefbe-24f0-411b-9edf-1d6d3fe06340,313605717,a6a298f965b057c5d87ffa8b0c98cbd4d7808e9ec3bbbc33d5ad6f6ee0dddf02,0658410b6a106100ceb349ee5e96e681c6958823c61c7001437bf13310355122,1a2fee65253737c54126352e0e7f1479eda4436422ccfa30120384954d65cd36
52,1,northeast_final_test_v1,aphaenogaster-rudis,final_test,Aphaenogaster rudis,213893,2169bd9c-3021-422f-b56f-3e84d44f262a,281334397,c60c8e71e4c05563046e856529651989cb4a6a30b9f631b4805a51d9adb5b8b6,c25d7652bc6c1bef158e75b4787c9bad4e45d96c032cf2535b22593c9900c47a,1a504b79d7bf808e1aea291706dab708d4f6574b7621049a24255513f7c3373e
53,1,northeast_expansion_v1,temnothorax-curvispinosus,train,Temnothorax curvispinosus,232366,ecb02d9a-c6ba-4244-aff2-f974566895e3,303616330,4d273d153733bb84542be13bee65adc510fe0d4ba0aea620e315adf65e4eb77f,02f0e411644d9ec4190d750fe27f0513c639cbad8169d9251a4fe15d3579ec38,1a740105ea90b77d86b9fcded4fc4981984969370039f706a7018a5a5867e233
54,1,northeast_expansion_v1,lasius-neoniger,development,Lasius neoniger,69311,1e7586f8-974f-46ab-9211-3c9e9e9e0180,671628388,38dcfe70c57208c9310116ec6a6a9847dcea97a2256f3f538934ea906af76aad,1a3a5d46b26584774e443211a6b208447d9e7879a3654d8229e3b8cc07d1eada,1aac83e217f84086379635e8c1adb66fa87713e803304b30ec38393b736ff849
55,1,northeast_final_test_v1,camponotus-americanus,final_test,Camponotus americanus,215970,49510a3e-f673-40a2-986b-1b9bc24054fe,130102910,b59ed893646c46a19fd970c9a0ae11b22990b8aecd9d285b55c6aa3c73cb25a9,55546f5867c8b7b3691a9ac1edc820f89df04e21283744049a5a29a4e78e89cc,1b90c7291be02ee173be43ba6a590483cead985455d06f0a2a3fd71f7f7d0c77
56,1,northeast_final_test_v1,lasius-emarginatus,final_test,Lasius emarginatus,341143,03706162-862b-4448-8168-01745010b394,506020472,21e700794fdd788f351eaf28b4a9bc4eef96de8e6d57e07243e669c28f997246,ec03626e8a85c9ad77ce98ed08bad0ba17dedef262f04d232ef9cded4d7c44ea,1bfc6608bf872e4fc672728c37e4a0539a9c7a7fe3705565b310f33af2b56d52
57,1,northeast_expansion_v1,camponotus-nearcticus,development,Camponotus nearcticus,146942,3cd52a84-b06f-4dfb-a359-70c9cd817f7e,269684193,3a44e643f86cee73cb0daba05dc1d086f6113394f48f30d4c54f08ae1c68614e,0a4e02a742b02b174320704fd0eb1e3457920fcfeb18fe5f5b3a9f603b3b4aa5,1c10f6f047c599c23e18ee5120fc689904edccd4c2630ba34a58ab95dae34753
58,1,northeast_final_test_v1,lasius-aphidicola,final_test,Lasius aphidicola,1032788,94e2e03f-b63e-442f-960a-fb7bd87a06ce,235552002,1ce9977fae8c98cc87558e36e774d864db504e2fe85f679736eb58f1f4ac4a35,11a387b4a8c547096ceb4e45ff26ad9067454ab62409c12abb47df819d13ef31,1c19f69f77da43c38936a61c0cd4d4872734846d6d37a0a3ee7be0cab9e5b7f1
59,1,northeast_final_test_v1,aphaenogaster-rudis,final_test,Aphaenogaster rudis,213893,95fb10ae-0486-4200-b29a-6f01ba050182,304375344,ce19d072629f511d7070d25c2ec9546a6bcfe425a018c2dfdeb8464b73ccbbd3,7b78cb03ec9453031a2ab47bbe0a1116829ebd8e0d605f6523a50723bdfb0083,1c702b466c8ca0946a6ecb6caa234efda4205407a8747c42fbc2dee7b4392122
60,1,northeast_final_test_v1,camponotus-americanus,final_test,Camponotus americanus,215970,c23c2fb2-07f6-4337-9dfd-283471888559,659084221,defdc7c709e696802d13e8905a4f535006e50f073a1c58925f87e9be798bc709,9a7f1d54a658a94ec02696cf016ee3403479b65f38bc22a3b93eae9262f4c267,1cd5ba9cdfa5f793463bcf3ed0ed13c0f6d67ed927a85334fc7a775f9ea1e21f
61,1,northeast_expansion_v1,camponotus-novaeboracensis,train,Camponotus novaeboracensis,143252,136b43d2-4d19-4081-b872-7f80baa820f2,168460952,2ee2bbb4caf74d5f7c2416b42239464f3b90b419feb75b3b17f8c2d6c0e851eb,055529b1ec53dc96f1fca7fbab08c7a0bff676f1422303f44286b88d457b6680,1dbf501d0bbeab697279d06fb4ccfe2602c8b14af3539b182f5dc927e860a62c
62,1,northeast_final_test_v1,camponotus-nearcticus,final_test,Camponotus nearcticus,146942,aba449be-cb32-4575-a697-fcb4ad3f39b2,81497515,8af97b1df846fae2592738de3a9669f85d8970d8847a96541b6ea8e9a9b15b8e,e356949fdf8e6dc85e4eda7cbcadc2baff7e9b6329e6d14b1460ef2bfd0fcc1e,1e24c4cb1548bf6748a59a7630a752d8979fe9f656119902de26dfcc5f4a0fd0
63,1,northeast_final_test_v1,camponotus-subbarbatus,final_test,Camponotus subbarbatus,143505,f6e42d11-9e19-4eaa-874e-8e6119246e85,503923311,900e1a66e69ac10d19e6aaccd1a1d31696dafac46ec5ff63500a6c043c3ab151,b8d5b5357abf27f45c944a52b2264d82aeccb8b419ff3820fb7143964bee380e,1e3eed64db5126baf8c658f32dd6d27368c2e6a7540a2a771d7cc7b7022f07fd
64,1,northeast_expansion_v1,lasius-emarginatus,development,Lasius emarginatus,341143,c5fe0cae-b9c8-4988-bf92-d31eb9b2f79e,482849136,b603cab526af7c59b009b97b2009b76065f620bb0414e8b3c13b8e198f91ca61,011dfaf6b1c814840bf1d4946e221ffefcd7bb9c2b8affea6516592909dfe844,1e6d14a652be87841d223be02022ad048d9d6e7f8b0ebcdfe0f9035e8840b31e
65,1,northeast_final_test_v1,aphaenogaster-rudis,final_test,Aphaenogaster rudis,213893,972ed5a0-bbed-410f-a374-973330dfde08,693040656,ecd3dae26abad3535d19bb047ab43c08f7a18c975b9cf38e3c6c272aee1d753b,8544759829c0207e1d5e698922808f18dfd1f3a17155322449055a609f3db85b,1e906bcd13d64e993c48f957da70676f215632c7f6f92570672814e7aa10e83c
66,1,northeast_final_test_v1,lasius-aphidicola,final_test,Lasius aphidicola,1032788,7c5a7ed5-f398-4ea3-96f7-a3ba5b3e5647,73179039,896f8139835a56b18b1c2b0849fde714d1b699019cf607fab53a81c1538c3577,535cbe224e58d92ae9a6d1e8e388ee990d2962b8d8c34f0095a1dad4f4dded71,1eac8668c3e35ca9c67504e928abb2dee66dc274fdf9ed6548c2b767d925c36d
67,1,northeast_final_test_v1,lasius-aphidicola,final_test,Lasius aphidicola,1032788,7f37ad53-a3f1-4ebe-866d-8a6d04eebf80,566394142,d449d4ecef97486b15116cd71f13481e6afb54b0d78216e2e05d2640f763f3f0,5f8e857b945ae0c7da498c5c52d55d347560306354c1ba0b0f674507c6ca40bd,219c0778fd03c8783aa8f15e4e86764d67366ba4bb9821c79ab14d45e540e2b0
68,1,northeast_expansion_v1,lasius-claviger,train,Lasius claviger,222712,cd191658-fb18-468f-95ec-261c0405cb5a,567134140,837331b91eabd4286f097d44c08edf14e139c95e32c213e61da13a946572ba48,04d92dc9345961ac9789fa107372ab31acbab93c7ffd5d0cd9e90d499ff7270b,21ed86247a583ceb37ae51a762fb64a98e9378539e809f13eb1ddfe738b0fe68
69,1,northeast_final_test_v1,lasius-americanus,final_test,Lasius americanus,966095,a7bf3b56-e4f0-4ef6-9ac9-6a588e1ec2d4,404408674,a0495417a2f3a3f35ee1223f3b4d8aa470ff688f4545b93a1175c61e39a9d0b8,d4898defe510441115f278ebad42e4573e341d6d39aeeb4c3f11ce775770097e,21f5c44add089436b844a2cd7e73870a44b65bc5ca6f1e6b23708572103f4bfe
70,1,northeast_final_test_v1,formica-exsectoides,final_test,Formica exsectoides,133654,daf6e828-6dae-4854-9548-fd83b075580b,61984636,d4b72a150f31acb06fee3fa6e146fd4bee1a82003559973187395b621f27edaa,2dd2391358c302d54fc408bc239da4d004d36d646575e3d41ad4a441aa8161d8,22cfcc0ac7a07570fb3966beeceb50fa13d5523df5ae22980b4419dd95f687ec
71,1,northeast_final_test_v1,lasius-emarginatus,final_test,Lasius emarginatus,341143,d29afbd0-7442-4d15-b8b3-81fb7829c2d3,694921941,52b9ceb4764ced8331bdbd91fa5925f39568992c07d15aeae0ca4bd064d08c42,cff6d7b5d432b8a45fa704109b0fd201609dbea0f4a53cc918883c2cf92b626a,2362a7abd8b3174d7b2a82f36b8631e68d11f6413fd3d73563469e8a984ea2b2
72,1,northeast_final_test_v1,lasius-claviger,final_test,Lasius claviger,222712,fd4e04d2-2f0c-4ae2-8537-ddc17654e8f5,180431017,87f326ef849680f21f793c9b9b1e8a937136cd91c4a46cca88be53eabf6f3fba,0578ecb1444c361cae28e1c73adb5ecbbc33f6d172e939ee215a35dcf6af67b8,236c93f9fccffd16c6f8d74bafc715c4f75b75c4896793759fc84972b4585297
73,1,northeast_final_test_v1,camponotus-americanus,final_test,Camponotus americanus,215970,179725a5-d74c-4a45-b9da-c5130ee80e87,339223692,b8bfba6895b6b1efbf512ec35dc5d98f35b211226760ee1dce85ff2cb30dac8e,e10e19950c3d0e75c149f0a6e8aad784d32c616e46f4e0af54fe96e1bfdd2160,23e51cfa2ad9f2ce9cef974edd19284f69a9f1a490b91b6821b3048a29155a29
74,1,northeast_final_test_v1,lasius-neoniger,final_test,Lasius neoniger,69311,7af9d2e8-15bf-4758-8bab-09d8b5e06b44,525340732,fdbd2eef0b8979f649f6d10c31920a73063cf5d675b29b3ccaf065f6999faa01,45eaa09bfee928174abd225883ed5a0db3e4e91e4278d0f121f70cc58d929bc0,248081fe1bbb2fb9de50f280ff1897cf1d341b988c37c16446a5f646033d34a1
75,1,northeast_final_test_v1,formica-exsectoides,final_test,Formica exsectoides,133654,0853b709-160e-4ed8-9152-dfb8fd258d1f,567162962,8e9c2c0196ea91dbe7d2f2c224f84449e679bc029df97b989cf283140753ec75,9552d03325346ed1ddce71adf814e9e9dbffd51ab586d7cfefeec0e35760a57a,24eceadd0f058fb1cdb863bb8488f1b8e9e985c23117348ea3c0ee932cbdaa0a
76,1,northeast_expansion_v1,camponotus-subbarbatus,train,Camponotus subbarbatus,143505,8b6cd672-3238-4a09-a5d3-1d3c3be900bb,250779225,6d2a8fa5e8a426f29adb3daf9d07bfa12f8349314d3334254e57e7ee9ec7c933,02086796b1bdd084453bd09088d35470b9b56edede785248c48fae278b158f8f,25005ca54fec7527dac3e29c3155ec0914e53e5be9128425dbd508752f940fa6
77,1,northeast_final_test_v1,lasius-neoniger,final_test,Lasius neoniger,69311,6d453577-f058-43cb-8855-9f1005f4c3e0,429786661,2bcd955a5857d66d0ba69c64d2addd866853f18054598866d5d4fc278d353eae,7478ae11915f03530eea6fa6b20c89140cb13c036e1b125fdc6ce7179e86d8fb,26261bfd33e88579ec15f93cc29888dfee5999e68d36d81506a3afabdb9219d9
78,1,northeast_final_test_v1,aphaenogaster-rudis,final_test,Aphaenogaster rudis,213893,c6350344-7b89-45b0-b5c2-e6dc6e1a6441,441972481,0af1e176af9626499cbfa649e74c6d37b5473d419e2ff8cd438fbc32903b36d3,83d005aa2554c7bd4e2f570f0e5ce260a22c67f1c41ba28c3c864808697e8bc7,264be9c59a9ba3a5e0638e24763dd83b7bf45946f49dfa5c5cf05f356aac0cd8
79,1,northeast_final_test_v1,lasius-emarginatus,final_test,Lasius emarginatus,341143,b3146b7e-0678-46b8-a89d-fd01f20d50df,8983402,135d9cb69400473774d355405613babdf89ad478e7b187ba3e6b98ce05c74f9a,24a06a0677e458085c5b6e84d9b6b45673a7c6af8333b34974385b1b421bcf08,267841939cc474e2c0494bf80c50523a21d6060bbe08d502ae0b59973353a79e
80,1,northeast_final_test_v1,temnothorax-curvispinosus,final_test,Temnothorax curvispinosus,232366,44d35af3-d652-451c-8c9a-da9f489c7896,75221986,c7de3ba5d4a311211d2f04c23c7fa29cf7e43702fcce9df6d74dc874fe753fa5,274bae24bcf3a833ae9c54e57448b94913393187108ab9920fd8cc96acd0a249,269df0663d84106a976adb56c3ba0ca526457659131a4b1e9dfccf6bb952cbcb
81,1,northeast_expansion_v1,lasius-americanus,train,Lasius americanus,966095,adcaf2ac-bbe0-489e-93e4-0ba7ee212990,559026501,a7636e1e27fae98c4948df6408c44259c1a7deec84685005aa1318ae77d3ac4f,00a1c8a9d0528b40cad6eb2edfcaea7c84b8530f153fb50febb292762324a6ce,26c06456f375f35531a8d443e08fa494c6d466b9a059aced89e57af7f6d2df4f
82,1,northeast_final_test_v1,nylanderia-flavipes,final_test,Nylanderia flavipes,372712,5784a69f-69dd-4649-948d-2cc3c6f9058f,502129420,5ff56b0ac8942469d1391fe1bf0be3d3f3aef45836c5539ef043c480693e9c68,d3e297f56b620d53588d5cc225074f0eee9100ce53fc99b6bd9b08ca590342b3,26c9d6b1ae0ed8a276485984fa82bebde3a42c8ebfe4b1ac58df9ff2aded95b4
83,1,northeast_final_test_v1,lasius-emarginatus,final_test,Lasius emarginatus,341143,b22c7910-8a64-446c-8616-80080c8b682a,535207419,a880170e987a8d07c3145ead6f392d224d8801fcd690471afcfaa3c2470fda4a,f0e7052f2f869966b18c6e42b138372b0f9764583141f9cbdce71a75e5cce8cc,26ef9c0d2d7245b551b3a0370f7799e5a998609a4864bc5f79d913cb551e0d02
84,1,northeast_final_test_v1,lasius-neoniger,final_test,Lasius neoniger,69311,325c1d76-3672-4c01-bda6-e79631abaf29,652502170,96c4fd025a4d8872dd79f908e3af67cd23891e2c103f8feccab1b9ebdba2afbd,fa69f99261d075fc115fdf83c9bb5de20103ea68704d10923f46a9ba8b910d65,2813c108482d1aaf3c8ed5101eea94c6affab702ccb6b18c50ee79a4a6626d63
85,1,northeast_final_test_v1,ponera-pennsylvanica,final_test,Ponera pennsylvanica,203419,46ba7135-84d1-462c-8ae6-324f67e59f0d,654586880,0dd950606450317fa177b26c82dd7461d42bcb82ece3a88e65dfaf41b5e0e7d7,f812c6ac429b8cd083672c5db146f3e941bb045dfa8227c354f3825c1c697444,28725412d97284d169cf936b0bed80876d996543ae9f93cccf794f585e0c6de8
86,1,northeast_final_test_v1,lasius-aphidicola,final_test,Lasius aphidicola,1032788,75a1eefa-899b-4925-98f2-be6681771a03,446797697,d18d7c5aecdbcfcc9b02e0e4cc5297b8f81090ddbf4050b74bcb74d46e23a973,1c300f8c4fd34a729cad0e6dbf066e228e2b94d982fcd9db033a9775109e6b4a,2967af0a2afc23f78e1e374e7b2ce0e3f1c1459ff021f94d1848447bb72fe4d3
87,1,northeast_final_test_v1,camponotus-novaeboracensis,final_test,Camponotus novaeboracensis,143252,cdb9c0b8-0429-400d-8a60-7d5ebc6d3df9,119461762,ed021cc680fbb88b2dfd3a9e8ff1fa2aaf2419e4b4bd966cbb5df2d434bf2cdb,57ec0cd9cb2a427b07b675326dc53ad1ac0e3dc713a9e63bc484b380aa491266,29ca8727c84c8313e12d8cc3a7e69c0eef1e4190c83fedb36ef1c4f11fe71207
88,1,northeast_final_test_v1,camponotus-americanus,final_test,Camponotus americanus,215970,cc49dbdf-cfd9-4509-a7de-8198e16833a6,155697277,5ee45111ce48c6b3676176479d5553265307714226299b72520240828aaa6cf6,ce562465cbaccb48cd7f1a3fe2aac0c32b6516e859310e9bc579d0fc1af4fffb,2a34bdb6aebdb59990fb1ac0157b3faf53f42c64754de2191500624e06a40622
89,1,northeast_final_test_v1,camponotus-subbarbatus,final_test,Camponotus subbarbatus,143505,811e3a23-8cf0-4d5a-9c95-e6060d2eddee,83314066,49adc49ad154699d9558b3cdcce7c98db7b7cd1ad4a3f905d264f22ae8f47918,42c2dad54efbfdea968caf5cb0f7ec5bf8192a92210fe47e586dd41a941c0367,2a9b6791039143026f631fc012271a2aac0bf9b2f0c52741ca7249ff8a7aa1c1
90,1,northeast_final_test_v1,lasius-claviger,final_test,Lasius claviger,222712,b98742e9-8ff0-48e0-808d-3db805071a26,110209959,f474b244ef74a476e9d14046b6ef6178d47c883e9bb14f414107f4ca32e39868,98f41674f407ec373b29cfbabfc1d5dcb2cb50f0de3f749e4b5618bf96b6df1d,2b06dc7c511de4ae23517eb887608c871e2d765d8671ca7af0ec164c51835345
91,1,northeast_final_test_v1,camponotus-nearcticus,final_test,Camponotus nearcticus,146942,ac58d1b0-f3e4-4c21-9d03-1bb3d1cc4cfb,577139640,db40bc260781e9b06a298f242323bc1c5e3f8e4e8757c5b1bf5afbf6f82e2b3d,3c37a03ffaa25730cd740ed9cbcbaa31526fbabe2b19259ac988a97aabb1c075,2b7136f2cb011e5c78df37905280dbd89b508e939985367ca4caa0eaec5fe5b9
92,1,northeast_final_test_v1,lasius-interjectus,final_test,Lasius interjectus,222713,3301274b-5e02-4572-83d9-f549515595f6,279998538,b82c413109ac54e5f017cd18b0a1cfeef5f4069550ebe15b58741bc416b24b99,4f45f3d5f463a68a5b29dd50fb619111d51463bc9f89c3759e542c63c61c235f,2b73053fa27c288763c5c14e86d10c0cfc4ca853758a264fcfa9ab81ddf3d852
93,1,northeast_final_test_v1,aphaenogaster-rudis,final_test,Aphaenogaster rudis,213893,8b7927b4-cf1a-42a1-943e-fecc05d8c5d8,373334637,f82467a795ed1369399e690d6feeafd66499ab33b810ee1db9d91dfb7503a0a8,45f9719cf09ecad0a2e3985229594450b6f2a3136e28002f364ad8ed61c22db0,2bdc293071af38e784d9d4d10d1194fcbd91796b17ff6f933891314ea708b475
94,1,northeast_final_test_v1,lasius-neoniger,final_test,Lasius neoniger,69311,20ef66c9-5200-46c6-a74b-742618b91be9,637770069,5f784ce4001cd599c70adfcc655c80b47b2f8dc6cde5c7a73b8e46bb2c6c7c8d,610cac42f19a311de3d9b666371c1104199435d2dd18b0edfbe5c1530bf2ad2b,2bf2669338e208222507fd3f8f280f7501ea06d0e4e0328f70fc552cf13de9c6
95,1,northeast_final_test_v1,camponotus-nearcticus,final_test,Camponotus nearcticus,146942,bd2857ce-61c3-4e0d-8339-6ae82d6fcc9b,514359466,d1bfc98ba05ca542988755323009afbb24fc62bedd6aa2c34f319146b74e4011,8e07fd11e6a6abf3eee06d38b876eeead4fc656bc88b2b89ea4ecb01bfe189e4,2c2ea78677ad5701509933cb0ec254a30c52809011441efdad6c2ff3a253cb87
96,1,northeast_final_test_v1,lasius-emarginatus,final_test,Lasius emarginatus,341143,b5de0265-d543-49ef-ac49-1fd88fb042b0,214675387,92a73e6c094740dca03b2e70ad4e1b1da2dd6c4b1439562f8a3ee6703a2b5659,099ce108544cd329c5143951def0362dccf5848d2258143b8419ba787cc6dc98,2c5697c636fffbaac0b98e15bc508ee2fc6cc8873a04b5977984409bca462f96
97,1,northeast_expansion_v1,aphaenogaster-rudis,development,Aphaenogaster rudis,213893,58fc4f42-a772-4652-a9bd-9b531af1b1b0,546095231,b02742210511642a88b5ecdd2d480341f639a1f1616ce69cfb653a2045a52cce,04163b24f22925de25efb590e077dfecf3e064207ac3f98757396982d84d5335,2cbf832260899b81b5684bd8b2d2153a4b99575426ea612606004dd9da124b9a
98,1,northeast_final_test_v1,camponotus-americanus,final_test,Camponotus americanus,215970,93d42ab9-345d-45ea-be35-9fa10b7f7ca1,629099500,d86add1e7b08223ebddcd3831b1ace03824e40289d292031e9866bf48236e8d4,f30bbf6af6645a959744f61c3c92269f64c1e37205e0fd12cb6fde4e0ac04682,2d46b6bdbd431c714e67f564e2a7f804d39e76bdb2bc3fe62f080acb2fd70034
99,1,northeast_final_test_v1,lasius-emarginatus,final_test,Lasius emarginatus,341143,53e6a162-652e-4555-b997-09389dadadd1,302982878,8064a29d0774502711f15f8d19327a422e8d94f122e36c4839ddc4677aeafc30,82a9eed330a8f0fd6b146fd30e63fb20a2095fedeeab4bb89ec855ec62d615ca,2e514bc75ae9fb5d4a364a7543261422142d657ec9092d38740ee679a3d6a735
100,1,northeast_expansion_v1,temnothorax-curvispinosus,development,Temnothorax curvispinosus,232366,6c361d42-75d0-4bfe-9107-5ccf76f94fee,269683831,08fa35c490ea4868b2468e483e765f6f372b1f63b062c6ab10c5685fb571bb24,0311eb5f947f6f607ddebceecdd2df4eed774810ffe5e5946c636678708bbcc4,2e5e8f181bc4f62edeab2979c4a3f68ca963bba51e687c4e483fb9a83bcfd14c
101,1,northeast_expansion_v1,lasius-neoniger,train,Lasius neoniger,69311,693544ff-0505-4889-bace-e3c265e4d5bd,317745963,89b541e42c4d3fc64614b8c1ed5f410e926add89d604bf08a7ad32fc85c81151,00e0ad2ab27152fa5cd6d4442769df3dc0c627b6b652229d7177abb5a81253c2,2e74561521e1bb3a4d9a394d6498da7845cf219ff7dd60a13cfc08c9b36d3162
102,1,northeast_final_test_v1,nylanderia-flavipes,final_test,Nylanderia flavipes,372712,3cd39657-3e08-4807-bdfb-c2d355ce88e0,329454245,b4b428011eccdda7258d6ec97d2ea61f66706be532006a527185da0f60174776,30cf0b1202b75fb52f7a2d74cb0577a8a0efcad4be52ed54247ee0073f113f07,2f22a2bb6411dd317a60a946f66cc76e6dff0e5b01c580bef2aef16293623fb8
103,1,northeast_final_test_v1,camponotus-subbarbatus,final_test,Camponotus subbarbatus,143505,6c9b606d-eeb2-4be2-ad9f-04214dedb9df,386535905,36eccae15632248895892faba7d089f3d57367e5e1502139fae093ab6e4ae3e5,04b90e63e7a3a4c2d512417402e066a2f1bc1bc6ba224643eedb0b0d06c1e13d,2f4a406fa5d1d9e2cfb59eb373bc93b4b53ee3644f42e0cb60a445df68b43c60
104,1,northeast_expansion_v1,lasius-aphidicola,train,Lasius aphidicola,1032788,e5a598f3-2fca-44ec-9a7e-632a42ee70d2,169611113,f150469f520f74297adc2ea7c91a47e648747561e31556bd991d7ebcd78e6dd6,01798a7ad5f24f50d9e1e37e20f59170cc29b1ca98eb61b0a322f583a3e1cc91,3019a6f9e9c1ec55a7e837fea8b99c02630b5d715764ece551a6f689bd868ee9
105,1,northeast_final_test_v1,camponotus-americanus,final_test,Camponotus americanus,215970,3b6a5882-b75f-4af7-84d6-9949e1022410,674994066,4b7b7d30bbcb6af5e706aba0d26a0e91310e16db675c6fa953570be5588655fd,8d786068ac36636aa10d4c69c7548bb4a01ff248d4a7286b5d74161e7c181aa6,30514beac7851c7f3c8b3199da1cb68b8be36589656a6a909311206d9dddcd1d
106,1,northeast_expansion_v1,lasius-claviger,development,Lasius claviger,222712,16d3d086-e51e-4dde-8f8b-a7d4ec6831e6,416722045,c46b3f05810ffb47d15fb729a786e64c289c34f06e192399a8d39b4109839daa,15f6c4cfe0f065d5ffddca85e8f02cb10deab43f2405d9d6d6a5ecee9f6dc4b8,30f203b12af59b9fca234a1ac2fcaa18d5225c38cbf2ce3c51b2813ec558f514
107,1,northeast_final_test_v1,lasius-americanus,final_test,Lasius americanus,966095,3e6b547b-5905-4050-af02-84d7b9cb0fef,464781795,7afb28e2ac652229a6528d60a2bb8c76d12fb1aa8ac662296e1770c03e0e393e,94bccca07633dc41c088786cb68677ffbdb7a2cff76b2bd733f07aab0a8b87d6,31280975be1de1f581af02cbeaefabc7cd7ae1f6c450b68b5b118c8b0ca8d469
108,1,northeast_expansion_v1,lasius-americanus,train,Lasius americanus,966095,7ff1d21f-c6e0-4d78-af36-5e210a4f0d8c,685400934,03f616650e92f1101c76241fa198e1184f17f50d700157b3a1dcf6f592721a73,0127b5a86334a3f4dc74dc338b2fc366b613da82fdf62a559dc1b3165412a6fa,314425b5c6148d09014b5c4c3aecdd9bdd39d7b51369f3e5e84ac916b3238ffc
109,1,northeast_expansion_v1,camponotus-novaeboracensis,train,Camponotus novaeboracensis,143252,f0910c73-0769-448c-b9e2-fd65189005ef,425261783,ac478fab59a2e80d1377e7e713d0eb86d259ad75b6c849bb37a583ae876d39a4,05cd8cd47eb985621b07ab6e0e088a162d9f57f3683204e4da6ee836b27710a5,31ca595a5f502334a1068c07f61342fa97032b450cba25074b98122cd5aed674
110,1,northeast_expansion_v1,ponera-pennsylvanica,development,Ponera pennsylvanica,203419,c614f22e-31ef-4d14-b1b5-eb702eb737be,657940032,653b188ac59a9538e517c8a34c94c4d64429be0655a5f195b3809fd8a6637925,05e1910a7d1beec930e570625e64b23bf25ad3a3aa44dbb57ad811d447133032,320bda800d43accb83f98c1186877e09495f2f5f586c23eea078d9dd52780edc
111,1,northeast_final_test_v1,lasius-neoniger,final_test,Lasius neoniger,69311,eb311935-3fd6-4192-a76c-89400af5008d,8817207,1e17670509dca014c2c89e076a0437f63b4d8628355e56d2efce32d03f837e2a,068859566a58efd1d96d4944cfbeae11ec600e6c4ee8e0a9435cdf49a1610482,32a03faa5d6049cf39684f506eeb364d4f38a47023024366cc2597b930c4ace0
112,1,northeast_final_test_v1,ponera-pennsylvanica,final_test,Ponera pennsylvanica,203419,b9a79466-8c5e-4d88-ac81-b7609598bd97,642206388,3ac0ef603405fc2ea601f035dec5d051b2348da5f60ce5fabb051448112bfa28,e81798d4ebb4f1793618fcba3039a94e9257c3f5e56cacd3645951d22659a531,33d0974947e0d7e606877e2135d57338bf3182762e26c84a9fb15a36d984b4da
113,1,northeast_final_test_v1,camponotus-novaeboracensis,final_test,Camponotus novaeboracensis,143252,95a87549-869b-42ec-84e3-5bc3e1e960ce,92417055,27ce4b1e0c26fcb1f1b9c92372cb12b7ada349be67afc650568d0e200071c58b,de10d4385645fa57a117129a6f3390491225d18cac06308cdbe674a4198c3ea9,343f32abcf7b6b1ff36141080140395aedc7869c66f188bfeff1c3d917cff438
114,1,northeast_final_test_v1,nylanderia-flavipes,final_test,Nylanderia flavipes,372712,1fa4f8d7-3a0e-42d7-855d-95cf2e37f0cb,291278538,613157a63caf3d1fda78197210fe07392c0545079cbea64105bcf1eaaa143857,aa77af644b3234df01612d9daeb43d0d1523b3ed9d0cc5c81e0591d4e166e813,34f34b9d9ed51146d1c393a2b1caeb99d38aa059920e63921e480c0f0ba2d414
115,1,northeast_final_test_v1,lasius-neoniger,final_test,Lasius neoniger,69311,7c6fe231-1aee-4aed-84d5-28cccde9b51f,185933594,eb3ed447d128baaaa47809f9f5b2ba042b2d412f1df7b35880b3ecf13012becc,bf541fbbbc1358a531aa930af691442be11911c3184c7cecf786703e98d6be46,35aa7cfb437d25dd68ef1036dcedacd968d627dbd3886cc66bbafee73aac6d40
116,1,northeast_expansion_v1,lasius-emarginatus,train,Lasius emarginatus,341143,9b77a6b8-4144-4309-b530-2a920ac57f80,2163876,50b5eb184f244630c1779d4fac0fa51de7380496c240a66195f275ebaaf47644,045bad4cec26be3ca52f58c45be7c2a5dd6b0a684027f38d318b7ddd3fa26e42,35e1b938985f889ddaa0761589e640d3652c688f11cc6883783a7cdd1f4fea69
117,1,northeast_expansion_v1,camponotus-novaeboracensis,train,Camponotus novaeboracensis,143252,b9e01d94-e5f2-44a0-8b54-46e9a27679a9,388280066,9aad93562c963ac8d4dc6426eda5ddfb897d5e5fcc2ac5523d23c4699ee6af0c,06e1d6d49c886f9710447eb9a70fc71f9190c34fb0faf96b0e54b7fa8d45543e,36a1509f13befd0f7a9ddf3c9eafd0ee7305c188f57d146682b360e2081f825e
118,1,northeast_final_test_v1,ponera-pennsylvanica,final_test,Ponera pennsylvanica,203419,56e44a77-66e3-498f-bbdf-1a753dd717b8,416729215,1866529e104f9674609588b49b740b12c9c8cd6dd713b87ce7b12eeffa7fa777,2e1cb71e3e72a3d6827623bf3de25d41184f185a5a01be20a1d031a8b011b32c,36bc982aa6e6b43bb16808d29bbfc5ea4996825c6614a6dd028f932b8538aab8
119,1,northeast_final_test_v1,lasius-claviger,final_test,Lasius claviger,222712,b8ab8ccd-944d-45a9-9425-f3dc342ab617,362120919,844c877d13f6dc2e9a9f94cf63d3805ddfa0b50f55b275ceea7cf1fe4211b8c1,e931a27908f19787472d7e00b8aa5183d137813eaeecccd5fe1ddf4420da77c9,38bfb39f794f56606e649dc3637ca51c84c6d99d2928a54fc8de70261cdbe301
120,1,northeast_final_test_v1,lasius-americanus,final_test,Lasius americanus,966095,a9e2e737-e635-4663-8196-da37efb056d1,695341816,ce26026029b960842d8bc0810f2b20fdfb891f4d5efa12f73e634f4b1d57b50a,aed449c39c9120c5f43834723cbbe963aff3a58262aa0e321fe9c9859337276a,396f08095bb1f9111867796a1f8348bc17941382271eb6257d444df9ce7921c8
121,1,northeast_final_test_v1,camponotus-americanus,final_test,Camponotus americanus,215970,052bc205-5c0a-462f-90dc-7b494e6ee256,279560944,b41adb02719f310e08b6738a3f2f95efd175ea919a939ae0f0f647dd022c2674,a2f6d3519b884aebc64c2b7fcac087cf2583758d01a7c737fad1bbf015739095,39a2204e1741240384d8e459fb89c441d0c610a1dda386cc0ceebce0c7a4d13b
122,1,northeast_expansion_v1,camponotus-americanus,train,Camponotus americanus,215970,d6660eb0-5ef1-4580-8f17-723333af005d,131811834,7b9351b8abcd3d72f16d961bef05212555c2d7a5dcca85117ffe1bb18a50becd,05c31e798d33283a6be259c3bc4e19fb38e7326b7d3fb78288ce28271d4e1642,39bc99b5ae6a9135e62748b9c276b9b0695be4509b15330470cb3c06d2106399
123,1,northeast_final_test_v1,ponera-pennsylvanica,final_test,Ponera pennsylvanica,203419,5a90f6ae-d2bd-4160-ba1b-cf1f8501a58b,221857123,adf447dc03cf8d21c43dd921bcc639db44c228f0d3f7d4fe5520900b35ad6984,59ae9955006587af9886fbc58c6def5318541ca2d1d74c45283238fbfaff6303,3ac565f065641397beca133f61b17d11c2598d034ed0ff161da4439f7bc947d1
124,1,northeast_final_test_v1,lasius-americanus,final_test,Lasius americanus,966095,48effb3d-606c-4859-82b5-d1bbebe0a5ab,267508907,5e24d8ed58b13258ac5b3d679dcbd60cfe0093b46a7d133e34b3bc1b45024054,5405974044d02efedfde87694e72d5b9eed95603df7fad66f1c154b47d164798,3be31cce8b0ff955c890402595c5a092332df4d8a40ce898fced886dbc94cfdd
125,1,northeast_final_test_v1,lasius-aphidicola,final_test,Lasius aphidicola,1032788,f10151d8-88af-4a23-a58d-b20e4a212f96,243700689,c1b9f91bfa8ee9a60391fd950b7ba5f71b22544370e7f5bae856da056afd9814,ed38220b83067a98e634deece0ce36d0bcec4667a7cff2b9ef5dc516131b7d27,3c371196df78e848cca748036606f17aa7662c1f6f0418c718d961868a2d2d7d
126,1,northeast_final_test_v1,lasius-interjectus,final_test,Lasius interjectus,222713,356def2e-583f-465a-9258-7fe9e47ef58b,178734896,1cadd4a2a87a5ca94ce0a2805ea2fffd0131232cb7b34362a3a1be26850fbefd,dc066e4abaa714109be0d00ecf6105346ae95c2efb3390a06b38385652a3f4ff,3d19c7e0067ade0865713d18afd68e98243580f1688489f07ba0bb0202da0bde
127,1,northeast_final_test_v1,temnothorax-curvispinosus,final_test,Temnothorax curvispinosus,232366,a76cf48e-a648-40b3-9431-c82a8393f113,202312651,dea7dbd807af72ed7b75b88eb96502d78430f709cbfd96f6eb88db6b45b6efb2,054c36ed94d832392456c84e4bad978693904277f3a98a094ffb3e53634cf29c,3d230bf23bdaae751dde9077f46ca879fa912065ebc60d46acfc827fdf650d76
128,1,northeast_expansion_v1,camponotus-subbarbatus,train,Camponotus subbarbatus,143505,6ed183ab-bdab-4dd3-b96b-d29648373240,392149030,54eba4697fdc3eb75b6de8c765d41de0405ec44c3717628b953c7f87f0ab5011,00e97dc5e0fb0b5bd3630483b6bf8179be07e1ccce0e01298c7ca1b60037aade,3d31fcc13890d09c6952e65bf14ccaf2a7bc96b4f026fd0a15c2a394877632f9
129,1,northeast_expansion_v1,ponera-pennsylvanica,train,Ponera pennsylvanica,203419,20f5caec-56e8-4114-9fac-c6717d663e62,211568640,ff6c445a52db025a664d0a19520e03e870e7f0612a6ead4e2229b26d6595585b,00bae0aef149075616a70b1c8318c28271c6911a8fd15a36bdb41b7bbb54d480,3dac5cf505303e8577bb9847f0852e88998fd6c93ae03e9e3787a6963efc77ac
130,1,northeast_expansion_v1,ponera-pennsylvanica,development,Ponera pennsylvanica,203419,30bf5d08-f8fb-4f17-bbf1-552518cbad8b,485971931,f8f256a6c0a2be7104dbc192a5ffd3655aafed535d5349d341738e48513be29e,1299f34b4f12c278fd4e069faddd75bf239c821182bdd36af8cec8e1338f80f2,3e4445bb39e7fbeb28e5ccde01bf6b65d0254f47323179f9aea510ef4c440a6c
131,1,northeast_final_test_v1,lasius-claviger,final_test,Lasius claviger,222712,ea4081d1-6070-4d04-acc2-dfab38e93188,13987366,cd58e34a4fc66ce54db561eb0bce5bca1b395aad928b15cecd17520dc48408ce,99d5c4a9f8e6b64789f98e7b65d2d7bb31e91fb850d315e33a5e107685cbf259,3f0a53e9212db0909da7fb7d96cf91070b712a8068d126770c866004034b46e3
132,1,northeast_final_test_v1,camponotus-novaeboracensis,final_test,Camponotus novaeboracensis,143252,825bfd98-110f-4fac-9d59-028e193e1726,16689966,edefc650f650fee53daec4c6c7e0fbb39c03192ef74cae1dd40024328253e12e,b945a7930e47dd9ee7a233f00e397499987616eb3661018acec9244076f0bdd1,3f13c3c83439beb32f340b197f9398bf3808e986216d4ceca13c6882b4679bd4
133,1,northeast_final_test_v1,lasius-neoniger,final_test,Lasius neoniger,69311,5c0d1c86-f978-4122-b4d1-b6acff9c1842,287603942,c3b410acd8b405b97f780b7dd2463922d9fb7e9f9e354402867d8a8646e440c3,a8f99d47fc2466ba5a68347782ae34a652474cb9d8ce5191d34553f81e31410c,3f95fdf830bca23006664eeb4f5c11fe470a1c68a421ec26fdb0b655043d6e6e
134,1,northeast_expansion_v1,camponotus-nearcticus,development,Camponotus nearcticus,146942,d594774b-7147-4f30-8078-f5b08538eb0b,441871290,26f1c9120784c72d12aabddaa838427d22a25f2688fbcbf2aad8fddc7bd4f48c,0e16235843065cb1034dc6211d7e83f49cd50517d6da8bb25662023cb05fcf01,402e1cae83e9193432321cb9489129505594d3764ccded2676e54fbd44df70fa
135,1,northeast_expansion_v1,ponera-pennsylvanica,train,Ponera pennsylvanica,203419,4321024c-9176-4558-83f9-2233c32f920d,191907186,baa02489ad931429b3f91a69e46dc3e63fc7e30cd65b7f86ae52e5097020c0ff,010bd459c2b19c8f8d2a7c77325bbb0aee6e3d23c67b54fa4b9fec188670a60e,4074863e60cdec795ef2849fb09e9fff273810d2846c3f74e1b11b7f699b1f2e
136,1,northeast_final_test_v1,lasius-interjectus,final_test,Lasius interjectus,222713,6487633b-44ea-4e9d-aefa-1218781eb9a1,572966586,83d1ce8091d530cc1016695ac6641dc5eead21dae05e5269c8f11320c62ddbd0,53bdf4bbc8f39842e5da89f4362aa4f676a11a0ae481f389b22ee54eda0876db,409950573c0bb9010d67ac7781a08bbeb302c5705fe8808d8e6a6ced0ab3fa59
137,1,northeast_final_test_v1,nylanderia-flavipes,final_test,Nylanderia flavipes,372712,eb4b56ea-a0fc-4304-9c03-f7bc7736f099,413357942,d12434640a0d90ac57cb9b6fd9e892ba16abf759cb7284ea0c92ad24de2e5ed2,6d7d383575a9362399abbfb9a61f45b12d75456604ad46839df704cc85960b2b,40ad7a076b5abf1edd96808f4b139cf97c69071ba2010657c6d3fd1398cfb7d8
138,1,northeast_final_test_v1,camponotus-novaeboracensis,final_test,Camponotus novaeboracensis,143252,c86fd9e4-0b1a-4310-aad6-e02b4818add2,89967121,0da28178e8d4948822c43d562a25c98d004ae9c721460645b10c8b027c08cf64,0912687f76b253f66b7ece656e72d1c7d3e0d17e1dd0096649aa2f2ac2331b71,40d2548f89889183b1ea4729b4f4ddc9598b446b6681b11e2df49ed82687e2a0
139,1,northeast_final_test_v1,lasius-emarginatus,final_test,Lasius emarginatus,341143,63cf0549-336d-4973-ba04-330741c0977a,274670916,bc234d9e71439b10eb19a4fd130e48f693ce59301fd4df9b5a75aa3ef959fb6d,4ae76a25ff44c7ad8931b5d3c6a73aeff42b2936f968baeade59a871be5369bf,410ec4036ad8e0273c001aff1d0ddc46a8deb625271024d586b987198d9fd59b
140,1,northeast_final_test_v1,lasius-claviger,final_test,Lasius claviger,222712,a0aabcc1-4eaf-4d33-8868-b3fa96bf4dc4,161347085,48c25cf2ca10f1869435ffaf4abace873aafd33b1a3cdf9a04c2ead41bdf11bc,b3a9e8f03e65fe294d83f97b1dff5e940f8b163821da20fd4e1e0cdb9204b416,4123199d76f30db57cba4d7e6519cbd581e6cf1990fea6ba9cc617c1093ace3b
141,1,northeast_final_test_v1,lasius-interjectus,final_test,Lasius interjectus,222713,a3ddd522-d50c-4e10-b41e-5460681c0e58,480491454,99793e23979e4a6cd4a97f84808572385290fa9cd853193aa8669e829d525c23,afb9bb52c03e0df938f3a992246449af3aa28d23acc83c78bc00da61b9cb5753,412c23209891461e0f4ba570fb0a3e3cfe50ecc80fabf7f6625b712c215f68dd
142,1,northeast_final_test_v1,lasius-interjectus,final_test,Lasius interjectus,222713,ded498e9-2811-4fed-b8cd-99f02691da91,686264172,8fe4cd4964f4fcb962468f81db4eaa705ec605d7654d427a6aa35c58dad6197a,fa68a407fbb57784be73be160504dd82ab41f3c2dee3e79d9bcd0081b2570daf,41362ef3ae34d92b1a53cd2ed8a8319b6a7ab372bec06e848476adef0083024e
143,1,northeast_final_test_v1,camponotus-nearcticus,final_test,Camponotus nearcticus,146942,727e4ba2-bdc6-4458-92d1-5fc9418991d4,205320542,bcd7d4a3f3d533504efa2aa2364c67de92de199cfc232a870e0e37adbabd46b0,be50d678fbef9557875692b7ffffb1e65a0001a7219a6af2a8c8ffdb6761f90e,41b03438a1496052cb8473380f9b982f3a0a912bc57c1fb0ec9af4cdfc25faee
144,1,northeast_final_test_v1,camponotus-nearcticus,final_test,Camponotus nearcticus,146942,a4d2b8ae-699f-4d57-a832-3a61ef7c65be,711311995,82414315dc7886e433ef799de5b414f46f6d35a4aeb3f9507c66c9a17df8f706,b27dbf4183f8944333e2edc345ddd0d66072a43d5afab5bd372bc08feb0f9f34,41fbc47f17878ae666bb95b7828699f152339a92b65c024962786ddbc5000b02
145,1,northeast_final_test_v1,lasius-claviger,final_test,Lasius claviger,222712,95223472-2964-439d-b9a8-b114fea00d14,588555490,c86bb42e1ba9f70790f816843dbab3843f98491861a41f18eb04685dba661a9e,2b6cf7ec0b8d5ee9c4c165601e30c1b938173d7c08f62517d30623dd310147af,43249e4f1b312243c444813352011862d5569732c99ef40e5dbe67982e6a6692
146,1,northeast_final_test_v1,camponotus-novaeboracensis,final_test,Camponotus novaeboracensis,143252,4fdfac04-2349-4a3b-b796-c6940fd699cb,542759981,921e779da08d18e0e9f95fbdb896b30f5d3b7b6e54ef06afa347b7870e1e1b46,8e3d511cd01ec91026f8b039c3a040cc28504ef0e47af2af184405a93c3caf67,436422c388654ff446c9bb72ee8a03b0af122978eba23c3af4481e67147bfe1b
147,1,northeast_final_test_v1,lasius-neoniger,final_test,Lasius neoniger,69311,e2bc661d-5a9d-45a0-8aa2-c4956b17ec73,266356601,6fec9b80af5aa869f66daf8cae1927c3297f7647eb1bbe941fcb9d5228029dac,83f32cea8243326812c87aa758e59ea0c655286cb258ea94c6626cddeea2ad6e,439570e27fd975b8f4d9d6a5d8a39084ed4a37d68c2028c094ae341530ac8a9c
148,1,northeast_final_test_v1,camponotus-nearcticus,final_test,Camponotus nearcticus,146942,6a7432fc-9085-4401-aac9-95f3a80ba7c6,188532905,07c8fd729d16f64409ad31bc16760e5e8d9d706ac2a9ef48f3e3ae265c1c1921,fa9a6fe0965aa0cf0ac5e56ae93551c3113bc93141a424ffaf3d4fbb58031b44,44102bc5414a5684370c6d72471bb65f0c9a35b8ecf554eca616e5ce2d248863
149,1,northeast_final_test_v1,lasius-claviger,final_test,Lasius claviger,222712,5125eb63-1e67-4319-8ff3-fe28eccc86cb,435862470,db663ecf6e667b784eaf399b4a2dece61e4c87cf64a207a8b19c97bb0d670394,16cee389b4920912fddb17741c8f820b3e8cb37f9c18822e48b04d09fbe934f0,4435d9c6a33f84d172a92d80ffd6ae02d8cf7ce56ec08103f96210a8f26842d6
150,1,northeast_final_test_v1,lasius-aphidicola,final_test,Lasius aphidicola,1032788,d9de24d2-8e4a-4394-86eb-921e68a42b99,685400189,50ce7977197469074dd4be07ba09e2dce4c975a4bf135bc2afb9e4f19d21525c,45e2e10010d7594ced6f0100bea0207a80d9920a58b06388fc9fd5afa056602d,446cf7745e539b257b4b44a7b1e7be5d5adbae5adbedf9057540e78d33c67613
151,1,northeast_expansion_v1,temnothorax-curvispinosus,development,Temnothorax curvispinosus,232366,1ec55c44-5a9f-4419-9456-28df687b9312,143727956,e0bce8a5b377a030d2e57732a877babc354f95c2527f20c8ae2ebe971573d2c4,22a761e3fa8cc1951313e1d335978e6f9c333fc6dbc20c60f9d451ba87d16bb3,447f0bb037f5e672df10d944331d9e9a980db34f7b6a598fe56bbe2b605bb8a0
152,1,northeast_final_test_v1,camponotus-americanus,final_test,Camponotus americanus,215970,59c71cf2-99b3-4a98-af48-5740687a0f77,324762992,eb78dd4836659ff8325cba0dee8961782e4e2dae1bf13ab622a20ced226946c4,61a720b7042a10b2dfc229c5137bd4acb8fd8397cc9544ed0ab3b8a782cdbbab,449825ad379b66e00f9c367842ab6647e77370197a3aff08eec7f8c660dbc2c4
153,1,northeast_expansion_v1,lasius-interjectus,train,Lasius interjectus,222713,a8cd034f-c00c-4c68-89ac-dfb0ce521425,210702400,f02fa9f6afd9fd784361b165b3c94b57cee78cae33e158eb83cd443c3a49fb2c,04f190d43a72cf074bb3905e634a6ac0e63a63d3d9d94b365a83791f9e0cd8af,450ebdd7ed015730ad8d080a62dddfadc7ae9f5575d04ce7c6e487a0c9b65333
154,1,northeast_final_test_v1,aphaenogaster-rudis,final_test,Aphaenogaster rudis,213893,6aebdd36-129d-4443-9e55-4c92db2911a0,357070848,3e22c75c0947f35241b49f1cc8f16dabdb0dfb9d4723f6404eb3ff1bd00a06a1,2aac5ae11a1630e0b8912bba3429f8e28ae2ad1cb1d5b8c69c3ac266bef19ca6,451a0a345d2ea8c3de0282888a5676e8ebfcebd4297d15aad5eefa0f111272cb
155,1,northeast_final_test_v1,nylanderia-flavipes,final_test,Nylanderia flavipes,372712,e07adc57-ea9b-4909-acb1-26388c097b8f,573243190,9967193df01ac8bf68fefaf866f6303d6d276c87f364b91855777f51ddef8966,823985f779dfdba78e78117db67923f407acdcffba20bde95c26a81e6b18c792,45604a10602bfd464ccf85ae99edc29eff98eeadbc16272151cc134918aebf9a
156,1,northeast_final_test_v1,nylanderia-flavipes,final_test,Nylanderia flavipes,372712,0ee4d699-8937-4c30-9a39-e7d61afd5a8d,381870294,e1b7713af4bf4a631341f2e416afe8036962fb14fc8e6a4fdfeb892ed3d240a7,4a086ceedc4b0798802d9416447a937c970d5daa50b275a04c094206f00383ca,4590b9b8b6c977946a59d442846fe101015efec5ee773aeed109e61be2b66c89
157,1,northeast_final_test_v1,camponotus-nearcticus,final_test,Camponotus nearcticus,146942,4209599e-a896-4463-9699-c7c58bec8249,507636298,a00e441e0e8a6533b37da5393480dd993274087385e1ccbd31557fa37b606771,7cfe6c3f1f925712bbdcda387ec31db7d199c359a191d64ecce4618efc9eece6,4627f898a1a472495049dedeb59f1e1894c9ae63de0204a3e1f65b200b97ec84
158,1,northeast_final_test_v1,lasius-americanus,final_test,Lasius americanus,966095,358ed4e2-a037-4068-98ab-663f1e4bf3e3,441176489,603682f7fe32f62be43ef1f913e8cf03b9943f38a25e69822f2da392cec388d3,be18a6b8084e16d108ecb8bc1e994bc2e9fbee035fa68f4c9a002c52130ec337,481eb740232347f89f5a537b3f303c7c5f506facde9a41c204a4e40435a036cd
159,1,northeast_expansion_v1,lasius-americanus,development,Lasius americanus,966095,ef675259-b95b-447b-b5f2-8aed0546b612,555339409,39aa40d1430f484163b574fc32385d9d0c0d2955f95264a1fb8f06c2db5973eb,116536913223d72a5b52ca582f4deb6397319380749652bf3467eea83706d503,488b47a7e697b0abe9f289acbbf8607638fe6d895c3b0ac8cb57cf87c91b72f9
160,1,northeast_final_test_v1,formica-exsectoides,final_test,Formica exsectoides,133654,2d7e39d4-f3f6-456b-b9e3-1c11d3579fd3,399187356,5386c45257326e13e99171527ba1d0f5e2b462f4c58a4b2cf436f71c239a12c7,3e7987b3df1ccf48a3e78c607d932e731035a36e9ad7ac5a168d6c23d79f4857,48dd3387a873b6c0e5aa6310a3bd083f1057bb8ffe268db0314bacefba8e3190
161,1,northeast_expansion_v1,lasius-interjectus,train,Lasius interjectus,222713,bf3a8230-614c-4625-8bbf-616f403b9e4f,42948363,55f0a00916289de5fd61f07e2264ae737838a4636fc8a6967b7570c6a858de78,0a9db071c4a4da7dbe733b9fb3ca430c1b10cb4919ef3a00aaeee1258533af56,495cf4870288183fde32d13a7416a84026fab0f85c136aeb8931ae6545b37d09
162,1,northeast_final_test_v1,temnothorax-curvispinosus,final_test,Temnothorax curvispinosus,232366,863b1c68-1fb7-4988-a2bb-a56b35c815be,291339383,ef20a8362f448a508622d125fbb0455621d08ac0a72998f2f22745a435f40a15,c66e07e4bdcf54bcdcef0415597bd071f5a147bb35ac9f33ebf02c295352976b,49e9214aa914291c160864d265d219cc388d8d2be2286bbf2a810b5b5ad94414
163,1,northeast_final_test_v1,lasius-aphidicola,final_test,Lasius aphidicola,1032788,69e1178b-ce77-4ef6-982d-9222b740e16a,458297714,225ba0b01c2b912e0748c12f258dd7fb977cd3fec4162f31dfdae0bd36f4a647,d18866f6b6b5f14df71cd5e1b8bc89f7033b12b6ebee61813729bd3aef718893,49fbea7377a651bc6625d540504090bb94ca6bd7b8f4e691ff69eca52cb7ad20
164,1,northeast_final_test_v1,temnothorax-curvispinosus,final_test,Temnothorax curvispinosus,232366,4d8d72d8-964a-4449-9e3f-f202cf1a86e6,200867486,9501e7afd8c5e7b85dc2945f5f12446a33449c185c5c859ece83ea4ae5e0f6d1,473e19d55d5c99a34812f8ca238197fe310bb18b75fc98ebf38ef32094bc8e0e,4a35a05ade0d9d471939b5fadc51fdeaac2ef2d7be57f5f4339177c49608494c
165,1,northeast_expansion_v1,camponotus-subbarbatus,train,Camponotus subbarbatus,143505,7f1eb217-b80d-4027-86a9-9e337a56cb86,198275739,56ef50fe6e8047a6377c2bfe9202a328a33ddb17a3401fc710a659ef4a684e46,02832c0b6fde20cfe5291899030c2d0666bdad1e94425fbc03e8805611c1ba49,4ac9da5ebc8c7e39d2cf9da510f86d279d34f50fa76cfbd67b864c48fd4702cd
166,1,northeast_expansion_v1,lasius-interjectus,development,Lasius interjectus,222713,9bbd3052-3938-4840-9e9e-b671dc8a53f5,487162033,74b78a4060095748969fe4715789efbb41abdb0dddf35ce3bc646c348b09461a,0f1b9298e944de24edb1520ecc5d8e7c8c8f728395bf099c30208c43be0879db,4ad315c8c909b8a17aee300f2b137563ca859d6649723a830411dc5c9bc82ef8
167,1,northeast_final_test_v1,lasius-claviger,final_test,Lasius claviger,222712,aeb2d545-e666-4444-8cde-083dd5c4cf1e,321928229,066268b4909aa0d65dbccd3e27d843f31d04f2ebb42cb20c90ef1c81cdcd4f72,5c5f700ea8638427197c60f0d151dff6777c220c6d9f5c3064c32440a3832891,4b5dab838a989de90024b04804297f638e029a3c54edb01982f929cca435a689
168,1,northeast_expansion_v1,lasius-interjectus,train,Lasius interjectus,222713,16f51bac-0fb0-435f-963a-d89494377cd1,587516340,fc0902b67d1a91b698dce111a8b086b74faf3f57eb3738e6f76df48751f68f03,09614f76114cd1b19479de6338db5352272936dcabb3e87f59462c001145b142,4b62e4238ccecc56dc2542bc26d6aac9d0e50506e41c5371c0eb40c10eb96513
169,1,northeast_expansion_v1,lasius-neoniger,development,Lasius neoniger,69311,142566ce-5701-471c-9c8c-81923c34940b,573252428,2cabf0e7956263c10288d943cab53d742a9a7639336a1071fba37c71572bfa44,0750385efd7083f2a29f9ac66092a838d6558907aa932ae0e5d8049f34ae0098,4c5340ff0227e7818af70c9a7f56bb84c6522dc5294065175ea6f64c715ca531
170,1,northeast_expansion_v1,camponotus-novaeboracensis,development,Camponotus novaeboracensis,143252,7ea685a0-bb19-4362-ab97-9c1955b3cdb3,414343878,6d2e8d9999be2d374fbd4b0ebda0e5ac9af1b616bfa7184c2776f941fd2c77b9,15cb6f6654744015eb4c00da997e93ec32912cfab8f9766de4c7acc11bd80a8f,4d7b21fbd0768933c953b12558c79ca8c195e3eeebe65702c3db883a56284631
171,1,northeast_final_test_v1,aphaenogaster-rudis,final_test,Aphaenogaster rudis,213893,02bb87dd-8900-4e6e-892e-ff5f3942cfa2,475919444,3861004a8f080ff15ad9abbcc539ba5a784796d29218083efb934939c433d1fa,1c2659a2432e51c7927d91836a564a0a3a74373aa121f6afde0348fbfe1b48d7,4da38a96be4313c31e625288c331aa2acfa205236afff208234bda1330d0122f
172,1,northeast_final_test_v1,camponotus-novaeboracensis,final_test,Camponotus novaeboracensis,143252,9e6dbcac-e4a6-4c6f-a97d-22136b6f3800,400489812,d6bdad7dbdf15914d5fad4f1c1af70308c78f34648d8adf58ad7827b6b0cf07c,0cba9e3a1f79f6c7267b30d5d051c8ad93b51d0cbd2f17011632bccdc7c3b27d,4e25ce8ea4b88fd9ae23ad1d69311b2c8ca2ddae4279c08cce04ce625696530f
173,1,northeast_final_test_v1,lasius-claviger,final_test,Lasius claviger,222712,ba3b70cd-3c8c-4d26-87b4-761a14e96fc7,324590750,95c28e3aa8a9a9391b0a53d37a8d61251f32123aed22b536da62f03f65f664bd,2ca772109d6dafc4dc13b882ca9a42dcb4aea39d4366d51dc8da5c3c52c6ceef,4e4d29ad0974c7042dc2833b167f44ba8a8ff7ea5afb517f7b44090caec8af8b
174,1,northeast_final_test_v1,formica-exsectoides,final_test,Formica exsectoides,133654,0a3f588b-f2d7-41b5-9c81-626f01fa4319,37950044,db0d17aa4defee5526bc7f7ea7cc0207295c761c396c1bca136b5dbf3764814d,c533382a54cc51ba284dd05bdac5e8fbc8db781a9ec688ed33e5a300bb47603c,4eb1a2add1eaaf23c19452d7382cfd97242422d4efec145fa800e54d5947f508
175,1,northeast_final_test_v1,aphaenogaster-rudis,final_test,Aphaenogaster rudis,213893,415b6e20-43c8-411e-982e-2cc2764a2225,487851923,47265cd2acacb95f09033324be619216037f1cd06b911828cd28d8d94fe9c09a,04dc9e7d7ccc6c0f24511bc144c3b9ed826249293c387fa3efa4b8593c8170bd,4ebacc8fa9ec8379262c9133627df0fdb3be5252ac516a61b5578e848870755c
176,1,northeast_final_test_v1,formica-exsectoides,final_test,Formica exsectoides,133654,38ee3dce-61a6-41c3-94af-3465ffdcf0d7,75736947,647026eb4b03983c2842f7593feb1c63b6a8755b7cb643aa3eae36cb58f5b473,9e1bae1796060ccf5f27f88680ff55b1c7c5fd74f3d83ef0168cc7e702cc34c2,4f61562b362fc19688ec4cd398cf9fbe88565c7960589278acd393d807f2ee18
177,1,northeast_final_test_v1,lasius-aphidicola,final_test,Lasius aphidicola,1032788,1b1e0e96-dad7-4c95-a623-658af33bb174,430084874,a3fe4cd5147ded8f7a57c79bdab1cbd011959ecba1096c69244a5ba5794ace93,0f008304604c208398435dd08bca32ea0fa41da0c780393fe4b10364f09f72f1,502cbf1c9e968fd918db4020a06eef46c195b0f0d838581032daaa8d7e430249
178,1,northeast_final_test_v1,lasius-americanus,final_test,Lasius americanus,966095,5e9de959-79e4-495e-a795-806ca855ffcf,217180299,c0b148908702a42144f6667f8b70798cf7a44a88d8a06f2aac54466eab0478d5,7068667e8e4fa4b8bbb6f739eb09000d199c5a51ac4ccef8ebfc522064fc93c1,505163926d532a015601a5f82d698a2c78994155a441d4cc529462485d2a262a
179,1,northeast_final_test_v1,lasius-interjectus,final_test,Lasius interjectus,222713,0f3b1170-8b3c-4460-956a-c4fec48037be,204768354,1bd1877cd75b627653081a3d26363bb58482d19f2ac5365a764df658d6a4ae4d,0929adc13bcab382a950928034cdc6b02bbd022082a7c675dc49d74b934fe6c2,506dabfbd3d246bb962a44743305c48d1103d54753c08904cfdc4863687e165c
180,1,northeast_expansion_v1,lasius-aphidicola,development,Lasius aphidicola,1032788,6b6358f0-d992-4525-bde3-35eb0ee83ec3,601753800,6b138760c1f08535caa933bd6073488be2550cad0ec71bd53a5ec9d532e04c81,18c1f8381d490f8bea8b8dca2ad2d3e3495a916ca92cba4ffd10636099e9d5df,50881faed58446d1eb0679c390740ae05a26635474e3ce12e62a05363afae784
181,1,northeast_expansion_v1,lasius-aphidicola,development,Lasius aphidicola,1032788,d2b03cb0-91a6-454b-a66d-90cc97fa67ac,374256670,980a508b505670048eeb60faa497d6eb04659ac3a736c1073cb9e051f2763602,169c6e794eab4b361029f16b1211a2f3311e7b48a8381ab832cb079b2bab87e8,50e1115b74cad9dfd3a028d9dce7c9b2b2dafc9d40c9dbae610a912595cf5e66
182,1,northeast_final_test_v1,camponotus-novaeboracensis,final_test,Camponotus novaeboracensis,143252,497aaffc-2d9c-4986-957d-0174260d5cf9,136124681,0ccbf927f6b33eead47f3efc7055ef330b5cb740f385731cbb70c5a9b59abec6,c099cd0a12d609c7aad75d5a2a9859cf353d8877a44d758a4601dbd9ed75ad78,51ef724327b103614215e5fb821d7c1264e5d97696aa712bcb1ca52cf578ed03
183,1,northeast_final_test_v1,camponotus-americanus,final_test,Camponotus americanus,215970,4841bb7e-7c72-43de-ab18-9ad11a866e40,416780621,8c81ac33c1ed8e16613581652f7df0c5c3f392c991d8b0df0d5b21c7bc9229b3,4c06e1f5e0dc63e716009a2e112d77a8cbebb766642f459b9e16c5d4b55af2a3,52b2e4e153b74df92838efb541401989998eb9ab2cf68edf09fb936213aeeae8
184,1,northeast_expansion_v1,camponotus-subbarbatus,development,Camponotus subbarbatus,143505,24e0f701-0d0a-4e35-8f80-04ed6868da4b,80547438,af2474af0f59ad2f316843453cfa1aab417192279970866c91512ef5dfa72735,201219d8f27efe1291382a7a87e4d9e01958574d40b74e6eed6e449ad256a3a2,52eac84373b768ec384b001a0f9256d2472c94142001b5035c25eebb6a1927b9
185,1,northeast_expansion_v1,lasius-americanus,development,Lasius americanus,966095,62e7e818-e3dc-48be-9486-15b0f5b74d88,532402488,204121138d66a0f2c69e7c3e4a92384c8844d75daade6de41bbba65a869e1968,1550fff33ba3010e915182c714c23a519a69530e68c2cd583cd49fd085056bab,53181547b29d1bef592970feaa4bf46e53c643460496f7b69ab24d96a8e5d09c
186,1,northeast_final_test_v1,aphaenogaster-rudis,final_test,Aphaenogaster rudis,213893,15628bdf-d2eb-41fb-a1c6-6adbebb04dc3,467405707,815edf92386cae0b27a06e7c7ad7b02793852fe01ab540a476a22b8fe1921831,8373f54e0e9820bf22ccda476cce37da04c69648cebd08e3c7ecc5046711a921,54bca7ccd0fd0eeca9f8f03b075214118a62286927b2f3aaebdeb1e1e046abc6
187,1,northeast_final_test_v1,ponera-pennsylvanica,final_test,Ponera pennsylvanica,203419,2234dfd9-9299-4dd0-af12-25200d29bf4e,636269107,b7fa74d77f7434f785f82aedfc1745de2996646351f8fec00d77590a3713dd24,f72f82d46682379f07a3144a9d72bfd00240ab3c28e7c63ef0010f640523a049,54ca62dd72f99f3e23d59453b85a45a00bd27794f4625abc952cb396902c4a19
188,1,northeast_final_test_v1,nylanderia-flavipes,final_test,Nylanderia flavipes,372712,6f0d2233-ea07-4cb5-a5e6-dec220d18534,81508961,524d3fbbdfb697d8cd9404a16eccc35ab26d30ad29484807586f63a7ce544387,f908644d5374e97be5fd798a2270937b3e942ee9da5a5bfc99c1a17633a68d72,54ccc9c2c56c282e59de13f9ac06c85f9b266dc6f40338dfd33357303c6335f1
189,1,northeast_final_test_v1,lasius-interjectus,final_test,Lasius interjectus,222713,7e9ce9dd-5320-457c-b941-e85ac858d19d,415855573,4f68ea0aedc0f9159253efc9409357b8255b7486bd8342bc4bcb1b7224a48122,d148770a43d8ee804038fd94988cca03455b0102c7cd519ceeecab0b6933f094,55241e3a08ffe5ee5e4afa9a400b43bfb447d929a2f30ee8843cf68cdd1f313f
190,1,northeast_final_test_v1,ponera-pennsylvanica,final_test,Ponera pennsylvanica,203419,b317da22-4125-407e-a30b-2b7c8c7649f6,362427772,5f58221c3c9bb717e42388cb51d4e1775b5abc6e5100c0723a1b89d60627d713,ff58433b701f940dbcf1e68a7816e38c9aa39aa5264c152d7aba96e4a45a0195,55dc249b1a807af0b4018b0885f56e44ba2aaa2f85b6823a13d8b57c627f23cb
191,1,northeast_final_test_v1,lasius-interjectus,final_test,Lasius interjectus,222713,fdad854b-de73-4d62-9f8d-15a93e01c1fa,489943570,6eda94ee08a875db78a7994fa5c629352ffacff6be742b5c19909eab09b683eb,3259ba9f24f46d8593c8e6a14c2bc4749644a5be4f96d78210aee044e32fa115,56b126f52f0ff9cf206b6831ce9479482daaccf2413fe51192ff910119b5b14c
192,1,northeast_final_test_v1,lasius-aphidicola,final_test,Lasius aphidicola,1032788,29b60e19-8db7-48df-b3f9-4135f290ab8b,251069759,4bf83b8208d931a8a18524c941757802ece1b95fdb297d0889e20859e730cb4d,7aaa3c6da47cd1ff35a5e99952ed180c03be40199a9a1523c32e7a319fb9201a,571f99c58202b0e01a40a2980dd94112bec5b262302c6c04221d372789298520
193,1,northeast_expansion_v1,lasius-aphidicola,train,Lasius aphidicola,1032788,d19b4122-8845-4cef-b956-b7fc7daeeb2c,528786169,3f6d4087251eeda0993d1527705146b89d9c3eb291f1a5692dbfb55216d4ee1d,02e6d506502c22863e4df0e500c89f09e74bf86277de77220dc5f43a856df753,57d637856aa6799860b7862cd3bf8112a9f50d8be12a2c6ebfe7c5fc9725e4db
194,1,northeast_final_test_v1,lasius-aphidicola,final_test,Lasius aphidicola,1032788,b80d2993-c1a4-40b4-9748-9baf15486161,346243181,91d400b51be3bb58399a99099fdbd9bdb79ee56bd0b0ea0f17b34db7b07c74b1,e5d519c155f34585b0295e142bacbb61977d7e2a5b8ad76cadd4e185662042c5,581bde2664dfd5529f1721baccb05d0df52a7b31f63cf7f3106a145527ca35fc
195,1,northeast_final_test_v1,lasius-emarginatus,final_test,Lasius emarginatus,341143,fd630527-99e1-494c-95c4-73836fa4a937,503071922,5e16b51dc1173d410ec2bfecb2a55b024027755850d88fe43d41dfe50362d789,0e36488d50f47fed55dc6fafbdb5651b0d66791fbb06075ee6ffe6eeb0f4bdbf,584cd0dca12b50e58ccfd82f100a88100b6f1a54aee82c4341f6e292c2bb2d75
196,1,northeast_final_test_v1,camponotus-subbarbatus,final_test,Camponotus subbarbatus,143505,29b728be-26d5-4ae9-935a-da9ab18c47bd,401585148,dcc881b4aaeb05476c7d069ccb5f1ce38b43f52cd5c92a7ef70d05086056a056,50cd0ffd7d50f8f06e0d6b319b37b6ef409a581f35547397698589bdea6e32e9,58d2e49b56bb6d509f6b2d83ec03b53e9f9f192ba31aae88ff9d6c7256c6e763
197,1,northeast_final_test_v1,lasius-neoniger,final_test,Lasius neoniger,69311,26e24bff-7a92-48a6-93b4-5494019ac139,571189224,45e2ad43aecbeffbe0f3935782e34863bd32c8f12722eacf3cd45fc788ab56b4,76e127a80ad06300733b32045da3ba433e8bcc0ca7e4de4d79640a13869946d8,5923d183b1aec4a40b314a8b9364f30269bf842dede5ecc6145c01269deedc1f
198,1,northeast_final_test_v1,ponera-pennsylvanica,final_test,Ponera pennsylvanica,203419,4e1b1095-dd86-47db-8a06-18e1787bb550,313198186,504f38b5679e6e97d84ddb4caf0ec16a0ae9e2f761cafcd448b1bd44960630b1,e9abb815b1411d7a79425d1dd7e9495ed7235e53c8b8c3b0c6263caf7b3a8ca4,595f527bcc50ad0c9a3e7f52b3d7225aeb1e8404dcb6e9149d5e7bbe4f7df668
199,1,northeast_final_test_v1,nylanderia-flavipes,final_test,Nylanderia flavipes,372712,da276673-56a7-4419-95fb-8b5f69f5e4dc,420783643,f7e22611e81e1a9f05ae2ddafaebd0a228d29dcda06cd5c48e92558453c36f6d,64dea1fc803f1f34f8d14e1e822969118eb505ed2127b7c6b3626e86a50449ec,59b9abccd50e21356ab445d70ed0daf6fb9ab7c9c4e776b20efa16b6ae68c1d9
200,1,northeast_expansion_v1,lasius-emarginatus,train,Lasius emarginatus,341143,ab43065c-e393-460a-ab49-99be2beb4ce7,144881095,4a22632fdbc1e5fe8445b295d00340fbf057bb57e65d6de0c445a4fa7fad7257,000c721ef3488d74f4743e5658c0efa4ebdd4425b0d158f3aec0c2e6cdb07ba6,5abcd031980430de71a797e9e7137ec6b9ac4a13d0d73f7c071f63b7ceca339d
201,1,northeast_final_test_v1,lasius-neoniger,final_test,Lasius neoniger,69311,8e8f13e3-6be3-4006-b39c-84aa58012de1,129215185,9b76733136f8ea61f4c93775230033536314d18355e9eeb4a895696becf7c84c,a0681ae455984fe08da4dff1979432bda40b164aa77ddd2cb4189cc73ddd2602,5b338bc9738ececd86d803da56aa9a0cd303866624e4826f70bf311d6d57f976
202,1,northeast_final_test_v1,nylanderia-flavipes,final_test,Nylanderia flavipes,372712,3e0f7376-4507-464a-b6aa-96a86904c392,506413895,6ea3ce7aff3a05b38daed01ad9db297ed207e4ba36f869428ec3e2b746b50bbf,70e2a93cf2aa3f9efd0e4948e04444286aecdce4af05449724523a50662b72e9,5b612d2cc351394039dee275a0d6e99079c40592abd45e3c25c11d47978a181a
203,1,northeast_final_test_v1,camponotus-novaeboracensis,final_test,Camponotus novaeboracensis,143252,cae23e95-2d07-4fcf-8abd-0b0c26511048,448057722,61dd2094499f4d8caca68ff67b32b2f88b754e98255b6432ee4b43769231fdd8,363f3d26abc35e84032583958f060d93f03135d16164eb5ec6dacb494e02d894,5b6dfe2c880cb5a73b0d5bfeb4cb44f7f2c55e860311885e93515e2ec55e911c
204,1,northeast_final_test_v1,camponotus-novaeboracensis,final_test,Camponotus novaeboracensis,143252,3515d59e-235d-43fd-96d1-106dbdeeeced,172069078,bd489c597d4efd51f780c94467c025e643b2fd01e5c07ec4ca1d1298dc32050e,925c3c8e185cc1687b0514c002aed2d930d0cc0846e45e3798cc9972eebebc0f,5b734e56ed9da28288ada5e3c7f1df037f71bf7dcef3039b17029091e4d5e599
205,1,northeast_final_test_v1,formica-exsectoides,final_test,Formica exsectoides,133654,e7617b30-c9ab-46e5-92b5-ae90115c2f73,155836089,2c380f83cf0c0c2721d23e4d43aead8657769a5a0dc7c4c29f8d1bbaea986d05,0723d824d4b98277b491c310618d310abad075e90fb2f9da552b8f0e80aea097,5bd50a1d8fbbb9a93ab09b6b019162e588d43bdd9f67753be021dd41f7c701c8
206,1,northeast_expansion_v1,formica-exsectoides,development,Formica exsectoides,133654,bda50ee8-04d6-4c77-a809-b4cc6deecc5e,313459861,6e528c5353ed3417e4171c7290c22c6c1d6794c3eaa144d7bff60a764e3b619a,0dde3ee56747c02ce4a3bb72d75e6d2255e935dabc812a84d63514e7548583cb,5c71c1143fc0157946bf86274aa0573262048bce33e9df0043fc7d7cf3347656
207,1,northeast_final_test_v1,aphaenogaster-rudis,final_test,Aphaenogaster rudis,213893,c7843a32-fa61-4511-aa85-25aaec638149,514901297,90ea1375363f4fd63f6cfcb48da8590a708ee1d0e46972f69aea9bff82327532,5c9346074e4c7196fe39766ca955aab3e3a8fcf354ef742ff7b379bcad6e758c,5c7b9127d36e9a6089ec8836deec4e918224a3ae5690835d835b31801fec5bdb
208,1,northeast_final_test_v1,camponotus-americanus,final_test,Camponotus americanus,215970,0be6e169-b265-469d-892a-ca5021138633,205424665,4a30f96b22d57f4c85b9792c7a1c830222b5c48d229c2559a41e21afb7c09eb2,929a149cf53834fa083ef79c7a1b23fcff4bf2f8197dcba3524e4828de8c6bee,5c8426e93b9167483cdd777478eb2a5a98a9bb06780cd94a9969c164ab746ec1
209,1,northeast_expansion_v1,camponotus-americanus,development,Camponotus americanus,215970,b7184788-bda5-4a96-9daf-d57807725407,505846813,6322f5bc586ec9b4ba2e2fe58d9e7b70a4bda464d5f3881cf9b8021fa3dd143e,1e45cfbf1c4dcfb36ef1438fdc35e903eb55f4b03fc18dff2a56344439f48248,5c883ccde4d48d27912fc6f6123ca690839d59ea61b7918f019bf2f8bb2f54b6
210,1,northeast_final_test_v1,lasius-neoniger,final_test,Lasius neoniger,69311,07ca5434-0ee7-4b1a-b15e-8d41c8c52c5b,566803283,2a979f18d275ea1a9ab4b710af2693c9e30ee96ccc109ea4d75b760252214ec5,925c6f644a26df04fe94aeb80db725c5c6887206020dd00df26d08cbebe66dfa,5ca24c1c7396874e7b45b329f8d64d410c496eb9f4305219b1194cc1b56e3aa7
211,1,northeast_final_test_v1,ponera-pennsylvanica,final_test,Ponera pennsylvanica,203419,0587b5f6-3fd8-4bfd-b26a-a8975dd2cbc7,2004907,e75716dc37853f407918bfb8a9e50017513609323123f5127588ba61f9e257a6,8d475a1f2291085567b2a639db7325f40c374400ad6cf4f8f281c250528b16f2,5cb25a80ea4bea68ef5544b26734e32d89102a145027b766087f0cb49b5ec95f
212,1,northeast_expansion_v1,lasius-interjectus,development,Lasius interjectus,222713,8ec75e81-3878-4be3-bf7e-4e18ed42d1b8,703737183,4adec1baa3be00b14716b5eef22da965b52d9b863356d4fb70dfb06f90dd9654,0669b8e6885aa90ff1c3516f711d5b703552808d8fba8150c6d879e31dfa4189,5ce01dcefab76db2d851a8b39a703365befad72979ce11f8edbea5b3339db971
213,1,northeast_final_test_v1,ponera-pennsylvanica,final_test,Ponera pennsylvanica,203419,9ca55e74-e245-494c-b3b1-8cc1aa7e5661,193432296,5f959b2a68028ff253ec0a4d1071ccd75b5176371b324c177d3f4f97db4a634b,98472c8a29c80970f2f89f78d005fe28fc6faa809ed661662959a70a9297f2fd,5ce7721bef437f65bbdd81e1bddfc1e651e56d33ab8a05917644968e20e8badd
214,1,northeast_final_test_v1,lasius-interjectus,final_test,Lasius interjectus,222713,d999f3e2-4919-4f2a-bf09-0fc7b737539f,209410726,84105689cadc061aadb01fa0d63b94f9846a29fca73cef81a47d36685e191761,82e4925523f0991422c29e9ec4b97058f02fa148dd11bd00f0f59ffe6650bc83,5d82eee63cc092d05cfa6b4c76e7035bd4015a3def06d7072f2dfe776e421f7c
215,1,northeast_final_test_v1,lasius-claviger,final_test,Lasius claviger,222712,06bb0034-adc9-447c-88a4-85c176c89807,430480659,307f899f33d10372f2c85540d1e6e9266de874afe4716d3ff4e9eae86eeb8049,c0f4da661be8053cf2f6cb00854d51f8256dca13a44e05977c50b109a5beaec4,5e42c6f60a8094545fd7862b5b1ffc8e4caf7255ebe1da16ff2fa7d8bf722a1f
216,1,northeast_final_test_v1,camponotus-nearcticus,final_test,Camponotus nearcticus,146942,2652d7d5-25b6-40aa-8230-98aa36ae26b1,542532010,55aa6ef42f967116385f910511770f00eb428b0cf52fce34d3cd4caaf5224b0c,bf62a51e495fdbc7ad2a944653cddc0232542b4709eca8b393521535685bee03,5e54ef600a1d0789cb5fa0dc09d373f4eace0874e47d7df6ef8244f5bdfe474d
217,1,northeast_expansion_v1,formica-exsectoides,train,Formica exsectoides,133654,ae187ab9-169c-4760-b13f-0c8fde05760f,349911663,2df59e84347363e09ed510d7786f7d99ef03534d1c80dc74d3868f6436b859ab,003cd640b799b2e2d61f32c99fce4f3787bf9b8cfa881ddf211b281ee434c448,5f84e0c91ebf6fdcce87c448c0e7a9f0606b566d4bbf92b02e04041ad9707f18
218,1,northeast_final_test_v1,lasius-neoniger,final_test,Lasius neoniger,69311,f051668d-f701-4896-85eb-ecdadc8ff17b,728616158,cd2d86918f60bda59f86941148b7de4b76c8ad0544c83a1cdcdb690c964a1080,35f7979747e8261640cf73f511dd6f42363d6b63f3df016d94f622a17dcc6b4d,604d18dad5551ea609fd688184148117f4ecd1f46fdb539c1983ab931d9d6d0c
219,1,northeast_final_test_v1,lasius-emarginatus,final_test,Lasius emarginatus,341143,b1c0eddf-e85e-477e-bba0-fb59824c9097,668015543,9c9c717e33ec69723e05dcaaad9690c7f5d5cadd6b7b024655f3d1c574ece23b,1f58f8466dfdd574cb160491850d93e8b6b9f4866893def1f393c22bb434ec35,605dc3d87febe84b673703b0a0cd5b6798dd4d738e80d5272f5111d3516efeb3
220,1,northeast_final_test_v1,camponotus-novaeboracensis,final_test,Camponotus novaeboracensis,143252,d24aedcc-89da-4657-bec6-07a3fd037814,402290104,1c18438a2d8092b9b3887a433608c3dc982a1841e78ecaa736e4d24eeaebef10,5cc04aaf9be1ce6f1d311a021350acd007b4b0015e9e57a35dfab05bd9d9bf77,6069ed84ed2b47d0d3c9fa5bedecedb47eaae5996e4011c34eb324d372c37e35
221,1,northeast_expansion_v1,lasius-emarginatus,development,Lasius emarginatus,341143,9a42ae66-432b-4a39-8a27-8369742c54d3,275519233,bf5a358ad6246d57d05fc28a6e327503a3b4494d958a5d556c42b5bb1964268f,11b3f106fe2d6f2303d8c10e1a88df3fd6443d0dff61e3ed332c1f5e2bd48e7d,61de95ec29df6c7ded120b56efb929c09da7561036044f32b5691d0837cdfd9b
222,1,northeast_expansion_v1,lasius-claviger,development,Lasius claviger,222712,0c457e28-e8c1-40a4-986b-dadbe8e006f3,332005887,17c097fbf393ba6b51d748e7bd883f246f1033f6fcbb79f3a03de153519b0cf0,013fd25b1b25e17b8ec4bfc43e7d67af4e574a96d97ce3bfe9965e0dd341fdce,620ede75b461fe4eb8f333f1903275845cc5f4cbe35def585b0544c85353da56
223,1,northeast_final_test_v1,lasius-americanus,final_test,Lasius americanus,966095,b3b88ece-dc6f-4b86-97bd-d4fb31442a99,387019328,77f6f8b133b861ac337414d6dfa86cfc784cd1f2acea1610c93a187ebd4ed330,797e501650faf9b3496f98c42c113c558ae127d7a3b9534a677310e1faff733c,63107af0461ce5adfee63cfb710d24fe0202187d35f3ece2555974a4c7699013
224,1,northeast_expansion_v1,formica-exsectoides,development,Formica exsectoides,133654,f32f44ae-446d-42a1-8afa-25a99ff3288b,557820441,5c3edf7bd963e0bb94b7fb5ef6cfc6fd03a9aecd7bf687d867adb5051f9fbf4b,12e9ca2540517eed375c621187dfd34c79657fc0d9720c90c5f7cf2f6ebbbe75,638d6905e037f41f4dae6cfd526a660c27bcb32db90dac4874691d9c76577b78
225,1,northeast_expansion_v1,formica-exsectoides,train,Formica exsectoides,133654,3d99b21b-2a4e-4a9d-80c8-27db5294cd35,267409576,9f4bd33070a3d4f3d913789ff95d881b63250363ff59a913e2b69b63184b4301,02ec27e95c14c787336bfe604af895d88afd2267d9c6f182fa4d2bce2acd7b50,63a139032518a7cb01a64d6fe16e2a6d22402a9d44870df96a80a9776d731185
226,1,northeast_final_test_v1,camponotus-nearcticus,final_test,Camponotus nearcticus,146942,9d5ea8f2-7370-455e-a106-c534f2169ccc,488026188,63e25e5913704de885460aff03227f208060cdd3a1323fd6c40552e059987830,52a3d6cd618724a9d5e1de9a3e33419b0ede074ace9cce227c04f90b51b65e2b,649cfedb1d9c35c9e6645b6be099946ba261502c1600033f7473a3af3d0095a3
227,1,northeast_final_test_v1,camponotus-novaeboracensis,final_test,Camponotus novaeboracensis,143252,1078a40a-725c-4954-aca8-8836e59b7e94,219584692,a974d354dfddb3c7d3bc09ea7299f8f702ea9e964d44ab697030e2aceb813bab,5616e56177a19631292e5cbeb462523ab3cb50a5225cbab6d00b0c07a9ee908c,64e3a63823a7b69ce6688fdad6cd703a32ad016b461ba59dbfbb08aa6ed7c87d
228,1,northeast_final_test_v1,camponotus-subbarbatus,final_test,Camponotus subbarbatus,143505,4847a1f6-f8fd-4d30-ad86-72ab942d84cc,528684637,b15430e64ebf378a874ce4644f13edff735b4b75399bd52e954642e5815fb8a4,5fe6b8f842fbebf5f112c1e569cf9f568c1991e07909f8659f51aff5977ee697,659e5ddfa1e5516782afaf3a72a8e30c0edf50ecdd09b176160580b587c8af96
229,1,northeast_final_test_v1,lasius-claviger,final_test,Lasius claviger,222712,ede81acb-d01b-49e4-be2a-a033ca5d43a7,108756448,bab50b4b0f6544804d0128f1da419e5a2059464bbb7bb49a9775217cc3af8251,c226b7e06dca421bae2067b2b756316f977afc556444283914674fbc3fa66011,663ec6108737e73789bfc87e6f2922f985fa022c45af640abf301d58f728336b
230,1,northeast_expansion_v1,lasius-aphidicola,train,Lasius aphidicola,1032788,737b640b-8a70-4c24-b730-5714546aa5b3,443718148,102179f32b39a2435cd7b0456a3b5116794475bb2050376a63b7aef40c5cc92c,013d98c21c0c9a3a46ebd630ff1dab65c137ec295f512d286f0c882d24899c51,6800c73abdc2914c3a75b669a7436eb6000a539544530b4775ee68b7b6ebebc4
231,1,northeast_final_test_v1,ponera-pennsylvanica,final_test,Ponera pennsylvanica,203419,e1ad4c73-884b-4c0f-8ab8-95d5ec51d72d,562914072,60922ae87c2d77be21dbe6ca1432ddc74535367abce3019cc2ed9dce9f0623a0,3ec5a4a44e2f1c41e6b8887619e28508537294580ce92786254cbff6bba970da,687178a48f053e8feda3d5d6d5d61e31e96c961d239ae02db13fd82464ab9eae
232,1,northeast_final_test_v1,ponera-pennsylvanica,final_test,Ponera pennsylvanica,203419,0aed0436-99fa-41c0-979c-4075d9ac8361,667449679,8559d0f3982c636162785a5582bf8addc721ce62b32c03403c5555c72ff64a73,c8c97155d67bde8513901289a05d0fb9b57bbfd11f500111f220351d2fc86965,68865464057a86056bfc5cacd55c055e3decb3fab5bf651e0eabe43e13dab7be
233,1,northeast_final_test_v1,lasius-neoniger,final_test,Lasius neoniger,69311,b8169d26-20e9-42d8-8a9b-380b72b80835,221858130,6cb1c86798790c34687992b89ee0b63d7bba77e57f21c7fbba927a4f82771293,ac9a1b4728c32fbb0786f33b7d9a6fa13daa8ed178407b52b1681e92fa92b394,689f0f091983ab45b68a4909f16ca276f683b95260f17cd0bbc01b2e7d492cd7
234,1,northeast_expansion_v1,ponera-pennsylvanica,development,Ponera pennsylvanica,203419,f052a5e0-3ee4-40dd-b065-666efb96571b,630615074,508bd2d54d9dcfa122f234e54af75a8356bb8e01b7cec08d3c8b79937d507bce,0d93488ab4e5edc22690c006e1d9dac2cacf196c66d12abb2de00cc1c6e24ede,694a6b85122dee255cbb7be6a728b7177071bab22195e4858b1bd360ee1061b6
235,1,northeast_final_test_v1,temnothorax-curvispinosus,final_test,Temnothorax curvispinosus,232366,e1292894-ab24-4d2d-8a4e-b806fb81fd12,122246062,cc23aed05cec6edc28b2edd1f0ec23f29c5f27cd707b462ecbc4df2bd05d46cf,50c26355759af7864996b0eedf35596c0da23918116352afe13c1c627a60108c,6a572636c736986de202d382896c1a79cf5560f3c4026d17717173797bba9a38
236,1,northeast_final_test_v1,lasius-interjectus,final_test,Lasius interjectus,222713,52a0adb9-4e9a-44a6-9205-66301cae7a05,285364152,d1a43cb354f96c057d9e8ed632da4b9ff5a7e6dec18a0e534898b9aa5e097fec,c86d0ff8438917e2c9ce92a55c00093dcf3feb3aaf601676ad058900c5e2f357,6af6e9354bf138b018dc5525bc8d763a53233fad836100155f1b08c6d0c0749f
237,1,northeast_expansion_v1,camponotus-subbarbatus,development,Camponotus subbarbatus,143505,973fb0a9-b81a-4ca2-a3c4-2c17ddad0ce2,393860614,c07c34eabfec33f020825395436db75c14b1d423ca8dbc8e03cbf22b67b66644,23c383153407e7bf3c3c252ae5a8a07a18b8cc6779fb6c4e3f85af9c05bdf2d7,6c0d84453ff6a7ed03e50966b8fbfcb5ea1c07a250d8c638d4b2f61b3b7868fb
238,1,northeast_final_test_v1,lasius-americanus,final_test,Lasius americanus,966095,db7878e1-ea62-4a9c-baa5-221fa29b878a,434477148,f6f8bbfa8a3fe4def0013479cc26eadc9ea389e170a6252b5a281b93fc8f3b03,b79251a7ba2888ec27a66006af0251bd9f5db865cc1842469ac143b01839ef10,6c847b471c5b9eebf2fc10f00ff033fc9c87ce26439dfd4ad5484d76f28f85ad
239,1,northeast_final_test_v1,lasius-neoniger,final_test,Lasius neoniger,69311,c0b30371-47d0-45b5-81f6-de02f3e637d7,569980143,959b3151462f339446c96edcf3b658f5f3298223accd7e77445b3318eb8cbeaf,ffb9881fe489eec38b583ea99a7d63f1714e216c8997062e8ce089935373436e,6c8536a11e9a3a3b3227026e15cccc89c4ac5e7d199437f4dd4ac4f6370d8091
240,1,northeast_final_test_v1,lasius-claviger,final_test,Lasius claviger,222712,c14bd8d8-77cd-4d0a-894e-b09e66c1b494,586463076,e0abb81242542b199b649c9c654df6525094da0b03467001c835582ff6f712e6,2b9de21bf04457039ca8c08ee3d30d71f562f099f2e5cf7f0b309733fd1893f8,6d30bb4750bbadc7774a27a4bd5589cb7d867d3dd740795678503debe67b66b2
241,1,northeast_final_test_v1,aphaenogaster-rudis,final_test,Aphaenogaster rudis,213893,0c5330e5-76b3-490f-9766-55def737e42a,370917473,e4ef13747ba398d9bd98e4550e050b08e33236342b11225013fee9ba1170b3f5,5f9ae2ad9b12c0c45ff793b20ab0670abfed68946b353a64b3dd052ab0032f49,6d3e7ec5b050aa75a951ab0330a551ea8cef65d7fe7ceb36578cb527483e24dc
242,1,northeast_final_test_v1,temnothorax-curvispinosus,final_test,Temnothorax curvispinosus,232366,96339933-a543-487b-bca8-6e087e6a7c60,394191325,97832629ac9c13796c6969638cc94faeb811468e6f50c4c2734abb388bb8270d,4ceda04f3b9be155f478be3745cd5b3aff57dea06ec399fa42fc8c60d4b201a8,6dc8ad35daf8665085b583cc0575759b3a5b2d90dfd6c9f5581518bd97835443
243,1,northeast_final_test_v1,lasius-americanus,final_test,Lasius americanus,966095,f753ec2a-fcde-480d-a5fb-98434d9a1d8a,537835662,1d891ed9dd0a9ace38a1987621ceda9851dd4ecf7303f30e457039b11899c47d,0466c35d1f20438fabbc4bfb40cf9a3f47ae3cc59f8c2bd1d3314c80116df14d,6e098f2db8c0640a3f73e0936b916a3cb77c90cd2a958a39425a9a85cf2deda5
244,1,northeast_expansion_v1,ponera-pennsylvanica,train,Ponera pennsylvanica,203419,4c532317-c004-4462-81d1-7318fe7ba58b,189935874,ecec0fa66925ec7b610b7ca1643b478742c0f2b9a9cc06c18cc2af11dc0003f5,02f468944fd62f14b91f13facc61b5beea9329345cd40d7da98ffcc70bb181fd,6f79b62df0f734d8305f6fe91a5fb4f3727fb2e0b5e28c339e0682252f1c402d
245,1,northeast_final_test_v1,aphaenogaster-rudis,final_test,Aphaenogaster rudis,213893,df10f541-0a25-4982-a40e-cb1d29200339,287578995,ff3b5f6a4be54108bfdb2b124ecbd16fbd4c7795e18892c66423118cc94f6e6a,c43c4a951b7cdf5c617466fd0934ef73f6ef9a933d10b4fd3306519e511103ec,70d45986137f41d7262e6633ce3cbddccca0ffe3d2c8b071669a7ecd9a26164b
246,1,northeast_final_test_v1,lasius-neoniger,final_test,Lasius neoniger,69311,75e54aea-53ef-49ca-a1fe-123d420c7e39,634882597,49cd9cb2af652fb42ebbd946f70881b9f80417e75f04c46b63bafa6283799e6d,4f52f573b23cf19feccff652e539d9aa742c0dcd6e48918f17dd2496b309d6e8,711ec0239f9187031168a347e13bac57cc3e0d103e4725d7eda8ec3a27712327
247,1,northeast_final_test_v1,lasius-neoniger,final_test,Lasius neoniger,69311,8b07a986-28e4-4c3c-a31e-4e91dadf81a2,562339515,a52b1ad8b97e87bc3dfc5048e8774871086a1de90a9b98e46cfe9dbbd6c50944,d34ecc313eab3d507e65ae507ab56f8a9ce7e3e750583634ff925d4ac8f6c3f1,713f66457df91a10b19589d99808f8cec43ee5d92a2c97b42d67481a7263376e
248,1,northeast_final_test_v1,nylanderia-flavipes,final_test,Nylanderia flavipes,372712,673e7e66-8c62-4fc5-b224-a007f7b65e4c,198907629,1bdc63b932895d567282d8969e717db86c689ed7ccd733ce837cf03b03fd2837,f33461cd7c33c9822df804d6109a271ed61221f441ad8136aecb362b481cb847,7185322b98ad87afe12c2faee318bec907c578c2671d09c059df81f8bd82e5a1
249,1,northeast_expansion_v1,nylanderia-flavipes,development,Nylanderia flavipes,372712,eacc498c-3b41-46bf-b832-37cbd16fc379,404619920,9ed5f3b937b2589ccd0cb525448c1dce7c0d9ff57ac170ffa64f3a5a55b500ad,11f527232c4fca0b8c75d2c2efb0cf6d1584d50fdbeb461f5edd15b7069d31a1,71ed2097e709751859d74f1380c0251897eb0aad60f72179f62bd735de7792c7
250,1,northeast_final_test_v1,formica-exsectoides,final_test,Formica exsectoides,133654,6453ba33-8742-43f2-8a4b-c240200c48d6,37437452,f2936edfc91bfaac78ce31bb08673f6ecb6aa235e1eeea592e16f4d26d86b243,43f426db822a5433ac5d2399fa66f358a83e82ca801367d031c6e6cfa0163c57,71fe35ac1240987377374d64bd66684ab3658b4d733453783750843e53713e54
251,1,northeast_final_test_v1,camponotus-nearcticus,final_test,Camponotus nearcticus,146942,9c52ce47-e5cc-48d2-890a-0191837f0334,24216780,ab69c190e1d1cea6930d387c195993b9d2c11e26f34869a05ef2538793e9bd14,c5cc354365397ffba2e4e565e09a3635770412757dd307c020d7e7df975f6f70,72170e3abcfc73f69704dbc0578fb53356762c1ed7695f3f1715dac2802aa61c
252,1,northeast_expansion_v1,temnothorax-curvispinosus,development,Temnothorax curvispinosus,232366,efebc382-a091-4caf-ba9c-f306b687ee45,693519996,c78d86d0c7f102b6487f40ee79ad2cf1941adcb8980ba80f91481b32a050f510,23968f2ec52d1193a1fdfe2349ba285cfd8579d93e885cdc8537834a6c9e4007,723c0cc2a859affbe1b255c0075c011320c6d6b0687e39b84b112244d0aa240b
253,1,northeast_final_test_v1,camponotus-subbarbatus,final_test,Camponotus subbarbatus,143505,8b30249d-046e-44b1-8a8c-d4ba5e17d2ec,163459301,6dc76cb7b90aac026e9a92afab190e06d456d3ffd4e9992f7251d99cc458c4e5,0ac9d79e501a7fbae64f216d6a9134e2647ab4140e43625b3511f7c25e36e3f9,7269a56d0d782d1b03575edf4843149d16d89fce48ceac684a10ecc639177dd3
254,1,northeast_expansion_v1,ponera-pennsylvanica,train,Ponera pennsylvanica,203419,6fb532a6-ce40-464c-b877-93f5688d8b74,182283795,1fbbc0bc5e1dac51bac7ad0b80e03403cae5ba62719b5f78e02a8919e452aed0,037862b8dc769c92402a3e928c9c75378c76583fb8b887a00da0dd95cb07cbe4,72a2bdb22b49af79f5f8959b5bd8dd4cc9f8a3509886e145c3794ddb372bbaaf
255,1,northeast_final_test_v1,camponotus-americanus,final_test,Camponotus americanus,215970,afa7f596-475d-4d7f-b840-245937b8a7c8,384894011,c96b19f494e0a79bc49b06f7db6308b975a91ca2909215ee6bf55b613c9a2b38,78bc5d9092823fabc5462c6ff342a6cd863e8a7c788d4464c6d8647790e3b7eb,72bce2e2b449c8f891dfcd73ac35306715ec08863a812ecd33cece4e754b7954
256,1,northeast_final_test_v1,lasius-americanus,final_test,Lasius americanus,966095,00189341-f8d2-4b3d-9485-4da7bbd40aa8,73137947,8c8b68e818ea144f6073aea5f8ff9b128037cd4168b892da5c08ca79e32dabcb,3531ee02048fdd057216156c067927259d5de1ff2c616d8993760069bf0b240a,74c886bbb6b50e4a539d925c9a5063c7af6fd24cd3486c4e17321438a2fca0b1
257,1,northeast_expansion_v1,lasius-interjectus,development,Lasius interjectus,222713,b53901e4-92d8-4c75-97cf-3ae7e7b16f8d,565564943,e067325c790a0ef742ab43822c63e26aecd0fd18e0aa9cc2736b743302b26860,113e9b31ddc917ee5acba6dc8c3bc1dc54678f6ee9c50f3c1d4b9fd03b0e5225,753e11af77a4dd21858229df5ee35f2a30de5e3e83015e5eda9a01dab1abb6e7
258,1,northeast_final_test_v1,temnothorax-curvispinosus,final_test,Temnothorax curvispinosus,232366,eab4a0fb-ce1b-4189-a27a-9c2a8deba240,432105042,411a5812d530426157982269c43953bc65e0ff4d02e36c3b16cc8559e338fad6,2c6c0959379c1ef5c13e605bd087da00a56f982d766a15f26a0ea5090211d172,75832a0fc7590ba16caf135da8760d54f5a187b702254b9291b901240b6cd963
259,1,northeast_final_test_v1,camponotus-nearcticus,final_test,Camponotus nearcticus,146942,6b0a6714-407b-404b-8135-1ed9bf7b5e1a,199232842,ee1651249ef4fe972b592924c88523ac59e490521ec61f1532019e43ea065ecf,15260c8ee7a46bff6b484e689d17c41241368d369c4ee8a13c8c9cdcecefeec0,75f86eb247dbdab52ccf8f17340846a9ff692ca764c01c59a5c08477b2db722a
260,1,northeast_expansion_v1,camponotus-subbarbatus,train,Camponotus subbarbatus,143505,d118d68c-8cd3-4d80-94e5-da4f567f8f6d,584852241,97276e9ca50a4502209acdf8d1f85731b621ce959324476de99f76228b3154c9,047c7b75638b13703b8ad6e91fb74e84e1f794344b37ca93a148625ed55cc91b,7682af8df938b328c38ae3b1cdcd24d284e60c56adf3908432240540192f2cb2
261,1,northeast_expansion_v1,aphaenogaster-rudis,train,Aphaenogaster rudis,213893,74eaba17-eb3a-4324-b829-8bc5efe742de,552329468,488c326738f04d389e426f85340cd793b7b2778c730f67d5e39f1d14e869806e,01004802de4c5b18956661a22481bcb313d8c4d14d3302f210cb7d763293c3ec,768f6ed1f3d436a70ff833834ab38306a2b442e29352fd5bd13c6bdb07c4cbcf
262,1,northeast_final_test_v1,camponotus-subbarbatus,final_test,Camponotus subbarbatus,143505,171669d7-33d7-4efd-982a-ecce64947449,514886153,29b24dfa48d739fcf5a90f16543a6fee5a28645a42d6f3f9897c0801af9b1fe1,b511f5bfeb77a4369d6ac34990a3915882b1a750c5061b397c7a95fea87745cc,769a2aaf61ff60701126c301327cf03363c371f6353450bd305a0bce5f96d970
263,1,northeast_final_test_v1,camponotus-americanus,final_test,Camponotus americanus,215970,9a345fde-4272-44e4-adc1-4b1f51a1748e,671203276,b8a03eb0561adb9d2c89c643033b579cc540e8a87ab27f176cda19c3e2be8aef,99e610e0fe8ff8da323f632b6719842c91e5813d9cc8caaa9183dd9f995cb227,78244ff7c5971d39c0cd6425cc89b9614a0ecba48a4c0689088f3e41ed23d788
264,1,northeast_final_test_v1,lasius-emarginatus,final_test,Lasius emarginatus,341143,1551ae65-02c8-40e8-bcbd-603ad8f26592,78782218,72cff9b46b4eba281b52942dc599a2905954b43f76bac2979574be2b6b06dd6b,a87d232136c56515b9010ee48cf7dd305f50b9802dc83b29ec1c240d668c9306,78593b58f57e9a375dc4b0e4f9c151800ed0ad0a092945df7677660c5bfb8bb7
265,1,northeast_final_test_v1,aphaenogaster-rudis,final_test,Aphaenogaster rudis,213893,8507a146-86b3-42aa-9e41-e8818e818562,268896686,370398fd4e432408ff6b4b09d7991acf5d4f0ab4e1eb9fcd3f645dbaa0531bd5,85d5c80439954f1c76b79b05e0bde6956ad921bbaa5bb294b314179f1fde8a25,7920a34ef9ac1ad3ad9530ee474c2dc484e2de3890a13eb31e2585d830d0c8c5
266,1,northeast_final_test_v1,camponotus-nearcticus,final_test,Camponotus nearcticus,146942,127046d6-3c4e-455e-9999-135cea97ecce,513119347,e410cd4164fd82163ee3012ebcc8a8a56190435364bdc03d6d076ed7602aac1d,e20bd676ef6dff0f77bcbaf872e4f3d53740aa47606787caf2f31b350ca23a1e,7997ee46068568371255464c7cd7cd2a03cf8fd394fd828168b3381fbcd0b536
267,1,northeast_final_test_v1,camponotus-americanus,final_test,Camponotus americanus,215970,c5c86b12-f58e-4712-9e3b-8a67ae897aeb,571853497,b348a8b84547e354ee45a3b950aa2654490dfb89b9462c94efd7f4b3ae53092e,c4a0a401f4ed4f134e763663a27b2533aae17ace0f349ae36342c73bcdc4920c,7a92ad8bfc8b04e631d276c618f9f8a6172f1e5ba00b8c7826de359fb559825b
268,1,northeast_final_test_v1,temnothorax-curvispinosus,final_test,Temnothorax curvispinosus,232366,6e9e1f5f-9d79-4bff-a1c6-72d847991e32,333493224,2edbc735a32825e61e306d7af4405638e735109eb62ef9f9dad9dc9bc13780d1,26a1c1cfe455d92473bde1ec21973778207a947312db290145cd26e9ffb1fecb,7ad824690d08f037f50fded9ce1be16e6908e51ca7bfab8502c91bf21ed0ecec
269,1,northeast_final_test_v1,camponotus-americanus,final_test,Camponotus americanus,215970,04b416d7-4e4a-42dd-98d1-74dab48ca214,75220004,c864fdd9ed51a531550bbdfe675cf808b1b9c9a6e32553b22ebc858cdc72d57d,d0834618743c860f18f404d7d9b2ba73e6f79028cdbdf23e64c25b30d51de1ee,7ade0eaed34a9f3dc3e43c2d97e4d2b0f5e765b95c87e9124c864bd0293ed61c
270,1,northeast_expansion_v1,lasius-claviger,development,Lasius claviger,222712,6bf5ce1d-a0bc-4aed-9cda-f763133264d1,95760328,279e8b4a3cf793992657487ecd3b83ee69e3c3050f0e5cfeab280be9c94e2b26,076f25e6b370863d0f7de5ca4e9c27fd8bfbc157cfa42958b859926859d04628,7bbc601bb4f08aa5b15f09a0ee20a5dfd793a9b8590ccc4d88fe2661a2130b0c
271,1,northeast_final_test_v1,camponotus-subbarbatus,final_test,Camponotus subbarbatus,143505,f6ae9f97-ddb0-40a0-a078-642bad04675a,24217182,604ae7f458f8619dde2f5a91ff9581f364eb35530c0c76b60dc9a395730f2899,c093a6120eff69e11032351be170d5a970121027c6cb73c3e8a6860d1e7aa86d,7c9cc787c1c43bb65e041e614ec4f07bf743b80005f652390879ab1a67c27292
272,1,northeast_expansion_v1,lasius-interjectus,train,Lasius interjectus,222713,715909a2-84ee-439a-b8b6-9c8ce4ab397b,613022909,e07e15eb47100996340c80c43515323cda822f45abe4004f67bf8707829f6038,0018f529a105d549ade2d91850016af62de5fdb77619f8f7234f75d17150cd59,7d22b1c856dbc617b8aa14c2d7f59ac06f55a7746dbdb308ea15d00efd636fea
273,1,northeast_final_test_v1,camponotus-subbarbatus,final_test,Camponotus subbarbatus,143505,fd606c14-01f3-49cd-8bf1-caeb9703bd7b,316837089,5fc18398176372ed09a1cd5605ad194a39713dc049e9d1accff6f9c5be5e2c45,9ce6f782536472c9bf94249423ce321d155bdd47197f52e9958c07e4b1c163d8,7deaac1b1db332ddd93ee4ebe1df8ffdfcf8f4f9610c87ba5863c4c731f93aa8
274,1,northeast_final_test_v1,lasius-emarginatus,final_test,Lasius emarginatus,341143,53b8dc25-fb98-4212-9410-1f4209d689bc,538492749,6a97f9dcf6ed353ed300332d6b33d0f37c60db5968ff6babc48b103b8a67a0b5,c39980266327a30686a004690fbbfc940b40534c122d9c4d58c1a3ff8b24d12e,7ec73982c53a1e520c8e45cdedc207254e2bb8d87c0f4e06ed8e1c0a171b0ca9
275,1,northeast_final_test_v1,lasius-aphidicola,final_test,Lasius aphidicola,1032788,07eb66cf-c080-4bee-ac85-8c40caa1c508,378356557,9a7d5748a0411d0e0381d179afae9fb545ae6ac7081f5e147190f6792fd0b628,98ee36876b859fc36459e19073bf29f3cb9bf451eab8b6213b93bf48f04ed1f6,7ee5c4883cd1d093858859de3e8737d3e33a0a0c1cafb5100c9a87a522d1100f
276,1,northeast_final_test_v1,aphaenogaster-rudis,final_test,Aphaenogaster rudis,213893,8c48b11a-58e3-41d8-b71e-3cf26ab236d1,722621658,d13340d1a218ae2fee1485b9d0bc1a8ddeab136c892af0387df737926f45b926,1479a1245bbaae184cc0f085982d9601cae503dc5274405b03aace4c75ad8b6e,7f0df56be5a2237806695a11431ab8839888d818f7f5ca51a09ae458756ece24
277,1,northeast_final_test_v1,lasius-interjectus,final_test,Lasius interjectus,222713,c2b796c6-ce36-4cbb-a3a8-774cfb4f2f1c,397121670,5c413430a434b5f70ee06e6f31010f1205bc907e3b1958488ec14222869b3113,4b9aea8123f1d8a581dd15998f0b3f7944636092461edc91c205c1b9f988c1e8,7f84d36dc5426d90b23e391385a8376250dafaf9cc9fbab9e9e995f3a9dbc0bc
278,1,northeast_final_test_v1,lasius-neoniger,final_test,Lasius neoniger,69311,e50f8686-6845-4427-b229-499c0433f3f8,426143647,516566118d8a088ac8c2612e48c99d2aba03ed3831e8687284d88d4ff1f739eb,6e5abb3dd8f74337154e81005eb1903b58cce3b05f5fa201200714668c8a1499,7fba059227d9978e372a2d4c6fa5afefdc6e9f7b137cef1f0e1437af02584d5d
279,1,northeast_final_test_v1,camponotus-subbarbatus,final_test,Camponotus subbarbatus,143505,73bae35d-24d4-4b51-9fba-723d84d17e54,404362980,fd2a773a81dfc3be05d0365920267fd5734e24bb30da6b8567b0afa1653b28e3,e4c66cd9ab8aec79747b452094ac7e37ffa22043b7ff17702b7997c2d387ef46,7fbc294606f01168e96f4bbe342ae9e5a69a3fa24c2bb26edb935f756b9a0a64
280,1,northeast_final_test_v1,camponotus-subbarbatus,final_test,Camponotus subbarbatus,143505,b99df54d-5466-47d7-90b9-9f4060063689,493054281,2440fbfac461f23bd11e2c1d5f97bd9994b461c13f5164ecda415c2f10da6fe3,6bff0085c5768f1ce9acdc722096f58875ea4be3fa6b4b03654242099c3b59bb,8026759a1d7ca269d0089af2e2d2b877f9c3fe1d6abf9731d3fbb42181733c10
281,1,northeast_final_test_v1,nylanderia-flavipes,final_test,Nylanderia flavipes,372712,7fbcc5c9-679d-4a51-9903-06c165c70180,283251178,6e62104d765166e35b3404ce7dca0ab78f3ad1336fed8cb0bbfafca9bde0d07c,f0df5cd590fde5f849ae62ff11401a31f8004b63982bb97aaa30086ef0144fc7,8040192f59a4b8d5983f9ddd36959723f26259ebfe3bb2f5b711bdc2898ffd81
282,1,northeast_final_test_v1,aphaenogaster-rudis,final_test,Aphaenogaster rudis,213893,9e00cb31-4ba0-450e-b90e-b69c590a04c1,368045749,78a7c7eb87b751e324d1a8e7e25bfc132eb671cc6c2823e16d6f439e63db0419,a5ab6a35147454134e212f16f7dfd8378d276baa7169b060882206972ca0cac6,808b484eccc096902af1e6a2d7b6c8bbc24be8cb84ec7f76c0472e9cc6443371
283,1,northeast_final_test_v1,camponotus-americanus,final_test,Camponotus americanus,215970,2abbb3a9-77bb-4d3f-a49d-907fbdd5bacc,498902971,04ee705c7cd23f6c75238b541093f9efefb5c4261ac766101d22abab3f050166,2aac41860de92fa91441a74a99dc136ec6fdab3519c33abaa94b53adf07d3578,81a086333a078df6c6b6647f6b2e2c415e190f04c999b3b84722c03cf1eade22
284,1,northeast_final_test_v1,lasius-neoniger,final_test,Lasius neoniger,69311,5ad39098-b8b5-4fe3-a9f2-ac41a9742873,229052411,5cb2c1bbe9559ef056dda216da8f1b7be489fc7021a10ddc0797f960d0317fb9,474bc533aac23d4002f74da075a361470e2fc439b60292d18cd545a97078109d,828a0dc89cbf7b21a1f8a4c2d177f37b8e1981e5bf54fcb8f7f1a1dae39ba702
285,1,northeast_final_test_v1,lasius-emarginatus,final_test,Lasius emarginatus,341143,45490f5b-b334-4ad5-a010-d4db25159bb1,654386762,cfc197dc8f24345c44f6486d760e19d1ea0b2e1b94506d51c7e355bba9b7dfe9,36b729b04a5182276f4044004fb734a154a30193eac4c4e79bc45ee1db956452,82a26daab763309f29a09d1b392b3d45d9b88d927f1175bf01cb91758dcd651c
286,1,northeast_expansion_v1,camponotus-nearcticus,development,Camponotus nearcticus,146942,230de699-78fe-4ec5-b2b8-6aa8a74a9f42,192724076,711c6d898b3152a50a1644e25b8177a8ed1ef56d6851d161447857892282f2a7,06bda9c4877d55a8a1c4722bb036e1e5dc6eccbeca9db421da4dede29fe49c06,832d6bcdbb20be709f9887b9afa9ece50a8166ffe164b5469e1e7eed3c567306
287,1,northeast_expansion_v1,nylanderia-flavipes,train,Nylanderia flavipes,372712,bd330d9b-a7de-4c80-b7eb-d228117c1b90,564300487,565a425d58ea7e1e829c601cf63bad5a42883ad20af44859897699c302742d52,02101dccd8bde7fce2d1c3546bdef433ccdfef990c70ead00c019b6790b8c30c,8489875b2c0398949a9b5e95e59d2bf27c0f58c052f1f4e089f4d9d3668d99a5
288,1,northeast_final_test_v1,camponotus-nearcticus,final_test,Camponotus nearcticus,146942,0de55304-6fc5-4a98-ae7a-724a831346da,242022425,1d7c2ada6d9ffbb45c29b0a6ae3919568ac5ff9f2087cd2167097a9e9780b0af,a36789ee1cc5a42a797d30968b72107c0d32ec9cefaf5c0913340f8479f62595,849994a97df7cac9150a530c989f9fd7add4e33e76926290551b8964f27655a4
289,1,northeast_expansion_v1,camponotus-americanus,train,Camponotus americanus,215970,170ece2d-4e4e-4a2a-b566-76e0a5c91905,699017552,aee848fd0cff33a094366533e626942328a2fc58a2028c1199cf0c6fe3f067b2,01e15fdc7a1952e658639c55953262b4022201d7a4fc41e550f4183ec5c2c16b,8526a78d81b10c0d589de43ec5c9e68cc7b8a60bc4ae0439f06c08a295de034c
290,1,northeast_final_test_v1,camponotus-nearcticus,final_test,Camponotus nearcticus,146942,27d1cbd0-6cfb-46a3-a6fc-775170508021,673700900,c005b5b40ab28b66404edacf29bec4a3352fde59d6a2c90d44177b2ea89f1a97,29315a354434240c4a6f42294a30e2acbfa36c18dbe8ea7537f6b3e61f024426,8599f62c2574e5de4d2624cd2557ef991784bb894b725d93347613e22dd32bae
291,1,northeast_final_test_v1,lasius-americanus,final_test,Lasius americanus,966095,aa10c72d-f352-4849-9956-2aa6efa1f2f8,373018127,f929231cca4f7c5fe568e5c121c8963a2de6d903bcecdfca3a3da701c86d8c2d,aeb9e8fcce1754dab4d00e828679483ba97d40fc9fa14085c3d4060b0aaa62d3,86802fbefa3b594ff57111763760e58d2831c44e1f9d18fa007d33ad7a66ce5c
292,1,northeast_expansion_v1,aphaenogaster-rudis,train,Aphaenogaster rudis,213893,35335e4b-70c1-45e7-baef-c23669d61786,498318832,e82d659c0d6b34718d383567b3b3540fbda5634057b06541ffc62a4d27b57974,086e79ccbe3fb3b641cd300227478dd2c50a7c817e53e32fc9f26d69cacc0cf3,875f7859ed86ef017615b7025634f87a2268b7ca584e222ed464fc794528dadd
293,1,northeast_final_test_v1,lasius-interjectus,final_test,Lasius interjectus,222713,0bc12b95-4fd9-422d-b5b5-2e505468b8bd,475896501,97fdb384d73383701c0f04c16741c218ea04fcecd8024710b06700d0e30435e4,4f59e0a01f2107e046973803a2e111f1ea9c080010bf3851154b610226439963,87ccd7d0504573440c6c1b9c9710e4519dabb0d10a968459b53970b3ae6a623e
294,1,northeast_final_test_v1,lasius-emarginatus,final_test,Lasius emarginatus,341143,121cdea4-9a11-4750-a110-b56bf361b0ec,220153184,ad8a5e08e9b58050c4c6638e31e24fe08abfbd3fd6c7b6bebcf7e23960d48df5,ef31f78bb145284e1e33ce08d091893249dd312fe4859d7771f7aa87b6c08b5f,87cd9cbe86d52ee11dc69af981919f20f666e98a7d114cd113b164ac23747473
295,1,northeast_final_test_v1,nylanderia-flavipes,final_test,Nylanderia flavipes,372712,be1a6773-089f-4fc2-b9e6-6dc964648792,53450942,0e845f9c02b09ff6ae3511b33b053de6e42d8a2dbf32295f091aa2a4b64d6344,f6dc0512b191a79ae83a2b087805ee516e32ece96c5faa20fe484895925a6de3,87cf344e84b7bcd74fd0acb3d67c7e232cedfb31869445aa3c7985a96839b088
296,1,northeast_final_test_v1,temnothorax-curvispinosus,final_test,Temnothorax curvispinosus,232366,9f28e82c-d1cb-4d05-9d4c-e43005d354d2,690887086,e48d0f95079bee6e8ffd703c2871b3592e810a5f396e1047c49ef57f50b3581c,3b2a85e52690cd75f648660e2e9b67fc603de9e34336f6d6fbf23a5ba2f5e532,88eda67237f24c836c08b6ef0c77d6c77276eef03431bc6e72906a76af81ed8d
297,1,northeast_final_test_v1,aphaenogaster-rudis,final_test,Aphaenogaster rudis,213893,698e7196-e434-47ce-a5b6-6567dce250e0,143699797,101d6ddf554014bf48e6264d1a092565947cc4ac25f18eecaa1d274c0fdb4fc2,16d5f8d00d3fec1ed6cbc3ad06e69bba2af07588fecd133093e5561d5dbd4fee,8959a643c7f9238cfa2458f075a68a11119f7b1898b19103f2181ac03730e0ed
298,1,northeast_expansion_v1,camponotus-nearcticus,train,Camponotus nearcticus,146942,705939e1-705e-4b21-ae0a-ba5c2899331c,82757005,ff470686529537c53eb4b4652d7c6d4f6f84e969b49962d7697fbe21429fa15a,020d4f62083df9042689119ef98b23b0914c29df2df518cf68738e92d825b7f8,895dd97096632053bcab8fa5d4a3620632e8078543c000e482a56e30c849c11e
299,1,northeast_final_test_v1,formica-exsectoides,final_test,Formica exsectoides,133654,85f819c6-dcbd-4f41-91fa-038ad379bf0e,91359726,30b112bdbe95a7cd57a0aadb18ac891908f7347943acda4fe2f66c71a966d443,03f6f1c1e1699a51236215400afe10a56502b0517e1f17a9661a07296523ffd8,89b4988028cf8417b1ab5f2cfebf67757a0b3e28966fbb2d96a85ddbb4f0e452
300,2,northeast_final_test_v1,camponotus-subbarbatus,final_test,Camponotus subbarbatus,143505,99eb2551-8180-43d4-ae79-8bfd388e41b9,230884617,4d81f6b2a4127e98cabaaa15314dcf175f6f4db4c933ba862c7579d8d12b4b2a,1f336b7a6866580da42396f9d414b8fa6e9a24234868c732a8e903118aab0f06,8a34a0643eb7a5a8021ccba98b3d831a1f522333691ba90243b277b5fdf7e386
301,2,northeast_final_test_v1,temnothorax-curvispinosus,final_test,Temnothorax curvispinosus,232366,212c5ec0-ac7d-458f-bab4-4fa592fda62f,632786656,e4953772208ac3ba6453b3da39c4dfd5d5dc7f2e027ecc96b72037929f03bd3b,e6d65afc32448811acac690a02f044e7a5927f40a9a455e11d5a693d0b632ad2,8a58c72c66fb96a7611edb263844fb12e014198943594aeb6eb2e7de4070eb4e
302,2,northeast_final_test_v1,camponotus-novaeboracensis,final_test,Camponotus novaeboracensis,143252,2b992022-ce0e-43e9-a3ec-696f50da75b2,157251410,a3d5dbbaa2e33eede65c1fe9e364385b152edf2f9906a1949507fba36e31a56d,ca6ae2bbd97c4d2d9e4b500a7a73ecc4e889729242ebf703e8859caaf5737983,8a8bc8ef686b7688c7eb413232cfdc105953417d7ec9f45298224d63aa185a25
303,2,northeast_final_test_v1,lasius-neoniger,final_test,Lasius neoniger,69311,27705fad-5221-41aa-90da-4031a2ebbf94,531387206,676f6b3b04e553fb939b67f2e4ef8f622b27fe682ba3f939f078efac34031fa3,52bfe35fdde0b321da6e3f1e871ca6eed71bd118bedaea4838ac4853132f79ce,8b033341f985c492cb78d6be77e47971703d299d50365c5fa39e9ed7985e4f87
304,2,northeast_final_test_v1,lasius-americanus,final_test,Lasius americanus,966095,08212a52-6690-4e31-abb8-fcdf10d35ad5,368506076,4382018af5f393eb28adc8811ada30ae7091256e5b557ab6ca54e26880a8dfa5,ea472982c8171362d17f9abe27dd57db012de401e22a7fa481b9f6d55f8f4e08,8ba3f7dbe0f58eb526c5ade567bdcf4400ea57d6f33f5cf4af59273a67a9fa8c
305,2,northeast_final_test_v1,lasius-interjectus,final_test,Lasius interjectus,222713,4572bbb4-a8da-41c1-a3aa-d44175f85f31,401851848,3449a8559bb4c3e8c7e8c14c9b3756dfafe71635a15a9b9172077716aa56ffd0,be6c47b734eb3c6d8f6dcde6fee9cf95d13116a45fd25f180324ffdff5fdf557,8ce02e71cb2d6ab58abc6aa72adfd1846630ea4e95b2dc024c6bceef02d32d89
306,2,northeast_final_test_v1,nylanderia-flavipes,final_test,Nylanderia flavipes,372712,3463be8a-a32d-4752-86d8-758903bd728f,158911364,a67799c9676d0297a5d9c1e54b17086237e11395f7d302f89e13fc978dd8272c,2e0961d3f2ad710b41004d589a0cb04b8bea418dde9f87576ec0facb119a7f0b,8df6017f30c15682fdfce04887b5ff253d6c26e5ed6a0c9172cd1d66a984a414
307,2,northeast_final_test_v1,ponera-pennsylvanica,final_test,Ponera pennsylvanica,203419,6624c173-6760-4674-92d8-341b97b387e9,631185326,7416e4109807221422719280baccdf9a449d55fb00a1405d227e616ad49a5608,5d30b58121b1a36429e5173be370de5cf3958742c32a6f26afba6687fd00868d,8e13e8b7902499003a6bdba1cb011deb27b70d020d5083a3169ee71f6cd02367
308,2,northeast_expansion_v1,lasius-americanus,train,Lasius americanus,966095,34fba721-1f69-4454-badb-88abaa6d8d35,540504427,5addf1bf38b0825ae5453b67434dd8c02189f31e2b2603864814497335e2f06b,021310d282be2beee2d4d1dfa41dcc453512818572ae759ae7caf27ebee5226b,8e9519b81af6a99c1d79017fd461503ef287a73587812acaf460f67c955002d4
309,2,northeast_expansion_v1,nylanderia-flavipes,development,Nylanderia flavipes,372712,e92cec1d-3756-442f-8f2c-c9ecd4febc5e,191166958,3d00e46263090484e7239d141d78c10743c58d5557d8d2f872b8b55708fa1be5,04a31929ff63d414601df66c25fa925d0cce597088375c83788f6a42885670d5,8ec09a62afb7b5fbfdbc9fb405bd81e2ed6ea3c18cfc4af935bb6f0b6fb821a2
310,2,northeast_final_test_v1,camponotus-subbarbatus,final_test,Camponotus subbarbatus,143505,b37db597-40d2-4eda-a9a1-52a46e1f5139,451646372,8d7a070e7eb486c68be11163c47589abe750bac26ab9d3e263bbae3479c04c00,dbde3af0c236d6c09b6cf02ae95dfeebb366af9b6b818772e05df7d2b235d858,8fd2257d1e6db603ed078ed914342a3355b85c656f8c3a4078af3ac47be3e047
311,2,northeast_final_test_v1,lasius-neoniger,final_test,Lasius neoniger,69311,ceca0342-7a32-4aa5-9344-77346ed57318,641148806,c521a751272fee5573bc343f394931d94d8d8dd6bde179b03dca51d5b89b4ba9,970bf5ac2288b9b3e9ec611b2230cd3c822f2ab821b0e0d747892c26f738e4b9,908130bfbe5452be3027ae7ecab9e9413f32d282c6d532018632a81a95cdeac4
312,2,northeast_final_test_v1,camponotus-americanus,final_test,Camponotus americanus,215970,ec5c7383-6684-4fb1-b629-f8f9fa9b2186,536975613,d3cfbffc205bb2da2f4cb8b8be4acdba8af6337010fb5b52acb35a62c56f72e5,86c0e9aae37f6fb253c47958f3812c4ed5102c4623d5466b94c63cb7942de8d7,9081f832a44c2ee3ce06b8f50dae595eaeb00947b758f0ff24bc7b15197193c0
313,2,northeast_final_test_v1,camponotus-novaeboracensis,final_test,Camponotus novaeboracensis,143252,b076809c-7118-4ce0-b9b9-d903c9da220f,85758750,47d2a099c01e9c46b6e70d458d6a03b33605bd65d55549aab76e6f6994e622cf,67eb1147a04fadf9af35219d47734b966ca2cd060bd3b84eec6e0ff9f30ea4c0,90ab4c35229b42fcc8d7f82a9392f07959c77848dec4f0871960b09c60644686
314,2,northeast_expansion_v1,aphaenogaster-rudis,train,Aphaenogaster rudis,213893,503504d3-593b-411a-a75d-89a57ecc8233,294196084,9f496b9a885c32b92b33f0d80bb2ecdc89d2c1a96c0049546ed522ab2fdcf95f,07dd482c4be8c082dee48873f5f3f0944801512e93c64a3f00cd9ae701cfc95b,90c24e9cb8b0c872c695030c2c1619be0fac38bf1ab7700b6e0e8c901cfc2272
315,2,northeast_final_test_v1,lasius-interjectus,final_test,Lasius interjectus,222713,9dd6b677-35cd-48d4-b037-4cfdadad0493,373555929,3df0ad6d44a6bc626814c51513600e5b9692a35bf4cc692dcb01a467f2e336b2,b50d8f95b297bb86d01e5354428dcfe720bb09c228337cacd3c1b347da3f1230,9146f76710a225e326ff25999a5fef7be1dac1bc12148f2388339abd64ae5630
316,2,northeast_final_test_v1,nylanderia-flavipes,final_test,Nylanderia flavipes,372712,8969618f-d0e4-492f-9ac8-ff91b4ff920b,193274245,310cbb7b2ef563d42e5928f295cda633965226c4e922a5420f31245c19eb6873,602623aadd337972c2814ac3437201023fe2e99f45d5c4bd898759a7ad4f384d,9190a35aee3a18fe44b9afbd30364a73b8d3ad25b321a6d781daa9d0b2dd2c56
317,2,northeast_final_test_v1,temnothorax-curvispinosus,final_test,Temnothorax curvispinosus,232366,4d77f381-729c-48fd-9d40-bb510d949dfa,725466947,d36943164cf32ed4f2b775d0089ff3fcd214a23c5e3181971d960e42985d07ed,a257f34e02cfc5f2dd80c044bf990fd3fec98705198c91fea103cb8a952dffa7,92c347a7d4e41a7f7a121d41b96f22479376a2cd55087c1b83f1a2b05abc8c9a
318,2,northeast_final_test_v1,lasius-emarginatus,final_test,Lasius emarginatus,341143,47702b07-55bf-4a38-8ddf-e21462409f08,123126968,880a11a05c3ca5cac79f211442c505ad74d205d8bcedcaa13166e67f96cb6643,87ba6189ad07637bc5bce7fef463696931fa88340c09826143059c3f4b402f77,932c25d2e686d9b84df8acfb03416e52a641c9488e4dd7556116118fc1b691d1
319,2,northeast_expansion_v1,lasius-claviger,train,Lasius claviger,222712,add02cdd-dbbe-417d-934f-0dfb7eb9c431,576453574,3b541b0efb9f7a95c530727035178d09deb84d64698b6ecedd8236fdcb53010b,06330a26fdf687ef2b199a94bba44197e4847e2ed13199fda22d4f847a15a11a,938b4085411f6e66d0a4dae88191a1f2ceff0a447467f02758cf574e79802236
320,2,northeast_final_test_v1,nylanderia-flavipes,final_test,Nylanderia flavipes,372712,99e95815-b090-466a-8abc-91a6ced14efb,184408744,222c0e7fb5eaf505b628f3c52cd2c5bc5e41efcbb4d28c49466ba1d39a4a0d34,f92e2a7aad2f71759d5a621709838f55d39e1acaa3fbe0785400744d6ba38564,94111169ad83c33ba96133f897d5b3c40f01e027b2bae9e1393596997ea44765
321,2,northeast_final_test_v1,formica-exsectoides,final_test,Formica exsectoides,133654,46a6e5c2-5cbf-420d-9990-4c998618582b,8789764,aec357b1cd50575a1d4b7ee9901454118d36647ce3ebb2d3b01ff622fdbd2dc2,053357f53d27527d7c497417f6d80291fded8eb3b31cc57ae30b3387ee9622d4,945c6084f07f6960e3c94538dd4e3080b730e9aea2e9298f4a6d4aa2dfdbf000
322,2,northeast_expansion_v1,camponotus-novaeboracensis,development,Camponotus novaeboracensis,143252,6d0382f6-5f34-4681-8f64-631d61f2956d,384903604,c4b15cc9fc47ad1872b1564e6941c2a57e6fb3977e89e48e04e4dd46ff3f3eb6,17dcca8cdd5eec46059c4e96dbb27facd6503b7578973f23283e27f788754a32,953063a3721707a7d94675888fc3dbed229d83d924f7b301d16c9d8c32df55e5
323,2,northeast_final_test_v1,lasius-americanus,final_test,Lasius americanus,966095,b9db4d9b-0061-4047-b1c3-25ac7d37e82a,477983014,af5e5935bac289cd41c50a6ea6e46ed04b946c89ba3932aa9f48985c5bdc0f81,ca48596c61fbf88e6df6652525973d557c2c2af719f4e4e4151b7ef1fddd644f,9551a21c8dd749aa820ad6a3af58e11b25cc5bf1d47078512069265171d6aa71
324,2,northeast_final_test_v1,camponotus-subbarbatus,final_test,Camponotus subbarbatus,143505,14df06cf-c5bc-4c0d-9c29-b85660826b45,501526521,48ffc00d710fd3acf27af7cd47bac5ed5e9cc67bb349943c52ccdaae8112ef03,fa1ac28c8bb0176ad3810dcb9c3345a4da3f1df8993440ba2d264c89b8774a85,95bff939a445c663b0046db83ba93da39c8a81d18b856a068296b147ac412d42
325,2,northeast_expansion_v1,lasius-aphidicola,development,Lasius aphidicola,1032788,83833907-0961-4f9a-b120-28f331fb3f8a,583765910,3abaffc4b28af3c886daf114516843bb9045225393ee9cb10cf708788d5c4308,1da0ea756ed8c4949d280e3273493d0484b91919d1c1b82738c706df9cdee001,96113e15e5558a5a514bf0f8836ad75a49b5148cbb4ae9e799b0b758da5bd789
326,2,northeast_final_test_v1,ponera-pennsylvanica,final_test,Ponera pennsylvanica,203419,15bba652-4578-4591-bc35-79974a50fb85,386937056,d9b822d1f2487e390234384cf020e886b88d0e83c837f34044959a7f1a0cecee,1854389c5270de1344ed146e759d2d707b320b0867d6129611b30c18a76a97af,9648f018a9be342dd8c10d111ebf66aa1848186bf962c9696a345bab30a664d3
327,2,northeast_final_test_v1,temnothorax-curvispinosus,final_test,Temnothorax curvispinosus,232366,50e21ff4-db89-4f0b-a78e-9d0fde9b6801,228723888,f5d58e148cb53980fb982d22a0ef0e93b10d08a4d804871e2b9cbd7ada336036,3cdcf877df2a2acf92623bca2887c613bf2cfcc5d3f71089bc5f5837217e9384,967af1cedd2c55481f674efd7502d63619c2b56abb6e993c64d9317abd9b8af5
328,2,northeast_final_test_v1,aphaenogaster-rudis,final_test,Aphaenogaster rudis,213893,c44d94f4-53a5-4f86-a3dc-c909c51091ed,664607337,2cd9281c4e1824cfe37a80dac6bd323aff7afeae7891c9ee0e5a551a02b19790,bbd2ca71f28e7b1713de7e2ccbd51fd1143f4cf9ced20da19b067fb7487e0996,96badcd0ab56e3534919c715ae2d0d9fa4f8c393ce1724e63c8a3a5f1fc9512b
329,2,northeast_expansion_v1,lasius-interjectus,development,Lasius interjectus,222713,1e1426d2-a999-4664-aa36-5a52d2a543f0,50087144,d27b8e15ded91032370de7b6042db058fbb9e9ea5f9cf1e5ddfc33c5ffedc66f,06d82a14c2a15fb16d01d133314853597517c6268b3753b2aa84a5c806589d82,96c82e7a2b35e8bac9952f4066f046ba5b234f835478a30913add8ab288d31f8
330,2,northeast_final_test_v1,camponotus-novaeboracensis,final_test,Camponotus novaeboracensis,143252,1145c95e-61fa-4d36-93de-0113fe68d961,295455470,cdd70394a0df9fd797213dd018e1d93a61c78e8cbeb65e58d693f3e251ac2028,c04a68fe4974ec913ba4ebc53f30dd38424c102c6b140f9800dd0443accd896c,984c058cc55b0ce5ca13a590fbe1f3add33e31895bd0fafd6d1149aee46d4eee
331,2,northeast_final_test_v1,ponera-pennsylvanica,final_test,Ponera pennsylvanica,203419,a2eef795-a5c6-4896-9b00-26c45333ead4,362045899,a71ca478f38ef8a51dcceb73e24d0185c28b3b1d3f77be12b06ef2990c5cc760,6297436f27127e2e8948f2ae81e76e3ab0d66dc55ce070d0260bcf8fe3cf9c73,994ed512d1681d8cbc8411007a5eeb29a30dea5779f3e5152f320dd99bc1d2fb
332,2,northeast_final_test_v1,lasius-neoniger,final_test,Lasius neoniger,69311,d6ee3fa9-1cc5-4b27-890e-c123eae0330b,516643448,2f651c61734d779b193f277e7e70fe538054ce181ac0e297ff16f6b160290065,2dee26c262e7f755e0d895a9a6f04e85202b0c2028170986da3b38e2531a0dbc,99ee1448fa120475ed800cc22a0a72668f0fe3b4daaa05768bea2418573f881e
333,2,northeast_expansion_v1,camponotus-subbarbatus,train,Camponotus subbarbatus,143505,d21200dc-3cc0-480f-8e34-e6bfeb31d81a,464785204,750edeef6421bd34498bd3a15a256556eda56e61b3bf65b8043245d701435a8a,0736afd6ae561b4d8e20127335cfda582553b48e89ebfec735a51010d51bada4,9a194dc177b589748cc1701548b4f20300acfc6b4b1bb2b9b39e9207087f9b87
334,2,northeast_final_test_v1,lasius-interjectus,final_test,Lasius interjectus,222713,accd662b-26fe-46ac-a12e-e9d1e42e0faa,116723804,ac8cde1ad5fe6693335731688e6d8fe24e1f03bc208f08b4c68dbd2ae21aaacc,295c26782123d5b17130a0cc60c31082294351fa85e5cbdd0a6399a1bb40d173,9a44c2a8b1e5fbd6beb6a06109e2ce9df714d5ba29f50134070dab430e0be611
335,2,northeast_final_test_v1,camponotus-nearcticus,final_test,Camponotus nearcticus,146942,109dea86-8415-4df3-b9f7-4b1a2b55d284,319420359,9ea456223094c2fb7390c91589970256cf67af375962c37a8653184642366e47,22c6b99234ef28fee8e0c709b2d1344ff808e071432f4ebbbc9bd7e637c74ad1,9abaf0638c24b77c780401f2bb8090f7229095d21c0b52d72da236c760190106
336,2,northeast_final_test_v1,lasius-emarginatus,final_test,Lasius emarginatus,341143,743d083c-e2f8-4501-a8f5-53233d77535d,507533266,fa50a357c6bc05eb6ea25067f581442d178d9fc500c0e6174ee559fe16d6daa5,3c01e23ef2ca06eaa994a52b12037c4fbcb3c65eb599f13896cdecdde55ec3b9,9b79a7fa28416cacd8289a9baefa2eea37f3b4c1c40dbf34fb1366dc403a7e2d
337,2,northeast_final_test_v1,camponotus-subbarbatus,final_test,Camponotus subbarbatus,143505,2af83880-4d96-4ae0-886c-7775a12b4296,284923232,3cdd65a21af5c815e384822bb3b4e4ffeb71cc0766b58520f0fdd333232ee77d,c928f41b2e055ef4772687d2a839d714abc5f2d4a50e98f1322ed465ac49b79d,9b8b19a5524cce0e4d78364e8927b2adf5a7262a7626723901c95383ba5aa778
338,2,northeast_final_test_v1,lasius-claviger,final_test,Lasius claviger,222712,01fd5e41-e1d9-4b4c-9f04-5c28b4350efe,174319795,52115c3b16f166d7f21b14cd6ae0f8d3f194601a5d92e54279bc8fb73f192349,df205f3518e1da6ca8be60c0a88c07593535e93f66fe82e683a9d941200d4b21,9b9c9ccc6cb4defbbaae15d3fc1b1e515322e7a27a3786ac7a71f50b00dc63f8
339,2,northeast_final_test_v1,lasius-claviger,final_test,Lasius claviger,222712,d8c187f1-f0be-44d7-94f4-b1d2810e9c90,475057159,92268ce71b8fc6ac63d705312663d2e280de7397ec23c6223f49ead3ed6a37cf,7a284a85271c29d736780b9cedda63c1d9b7c68686fa46c25497e4f19d7a5733,9c0cf7ef5ff1fc94244cc382894c709caebf843b16a4f8a1ea8ed1033cc54d2b
340,2,northeast_final_test_v1,lasius-americanus,final_test,Lasius americanus,966095,f5cb6246-2cee-4849-b034-67f8a55c6b04,492405591,56efbe13354b4b1f059b3087b035e4c256f6386a27ea1d507ebcde5cac5cd15a,bbaa4ccd0b417abd991f316e1b45abd438d411dd264fae0e3261b86804e7cb6b,9c9694700350245a01d90b22a57b9ec64e7398df4b0d17ab1b3784b110dab7d4
341,2,northeast_final_test_v1,aphaenogaster-rudis,final_test,Aphaenogaster rudis,213893,05d39627-ee50-4cd0-a5bf-8d90e5509079,264726387,637845ec65da1066f25deb730beb374a69cdcf2bbc919994025f3252dca50e39,770aca897a280f3e93fd26922a010994041c8f5b75b69a89bfe5b5a680ef4a7b,9d2e941326fd71c0976a3c6e18d9164bc5c952c0013a7aaa982374c725ac711f
342,2,northeast_final_test_v1,camponotus-nearcticus,final_test,Camponotus nearcticus,146942,cdcfb6d8-08ec-469b-8a1c-04f853e75f84,325393452,5eabc2f59047813913ad451bac23036e9b987d6ee14ef11d4ef03f9696134803,ed19dc9b47ca58d91c357f05a6540c7037fc7399f2349c7f10f536c015f5a32c,9d8e818cd9dbaeaf00b48af1c7e688e4f6aff6ef2ac9ba04d4471edbd66fb1c3
343,2,northeast_final_test_v1,lasius-claviger,final_test,Lasius claviger,222712,f4b68afb-4a96-4ef7-9909-94b211d42c63,324000726,e5b734a7589fd9e686a26dc00999b2f98095d8a8669b5fabe66214c79ecfdc77,a246bf8709ea33e128718acf2f2a9a658f30d00ea4c5151eed02ba3a6c4bd4b7,9ddfb624ca6570c6f51d9e53ab6f3208bbc93c41d6001976647612a7bcc00719
344,2,northeast_expansion_v1,temnothorax-curvispinosus,development,Temnothorax curvispinosus,232366,ef29c226-f647-4fe5-800b-c219c340aef9,578466495,4f56fe159c7c689cccf071a0875e045628ef8adf0bbc3a50261688277b7f1b97,2b98849ce65803e9513124ab91a768212f6b4002acaf2bb4a6ebb182edb73b6b,9e3c515884ab01ac3a17e547c02aba065f6226759578eebfb173885461b32652
345,2,northeast_final_test_v1,temnothorax-curvispinosus,final_test,Temnothorax curvispinosus,232366,588e167c-950f-4d2b-8ee3-466b874962fe,695202834,94947c5b21303772ec0392f6c8e6f48fd49bfaaa642c3e76a249eef3b8c582b8,3b5a99698a93348ccef3c46aea362799b1f8d70fe086b4d54dcdf14a49c1a116,9e6bde478a9543ec53f3195a5a88b416796f378a6dc6e9aba73f94dcaf702381
346,2,northeast_final_test_v1,camponotus-nearcticus,final_test,Camponotus nearcticus,146942,4d0b8d52-6d59-408c-9090-a4ab7c98557c,513076337,a272ffb2a633ffaf7b5108a1047e60f502982d501defa917613995f479cea4ad,81d2bbd8a13b199bd943b95bf1c637ffe7d0a31d337e4a831f819b3fdbc94a3d,9fd1c43fdd1bc0996f90fe037db1af2a37309ba9e4243dae8486a40ea319b7a6
347,2,northeast_final_test_v1,camponotus-novaeboracensis,final_test,Camponotus novaeboracensis,143252,f343b492-a06a-46a9-8542-015d6ae152f3,73134918,a33d27fa20430d5f142337492df459ccd8a0c514d81269378cdd9a57a4e52ce0,691945a245de0200f3d183ba0927e0543ce6f7b65ae67e570919c0f44d9bee47,9fefacebbf96725428e81b0ae65df58b691884e46dd5a35a4494372dfb587889
348,2,northeast_final_test_v1,lasius-interjectus,final_test,Lasius interjectus,222713,ef54fc61-d1d7-4dd3-8612-a7b2cd36a5f4,265250062,f0cc23a1e34924b9cdda7a1c7edd25392eb45fcaca88d759b35c6d8252b1d0ec,44edf59b91e0ffa82381e752ea53f0d21a3b94bf2b63811ec20afb43a087dfdd,9ff73c5b88658505d3309562de4f3f575af6826c2d03682865f691b4e56db280
349,2,northeast_final_test_v1,lasius-claviger,final_test,Lasius claviger,222712,c700822a-e2c5-48db-a6e3-a0216e6d625f,610572822,ccafda7083c18d35a3c61d6de23693269bb8400a0c44b9f8e0204cca433589f8,d6a7e1c0bddef1df2df660211a1fcf45a9a1243ded7e1899a5b5513df5d08b51,a0cee1e1ed52a9bacb95827f5c121de87efc6fedd5f1636957402569d74a69f1
350,2,northeast_expansion_v1,lasius-aphidicola,development,Lasius aphidicola,1032788,98ddebd4-0a1e-4cf7-a337-50434d6ed5c7,237991834,f8c3dee93b40265b9b5eb24806d65c1e8022ca4bf198b03ccf38848635021bee,02116e2c54a3c07b8af9a205aaecb97eef587a354b9f6c6f68c30de00eed910c,a1548214378f23a81165eacf823139d2545b34fba23c5e4f248b81da5b4013a2
351,2,northeast_expansion_v1,lasius-claviger,train,Lasius claviger,222712,b83f4e8c-0891-440f-89b9-f0f93e87086f,572986288,b4f18260259b8a97747f6b071182d97aca27219e624d9a523040f547ec61fb73,002ebb6a186de25ede1c72b375e3d5b209cca65dec1d7de3c57282b653f6b39e,a18922bf83e4742b660483bda83fa681c82e901f917c939d2de3a0965582cfa6
352,2,northeast_final_test_v1,lasius-claviger,final_test,Lasius claviger,222712,5fd84492-e263-4e9d-b233-de422ef9d1fe,440674679,f5ed3437e00ad4e8942ced54d85a63c3c3eab65e750d487783a2e8b2a80ca8c4,2bb5ffb5c026b95ff34be6ffb41cba23b346d483c885414be6fbc7570a8ca869,a36572372abd16b1d3450871bea76839ba9cb53d070e64572e3c0bba87fa72af
353,2,northeast_final_test_v1,lasius-aphidicola,final_test,Lasius aphidicola,1032788,8c01278a-87c6-480a-9b80-61a7e2c5817c,185731404,b2ab3a5f6edfb15ba5994b9e84a3b8b5c53be7a610f92c4daa7babf248de924d,23184c4a725fe685b3dce7ab8dcb12b5dcffbeb53c67db287451e4e2d5d19c70,a36dccb136d02b68d0e9429bc604c46ebde02a40b8f1c6183b754146f2748ed3
354,2,northeast_expansion_v1,lasius-americanus,train,Lasius americanus,966095,7fd84217-6ffc-49ec-a537-991a71d2faa4,510791630,344a11c9e13d64e278559881ef8efeeed79781ca8ecc4c7f64803ed006c1ce63,00969f84cdc76e07ca28b8896acdf08217d97c97adfd026beb70bcaa751a97b6,a3f1f06954255df9735c1707f0db3d5062f511c2ced70eb0efeda96309baadd9
355,2,northeast_final_test_v1,nylanderia-flavipes,final_test,Nylanderia flavipes,372712,2e4af2d9-9a90-4eef-bd13-0e8594eb02b1,333235766,2a42f2ffb7a77540b8be94080f77b2878c002a49eee6de247a4fa3aa06225fcd,8414615fc716a1eb3c24f9887724f4489d24eaaa2133409663deb31792bc739e,a45d4fbd9426ea6dba7b1817d9c57e8e62868207b6a57331d604a036414ed0c6
356,2,northeast_final_test_v1,temnothorax-curvispinosus,final_test,Temnothorax curvispinosus,232366,8a617a15-5677-4662-8c62-bb87c4e2b5ad,222661103,f45b253b8f2f2a669e287337e8c0c3c22e58e46ad74ed615c51d0d6d98cfb3a3,b2dbab32ba3b1cae8b290d9b7d6e35209fc204c6bcd848f6b874ef813e17e8e2,a46913ee70931ce63b04db046dd01fc7366dacc69b6ea0604e84cac6e355cfa2
357,2,northeast_expansion_v1,lasius-aphidicola,development,Lasius aphidicola,1032788,ecd746e8-56b9-41f7-9cc0-3a9e976eb4d6,487777604,0c6a92bd6ae6bb85ce4beb7f320328c8cbb23026e55211ef9fe16c388b71c815,190e5899d1d89065d11a52589007148226ea8dba1ac91c606705374576ab4be7,a48dbb61c68569d3c96cb8e9b9debf7837e1d862bb3f38d9a3a197ea3a9dea96
358,2,northeast_final_test_v1,lasius-interjectus,final_test,Lasius interjectus,222713,4d5b6270-4aac-4393-87ca-a9e2718c652d,342823936,91e36cc79365d82b67c8a7506cf9a24bd69134e575e4b2f67cb1ab25af42b44c,98394d73dcbc436e599deca33cb32e5b918ea627e78ec66be9b93b86b9b59547,a5fffa7dc93c38b46124890cfefe95c89cfb3e8e970ecf1001cd39d3768ebdc5
359,2,northeast_final_test_v1,lasius-claviger,final_test,Lasius claviger,222712,2a86df54-e1e5-43a4-9f29-090c962ca75d,161330238,36f91f69d23d7425f4f483b48690b9ff2a8079300ed167f60ab29180155a046c,62ff86eda80fa8bb9c1f05bbb3ef9e60e4417e66c6881492ac464458db094679,a64ee618be03b3c7a1afb2e4ba29ab3a7a4a4a678436343d5f42fa566c32dbaf
360,2,northeast_expansion_v1,formica-exsectoides,train,Formica exsectoides,133654,7d6509f9-559f-4062-9a53-3db041830b19,86684656,76bec2c7fa8689a227df517bd65ee45dac2d6b895225929702e263d882ed46bd,05e7b36dffd76dc28c7efc58dbb35aa0e89e5d31c4def52641a5df18cd7817aa,a76246d8ea3f2f383c8414a7c37ae42dc417f202269483d8b375592f8c460064
361,2,northeast_expansion_v1,aphaenogaster-rudis,train,Aphaenogaster rudis,213893,5c78dcfe-b1c8-4f63-b46f-a83c18756002,602085149,5c10ff2e42e0fb03c982740474b52610859fd144abbb4f797e41dafe221cf0b3,033c37ec9ec1bcee36f51e8f9a46017ae8ba126b7cbb35b34cdeefeb4826fc52,a76b2de0ead08997194619118bcf9dd3808d2877448bec1ec9477eaf560537fe
362,2,northeast_final_test_v1,ponera-pennsylvanica,final_test,Ponera pennsylvanica,203419,7620b125-dddc-4af1-942e-556ee372faa7,415912261,4f5b43ea314ea7f4c1cfe28a3ea11739ac590382f4085469a9b1d8cb597440a0,2807b557bd1035d5c67f2e377f516d0c881285a471f5bc73801a5418f7fa8d85,a7991cc2586c3d1b27016621483687dd8104e4b97c0ece438d0b636bdbe3f673
363,2,northeast_final_test_v1,ponera-pennsylvanica,final_test,Ponera pennsylvanica,203419,acfa9dcb-fbbf-4461-a2ed-31035362efb9,281479695,c0030ddd55e25c09d33a7af94838ae99171238b4a7c7cd71bca03524957fefb8,295ab669f3f6bc28a2f98568f18c8ff8bfb3589fd5a7b276474676e055b46aaf,a7def2e60bf15d4cab662a779e31705a1c71b49d5d7f7e85317b933945f8efca
364,2,northeast_final_test_v1,camponotus-subbarbatus,final_test,Camponotus subbarbatus,143505,3e6b7344-49f7-4b39-a951-56c01435c8f7,159194144,811c831d44714b26f91d042f0db63a798e3342ebe4b5e78851e2c1a8e18a3a80,0e640a025ff487eb3f4b158fd9169dd3cdf6bebefd0f13ffff830f93a0be21da,a7f9abcd14ee994057f27cedb2802eab2ae7a687688335da7f762a6c00e97cd9
365,2,northeast_final_test_v1,nylanderia-flavipes,final_test,Nylanderia flavipes,372712,8a03b930-be8e-41a7-9c5e-4e7810f0d656,333493283,8e0af75621d8a0157c0dd64d8ff08c8309462e20a64195de71d5d606a6cc25d4,6ddbc1364f88b5a9eaf0072cf3c1d04d452d4c497e69f9839d3cc0ad74638890,a8263ed6ee47675b1065869f8794597854c968cee47ccbea1ef487b6d57e1572
366,2,northeast_final_test_v1,ponera-pennsylvanica,final_test,Ponera pennsylvanica,203419,865e63bb-0907-4836-805b-d26e4de86045,233143567,28af72b3008dcef26c73089a03b1c5d359307bf8dd8b04dabf520c3dd694a6c3,07a33d123fca4beb19bcc9d88c44f44a79f5e7ccc31fe8a9fd2cfd184c830c94,a8699e871693ed9deb637149a066b6e1ae8885352cc3e17c698e9524254c2c25
367,2,northeast_final_test_v1,camponotus-subbarbatus,final_test,Camponotus subbarbatus,143505,e1221f1d-f54e-4d3a-8ee5-855eb8ee35d6,278651224,113d033984d662e630bc049ae3ce6843df73c32130e31cc637c31435a21f7215,64f12f99ab5d5aebbbc0be90d16fbbb7a08759c8be6fe21775c95f598453de16,a9980b1b1a27e6a6c40f0b901baee46f1ddcd4a2c89f612e4006d239a6c1417b
368,2,northeast_final_test_v1,temnothorax-curvispinosus,final_test,Temnothorax curvispinosus,232366,28ab32b7-158a-4849-a50f-28286be7ea87,678221306,10ab58bf759b4b91c5b729b6c09052e3e1ec1f2aace16efa878fe891b3b88cea,e4ed4884f58aae7e3c389009519e283ce94717a82d0ad40493b6d15256dfd22d,a9c5ebe0bf3bc62a0d9af8197298333245a285bf179f1a051b710a160738ef7b
369,2,northeast_final_test_v1,camponotus-nearcticus,final_test,Camponotus nearcticus,146942,ce8ef7af-d7e9-48c5-b1b5-1a74928bdc88,235156742,eb2461b5268f44f38bc269e37d5cece514e1664046a72781cbf837cfa94f5cbb,9c146d71db0a7276ad65c86037d4f1fbd5d912d6a2ffded963c0cd4b5e1f52f4,a9d8b3305dca7250c3824e3a94ea32a8400a6649cb5484aff2c36860a2862b1d
370,2,northeast_final_test_v1,camponotus-americanus,final_test,Camponotus americanus,215970,0df7e799-0819-438c-ae3b-4fc4be7eb03c,386215333,52fe2e6c11e14e016d2782358b7a825345b8690ba6338dde32ce434f10887a60,45dd03162e5476bc5f0d326f0012f5fffa2551e1b2f4f4fb558ea959553dce34,aa30ae013e7b43bf8f67d49b0b9bf9cf329c82430a3826b2f6ffdf81b7e73334
371,2,northeast_final_test_v1,lasius-emarginatus,final_test,Lasius emarginatus,341143,1d324a75-8ec7-4812-ba66-5738f3a40d32,224099367,726927488f3488e38205519f3cca3820995dfe0ae69b27d02fe6b291db47e259,c245eb294eb1386c63f70cf01eee7fef0cf0213df6959f60a3a07519724ffec7,aab8ce6c7725e8aa13ea7985724495adfdff94399ce6f0c6149ce8b222e4066e
372,2,northeast_final_test_v1,lasius-claviger,final_test,Lasius claviger,222712,5021d0d8-6364-4e8b-a0ba-5bef6ccd1d85,576088183,33a78948bf7a160cdc10b39594ce98cdecfdb49d1ad1ce6adc7abb5e6f219acd,f52cf9268a2f6ac960ad06bb0e73acd6fd5f51eec84346988d5dc3a63e5f15be,aadd3edeb99c2104e0da85418b09de3766666a7014b8bca34b91e68962e4959c
373,2,northeast_expansion_v1,camponotus-nearcticus,train,Camponotus nearcticus,146942,48ceffd8-4d3e-4378-92b5-4214179ef63c,190115492,7193423598ec6fae699a107dea636ad2c6006b49bca667731d8495b3e81e62b8,01de2a82d66f766993d1139af347d1667c781d8b922c158fda9d2c7ca86a1ed8,ab270465dd76c298279cd3777ab4312f3ca11821f5e229f6ac4a04d343988f91
374,2,northeast_final_test_v1,temnothorax-curvispinosus,final_test,Temnothorax curvispinosus,232366,583c086f-50f5-488d-ba76-44172e9670fb,303616445,bc372a7f5fc43c864eb1f95120af0afe3701b86ba81989e31b4e822a72abdb41,9f77d6c1bba058e491891686bd13e6a604607f9605b8692e67010fad36b0b41c,ab5b65852bae9a3ff093402cf2e19da3e78cf9391cf2fefef2ee0665ce9b4ec9
375,2,northeast_expansion_v1,lasius-aphidicola,train,Lasius aphidicola,1032788,b12212ce-c346-47bb-864f-a929f29948ce,157489781,a2012380aad793338477efae8c1bb7bd81d259753e1cb306d3022d80fe54c570,04d02d4331313f52b90a870de569a9060ecb5c96118bbf2803b9ddb4602c7eae,ac6933989d265759ae1318d1c50c5b4019ca970b8f583d3f83919c1fd07f41fc
376,2,northeast_final_test_v1,camponotus-americanus,final_test,Camponotus americanus,215970,4c41ab36-a3bd-4cb0-8bab-fe57223a7b70,662140722,f87b17d33e2fa685e3d9ce673557294f7949f2ef76ff1cb1ef1001bc05dbc143,aed602b0291df6dd1b965414589bbbf262512accd55fd11cbccc05228ddaf3ba,acbddd8d1ed82ab006639688fbdb9da034fdd9d21f98f03f64d98c07a6627993
377,2,northeast_final_test_v1,nylanderia-flavipes,final_test,Nylanderia flavipes,372712,16510e6f-83c2-416c-a72a-84b72ea74f3d,464776449,38ff619747666560cded360539f54638ee8bfa0036d54ca82f0bebac3e78aaee,d12f24032b564ef5562958dc49553bee33b4117ab94e14bb5e2655214333ea26,ad40f9129cdcf4ecf66c510c962e4e2e46caae20374831fa527e3368fa0db705
378,2,northeast_final_test_v1,temnothorax-curvispinosus,final_test,Temnothorax curvispinosus,232366,86eabcbd-79a3-4b12-b6be-2db4bd1a08f9,696108927,e7bc775818ff6db354cb2589a138f9d6b6e3b8d36ad6c319f2711296d8d4a324,5cca517bfe720db5048aecfc09272d82d911256d68d35a640ce4ed01d6294091,adcd7508259088d431a2195562c94182e622332ada2d33cac4c96a9542c10667
379,2,northeast_expansion_v1,lasius-claviger,train,Lasius claviger,222712,fec675c1-9b4c-406e-9001-addb3c3f455b,516225222,60542537b1741872fc546f0875a5da275576d889838333414e2fc4263eef1de1,00a653d578ccd5d2229784fd0f0cf97d5d2eadaed0cbc6b5316b29f6c22d1fb5,add5c28061f0857a63efe0f4adbe9fe5e279811d5721f7c1be620b9d2df322d4
380,2,northeast_final_test_v1,lasius-emarginatus,final_test,Lasius emarginatus,341143,7490f443-7b00-45f5-b7e8-a48a8d3e0c05,544274733,6bee9e43c0e0ad730b9dff84a74f6852a7fea9cb426d1af12824a2203cfb98eb,f6cfc70aa7ff79ad6ac278c5c24c4cccc37f2aac1174a6b67b64fd86d99407e3,adf61929767cc29936acfafbdb73f07bbd89abd97831e03c0a2afe9e213128e2
381,2,northeast_final_test_v1,nylanderia-flavipes,final_test,Nylanderia flavipes,372712,6b8ff67b-37d9-4897-bdfc-8034a3033d98,241529839,2fa8b770f5dae321bd7b4065368be023bf47622fa3be0e2a0034e01370681031,8072471ae683022fa684d61cfdb2156ab5271a79e413c7e200e3b2661a6c50d2,ae12a0443498bae02dbeb5872c7882a850918a2a3a3a2b27ccdb4de1cb5ce05a
382,2,northeast_final_test_v1,aphaenogaster-rudis,final_test,Aphaenogaster rudis,213893,38a18d1d-3659-43b8-beae-1d95b3ff38d7,294780932,50b55034e3531bb9dec630ec9d933b7b50cde842682664a5fa904bb755e9edd6,d92607958af8da4bccf6d0a3cffb24d02451831a1f2cb8db8d3ae69ba2fb0471,ae2549ee2100f88514610cb7ca2b3cb14f3d6c78f0f3377bb561d735124b9126
383,2,northeast_final_test_v1,lasius-americanus,final_test,Lasius americanus,966095,10f5a7fb-25ac-4796-a873-9b39cefd998c,136815047,16463a1daad046fbce8d8297c9890f005991eef137b16a55a5496a5d443fed0c,50ca781aea001c1b779129133afe637401dc28bbac0ff5c1962ad86a5ae5d049,ae340314d9c4275cc3e7bf0bd541695fc1564d9d8b338ed4ad84ae764ec90731
384,2,northeast_final_test_v1,lasius-americanus,final_test,Lasius americanus,966095,3ba46470-a154-451f-a395-8a7c0b51d302,120452845,931a9ed657fb41cc3922cfe40dc00c9a3abbc2b6308163c8b1e75d94a35a8e92,43f1c1a7d0b3182f5c2851a94991a046ae101b6db397227fe749e3fe586112ab,aeb0acbb0626fab2478fe880c3b6ccfe6fa5083f96d94891c0e724e38816ccc5
385,2,northeast_expansion_v1,aphaenogaster-rudis,development,Aphaenogaster rudis,213893,1904c947-ee93-4400-a082-1930139ffa0f,390545920,2da47c5c7b41656e79b3582b6a990d7790fcdc2f8c339ce0a31a90adf2d5f66b,1ab6e12916953ce455c8011fb7ae941041a79d83bae48e63900614b1a666a274,aed05e037ff3cc386892e26af5fb6d6c653672923919d5e4b1aa2e847768f9d4
386,2,northeast_final_test_v1,camponotus-subbarbatus,final_test,Camponotus subbarbatus,143505,2cc1c1ed-4ac0-4bd3-a59e-96a0c0e90631,266343911,c087d5366c6bca234bf1df33584bbae45ae1941c3da84339ae1269c354c3b070,3c3a3c2e8134b1d7361b6d8c5170c37503e59ec557419b112b6acbf5337f125c,af11a37089f1827435c9cea7e8a50817c49d3aa81beaea9d1f7d4f139fc5a1a7
387,2,northeast_final_test_v1,aphaenogaster-rudis,final_test,Aphaenogaster rudis,213893,08fb2534-ed5d-4150-8d0a-4bdd3b99404b,521561306,f7eaba7dfe2b868e82f2f66d9beaa18a30df579e1df33fe1f0cae2da941a7587,426c92790a4aadc27ae3ecd07304dd66f648f93093d3013ced3756efaa881921,b02647cace5d3949bbae492e1c6424e813b916e2cdf72d06aeb32a8836438be6
388,2,northeast_expansion_v1,camponotus-nearcticus,train,Camponotus nearcticus,146942,91663ad6-ee07-4acd-a13a-c252ce8b08da,271556332,e2a1cab7d53973ab7498e89612363fdd0cdd837f475c37aab06b80d75f63b9ee,00c06b927ab4bf0d5f91e5de23156e40a61ba71ad765706caedc6deb8582031c,b0a967b23d2d08ff90d8c6e4e34d2036cf2507295833fb1550c825218ba03542
389,2,northeast_final_test_v1,lasius-aphidicola,final_test,Lasius aphidicola,1032788,54b683a1-a466-4765-ae0a-542a0a010da1,712665892,5ebd6dd48f8feabe4298013d972e8c2f962fe4fb5d9c63cea5f8c329cdee5f57,2744d6cddd55fd6eb5f6060243dac4760e04287da92719bc721b1ba964bb2f93,b11a1b97704153eec1659781294c9da47a4606ba8c3c2bf9f3b1cabc57c09f23
390,2,northeast_expansion_v1,temnothorax-curvispinosus,train,Temnothorax curvispinosus,232366,792fba17-3835-41f2-b884-93c7454c0227,390967084,cb4f928962a4799a3bcb8dd8ea91e52e1dc1e3db7cfe68a7fbea110dcdacabc8,084a14852001a81809cdf7486d86d05710b77d138148daa82aa13db233885604,b1d726e6658ce39bd26847ed29b44500159c1c026d107bdeffedf172fdd1f325
391,2,northeast_final_test_v1,formica-exsectoides,final_test,Formica exsectoides,133654,fdcf9e13-30a3-4056-87f3-ef752181eeac,211269412,0f695334b13252f440eb41a1f2bfe0bff9c2e583c813d34384d1dc7c472accd7,3109093571990f1bb3204e5dbced7a761eb82907b92c388222b5c17ab7cf742f,b1f2122245e05bc06cf497ac7fc924e82d5c69f23d4cd40bbc17c02727e4a90b
392,2,northeast_final_test_v1,lasius-americanus,final_test,Lasius americanus,966095,905ec2b4-6ae8-41f0-a129-259f9a432264,415917392,6f41aa072456f18c42ba23df45bd8180809a43d735e0d4f8abe0ecb6cf6454e6,5267601c69bf37b4e6a633f545d657844db8748a7dc46ff8f67fa6a0e9c0d29a,b20a1b14812cd8522bd6b26f5ca0a9b228a07eb8b07292e037e0bc745d9622c7
393,2,northeast_expansion_v1,camponotus-nearcticus,development,Camponotus nearcticus,146942,32d27908-ba56-42ea-876f-83e17108d8c4,601000185,2eebfbd43ebdfa2b84aedd308aac5c72b1bdf07acad96a389d24a73c6ffac7fc,01b0fd58bc9ecf1516c8b74945fbc1abc8b308496979708467a20e79a50e5631,b255da6c377d8821778113240b5883207223620ac6b9b8a9999f2241fd8e4d53
394,2,northeast_final_test_v1,camponotus-nearcticus,final_test,Camponotus nearcticus,146942,a04117e0-e220-483e-85b7-d3bd9f810136,145472553,33a8dbf3399e21f95efbfb45e3570305c21c48185725dc2ede6cc14f0f7b03cb,f726ffe6db409f7ec5ac6407f5aafc6d690f26323d2d28e28b839b82aca7ea3f,b421dc79c7f4b464d345995dbee807d35e3b79d2bedda5d0ddf8935ae89b4e09
395,2,northeast_final_test_v1,lasius-americanus,final_test,Lasius americanus,966095,7029cdf0-a0ed-46b7-bb7f-6eaaaac0413e,207491008,5482bf974e00701fe29ab7e0e45b116feebb90988777f50f744c38fe27078078,a008ddbff882d4f4f48d4d2215920d6fb5c6e0560b9274eead8e5192ee86890d,b4290c8dfe70cd7062e30084e85406456f491049c34433d40074c3165bec7738
396,2,northeast_expansion_v1,temnothorax-curvispinosus,train,Temnothorax curvispinosus,232366,2c02705a-fed3-4d55-b2c6-780747708990,370156901,dd4f11bd57235652d03f9224d9e24d5e6733ee9820e68afb194ea81fe545eb18,04ee4733863b669e6a9357daada79e06d231c8f147658e225dec0f1cdc7105f6,b44ee2f5e3fbb87b66dc78307017ac4c1fd749d7fa9b7840353384f7171994f9
397,2,northeast_expansion_v1,camponotus-subbarbatus,development,Camponotus subbarbatus,143505,4f454bbe-b697-42b2-aa6b-a0993ff18f8e,684805313,913fafc28ac242009ccdfeabe7de1178609f82ab372fea313c1e82fea66de401,20db26606adbc32ff70a5e58a0b55ceeb00b03f1022d3784939fd5fb90dc6eae,b489f3794cc7d21fa1b90c8e6f3e95c6f271dbb1f00500345232b60d139a7f3c
398,2,northeast_final_test_v1,lasius-aphidicola,final_test,Lasius aphidicola,1032788,06ce0cb3-709e-48bf-8a8b-16eec393f818,573817807,160810157b4f9be1cc54b3d1d5d4a5ae321e881306ef93dda1718d177536e8cd,dd9010988b2ffe22cba5f2e92b7d38bcfe4cd1e5a80beb156c80e24e62ac5209,b5092e215ba054ef694422632aa0d6484cbcb3d962ecb3bab26036ec46ff3224
399,2,northeast_expansion_v1,formica-exsectoides,train,Formica exsectoides,133654,54177c70-d10f-47f3-a1db-cab7db3d47c4,69043580,81f4a7d5dbd283dc69fb3094a41d18176340f14912e00e5b8ea7064ba71f3f5e,038c93056734079d31a86f6ba9eb2b611f0cba1f284c0f6d8711208ab57d2f5f,b57acf367a4e9fa3c31b2de422b86620c42870f6065d59cb20327cc00bd458e3
400,2,northeast_expansion_v1,lasius-interjectus,train,Lasius interjectus,222713,fc117761-89a2-4b26-baf0-a65e27ede6f1,143683020,195c67c9c331804f785426515814a7f4688931d3e0e947e840007951b3e67883,070a966398786a7938f795b95a4360afb4d604765d5e228deacdd7f7d48ac402,b5b8aaebc3584afa6a8274cff24f5aaea5eae3a403f0b05ceae563a9bb968e46
401,2,northeast_final_test_v1,formica-exsectoides,final_test,Formica exsectoides,133654,4ee0970f-367a-4de2-a783-0482442a6207,752591,2ec9c03f6b36e218277fd2dfe5fececa98365f8996a4bc82e64bf3cbb5b2e1f7,33dd9efd49c7c8192a7ec021cfe855837d131ba36473692b2a7f294772e111cc,b5c977a408dda6a9fd2e639357651a67c368e55adff9138e1de156287e26cd4d
402,2,northeast_final_test_v1,formica-exsectoides,final_test,Formica exsectoides,133654,b1e0baff-5c1f-4489-bf53-594e9a268021,24680802,874864aafe8e9d90405e292a0e47bda5345e94bb0a2b636d40f869424214cce8,7996b8775ef2f967008a6aa578ddef03084a23585bea183269c0728d58ef308c,b6149068c83d58be6938b482d536dc88fdf928a412295ee99c22a5e91f6a88f2
403,2,northeast_final_test_v1,aphaenogaster-rudis,final_test,Aphaenogaster rudis,213893,cbb8a970-d7ce-4d86-9324-80e8460a2ee2,509833972,3a73d2edcb3fd878e1088a3868c7b6740666857fa881f744cfcedf64783dc271,6e03570f0d2abefcc459e70abd433745b7362df5405d9247e76fd249358a02b5,b6453c00273e3a834bcf6d497bece574459ec91a36e3bd11eb363d5f29a30865
404,2,northeast_final_test_v1,ponera-pennsylvanica,final_test,Ponera pennsylvanica,203419,5a3b600e-5993-4f1a-9888-680c5b701d1d,467414817,2fb022ff7debc897122249a266d926b16f108b47a71b1a27c90b38bbbb7af904,cee1ec5029bdb4514e4a497f0a703a0a61534ad71a7a87a5520ac007713799c1,b6688d991ce1f180c496de66c88b20bb9c2f325186a081da12264dae35a23c80
405,2,northeast_expansion_v1,formica-exsectoides,development,Formica exsectoides,133654,d38cd8e1-5f8c-4aae-9c5d-fea9eea0869b,83229051,a3559799fd6bde7937f920609a30c66b0f222f846db13e50aacd8d73bc0f8dde,31c9c5f2de37be8fc86442b24e0e280c3915491c9ae8accf120e5eda89bb1ce2,b692c81de01a1fc23d5c2925c56f7a9b2113aa7d3d0ccb3bbc846b27f7030863
406,2,northeast_expansion_v1,lasius-neoniger,train,Lasius neoniger,69311,c8830209-ff11-40c5-9375-8765de6ad43c,435885618,9411e8218ab20052211552987b65bb27e1fa3bacd5809d9bb81ad2c9a3584494,0447370109a81e35b4fee4792b51d2ef9d779133e7808302bcb76fd71f2ded38,b6ed5ed9ebfbc13739e34826347f762fba596e4414578f2b1459ded3d2937629
407,2,northeast_expansion_v1,lasius-aphidicola,train,Lasius aphidicola,1032788,9887daea-0a61-4f5a-8169-8c6ad7f14db8,182045595,2714124f84f60b5c68b8a2969015d8bc90afd08f18888531f52a3876c91d3882,021b03f847493c7763cc14fb1454e267033a0d8f3a94ca69203ea1d80b915a14,b72763f6b2c2ce811a341ad4dbfb79df7874ae1e739633b18e7697de7cbbce31
408,2,northeast_final_test_v1,ponera-pennsylvanica,final_test,Ponera pennsylvanica,203419,4cda6714-6ac0-4980-8846-b2f7da1d1578,2786565,515a3df8d4f63b800a7164268206e9055421c3c4aed8aad966ba24787d142cd8,e40a6e8bdd9bb40d23e2dcdf4423430020348c7f85b6d729f64bc431305d86e6,b739a0d5ccac3fe855d1b09bb496f016782e451950ba9ecdd0003beabcee5877
409,2,northeast_final_test_v1,camponotus-subbarbatus,final_test,Camponotus subbarbatus,143505,3512a0c8-fc0b-46b6-8453-2f036994f6ec,510054657,9b26aa0f613332bb3af94554e98cd7731cec05479e5fe3650dd8a050f4e0b887,0020db1401d88aeb645a1431dc3a9df98b3789826345bf5060e1bf44d170345b,b760ec555b27376f6f40a8fead5f92ff8f53ff92a7f3bc3438209d7780dd9142
410,2,northeast_final_test_v1,camponotus-novaeboracensis,final_test,Camponotus novaeboracensis,143252,3be54f07-209c-45d5-b7f7-4618f9300973,455903976,41c5d242e006ac57d43bf4e4c9d3ca914aa36d4619f7b72436c7001f2766c672,94d361c2a2cd7abe01322de9d80b34fcda98f4c3cacc7925289c2718d5bb0a8f,b8601a26965c66bc46a32a20b7d7b74e668b4571b5a97b9aee1ceb04ed79049a
411,2,northeast_final_test_v1,camponotus-nearcticus,final_test,Camponotus nearcticus,146942,e98a20ec-c5c0-4605-8211-5abc641b1951,593201413,24c5c8cb0c7f71b229b3ce1683c3a929ee27f8f3ef9eee38cc00e8cfa7f27d3b,0bb92969925d701dd49fc8b9af6674212a15496f9f97113a690b72fc5371e26f,b8730f0a9e724a9eda3acc407dac1f7cf5f78c26b2ebb44a397a216a30f855a0
412,2,northeast_expansion_v1,camponotus-nearcticus,train,Camponotus nearcticus,146942,8152de6b-c066-4bb5-9885-132fead906e2,185499851,cdf0813b50f695724ecd58cede65bbeff96ea273c3d3e77fd8e1ecb9daca8e8a,014ca35d8969e8be57266bf253fc24e47d98f434564076881d84c781b354c09e,b8acab71376679bf925ce3c55851f504826bd4c7461495d433cca925d7fb364e
413,2,northeast_final_test_v1,lasius-claviger,final_test,Lasius claviger,222712,9aa2558e-1402-4000-a86e-ed15903d470a,370514838,5c62022000355d55b3365d941d9eea33428c85668515ac6f7185210d19e25e9c,edca8cfd4851b1976264c3f276bdbc16123b213f559a1e075f594a51f6a768c7,b8af05d8c7d87324659e01393c95a645820743a8283809f8cd137cc92768ff79
414,2,northeast_final_test_v1,camponotus-subbarbatus,final_test,Camponotus subbarbatus,143505,923d3a42-bbef-4f07-927f-dd8116fd7061,283800953,215fe6492b7dccdc7714924500f9c5b07430ac82259ecc024b9d4e3afe73530b,36107efeb8d54f0d5c046ba1205c2245962210997c1240383e16d00e27c95724,b8b2d361b31df3067023a84c8ffb80ac159b81aecadd04b74ded032b877a6e76
415,2,northeast_final_test_v1,camponotus-subbarbatus,final_test,Camponotus subbarbatus,143505,8acaaba8-eea1-4103-b779-7bbdfb67bf0e,159240896,36944e3e66b7edad087e0d9c2d1c3ac63dca0534dbe47613dee31ae0c2ac693a,8d9e0a354a5ab1a45d2efa5d08578f48895ce3165bfcdc918a2f1b800a8dae8a,b907c0c6650fa7ff885e8a10e94b045cac4f4177f98f5b1be84683101b636650
416,2,northeast_final_test_v1,camponotus-subbarbatus,final_test,Camponotus subbarbatus,143505,bf509350-ca95-4601-b405-e9cccd2c3f83,384357255,52607ce4e181c0c0f00b02006a554495491496d9a91026a9aa43bb5a1a3362f0,a2ed5441324a93dced3de5b7014fc9465d11b5ebdd323a3dd7c19978c85e691f,b916e60de02d03379e2337057f4ee580c90c0abe50a724bf0a92786a64c95dd2
417,2,northeast_final_test_v1,lasius-interjectus,final_test,Lasius interjectus,222713,f99845d1-3979-4164-b76f-e5bd26466075,131921305,0eba02f3f7c80953da98d76cb35a356cc7d1f60855167bd39a2788dd11b7afa0,90557d3c8b4ba6766bfe73b006ce95c354e6b9984e19b639da8c3c9b53ec4e23,b934168273fe0ab76f6cf9e1d9831e0600ea86e847bbe1c17cbaa3096a9f901d
418,2,northeast_final_test_v1,lasius-emarginatus,final_test,Lasius emarginatus,341143,92813973-2db0-41ae-b972-2479b6de1f54,712752192,93ca225d40c5bef3bbfbfabe924bf48eacbabf4988539ba3f5456cc223c310f2,7e2ac230e4fca7db37e2c4dfb71a744ac2225c5a0c55cceb9eb0c9126b695a54,b95e109ef19d3c5c97e9d7b4a9db0220b3e75a2c60e972b0d3658d458fecbfbc
419,2,northeast_final_test_v1,lasius-claviger,final_test,Lasius claviger,222712,ce3e3539-c300-46d0-bbae-3c296c2d7a5d,29667262,6faac5e4742a21997f85092f08bed31f0c190ee8a19c720f1c88ef98328d9004,9d43db24c871879e23358f22982a07235ec47029943365bd5ee2b43828444991,b9ca134de9dda5e42660ee802caffab622f313aa4773d5d08b15f7ab90837560
420,2,northeast_final_test_v1,lasius-aphidicola,final_test,Lasius aphidicola,1032788,3fe45956-3599-4e95-9bcf-13ea7ef5774c,254126789,e683b3a8ea17776e02290efaa1ebcfbdae74446549cb7a4e73107ee206c05581,e338afd6934c10bf5c96455835df6394a93144cd57c9061e1caa5170fe4c1368,ba38e7ad28cd3993a91bb4d47b84e7904d9f3d77aff559e28cbc9bd2ee3e42ee
421,2,northeast_final_test_v1,camponotus-subbarbatus,final_test,Camponotus subbarbatus,143505,0e30a762-245e-4441-a25e-7f6089a1d968,207159937,871db34efb1b85c20798fd989c48df3cec8add16b7f0727e6dfae90354796853,7cbe59e9520f2acbe6fdb09a2777154450291e79b1f257ee919028e83bf35fea,bb6d9536a9baa0a94abac4675bda06c5f8711d07f784063ffb7e1bb81527cc53
422,2,northeast_final_test_v1,camponotus-nearcticus,final_test,Camponotus nearcticus,146942,f9a3d7f8-7767-41ff-97ca-d6c35341155b,332307284,f47cdcd288f2745429aa7e9930a6de05ff2955af408e862fd0f953dce4236251,1ebc8f9ca1f79ac6ff1c1906f75eecad76f76e5f4c17cccd256df333880133f9,bc3d4f321793f2c5d0af5f8de7c0f277e92223ef1526c8c232a384cfbf2877a0
423,2,northeast_expansion_v1,nylanderia-flavipes,development,Nylanderia flavipes,372712,696ea1ba-c7e0-4205-a119-7587c8d64653,178737015,c7f876e70f37a3a2a06eaa2e71b724451472d79ef271ac3668681cb72ad4fb1c,1b6a9c3787ce02b0fa4cd4edf3669dffa458660e74f6bae7fd44c2e6e4e98b7d,bc5d40188d5a983c489efa1ecbc6da64ff0f0779862e87da00d9b218b0b626bb
424,2,northeast_expansion_v1,camponotus-novaeboracensis,train,Camponotus novaeboracensis,143252,63ef807c-928c-499f-8103-c7a2e9bdf1b0,19941729,f123d41207f296e1aecacd911e65780b9a6c17ff4dbb2c786518d38b9fe2acf3,01bd89fa31eb5ccebf309b8eb093548768f89eb31989a01daec6cd94b73381a9,bc88288ab7af6645ac6da81aa60f5cc6cde632c04233f94e2acb66db7c581ea1
425,2,northeast_final_test_v1,camponotus-novaeboracensis,final_test,Camponotus novaeboracensis,143252,38ee911a-0173-4d60-8268-59cab21dd427,119874564,35df87386cf6c11fa9b4ecd4ef7f6a0ffa06d201aca26a10a7617193d4daab2c,621f29240c894a00d61f1d2001395fdda65b943597fdd6a1926ced082d805cb7,bce7a5b2d980d809487e9314f880873d9e4b25d3c6f836db7fad15964b1d5093
426,2,northeast_final_test_v1,formica-exsectoides,final_test,Formica exsectoides,133654,32d30c5b-4348-4679-a2c8-98bb75a13fcf,507970328,0bff8bf1249181de30e1f27453003fcb2f13d02a37b04916359877b694ad7167,e28ef30d6f42ca89adcfe7b95b995bd1a74743f53c2451dd1f9047e4a424e055,be3586a578b5702c1a772a31b612570cba4b9a4334ed48ec914e2e2b8c30fbf3
427,2,northeast_final_test_v1,temnothorax-curvispinosus,final_test,Temnothorax curvispinosus,232366,6cacd2c0-668e-41cc-bae5-837c0b6482b0,509261630,086fdf2b3249821fb7fcbfcf524ea9fe2ba0d161097758de88856292f484c692,2b7a2b5d09bed0f096d0e5347ad7fc2cc1a5eb248e2e718cf2807cb0213462ad,be6d03d02eefeb9fcf99d7a4e6da5a9de5588ed4877660b6c7263ae48df38f62
428,2,northeast_expansion_v1,ponera-pennsylvanica,development,Ponera pennsylvanica,203419,e48fa0bb-5add-48c8-90eb-ffc402152846,642097366,1292468563c12595f97e82385c840d88a8abd2b76953625bb8e60fc17f52dcbc,0d703977ac0de35f64185e9e97fd0103c282c7826b8086aa546fd8249db9abbf,bef70cf78141473f5db936050c06eafac041ac8718b8a7d26afed5100f964474
429,2,northeast_final_test_v1,nylanderia-flavipes,final_test,Nylanderia flavipes,372712,a9b36825-bb0b-4299-b6a7-04682c83c754,400437922,1f5695b63fe867f409cf3d8be998502ab34449abd62f4486e5432bbd84abe615,c74708871b8a937c5adc66d33a36c31066a5467b01ff39208ba14554f2c54574,bf8e0f9378004cf1842fa0d0a66cc0f5f62281856549b7fed69a889c81e425d1
430,2,northeast_final_test_v1,formica-exsectoides,final_test,Formica exsectoides,133654,7224f1f9-a390-4970-a20b-7315a22c2c6b,576551143,c630fb5f3515d3e870ae35a11f6f09af7b8663db36b50fcb4bcd06d9dd743fbd,89b54ed86fde1d009376b199b1e5f87107244e9c19b094835c7cc6f9100c5b55,bfea00115412b7a75b6e41228a294decade94a852bc98d5c26427bd44fb3de9b
431,2,northeast_final_test_v1,camponotus-novaeboracensis,final_test,Camponotus novaeboracensis,143252,f2620a1f-11ea-496d-b9e5-43867b013be2,686888425,ff45ea403273fea1acfa55a52fbfeb9c583d624988f3bc1e4b51a84263d90923,a3f84cceb73db501fe6df4e1b13d655b22e8f0dfd2ad4b56b0b2c9c50a725f6c,c1ac2496e608f796b8b76c475f45072953048c53f11bcd5a233b37441503041c
432,2,northeast_final_test_v1,formica-exsectoides,final_test,Formica exsectoides,133654,29d6e2ae-f1ee-4074-8637-ca0905cf6f6d,537587131,c59c02d177d16204d427c152a3be96b62e6a1f772548ba6a2140a91c9b7fee5d,dfbea47786127f1cab8c59b5cd64ae1c62347750c8cc82b8b2fd77df972023a3,c1ac41d5094f0ac55c7dbeafcf8a53b92bd1393e15f60e843f896df6ac799031
433,2,northeast_final_test_v1,lasius-aphidicola,final_test,Lasius aphidicola,1032788,0ca6e4fa-a63c-452a-8915-5fce80075094,440969621,85c77ea14f513fe10150f62992ffe7fdc47767bfe6182260bdee3baf4ba735b8,d8d3b753c68a31159bf697a0c54cf87f204d1347b2e8e650d42610cc5876145c,c316d2955ff64a612515fe4d14077454366ba468efb2f12e1985932b793ff37e
434,2,northeast_final_test_v1,lasius-aphidicola,final_test,Lasius aphidicola,1032788,96835f1d-3d99-4636-b605-555d9edb6eaa,396677557,177e7630b00930421f238383b32266996f773cb757fa88e74f76968d3f79d1ef,4870358cc310da221f77d4d402ec9e873941b93d9cfc01ffdb862b7cc8ab4284,c32087db381309c328aac2f6f924197320ca896a271294415a1f5cca5ccd5289
435,2,northeast_final_test_v1,formica-exsectoides,final_test,Formica exsectoides,133654,abfc2fc9-21e3-41d3-a04f-841552522379,100686664,4ef0627817c9a479c71925b2da524d538abff4687a00c8e9302175613026243d,d98107008da2271dbac78272df92aa65e01fb8ea9d0930eb054d967bb1263a1f,c3572114dedd8429673f9b73a60af406a0a219656e8efa7393a1e80f4bdf5844
436,2,northeast_final_test_v1,ponera-pennsylvanica,final_test,Ponera pennsylvanica,203419,eb2d8214-6f8e-43ef-b0ae-791b6184eec9,508711807,d84f5251d567f082ae9a20ddbe9d3549bb97ece431ce915e059060097c475db0,425ad096b7535bdf764c9d5bed320d0f29e016bfa0cc6a7f964f81b4c2f39851,c3774d04d3286405d290b03d0718e36ccd0d75ddb8fd39a185520d97715d2406
437,2,northeast_final_test_v1,camponotus-americanus,final_test,Camponotus americanus,215970,af2ef245-3f72-4806-97ff-671dd3276d82,35404613,c6d2a946051a5d3ef5aa5b57a9678dcf72647e28cedb1f890c8ae34d8e4ec46d,f9865e72b9b318d23fab6e9d85ed5fdbcb7cfb6bf1ddf21aac64962ee88b0823,c3fe11673f217ef56cbd8055d7e9b5198212c5e679fbee5f76e11957645ad2e6
438,2,northeast_final_test_v1,formica-exsectoides,final_test,Formica exsectoides,133654,0371c186-1a0c-48a8-9776-f4f8c803dbba,118185547,f44f9e3f4f5f02ec409097461c018be2ec8154ea3243d2a0e0c8773e6317350a,d10c550799683080cd9f61ecd261d96e067de155a242f0c40c2c9804619101a1,c400a597d049e8051ae4677c6017dd2ca692d24bc20e0b4e058e309705505fec
439,2,northeast_expansion_v1,camponotus-novaeboracensis,development,Camponotus novaeboracensis,143252,d7122d66-9fb3-4ccf-a52e-30d258215e8b,413699562,21051c8c37b791661f84ab50d3d376a9b2ce5c3369236ab8e6f97e6204808de7,06035c94ad2eb71f418dd5036376c69753d0eb7b59f19d1cc94c0ee35e6f7347,c49faecf91690a6c0da5230495339a7c7ca1809efd7db425b88d46595f293b93
440,2,northeast_expansion_v1,lasius-emarginatus,train,Lasius emarginatus,341143,d88f878b-9005-4f20-b849-da7adf9433e5,209904765,198c449b39273dc3096cdca32e2688b6fa8e50b722c1b905b0ae39d8f8f9c532,038c59e1316986e6700b36c8b8d181bdfaec7c1ccb76c2875b2d2a8f6376f834,c4bc0dc7c73d6cd6d11c96ba766cda02a2cddd4ed6926e32a2c632e097eee7c4
441,2,northeast_final_test_v1,lasius-interjectus,final_test,Lasius interjectus,222713,1c531d57-cc7e-4738-ad3e-47c433647688,394211277,32da7a18fb84bf0bed946c2da5d66d52eb25eb8d1025a9018b279302bdcb6816,ef004466e76a890bc8ad4d21464ddcc5170c657c2d57b9cb43c4c1728bed0fa5,c53f4f012b8594af5727895ef0aa6b8a88f126117d745dbecd662065d494509f
442,2,northeast_expansion_v1,lasius-neoniger,development,Lasius neoniger,69311,217d0d31-2449-40f1-9562-133ddeb4d2a5,565995284,4098f716cc772a1eece0cd8e027b6efc0cfd156d61f55e5c0c06931935c0870a,08a555e29cb9befdb2a2a87c0ce58834921f33da26dcc0fbf354cf15eb4a0212,c681a026c60dc879c44672c28992a3ec58cc0b8eafd3adab6962f6d9e56e78e0
443,2,northeast_final_test_v1,temnothorax-curvispinosus,final_test,Temnothorax curvispinosus,232366,be139056-f4c9-4ebf-bfc5-abe66f3bf74b,40267361,fdb63df2db1435496a10cb4abac55eb0c0c3ba7a03f788434c86395085699468,7bf9d20dc3fae75a78396a546e0f2d7ebf0ff23b279fd29d7c0783d1d2df7435,c6876d0a3362b5521c219c2be18a9ba104405d1c72871042db4658dec8045dc5
444,2,northeast_final_test_v1,camponotus-subbarbatus,final_test,Camponotus subbarbatus,143505,2acb8720-96bb-4865-a877-7827614d0963,505480979,a0aa0dedfc8bf40cda5d48d4886ce3566d65eb28b5412f7b39269312bef72ecd,f53e37bbdbc6c7bf61bcd771007aa07583cdbfab547dbde24cd37a9fb4dd3d53,c743b3ca3e75715478a245fb926d0a26e203867f4ee9a7e3b13d6a826cf01833
445,2,northeast_final_test_v1,lasius-emarginatus,final_test,Lasius emarginatus,341143,eda465f3-9b09-4677-b703-88e32e7d3268,79591525,4afe1ba93460ad7b5d597ca73c9a0e6e0ab094f3f54ebde9d1d93497f3ebdbda,feb9ea5f8d704c0fd14c1e2106bd37665784e3a2ab521c9ec9571dbcf9e6c027,c76dc21da3ade14151b27d61423cd1d0d74cdc32019d02d76b55273098567e14
446,2,northeast_expansion_v1,nylanderia-flavipes,development,Nylanderia flavipes,372712,e2ceff14-a18e-4287-9269-4188ffe37501,439791620,e890442c66a02af736c92217e07d0b815b745b199fecf267218bd99e2ea84712,0de9f6fc698ab87a5426f239f02ddec0afa6e80576ff288169f3ca78a55d16a0,c7d314e0df85e4badcec445a4c52d1a5a6f127ba5e6fb87fd15dd10517606fdc
447,2,northeast_final_test_v1,lasius-interjectus,final_test,Lasius interjectus,222713,fc2b902f-320d-46f7-9a7c-f35dad4d0a05,687576111,033eef33d1b2c889a6d8914c5b6487ecb35525a73ec5227811366fcfe896f6a0,74041ad680db9a15f7ff67fe229a22da8aa40a62d21d3f18379742fc0316caa0,c7f3cc5f0d8cd24dea9a2b8c782d0a234597b6f357dd350f81b99838029dc54d
448,2,northeast_final_test_v1,lasius-claviger,final_test,Lasius claviger,222712,6092671c-98f2-4792-b439-6aae17328785,370514701,3a984b8c351dd20b8759ff89b6c38a185132cb375cd57e7aeb6fd8665417536d,4810a25dbbbc6da8563d695173958f0b380ce6fa2f301797cd30cba50d2e9509,c8f5b2fd6e323909d232afded25a87b2929d61a346c4b129e685cd0bb6b90df5
449,2,northeast_final_test_v1,camponotus-americanus,final_test,Camponotus americanus,215970,5849f24b-0ed2-494b-bf6f-d3d827d5ed08,502114421,854f3f0d25012a661a087ca38cc6c5aba72b6003aa29601a75fa75db8a72104e,3b5ad5c266422f6e81119e504012ad4039b05590552ac1e4a95f3aa886b013b0,c91e61711191a464844f21f800546078741cd3a2513bae8783cbec9073e8d9dc
450,2,northeast_final_test_v1,nylanderia-flavipes,final_test,Nylanderia flavipes,372712,d8325fec-0bf9-449f-beb8-22ae493d2c93,487956998,a3932b2f7ffe3d4ca530830128bcd78d286668d217ccb294a1a4b8f28aa71f1c,dfbbfa9b1507ce565af4d00ed73048c57bbcac60ba4f298c9bde2979dce1e950,c9d45302f03ae8733c5eb7125b43aa2f140044c13891c225778b78ad4f22ef72
451,2,northeast_expansion_v1,aphaenogaster-rudis,train,Aphaenogaster rudis,213893,6ae60886-85c0-4d9b-aefe-ff1708655a9c,183900968,96958da0f06a75dcfdad58cabf1f28702ff678f09452775d8c732be10fd8d2db,07f1b85628d6eb46c931bd8e3a25c7d3678db606b4faa96515428f3b6e83004e,ca1446d7bd82c7ec507a9b5e398a3ee1c4d5b14e7c0e24c19bc68e0cfdd5ed9c
452,2,northeast_expansion_v1,formica-exsectoides,train,Formica exsectoides,133654,53473e41-6816-428b-a382-13150e9dce3b,422031753,64536387c0b1ec7b8878b61c2cb55d0ae9c49d36574e220f2a656b1f7bce1f80,036ca0fc1dcaea7a7ac92e0ccb64f4f65053c1774a08c18e2955f93f05bce464,cb2525084fc930f4d47d0b29d383290dcc95c00a932d830085520a38a51c23c2
453,2,northeast_expansion_v1,camponotus-americanus,development,Camponotus americanus,215970,e434b7ad-6be2-4c95-a7b9-5e53629cd7c8,560520209,2f30d3297f4ccae7a6c7a6d6d792697f03a24349b910f7c18fbcb0e9303864f3,09f5b6de4355d9ecf66f038e7cc279b5ae6330fe404b3d7093ff57650f062673,cb49c91707c546e5568018a6b2b46b315e3973f9e488f71beafec3b2a58f4e0b
454,2,northeast_expansion_v1,lasius-neoniger,train,Lasius neoniger,69311,710f68e1-2919-45fd-a04d-af3be52c3e1f,712308981,364032bf47e2e2f2bc2061bcbd0c35bd1c5e7fb3c57ee82d20d7a710fe2281ab,01060a075b6eaa71f86a75e3705c34d6e65c980221f10061d2867b40be24c152,cb4ab147d86102e62894d36a88715db548e762062f9f78a5d1116f603329ea17
455,2,northeast_expansion_v1,camponotus-americanus,development,Camponotus americanus,215970,df32d803-60ac-4473-9f82-66a697d34ac9,131129507,848170a651fb19c8043254a9f5747f428ce808ae8b9cd5c19fc916b6eb3a5a5b,138275a2f2405b7a9d78d800b048c7220e215bc672b8af2247b1e7e4aa39f37a,cb722909e2bfbba0e081ec0674bd14edf6f189feab45689aed311f4efb8e0f1f
456,2,northeast_final_test_v1,camponotus-americanus,final_test,Camponotus americanus,215970,56359087-bd7d-40db-943c-4010e9d8bc35,515774974,75316bab2f37b49deaa49a85d09f5517d7330b3d1212b2f43cf8dd54df5ec76b,4d551bb3d9f2a58a18e28371f7e19361a2b1eaab05ca0619fc5d9f728126afa8,cbdad7d17199a2b11ffd230b9ba4c0be69c7eaa4383151b3f2715a5bde118269
457,2,northeast_final_test_v1,formica-exsectoides,final_test,Formica exsectoides,133654,1a3dfe14-f42c-4f31-8050-38dedc9bc07c,265380749,0807166387771161fdefe3b53d79e51c9fd0ce4ef6308af3add50a108e1e981c,2f8b0a607edd230a571ab9a60e38f946f5a6c4a08c6f666200813e9d9ea1b4c7,cbdfd00510f05b6019a2acc28065a6ea7db2ff50135faf42783521803094737a
458,2,northeast_expansion_v1,nylanderia-flavipes,development,Nylanderia flavipes,372712,00ec5b48-3cce-4ae0-93af-599bea2d1c37,503482618,e5750b020af0924269466c46a7a6b3206b25c95da6efabf44f531ae5a2afebad,087e30f018838fa69babb5b086445a852753f69e72681de9c101849ccca923b1,cbee28f6ac2e5e40898a35227ba0fab006ade582fb1d69eeb790bc442f566990
459,2,northeast_final_test_v1,camponotus-subbarbatus,final_test,Camponotus subbarbatus,143505,d5663dde-c57e-4076-bfeb-300b5a6bffc7,226542968,562256d9da58085321b74e52fac01bd2d6348d281564371dfc5d5d14544cf1ba,e77d6dbd1b084df0837c2f3a195afd34d6a00b5cbc94833f498ac811bbfdb76c,cbf21c3cb5453f6bf97cbfdf2c8c68cfc430c5553be4cef1bb344819f5dc71fa
460,2,northeast_final_test_v1,ponera-pennsylvanica,final_test,Ponera pennsylvanica,203419,94af02be-d844-4ab3-ace2-ad94756a5b33,407273466,b397088de7fc5fe330113f9172bfb45096fb96d59c4ab4835a7c5da2839356ea,69884241804752b106233c4ab9b888c33246e21145c3f9bf619e128e272cf12f,cc27f824027ecb943ec0b7b39dc4061c143986739dd465082f8a12f801b14cbd
461,2,northeast_final_test_v1,lasius-interjectus,final_test,Lasius interjectus,222713,4282c093-8e70-4c4a-a7bd-5dcb448ef65c,511636321,ff0581f375d3a7309c6ea1da0e0e75c79e4fd4aa5f948abd46be46836c5698cf,088a1e2e38ebfd03097a4d3b785741a5ea45cf4472059d0dd62f3d37166930a0,cc85e80c066364e478b67ffdc8e9ee4952d2b74bd5c1e6a1034ff76dd6b979ee
462,2,northeast_expansion_v1,temnothorax-curvispinosus,train,Temnothorax curvispinosus,232366,38799437-0da3-466e-883f-52e2ac47a2eb,383681005,4d76ce9b309980da8f1b1ca474565b83c56c37536ff90f4385eeda0100f31669,0136342c9de9bd7d160e2b54cd47a76c0dd5d180e16d6cfe7ab897a7e5de2f01,ccc31b14c5ff0326e1e70eb3a111c8b48885e90fad5657f99af97406547cc727
463,2,northeast_final_test_v1,temnothorax-curvispinosus,final_test,Temnothorax curvispinosus,232366,32fbbbf1-e9d5-43d1-8e82-0ba306c024ea,44276992,71e93405bcc0ba1c307aecab26eaf8a5c4edf6f8e5271e2b6392f1c46968d006,9c09554f4480141b163ed9db4a94ba3349d18aab6961663d6505a704d20ffe23,cccf603b95dd1b57b5ea2b9bfe31d203db8d6c144172e0fdbdc7126b12942665
464,2,northeast_expansion_v1,lasius-emarginatus,train,Lasius emarginatus,341143,60bdb0ba-ae01-4b04-b909-a614535cb5b5,390039035,68da8092c9ddb9665fc03cd4873ac15567a9544f88e7ba823f5b581777eb7fd7,00af029de7710d69a21b5f80f48cfcf7ff8d8f382039b1c5731af6212001eede,ccd1d8343b8f77f175989342b8acba5c2c865199465dc57742f13ba4dcb71cd4
465,2,northeast_final_test_v1,camponotus-novaeboracensis,final_test,Camponotus novaeboracensis,143252,8eeff7be-17df-4ce2-bd78-fe9c6a12b4e2,72796569,5d88ce68cb293bff4f301ae3dd69eaf64504beca900549a243b4935826dfa58c,819e4bfda9f9dcd46a1f9ac659b29992f609b47de93e076ccb85024563d12f04,ce891d77df1e2e45636ed00cadca81ac8936d34e8aca7d1031b62558c9d51502
466,2,northeast_final_test_v1,camponotus-subbarbatus,final_test,Camponotus subbarbatus,143505,9861a0c7-dc75-4a88-b6f5-1e3c8c703acf,523448044,d616c5f2b7625e17ef61ea6d26b0ca66af3c34f74060d413aa63ec10ee2506ee,0ccbf2438409f879388be94bf496074ecad8a175b46b09e9c16ca223bbae8647,ce8df9530f5252ce6a29ce8eb4239c7b9ee49ea7999989a8b557f61c41ae5df8
467,2,northeast_final_test_v1,lasius-americanus,final_test,Lasius americanus,966095,78de2f8f-b749-417c-9862-c9261a3df075,494531665,78c784ccd483f335e2e3c27307ef651f9dcea34a3c296c62864ca009ca6bef83,8542b3a4f95a5054a54cc274e5b6afdf7b779517ea83ebf186d70a82c2210174,ce9108574afa0365db4b27f7133e08592ca4f7a0ed2e62872c17a36107a4b778
468,2,northeast_final_test_v1,camponotus-americanus,final_test,Camponotus americanus,215970,41dfbf61-7bed-46cc-aaa6-ed94b48796b4,717975315,167418885fbded31c36d30b099fc9476e624d42987610fc9265b2590f5fe6f58,fbe638aa46f53bb80437c71e5613e128d3dd283a5191c2441ec2dfb8fd1517fb,cf326a0de3b055f02aaa3089a5426b15d7232418d1d2f2bef8ec58c8f03e15ba
469,2,northeast_expansion_v1,nylanderia-flavipes,train,Nylanderia flavipes,372712,a41eb6bb-277f-47f0-b22c-52f4d0eeef8e,577667406,202426bdee50c8550b9ba0ee2687f64805a6c3e0a92162ab1d44238528a8eb1f,02c36c0cbabb31a7742c9bbf0598c54c6e60ecf1a5f4aac1796883425889c042,cf360f346290bbbe43d94e64be13694392e7345debff4b7f14f721d9e0a84ba2
470,2,northeast_final_test_v1,camponotus-novaeboracensis,final_test,Camponotus novaeboracensis,143252,74315212-12ea-4631-9218-ecc96316d80e,209051073,803830654afd7289ca55060d1f3947a7935c0d3e934c93459c09358b78f238ea,8203586671e04de4222745573cbb8056d4f0cbd26c52ffe57d4389f9e056986c,cfe87ef08dcf2d75c44d55e1da9407ac7605365717ed18ea0e9e8b92c9dd5cb0
471,2,northeast_final_test_v1,lasius-aphidicola,final_test,Lasius aphidicola,1032788,56255a6d-ab29-4502-a781-8561c809b1e2,576642148,83813d23534ab387e5ad42974a3a618c4ca0679b98105c3eebf2e2d7b0fae8bd,122d8bd315a8645cd7862acb0fa61ec1f1b71efaa2d72f5e534a639505f1d635,d04b59f85e2707b94ca8067c1395cb5302755910c1ea3c480ecd4eb3af196572
472,2,northeast_final_test_v1,formica-exsectoides,final_test,Formica exsectoides,133654,f2e031c7-d1b9-4da7-b624-2c06e3b2c083,296742441,7e9731cb7ce022ecc0038b8ec6a45ec52b630a3ebb7024f228dbc006f9015d5e,94e60a9c8738cc7962620b3dfe557f6e72af1fe443abf7ee75a9be628b40e3c6,d06f9652917f255573da3206d53e43df2d6444639de1d9aa2f14ac3d06a97c07
473,2,northeast_final_test_v1,formica-exsectoides,final_test,Formica exsectoides,133654,90c4d480-c5f0-404c-ac5a-f1ed4aa3c1ab,155701057,01f5dc6758838297be7f675134acefc7af339211781a8647b9e0ffdf916f13f8,85f1d738444848ff0dbc9c68ed9d91155ea01b651cdbb3d6c0196cb712d9463a,d0a3ccb6e18d39f877923f57c130920772a82ef46dd5b852f51471206a6abe0e
474,2,northeast_final_test_v1,ponera-pennsylvanica,final_test,Ponera pennsylvanica,203419,572aac23-8d4e-448a-b47f-ab0c2d886ca7,114030421,449ef49e3a62a53ff1dea30823be7e179a6c47056c87fce84e65335da6a8ae55,5c9c75959502af063abe7e7e0b65b19e709e3702081038de14092d1b5930cdae,d127c9d994c0a4e2164dae6b1235b1207185b32dd355a6b13968004f86ff3712
475,2,northeast_expansion_v1,lasius-interjectus,development,Lasius interjectus,222713,6aa6440e-135c-4009-af91-bb8dd8ea10f0,686561360,ab928ea1d256cb7c1257c970a35ce558930352ebba98a4ace15cf103f6779ca9,0195492945ecd63ba210fbee3e01c50e5b7f1920de62bcaedc07e5ce8674a5c4,d190e44bd9d80ceaa2019e576206fed4920425debe38dc0319dd82cc76d67e9c
476,2,northeast_final_test_v1,nylanderia-flavipes,final_test,Nylanderia flavipes,372712,a235222c-5b36-4751-ad9c-66cd0a912b67,570706712,0f97d79b36e61232d06d9914573652d9b5ad6955c6a5aafa79322bd50cfd67a3,032084acc67432a6a2401c8ee0c7d5105aa7d449480ac6a45c48e284925e9673,d1e1cbd535bdecd2f8800d18d09821bf6201f889d730d2ab3ccb9fbf42469a9b
477,2,northeast_final_test_v1,lasius-claviger,final_test,Lasius claviger,222712,f8046b14-2169-48b7-abc4-102f5de2fe9b,343704435,56846238b888d1a7f19c1892e7fbb2c43fdfc4338e1e0852e6abfba7a95c2b51,a1f3b720ab9d4abf2dd005b01c11365f02901fe3c0ab405077bab13cf112a0b1,d215b3ef15e6f501f44c730daea218d888d15231f27d90031a8438e7e1d53058
478,2,northeast_expansion_v1,lasius-emarginatus,train,Lasius emarginatus,341143,7d63af1c-5f47-46db-b01f-5b5337059106,393795101,b368060c05f77a589703a28e14e863be23827eff9274cdba677d7a73195cc680,05ab99e99b8049b871097db8831200f3f23d988b145a91c9e4989177f63e0ff1,d23fcb780e2ba8ce746b0cd0c8d4b9a9518e70251bab895995fc8c81214e680e
479,2,northeast_final_test_v1,lasius-interjectus,final_test,Lasius interjectus,222713,ced30547-7b6e-403f-9988-9a9ae99d8325,389781921,34e210a4cb0deda5212707adcb06d2a90ac2fe6731fbd0f5fb6eb35406958b04,43538438d842289e658678b7f4ca325ba20a28fe4afe3aec5e51a19f5c6693be,d258b1dfafa0ae9eea11dfe927df466050f94b8436c0bac5fcd619e51a315d90
480,2,northeast_final_test_v1,lasius-claviger,final_test,Lasius claviger,222712,afa87e5e-9845-464d-a46a-5e9439ea96f8,573905752,f5b282128d175048e64eab74f598494f78fb5f257116d63ab23d455eb326ac99,50ea9e9be1d8e741a207782f4a28307627ae3f69fb0f7e79a8341b5e23ab27d2,d2655e925d25a4798de32df895ff49045a74a2e4b77392a1cffa9576abc7e742
481,2,northeast_expansion_v1,lasius-claviger,development,Lasius claviger,222712,0433dbd6-eabd-447c-bfd8-ef3612681916,331082976,5668064ea1fda2798cd34149842cb04fc3cb49f0a2704b5f758713f77509cc47,08d174df5d46589b3e13acfafd40f85d1b1e9f29594ed41b7a14c6a1e5d4301b,d27feda164d3dca7e7d4d4387ef82e5f110acb7b6e2c33e39de5114dc659687d
482,2,northeast_final_test_v1,camponotus-americanus,final_test,Camponotus americanus,215970,21c320da-bec2-47e5-ba1d-78349b3d0c87,143743758,1e94e7797ca81a42a5b67a7e6999f9b7583af0bd4d15c8572b12aea9dbb550b1,8a851e18aacd47d04d8f4c4677d61f0b78d7d0ff633ee1e9750234debe014105,d292c34dc134c1ab6c6a95ff3cb67e07b33ac4596bf9817efed8490b55c0fd98
483,2,northeast_final_test_v1,lasius-emarginatus,final_test,Lasius emarginatus,341143,a672ff7f-5452-4e5d-b941-df60518b2759,20038970,aedb2374f015268a1a0f267e66f9c99b10bb787903b02870a2233411d8c08807,587875f36bcbfa41584f3160092180fc4acbecc828119bea8ad93f9204bec41e,d2a9c2ea2140e67d8cec5e542efd59ae0a64798b1ec1b2667c36371915823a88
484,2,northeast_expansion_v1,lasius-americanus,development,Lasius americanus,966095,78bbadf5-bee5-45b7-8ebe-527a81ed4649,496334202,2f59f2b2b736ec4d22d941cddeaf7df4fceacda31731632d892e7b72bc1b9381,01953f02c06f46196b43cd2a006e753477f54e139e413ced1f84ce81c49f5a6e,d2b953fe4ab5f0ef098de5612c6b67998669ac924f20ea15bfa3a36aeb96fd9c
485,2,northeast_expansion_v1,ponera-pennsylvanica,train,Ponera pennsylvanica,203419,775d68db-b8f3-49ef-9cd7-a755abd2ccc2,36917827,7a041e0e77a0e6c509a9bccae642f5a7be052dbd1e19ebf8da375f85b49be833,0025ef0047e81940171090cc6f633f193ce2c98cd47aa98d3b6c1c711e095cde,d307f88e3865b9d06d55e3f25dfb5023817f89eed29246ac1fdc0cb10fe271ad
486,2,northeast_final_test_v1,lasius-claviger,final_test,Lasius claviger,222712,c63d66ee-7b4a-46b8-942f-11d4946d5c58,173663208,04018a90dacbabd4d6dcbe33ea577eac92d6ea52a7e8a64db3bc0e4360755df4,b1edbe3a3b8008be25fc7261f318ae514f83cddbd3e11c8be211a7ec5cc999fa,d3550ead0ab9deba0ed880d449805ae7336755226c2660aba89158f42ca9e034
487,2,northeast_final_test_v1,lasius-aphidicola,final_test,Lasius aphidicola,1032788,42fad0de-55c6-4871-aaa4-afed8eb77201,158835757,5a410623f924edfed33e37c4e5d5f74211b313a0b06c1a4e2ac998edeb324f63,18e84a1e4efa15e88f3743fee1b77033e5e443bdc8260e95f83056f465d87ef2,d36749fa29edfae1dae89b77b49b42f502383091554751e294edbab5685e115e
488,2,northeast_final_test_v1,formica-exsectoides,final_test,Formica exsectoides,133654,7a882c15-f3f5-435c-a388-31f83b087ce3,225044047,78ac10caf200d81159c3acb0bbc7586433d995bf073cf5d64bdb43cfa70cc405,c8753786eaab4b66b9056501b8295021cb13b42a6b8fe65832bba7c0d78e2b8b,d3911b93cbc93b2b2c1eee0862ee10a93a44e69ba92c7dca4167f9df6bd1e854
489,2,northeast_final_test_v1,aphaenogaster-rudis,final_test,Aphaenogaster rudis,213893,0b678757-5f1d-4e5e-b10a-61ee553717f9,431373494,42a230816dffb1fd1dcc65b4664cf6c2378587c370a9e203c61e47e3f6a9778b,4e7c23a9a4c17e4a38b587add38a1cab058cc681abeb789130b4bfdd0b84b16d,d3ab37b14c26d27e236b107b7bd1fbdd4dafecdabda9c8e111b0916a263be8da
490,2,northeast_final_test_v1,camponotus-nearcticus,final_test,Camponotus nearcticus,146942,3eb07471-3696-43fd-8c6a-8bb7385835bf,530874766,bdbff79052c59b06b0ecc6f9c38bcbcd4d7a2962b237704cd901bdd26a143001,bfd0c7c2899088f343977ac20628c484d31866933f3c8aeaa3d052bd9ddfc4d3,d409bf28b24491a0bd0ed8fd7c9881ed07b1ee71b16b3233395219193be7c878
491,2,northeast_final_test_v1,lasius-claviger,final_test,Lasius claviger,222712,85b76b43-f848-457f-92c4-60b0ca2e217b,249847994,863c81493789ca2ebb7ff2e142aba9cf1b368a7c0c2dd9e943d54286d979f4c5,2c3e6e303bc884370fc707fd74b118723db80ff7912f483eaaad5b72b439a676,d4253fe86b57620e592f68952f90f7e17614e45a81877c5db4d3c082a640ecce
492,2,northeast_expansion_v1,lasius-neoniger,train,Lasius neoniger,69311,68c5aaf1-db1c-45f9-bd2d-cd5ca4e3a6b7,292408256,360c7dd82f10682922116c817261ae4a476659602f8b1e2eb5d01e7598d80d0a,010e32fb518ea70884abb8c5febf942e1383d8e7f6cc508c6fc92789c2a88408,d5ad5b53de041bef5d9a308ba3adcb5314826d598e05bf1b2e3591962e686727
493,2,northeast_final_test_v1,lasius-emarginatus,final_test,Lasius emarginatus,341143,fe0251ac-8886-4eb3-b7c4-f1ebc081909b,206876003,3463898ce975e12a6453e0ed14867476f1144e6f9c493ebf7210426af83e9af5,b4265f9703ffa95bdc010079b564d140d349129f7af69bd25b615f7837d8b749,d681e7859bfd6ae640324e798d5f189e46437c148d139af6bc30c52a77967807
494,2,northeast_final_test_v1,lasius-interjectus,final_test,Lasius interjectus,222713,7ee4794f-ff1d-402b-9fbb-c0a06eccaafa,686194611,257305d109dd068dcf770cc795fb66c0d899c4ee3010292b4c98b80fb2d1ad94,91ac5149a009c02377b267afaaf7567d21c22491cd9e8d8f01f8ea81aa9e5279,d6af33b9b2639587041d7bfcb01ab5ed1046c54cf8ef2a9555fa721560d6a822
495,2,northeast_expansion_v1,camponotus-americanus,train,Camponotus americanus,215970,4c9df35b-bd9c-42cd-93f6-145acdbe1f3f,673350544,fea59d8aacdca3adaad06a62e5cdb25a6c03ae692006f1e5a7f697fc2698d8a1,0679874fd66e963daf8f4df795f03ad49452d5d20b5e4d5657aa8a2c5dd816b9,d6affc140c4d2a7c3df21f0e1fd43965f6b5c2274be1e89c4c4139c9373196c2
496,2,northeast_final_test_v1,camponotus-nearcticus,final_test,Camponotus nearcticus,146942,4651726d-8f9c-4214-8692-3030eaee0515,506267226,85aaa7b8c2f6d0e87e555af0048a185581a3a8fb367a8515b71eee02cbf229d0,113b773230115ed0db93ffbd120616b2d80a358c36723692f7dc7712a02c38ea,d6bc90b7f8797db76f547589242483b95b2d49a0b92cfd5688b3e2ce69f84197
497,2,northeast_expansion_v1,ponera-pennsylvanica,development,Ponera pennsylvanica,203419,46bae98d-7b65-4b1e-ba7d-6350710ca389,72673404,11ac6bc73065046536c6ca18323201f11920df50750f31c4561090361492315c,12a19d32df8bfba11e6825f76298b4f90ca0c1ebad108a49531c031a16b6fe21,d816f8b40eef257ad457d74e70524e229b52348a7e5af2ccc1c8c9fe1524c2c5
498,2,northeast_final_test_v1,temnothorax-curvispinosus,final_test,Temnothorax curvispinosus,232366,1714811f-331a-487e-b203-995a6ba33891,306905835,521aa37b9d5229789f537c559c8e5718aed39bf93aa49cb3e184929b2f40b013,6b02fd86d4e40f1faed47732cebe35351ee8cfdc191e915ca87e484e16c523da,d8f0f500c30b4b608791087b8997c302e83add3ba0da1e1d5bb56ab4dcd11b71
499,2,northeast_final_test_v1,camponotus-americanus,final_test,Camponotus americanus,215970,19abb183-68e1-4a87-991d-0ceb96dabd97,327994944,df1096217cafc6c9c27a0a4778fb50bf6b3c7e5d8b7e68f87601699f3ac59492,9eabcb8627c0cc4c154fdb2ea020fb42187392bc6a1d312d6e54e86ab3ec4e60,d8f4a8190d34772428d0a597ee55b0f823c3dcb164d25702408a5df7a7d14846
500,2,northeast_final_test_v1,ponera-pennsylvanica,final_test,Ponera pennsylvanica,203419,f7cff886-f5a9-45f2-a1a9-b74f186f9d8b,25706563,e283d5d62d4cf1e89df7742de0c08121cb7114857cbebfac97a48b03d813c8c2,d38c0cdfb63a2eb08066e5826f8f91131ea44f89f94f4e741ee7a08a9c6f1cbb,d92edd7fbf45683e7984c474d649a70b70615247b693042657eecc3efd57266f
501,2,northeast_final_test_v1,temnothorax-curvispinosus,final_test,Temnothorax curvispinosus,232366,8e974b40-742d-4a9f-ae80-dba7d0a15671,696490981,6296fbc25ade3c0acbd8192bb14299ee53610bf2937b0a39102d47084565993e,f8465a58478601487d9ac5509c9967cc576d3205d7927277fc3d33102bfed459,d9337a5860113e6b9010e31985f5dca8e8b1ce5f0c1c093a2dcc4d0d97ad6239
502,2,northeast_expansion_v1,lasius-neoniger,development,Lasius neoniger,69311,f43b490c-28f8-4cd2-8282-a2dc065b18a0,31188910,73ef41705c080505a82a4095f34875d22db878a60c1d46cdc505201122b7d205,0001decd85c1333be3c42d0e35280d129e9afc2f5a77aafd5270bf5df8a988dd,d96d09ba063d5010179cee7ad9d6f93f872c4676c01dfe3f0eff096d63e19560
503,2,northeast_final_test_v1,ponera-pennsylvanica,final_test,Ponera pennsylvanica,203419,174f7fce-2f8c-42ee-8ba0-ee118f0aa236,452473486,667ea3423b09dc825958b302dc9ca67706e47e77ec7fa8927fe9784cacfb6fd6,52bbf3a6dadba8a4d58b9169ea74c70f6e7cfe9d3a035512d48d87adca6d5c2d,da391a2569e22213883d820ae1b1266917213c09853601dcac9a2260e432e8ed
504,2,northeast_final_test_v1,temnothorax-curvispinosus,final_test,Temnothorax curvispinosus,232366,8d232689-cd68-40d9-875c-7d7953227bc4,264374306,b6eb3405bd4dd955de9f50ca245e04b5863311be1cfcecac30775c903c48b32f,0e430b0d26428a983eac03b9f65adade8c54e45e3157763af80daf0cea6fdf17,da45d96d071cd8955a71cb9157fc57283645935c333a2b75f0001659d5796d76
505,2,northeast_final_test_v1,camponotus-americanus,final_test,Camponotus americanus,215970,14b27ebd-dbf0-4b05-8a83-bb39fc3b67c0,195409053,fecdf7eb8b7971276fa20e25dfeb029b4f17b96739a916e89dc465ced206ac65,79ed95c10bf85851b287f8fcc2e32bf1930ae1acaecd808a829d1c2883c460bd,daee73d72c4f7cb5a9a929dec61c0d085be059d0a6ccdad7333f5b3e318218e0
506,2,northeast_expansion_v1,lasius-claviger,train,Lasius claviger,222712,b86669b6-8308-4e3f-a507-28b5a05dc2d3,455696266,9305162577feb3f101cc1d99323b61b116c6ca4a34a583ad72a1a3d57520f48b,0176426616d3c3a563dcf078bcde925d6d02a15310806e8fcb3d5fe9cc7f5218,dbb96ff334f1bfe08b0b3e00658c2c86bf79da812874714bc8ac5f1225e8e87c
507,2,northeast_final_test_v1,camponotus-novaeboracensis,final_test,Camponotus novaeboracensis,143252,678398d5-6d91-400d-91a9-b8c7f5d4271e,157125789,026fddb80ce93207be4bb576aae4ad0b7465ec151dca437ecb52a8fa577a5d98,9f39e9c8464af6076175ea98f83203dc91d90456c49bf6e7e33e0001b913e778,dc268272cb72622c0cb4c435be803bde14af3043bf72deabc2a550528c9f5aac
508,2,northeast_final_test_v1,nylanderia-flavipes,final_test,Nylanderia flavipes,372712,3b008978-5e73-47a9-a866-2594aa991244,87644503,72b23cf33204d7685fadffda21ae84b2715ded38ca1e05d118c0245c918fd7b7,e4afddbdc14bbafbcaab14c9d785d5d42ab953b1a55d17b87cc506f28b30d51d,dc5fc4178257cf89f6cc9e20d7c88eeefe2007062400793923f48359884fee18
509,2,northeast_final_test_v1,nylanderia-flavipes,final_test,Nylanderia flavipes,372712,a7c33e3c-d713-4087-8d90-a34b75aa677c,329453632,fb52e9c2aea73ab72afb882e4037c96d10ab93f0279bf7f73862c2c072b3f751,adf1302d58410980167cac9724c88639ad6cb6770020ce45256e67319bffc32b,dced0c46ad91b0056b8faa5910aad4c07a58216717b8c72f21f4718b1dc52d7e
510,2,northeast_final_test_v1,temnothorax-curvispinosus,final_test,Temnothorax curvispinosus,232366,b21c8e44-896e-477f-a732-061fe6a90e94,277519426,da61a67284d17045648100c53f519aae4c51cdb80682640e3b94ca730d8092ca,1d183b7c2542e355f7c1c86a84f3189b9042892c6be94e88fd5a6e5b1c91af86,dcf3f6496b05698071585a9717f13dd063a5b7dfd9d0f4e2e2590ad4ecb4b220
511,2,northeast_final_test_v1,camponotus-novaeboracensis,final_test,Camponotus novaeboracensis,143252,b33ea1da-82d1-43c9-903b-3074d8c0861c,88059219,01a847965f3f5828519f970cfa6037d7d3d5608a22f13780535acf0b32e1fdb3,191f516d59d4d0edc7a4bd892961f121cb925be44d7c79c8c98adab0ee340a76,dda8067b7cdf2ab70806941bc153a83c1763261b7d3d93e7bb6de699005e87ef
512,2,northeast_expansion_v1,camponotus-novaeboracensis,development,Camponotus novaeboracensis,143252,93aa6421-34b7-49af-b896-b10bd36e975a,303314620,04b27bde50dc2994a59b1ee04394d2b234cd93ba28de144e89876458ed15a5cf,0f1a9a4a05b45080c074d3b2769978ae88f9237981ba48261926d98d69bc8022,ddf0e340447c64b20f43fbfe2cb53354f2e077de5ae347e20c82994e10255a4b
513,2,northeast_expansion_v1,lasius-emarginatus,development,Lasius emarginatus,341143,ddd83df1-2edc-4da0-a2de-0034fba98933,221862587,8d4b57ac0cad9e889d04d6aaad83f94d7df9074b9950ef04fbb13982733e41d8,06ac9e963586a8d85dc5a3d4859b7e5ca66fcc45981d7dabe132ffc1b387052e,de6a01dce725ae6d65cf9d5e81b6a02d4615ed289dba49219e2a1e9e283c1bba
514,2,northeast_final_test_v1,lasius-claviger,final_test,Lasius claviger,222712,b63cd232-ca63-4c68-85f3-0d00d3b68303,235556008,e076c38e1bb7c09c5223bb7096669494c3295be33b747d6f7610b96969ce4d3a,e84a5bb40c8f8e5fb03380de54293bfc9941a59630770ba3d2f4b9e341e506b1,df506cd820c108a2cb7b3427350aeb694554e6e541fb7e283b146a192ab81cc2
515,2,northeast_final_test_v1,temnothorax-curvispinosus,final_test,Temnothorax curvispinosus,232366,0f11f078-1e0e-4f37-ac97-61517151ca09,493009464,781cd2edf3dba54da09c5139dbcc3310f9641002c1a3a7ae23b907748c9b4c10,72fc5004b4a04879f4a8d377b31b03eb8d21d17fd8bf4bce4a55bce127bf457e,df94a934cc5a732c871caab4acd03915b02dff301c1517587bdc13bd88b7caf0
516,2,northeast_expansion_v1,lasius-emarginatus,development,Lasius emarginatus,341143,8bcac10c-793f-4430-bea1-56ee319e99eb,659108751,e267518a561f808d39b9fa8859be25dc5ae101f3118a78d51d9687ea35a2368a,0f411f298ea0004743645a95cd4d59ccd16c9c65b40a1758a2401875a1e30b8a,dfecf1599378def79fcef06f8df43775726e28b7a8a16652bcdb72549ec1ca4c
517,2,northeast_expansion_v1,camponotus-subbarbatus,development,Camponotus subbarbatus,143505,37b44cd7-cbb5-4f6f-b877-714317cd9e39,202492537,80792ece3b7934cac3000b04b4f6efc120d97c3c936943318af586fad3484184,210e1dcffdc4673596a338e8f2cbb3b4d40a05f11755010f740b0e3350f5e3dc,e021c2a8df200a08a6863a190e47a654a8d41524e6bdd5b85ae5207cc20e03cb
518,2,northeast_final_test_v1,lasius-neoniger,final_test,Lasius neoniger,69311,ab7fd6d3-dcf8-41e5-81bd-ae19d6f15884,435532047,06e7e9d0292206ebed9539704f7e202c1e0e620dbbccbe6f2e495bd41f3b9a76,f39b834e5757ca240a1b1385ef5529a448c710ccd985570117472c3508f00dc3,e0992a1359dd9973136f91e858677796b1bfb357e3176ede86dd76ddbd08a929
519,2,northeast_final_test_v1,lasius-claviger,final_test,Lasius claviger,222712,15890fa1-3c1f-4ca0-9171-aca8ef09b1c5,603452749,345e37b1a33d74549435b446a31efe45567c2eee5afffb5efbaa21e480da1856,cc9eec0203db926d158ef0bf33c9c2072393ae8bf8c5e140c79ebb80b3d1436c,e1c56f75c76c827c1834a84997a3eff562cf8437500d4488e43d2110e5036f89
520,2,northeast_expansion_v1,aphaenogaster-rudis,development,Aphaenogaster rudis,213893,1279611c-e262-4c95-9176-2621f0351c27,282305676,4bd6f909810a6ba53861245d5abd7ebfb55022739868236731b42e2798bc490d,010b0f960d176c92d6264e902a1cb2bc70d08a0dda623c06c586104a16b88d5f,e1d2900ac11b2afaecd3250456a3718ebeacdab54c9c756ac99c158267877aea
521,2,northeast_final_test_v1,aphaenogaster-rudis,final_test,Aphaenogaster rudis,213893,018934d5-9dc8-4741-a154-2d8f198639ed,281337906,8eda04dc0f20f4072f9bb8f6b4a353317bceaa3c67081c215d0a1cdc7cf8c2e9,669ac66030e5bf240cac4e9a778db8e3eac9f489ddd35de2e567e9b5649c7d51,e22ad56c6bf8ee0c2eae83379e0afa31238f6b3917361dd6fabbba86302f97bd
522,2,northeast_final_test_v1,lasius-emarginatus,final_test,Lasius emarginatus,341143,697422ba-e554-479d-bbc7-92a770dcb8b5,87194972,6177e8e85304a1b36da130d1c3faca01334dc5dbc8c9b38a602f043eceaa98ac,f6362bd3fc3a224546c313eebeeb113e4c59d28d2afa41e6e67690c63d42cfa0,e251807621ec4b6ee44772d8648ef2ebc372c7fa2af68ef9016110fd13b12767
523,2,northeast_final_test_v1,lasius-americanus,final_test,Lasius americanus,966095,fad83825-d22f-4600-a9b2-ee73a560ba08,379899253,7957885847a20fc39a30c30ce4419639006582f80209f6006db6af78f3994800,d619cf2564cb616c83b12faf0f92ad973ad337794347679a812e49425f93155c,e272c9ab573c953b77c86f4c1703cb33e83180190143bf63203f79cddd3773de
524,2,northeast_final_test_v1,temnothorax-curvispinosus,final_test,Temnothorax curvispinosus,232366,ffcacf43-2b18-48e8-94c3-3fcededcb282,407187883,1ff94eefc4f9797a0061a5b4728e4e17a516816615227a5e1c66388abf4bf38c,a0c05e2cbd4c8cddc507ddf1997dbeb0aeb2782801b3a14b1f5cfceb49b403a6,e280d923c6b4c8af5b528be961f18f2430f5e2d3a1ad8630adfcc9bc0c78c7a1
525,2,northeast_final_test_v1,lasius-americanus,final_test,Lasius americanus,966095,7270b1c7-2073-4a7e-8d85-ade80db73af8,416702856,7e0ad217ab2f9eca77761e0cbcf9183d587a931aaa7cd46d93e7964c18198e67,25612a40b3a94add4c4c7af858c08520ff6fe69cecbd9885e278ac5d6e139f8b,e304cad9e4f7b74f290ef72c19eb7c9ef73080eb0d9a80edff17cd793dbcbbc5
526,2,northeast_final_test_v1,lasius-neoniger,final_test,Lasius neoniger,69311,036c77ad-6b2e-4602-8999-8358b92c32ae,528317686,8fe910389dd0a237680d3cc7ccb98427727df33aefeb2d94c4c1b6d150da3e9a,e558010b8bdcd47af455f0e1673f4c3cefa941b87449177c5a5da653c3771adb,e363ed72fc12bb901dd97cc28c04e265f873a0bfa04df503f9636b979f1fa6ae
527,2,northeast_final_test_v1,lasius-emarginatus,final_test,Lasius emarginatus,341143,3f156c2c-ac3c-4715-be91-2842c7c7c61e,667135750,7639b2c2009357eab81d3708b835413db1714d4fb6f0ede9266a70a7907dd5c4,e7c5d5823a1520a5597940cbb9889243ec26d65f6c3ed9008538fc3d4b59bf7b,e4082e03707277b0a9612f3a99c9c61da1caee28423af772f96352d3e95a8412
528,2,northeast_final_test_v1,camponotus-novaeboracensis,final_test,Camponotus novaeboracensis,143252,dd70d9e7-2e0b-43ea-bdc0-f798a76060c9,673443700,7029d0919846371a6f8a12fe8e09dbf5238833bdd85b4d9727196eb989949198,24a476aec8cb4167d612bfcca1c6f2ecc4b5e89536b77b1da3ca38524f761dd6,e438a9e6b20bc0074521c88db613dfcc40681b12f5a85ac19e4ec37dfd881379
529,2,northeast_final_test_v1,camponotus-americanus,final_test,Camponotus americanus,215970,a19423df-e587-4578-b612-8184256dc7b3,396733689,411e3518649f5de822fb931318689f3c5ed1b2affe1d8ebe44f4e827f9574b9f,5b6cb5d47624fab4aa82763820acf50a123b6495cc35be51d531f8cd379fc540,e467682d4a48892ea0ec88321e02b0bf4bb9f802dc43a10e8a38cfb8c78239bc
530,2,northeast_expansion_v1,formica-exsectoides,development,Formica exsectoides,133654,f1c01528-6001-4c80-ac51-b563fbe71976,499963885,4afd4def2f83c6bb44669878aa1588cc955db8b8f2c0685d870f370e5022972a,1c84ce93aec340b15f3c3544d5ba7b4322708d82eafb7695aafbe3907b8d34bc,e506d994bbda5bac0002f8515f866425d798a84b9e524504c8aaf505697ca80f
531,2,northeast_final_test_v1,ponera-pennsylvanica,final_test,Ponera pennsylvanica,203419,d486f2fc-c329-4a01-a2ba-e4124d13bfc2,503396738,ab48c9c6fac32a31921da59a16f70ca198178f205034da693f449d546ebc1c90,b7f0d6bf75215af933d66bec62fe6e15d121c47f7635b746408bb559e3d51131,e535247c8a902c4bfc8eeb471182935fb4a5a0cdc939157ee49a479ad8f39848
532,2,northeast_expansion_v1,camponotus-americanus,train,Camponotus americanus,215970,5d50d574-6013-40b2-8292-d24f0582c56f,721393153,9af532c1e65d6ecc211eefbd5802ea3093c4728857c212c586aa662208e6198e,05168b68fbf22c2f8ab7e71c7aa374a2fb56be8e0e7ab85077c3c1a285ff5774,e5a5b310ae704bab9a049e3149a76cca3f75a54d72b20c9836ce3df15456a9ce
533,2,northeast_final_test_v1,lasius-aphidicola,final_test,Lasius aphidicola,1032788,f8fed556-50fe-4b48-a9ac-ed139f0498f2,577357147,d312ae9e54ed6b63c89d91a9e9b03809539fb511ea22b8ce9df7dd7a431b4b04,91cd3dce3ee49e230dd416c8b96de7f65e56a08e56492a608aa17793cb9840e6,e5b36eb826691af8d4177b81a8fbd6e688faac0de443ddf5ca2d551053bd965c
534,2,northeast_final_test_v1,nylanderia-flavipes,final_test,Nylanderia flavipes,372712,c9c68715-4dca-417e-8408-797c31b0c9a3,56054954,59009aed799b82fdf74710e62f4e507c133d51550fdf30ceb4aea40fc31c4537,0f6ab50b2ca7317fd5903105f70da92f0facbdc6239929a28ad9599279a0932b,e5c67596729673cfd5e435da55a1be0f88801dc4cfcc828a058df1204c2afd30
535,2,northeast_final_test_v1,camponotus-americanus,final_test,Camponotus americanus,215970,d15d7a3a-1822-4163-8079-6b00c9f8b5cc,556180366,fee27259b72a107463fee9a4f24873bd7cd6395d713a15c250f803732b19bb6c,9a7612ad0263d7d757f9deb2617b15cad9c352f5f614ff782a4bb6b7582dc811,e61987066835b3e410f5d3ee4e7a0221d25d15a2a24ed6e1353109883acc0b82
536,2,northeast_final_test_v1,camponotus-nearcticus,final_test,Camponotus nearcticus,146942,2b2a3f77-961a-42e3-878e-88c53d43a3ff,38262801,b6ce951c6ebed9fe2bbce8b7bd6f1bf4058630284f9597524bc7786d85da7d76,c403ddfc253306a86d26d0e57918aae0659f751c9275441f92bb9ad0e4d51eca,e760c7585a2a30f12e4bc36e04db8cd6fed242fb0fda2e7398d177974928ddb9
537,2,northeast_final_test_v1,aphaenogaster-rudis,final_test,Aphaenogaster rudis,213893,2626988d-3135-4f34-b6fd-0afd8d2aa429,474611785,b8dc473bde0ed360f78227a1eb42735504c22a9bd59112b1476cbe92f16a1be5,40782edfd89b2070d23527cbd3fa2fbcdf3f85024051e8bbe47f2fc59b246e94,e797794802f3893cbbb925c4ae275ed61e5d47fcd6eff7675a85fc1688b57aad
538,2,northeast_final_test_v1,lasius-aphidicola,final_test,Lasius aphidicola,1032788,cf512e53-58dd-4652-9fdf-ba39f4bc76f3,326700254,be659a31224712868fe2e7aa4a1553313499408a97013cb5cbc23362e4b9ae03,3c0a2c6c07a77a8845833c60e3b148d2fbcb2c53a8ba5ede5e101c5430379641,e824c0b1deee3a8a8652a566dde711f236c2b23f9bf71f781f7e3e3b4011c44c
539,2,northeast_final_test_v1,camponotus-nearcticus,final_test,Camponotus nearcticus,146942,da4b1707-3d70-412a-a855-1de718e609f9,188201545,b147e7588236de2b752c8a9e40e4ab0ec4146a179848142c318d2240568bade5,75ce4f6ca24bc106cbfab58d4950acc297366f64d490daabdad17b7c5e07f444,e83128ed16457851142036c2c6020adb8ca4a150ffd599caac6e376d2d36263f
540,2,northeast_final_test_v1,nylanderia-flavipes,final_test,Nylanderia flavipes,372712,8422b329-1a00-490d-a52b-c9e180eaf1d8,434412066,e0d265ca63fd9bd647a71383cfe645e9ee84874d6da65ccaa08aa6b411bf54b2,c8c6d0fe1409c4c1eb2cf7e4e319aed0d4d5572caa823325bcbfb0e1ae83f632,e894b6ee9a3fd3b781e8fecca62ce75de7708a6092e3d66821e2c7e8096cc57e
541,2,northeast_final_test_v1,ponera-pennsylvanica,final_test,Ponera pennsylvanica,203419,5199cb87-90d9-4805-808a-94ea507b1290,471858367,9864838da749eee8f7c2fb16e4710da67c899e494e6a1a490dfafb08c48e2226,a469bad0cba4e9ab48821f7c8b5e9fb590ec00f0ac5c45bedbb8ba5f6623c771,e8d49ed3c2a453ef029b5faa7a8c864c38c5ec79750358a72e5f7d4655ee7e76
542,2,northeast_expansion_v1,nylanderia-flavipes,train,Nylanderia flavipes,372712,6b28c775-bced-48a1-8f70-48d04fd8b4ca,475835076,0567f2b4ab66973ebcbe92868dd82a4d358c96d93f3e5fa98096075eb1d256d7,00f04d71f74640f6ad0404c0d70686b5b5510b09a0dcea93d27a9641c14be81b,e8d9872d87619220b6982e0ac54e655d4dd91f23325bf5516dc17673222c7fb3
543,2,northeast_final_test_v1,formica-exsectoides,final_test,Formica exsectoides,133654,cf1eef34-dc0b-4d92-a5c4-b03a643a24eb,213415835,d8863dd4615465ef4357968e6665fe1b5feb037eb10b2a9315f02765ef9207d6,8b9fb57d79be5e339c2062bfba2f3e09f6263555c792af9092627d73e92e89ee,e98ca0c3c4886467fff33fe6f84fd2483f45142f206c93990b5b46a867c80c17
544,2,northeast_final_test_v1,lasius-neoniger,final_test,Lasius neoniger,69311,1d5e3c25-67a4-43cb-8406-438606302375,91721917,3f915ac11af83ed1e20a883e52175f3a16ab2e504c1c31f199468edf760cc931,eb06ec2ec8d50fa360a6c26802b9d9b6b90e4a43688a9b2e1078ed22831bb540,e9d58d9492d40a11fbfb84bf3917399bfb5abfe40a5ec1100bdfccc7ce063ad9
545,2,northeast_final_test_v1,lasius-americanus,final_test,Lasius americanus,966095,8b69b229-5826-4872-90d9-fc5e9e172156,233231842,ad24c917bd0cab22e666900b4c729eac9a93cbf4d5d9c8b75a1802493a85a0b9,7560038675f47843ae43d08476d5983ee59c03a30a3ac72ac408a43331d6b708,ea496e5e74998dd921e69868c0a2c94051a9b0a5c6d5728c5d2ba937fe4b8c21
546,2,northeast_final_test_v1,lasius-americanus,final_test,Lasius americanus,966095,45710233-137a-4c2a-9217-dde38497ce7b,217799459,3603d1374092982bf8646a2678dac0ec430bdec47aa31ee1365e8312a9276521,64ce53c1c59e5c1e08117ef6621cb4372029838373c59254c7de07d163dc574f,eaa7451e96bf09002c9da05c515794d84aebba2e9d06a7f1ef8e3b8dde7ba68f
547,2,northeast_final_test_v1,nylanderia-flavipes,final_test,Nylanderia flavipes,372712,8afd2c64-87ab-4e57-847a-f8e9e7967a82,387444053,7e74c28edada1e06c7da94cde48529da839d79ccda4b889d27e1f0caf39d65c8,46d00f42e35f6ef60ac8b2cf722ee374dab691cf1b6a6bad5793b5a018c0df07,eb275ae98cc997e4a545c8e9089aff5538c1794eda8457a1929be4a88b701f50
548,2,northeast_final_test_v1,camponotus-americanus,final_test,Camponotus americanus,215970,04a839f3-e2f8-4ff7-9e37-dce24d1ded26,5015043,2e4ecdbe2bfda126cccac5c21209bbcd0dc42cd9ec7bdf3676c9e19b23459d4a,c277d9e78fce0af1196544da73262f01160869cf022393eec9e7a3174305da97,ec40cb1135aa81b13904d42b7c99fb3f96e094bd9ea6ce161eab9ea9797b6d3d
549,2,northeast_final_test_v1,camponotus-subbarbatus,final_test,Camponotus subbarbatus,143505,034c2f16-2199-490a-bce2-b505b395a261,594572293,c844d0d0d0b9504e3b70ca88da068424a766f701dd6917b72183f29ebb4014fb,4c5badcdfe0b07c8b080e79f08efeb15ed8e8fefc844329ae72a2c491be0a165,ec67562d69cf76704620e8a45e8835b7366c55c7aabbdbf3526bbea05224d42c
550,2,northeast_final_test_v1,camponotus-subbarbatus,final_test,Camponotus subbarbatus,143505,654895c1-b83c-4696-b3da-b9f4df22d5d0,278852747,49b778ad7964b4e9239c4876cbfa7b64eb00fc30c25aee00d28878259bb7a9c8,ffa75831a2aa11917c71448266ee5fd718b9eeec82fa8687414c03b75bc86ccf,ed1ff8fd1f684d047fd44cd772de072246d77ab4d0ebd979beebb73a495d28f6
551,2,northeast_final_test_v1,lasius-americanus,final_test,Lasius americanus,966095,854b29b7-fba0-4426-bbf2-d97163788219,515259327,0898378aca670c7afc3f0e137e97b581f89a3ae61dadf0ccf65976d411d6e855,835c7987e6aaabc69457387fa81c1d40d416e4d74be4334fad7220446da72d50,ed23b83d2ac3ad92237b5c5ba45b388e171f4bf6521fc84c358ffbc65d4a3f44
552,2,northeast_final_test_v1,aphaenogaster-rudis,final_test,Aphaenogaster rudis,213893,599307a9-d76f-4b98-92ee-2e61fd04ebd9,409425106,87b247712e11e2dedb7ed8cc47b81fc67ac20d5ed9e5b683feb3824d4d8df674,15e741891086ba046ea538717367bc727918cdc64e85534ae034dd849d7784b2,ed8078a28d408609c319a15f61a7e47f87e3c3ae3bc4c10d0aaf4e75730aeabf
553,2,northeast_final_test_v1,lasius-aphidicola,final_test,Lasius aphidicola,1032788,5a8a0343-cec9-4bc6-860e-9f1344c153cc,365530257,3955aa37224a2cc199ac4168181f4ad5dca73bc2bf7885e61e4aea3758893d9e,f196f10e5ab1605394ae8468a84888af4d236c7136aec05a8dbe67693b79d85b,eec8226064d0d7d062b9ba8e2ec4a7d11a19cdc50fc6f9d1575fcf05e05a57b3
554,2,northeast_final_test_v1,lasius-interjectus,final_test,Lasius interjectus,222713,4b0c0590-712f-4bea-adff-87bdb4695f37,209927965,0a95337f183d31c563044386a57122b771e1603b5aed3803c4db0b924506e08f,e3f7a4a3037580ce13eceeb7b841cf5f9cbc25cc4db0be304e86cf4f696251ec,eeff2ed3e22d5da0d0925965c51a1d2ed1448a8b48cb6e48b40cacee0577dcef
555,2,northeast_expansion_v1,camponotus-americanus,development,Camponotus americanus,215970,8e283f2b-42d9-4563-918b-94f4472c3f6b,711733420,7ee8ba2ed9a4ab885629e15325f689e68e8d2207761549f1d7f33416a04dc48d,1782e544221bb39648bdf6bf29a2a5605a586e9391c7260c93f232f385efb55a,ef1ab22c8c28e15d3a19a261cc3938d9435d4dfaed66a839cd5aa6d79070dab4
556,2,northeast_final_test_v1,formica-exsectoides,final_test,Formica exsectoides,133654,ba369452-4a13-46e4-9b25-a2b66c2f4975,494467842,9ccf79fa45679f74e6a30c35b6f0ef15a7cd36822e826f8277781b18f069ed3c,361194007462efeda253e82d5b8370ec000c136f65c0e7a8c79f9479ae73d2e3,efa1a2b0ceb027dc625f23f7aba567899b422777d27d854b6b9283f9f23758c8
557,2,northeast_expansion_v1,temnothorax-curvispinosus,development,Temnothorax curvispinosus,232366,ce112d94-d824-4cfd-9896-81d0ec402372,260566647,94271dd3dc929abc88a81af67d2d0d2231760d6aab2f1ef7660d5d3acf1be08d,02bdc2135a1b8570dc9015b00eaa07aac65150e5b64aae42b62f1f22c7948bf2,efa9289660d575da8c0b4eaa4c0755ee9e450fa47dfc7b480aa4d121111170a8
558,2,northeast_final_test_v1,lasius-aphidicola,final_test,Lasius aphidicola,1032788,b9b38eec-417d-4e7f-ac65-b3c27a9e6584,400972988,b20b076ed1d296456b8a24813343fc230b0a5de356d3e8a9c556336ede0f8091,5ba1a1ea8a714748c77205ae637430f348be6a05163776fde2cfaffdba1fc088,f12745642d2f0e256ef97dcfbefd611dc73cf2d63ac287dbb36c304ed9cca3be
559,2,northeast_expansion_v1,camponotus-subbarbatus,development,Camponotus subbarbatus,143505,5a99266f-8a74-45f5-8257-86e92aeeb3bb,432480331,aade7b379b7de4a3f7206d39acddf460c6ea9d6c0aea8f2a88783f49501f6194,2653f25c6c53753707e85a2beb9f104bade413b340b5cde96adaf3734a4bc638,f18f8853dc4a336cd296576ae10e050f56c3b79858a6563cc6176696ddae19c8
560,2,northeast_final_test_v1,formica-exsectoides,final_test,Formica exsectoides,133654,72539a99-857a-4c88-942b-ec29c07a8b93,206734815,dc8d8db2e1d7deff21c5807f11d4a0b4f4cdb25adb68aecf14b94e602a0d66c3,41a755830f17a05768bf7a09d712e7d927dbb8b19a121f3a1faf93bc2dc59e73,f1aa3c01b35d037818994688df7519969f7ad40c99bb8460074d8db56b0f35dc
561,2,northeast_final_test_v1,camponotus-nearcticus,final_test,Camponotus nearcticus,146942,90d9d382-7a83-43dc-b626-192631795d5c,301993560,3d49e335ded705f633b3c7d9f572910ac6c251c53833e92dc4c52751927536cb,d3bc40bb307fa3643ab4692b43f2a1c52031b6cc2438b5068d3e53b5ad4d69b9,f1ab91972061a527f6ad034f5ec4c1a059d8c23dbe52601a815800c8a34a5038
562,2,northeast_final_test_v1,formica-exsectoides,final_test,Formica exsectoides,133654,b8a03dfb-7d8b-4d5e-ad01-e75839ae2c33,76156122,b97884393fa02d7c5faf2abd43bdc283c5a65edfad7bf45016622764baef3346,be4ca971ddf3e1a5ca20abc3626a19e2a9d19321797863d47e2951718d8b04ae,f1caac92fbbf8b78b687772e74337b103b31f620caeaf9160e5456e0a6d69153
563,2,northeast_final_test_v1,lasius-interjectus,final_test,Lasius interjectus,222713,bbaa0b3b-2c30-4c6d-b268-cd0fb527ceae,402256209,fd2c3f6450d6a3a297065ce21164f6313f14aa79e9117a385864eec81daa33ad,4089857e8c549c8dadbe5fb9ba97937e27efc416886518b4c4cf90f65083d9c2,f204896c742358c809092e5c534977fb2245e4140836bdd4cac1ef1a654bed62
564,2,northeast_final_test_v1,aphaenogaster-rudis,final_test,Aphaenogaster rudis,213893,798a7ed0-7837-462a-8e7c-90a11c307b21,717008918,6b15b05b6a38802655deec8b0004614691a3b3dad53938f5ce6c9d010ebb8ab4,5a89760d6571902705d5f5a191b69fdde9de8ac87f3b718946a8e7dc249a2515,f216a42366df2c3194fbab5d0cfad304f656edd5ede7229b017f0a15d6c666d0
565,2,northeast_final_test_v1,ponera-pennsylvanica,final_test,Ponera pennsylvanica,203419,eb8e8abd-9a69-49d7-82a1-d9af475964a9,631369997,119f4e137ce2afcde6f38b7ea0aabed1097a6eed4dd435f8c2b90bda28849b8a,ccb9d338e4d17998db606db063e0ec0a55c43e156845aed86041a7ac4c334470,f25b30cabc3ccfbe340416b0bcd93e780fc3a0a4ed42898002ff80712e858fef
566,2,northeast_final_test_v1,aphaenogaster-rudis,final_test,Aphaenogaster rudis,213893,849593d1-a031-4286-978c-ac6fb0b10921,361959697,673c17b7a5694f0e2469b711ca10364125383aad9ab0060e70c9ecf9a7efc41b,7f7795e2488d3e66009b932810516bb317d0c15a6083d2c4af1234273d161956,f29d427c2cd403a9b667ee6e9a0a2f05d1a31d39b20f172454661e679c7db6c0
567,2,northeast_expansion_v1,camponotus-nearcticus,development,Camponotus nearcticus,146942,e1854734-26e9-4108-91a9-a5e7ccd6369b,525767643,a61493ec94a18cf583ff47b3d13210fce83969c7827a761995e3bd9d7109d24d,12bc43e2d11d51c03d153874e411be0eacda3b9001f017aed084c0dfca0cdf40,f2aad4a5eea1498017602079458760bd85cbd46155ea9c25e45bfc8af96d682f
568,2,northeast_expansion_v1,aphaenogaster-rudis,development,Aphaenogaster rudis,213893,a70b5680-60da-4463-b684-dc5334218a7c,294833887,2b49460067d78865edfc263430b7e59d2864f2d0ea8dab1ca4b3317fb6e5fb28,0d418c601cb959ab22dc92b66f1d1d7dcb4e405615038279721624234f3626b2,f33992106785cd39528f99c8b278b5ee33bd7228ea9fd9d99d77b180b4080c42
569,2,northeast_final_test_v1,lasius-emarginatus,final_test,Lasius emarginatus,341143,337d9149-141d-48a3-bdc5-189615706e6e,374606367,56f686ee0ca6a250a6da14158f46673732c5283c47cbf4b64e3322a735ab91fa,f9087667cbd7317f3cf2d14341288878e25884628a68c784dc91741625ab35ec,f41898348ceab011219ee9df91960b702a9403118d210b3de8a85e22f257d166
570,2,northeast_final_test_v1,lasius-interjectus,final_test,Lasius interjectus,222713,ef0835b5-ae7b-49c5-b24b-39112f4f2911,324542825,98743a712d7ad1577c164612410fbde77c8ede1b67e924e9c3d5311d3c19ba00,347df14654021be1aaf9b2c920c5067243083844126a166c59de7e5b487960ee,f45e66539af58db57be8f8cc6f9cff23d46e519670b0eeb137e77efec1a8a877
571,2,northeast_final_test_v1,ponera-pennsylvanica,final_test,Ponera pennsylvanica,203419,b2ef6473-7dda-4047-a2a0-9b31986413d4,455744147,c1b7939e699c2d9d96660d117033b989e36f645eceee0a580826a7c50fb4a555,f1d9ccaa5dab2b7802b39647235ffb6d73d2a2c784f50a9fa874768d77a92c83,f482edbb965135881f88ac5bb33111b1e26de2358c70628ac010e15ada66eb3e
572,2,northeast_final_test_v1,formica-exsectoides,final_test,Formica exsectoides,133654,a3b1fd5b-7222-4d9a-a188-8c33868fa346,2704634,ab158d8e3890c96a8d7ac71bfdc9658aca1b872406de10d0ef524c3663d9e991,878d8e7474b4680c7537f1c6694a2b8930b75b3a080128316f5c1eae0cb87666,f49377ef73fdec8e3fc7b858b099147ce5eb82255bf4bec958dd99e1777a0f2a
573,2,northeast_expansion_v1,nylanderia-flavipes,train,Nylanderia flavipes,372712,c8703c84-23ae-41c4-a03a-fcc7026ea17a,329454489,4824e5680fa77250c8337f0f89876a7a60f784bedae3a50317371dccbc7910fe,0039afe24345d7194c4bfe346e62231193b07e999edf68435d3324d9abe574f9,f4f7430cab45aeb1d7a6ae6128f97b11022c2184a2e742f5c655182aaac5e003
574,2,northeast_final_test_v1,lasius-neoniger,final_test,Lasius neoniger,69311,e7b8b057-d5d8-498e-8e2f-9ac6203df79a,576973192,30f1f5ed9d0e82576cf9458cc5c0e34395f6dbe04d98f4c934e8656cf23c177b,b5ce8c4a5a196823d56fc99fed40f83e3237c8b0a31b5e5a2f41486d3d5adc75,f6a34b06947363c72854a06b4f83378060433287be3236c81006a9b1a6c9e432
575,2,northeast_final_test_v1,lasius-neoniger,final_test,Lasius neoniger,69311,096be93e-a0b5-46d6-9afc-24afc70ce0fc,563189225,a2995dbc35eb1dc3bf7f271385b5c4e1fea624dfcc64afeff74a157da6113a7f,11dec9fc10749b2d5cc89f1daf476e8411db0c5de09b6293a3b70f40dea555c1,f6b0ef5db59da9b1ff7f82c5d6671b0fe5df4a44df2213e7e1b0fe88e1b4071f
576,2,northeast_final_test_v1,temnothorax-curvispinosus,final_test,Temnothorax curvispinosus,232366,d571a8d1-0460-4908-9381-a07c0da81a5f,70007795,5d0daa48255f78a0e16841631878c627ee84f2a79caf0c60aba1cb75e8999ac6,ee596e17e4f6606cf3144246fd1cf8a75779a1bb776303c1e08f2bf70fd97438,f7eac9f4146dfb93bb51002c6fd772ea2b2e340471e94d40cc8ec05f58e263fa
577,2,northeast_final_test_v1,formica-exsectoides,final_test,Formica exsectoides,133654,77e04dcf-e8fa-4564-aa69-1ff1bd1a411f,522549011,ab1cbd8099a9d83195b75010c2db727ff0088b8cfbe6520b290033bad5b3b396,47504710fc166c34ae7b5f68d46688f78d1c7f3ad0a3765589492b290a2a2b62,f8e30825a3e346624d4e5d708e4b0cc2cf4a27d5e8c41b3103d75a9cfaf24036
578,2,northeast_final_test_v1,camponotus-novaeboracensis,final_test,Camponotus novaeboracensis,143252,fd088ce4-9492-4c35-a306-2fdeec399658,234736037,ae59bb57c9214bda0a888f7f14511d80957a9c6bb94a73092c02e8a696137cc4,d8a0c2e5db9226342f9fb98825aaab89e866ee3ae639bdb61a7eea28c7db8d4e,f95dc6a238a11757af8b4a2a33a3067e1cb740dfde3ffd9a44a5f9153a95183f
579,2,northeast_final_test_v1,lasius-aphidicola,final_test,Lasius aphidicola,1032788,ee3c7074-4a57-4dcb-8dcc-c1dee2cb931a,191599019,760559c2d57681eaf17d380127432f4c920da0f9a1a6fb5c499d496366c4be00,b7fb6b4939dc543817483a9462b5827c49497e2b89e42bd508fab10c01732ac6,f97f26082d5861ee6c3bbeea386698e720858ce69e9eae5ba651be440275cd61
580,2,northeast_final_test_v1,lasius-interjectus,final_test,Lasius interjectus,222713,183e7c01-ae5a-45f0-9be5-32a2a464e989,287085460,2b553151e50a87d039a49e9521ac19fbcdaafbf872663c2a56a694f50dc4491e,c6d711170f7cc65881a21b4903b31afdd7c6c34c8c66b289e9434de547c102db,f9c07a949d0aee339135a8301025f4887f5761e085ee193cbd77755b40d87989
581,2,northeast_final_test_v1,lasius-aphidicola,final_test,Lasius aphidicola,1032788,139f6d27-af95-42f6-b77f-dfafb32730d9,663653668,d57f047f551f8f27602a514bbe548b487ce28a943ba24658ac77dd72b5a98664,2e21feaa35f0dbe8f9ce5c603bb5f5e22199106259977068f1fd4df086a9ff29,f9d331c838e280daa97b3f27b9c5e4df1f4a531e79f987102df8ec28f6984ee2
582,2,northeast_final_test_v1,aphaenogaster-rudis,final_test,Aphaenogaster rudis,213893,19e477c5-109f-4456-9454-edf7b3479127,363448922,ce934174dcbbc7699283ea74478186e29556f133ffac8424d8b181313301dd5d,c9a13caff9a2026ce43cb7518a2316953ab5babd39b716c6b808ddf0439d839b,fa0f312f4fa200e0fa4a6d209df59c1360390b0dcb4c4ca5063a4066fbb0873f
583,2,northeast_final_test_v1,lasius-americanus,final_test,Lasius americanus,966095,4a37f3f2-0ee2-4b6d-a5b8-3e0fce8465e1,624639560,f0c2be1b8a40298d9b646b91bc5fa87b4560972ccd88c40ad56bd33c34487735,86439af9268623ba0a3967d7adf980c56ab3eb1076e5f0081f3f694842963656,fa15d4fa580e846911606f7e6be5e042a8923712c72e4ad51433f4f4f04dd4af
584,2,northeast_final_test_v1,lasius-americanus,final_test,Lasius americanus,966095,044f4686-6708-40a9-8f57-b459347f7d99,506158479,e18bd9bc136cbcb0412b9dbeadc3963449869779a4f18eb30f1720130fa82184,751a8b18c63adcc094459bfad68ba2e83eef2fcc5405e6635bc0a1b382b5fe76,fa1ae7d2e21b59ec58b30f3d3c8576d76ae75fd6cd558fb4a0d8d61256baca96
585,2,northeast_final_test_v1,lasius-claviger,final_test,Lasius claviger,222712,88843abd-160c-4dcb-b637-444b18f5f10f,321721786,092b2ec6fbfa27942bb90791210a74fdcbf0699d476190f40ed683e1cf8c369c,7da0b343a7476539645f9fa5f26c9ef924a7a1d57befebfed25d7a5ffb61ea0a,faa73b83c3363b01225af0b3fc7ca84e91fd512e82ee7f46270522e9275fca11
586,2,northeast_expansion_v1,lasius-claviger,development,Lasius claviger,222712,d95edf66-0e0a-4e87-97a7-7114001bda6d,360764067,847df587ac1443e9a034443c40672f951187c9367965cdd6e9ebc94eed887c74,0b6c9c1ce2e7c84120317c3424664fae42c5d55b97598c0e5efb67263f654f1a,fb19f28f386575b65b329b50836f617d977cddd1c6f04bdadadfecd340456cbd
587,2,northeast_final_test_v1,temnothorax-curvispinosus,final_test,Temnothorax curvispinosus,232366,c8c9d05d-8c31-47d2-921d-37ee3c5b9736,231994215,baae1f1b4d6a80c540fbe9ec7f49eeaeea6dc5abc90f577a3c52fd64263e35dc,9fa76d95a609b4e6df618a191bd350f98c5d2394d7c17eb7a79ce91c8ce50894,fb3e61986016ac8f9a792cbefbad38cb8942cb19ee5ed5c991721d92c8396b0c
588,2,northeast_final_test_v1,temnothorax-curvispinosus,final_test,Temnothorax curvispinosus,232366,46a406b0-1ee3-4272-a5d3-453e5361737f,15699806,eb8a33fb345005d9ac1584c3aed1e6faa6f04a83279f562b8b4b733915f77762,9bcb6bd5b6d783c07267d9674f763a70bcd63caba68bdef6086b9cfd84ce62a2,fb7f0588a8a06fd6bdd900e8078aa2f4a825954810a80fabb195d67628f227c5
589,2,northeast_final_test_v1,formica-exsectoides,final_test,Formica exsectoides,133654,ef2598bc-2d8b-44ae-8e17-67385ba351a9,422433824,92ad40a221bf7dd058c436371233e46a756733dcf270631a6f07ca3916acf63a,4846271b6d90c0e6e4491087088e1333b8ca08b3a8e36ea65f719a1c8cc320b2,fb86ab2736a94b25c47bd7ce88c4306de1ecce718e306a679a4ec72f23841d6c
590,2,northeast_final_test_v1,lasius-emarginatus,final_test,Lasius emarginatus,341143,d0ba163f-28d0-4b42-b8b7-12d359f01f88,290511562,34d9e551155bbe976c4eeb005e1ff415fed8590eac9e1f2a34fe967e2b22d63f,3b182582dd5d5b4c10ff057b663d6cbdd52e097afb4641f6442d9ed5ceec9d70,fbdced6d11b9a6a7114b5838c98a0bf11540f54dc922c51c7f1573a9c6879269
591,2,northeast_final_test_v1,camponotus-novaeboracensis,final_test,Camponotus novaeboracensis,143252,07e5935e-05df-4b34-b9c9-45ce0149db6c,682920008,da78ab314f8c5c28c30f8852dc2f752ed02e5e74f5c1a93a4578f1e36675262c,9debef4d30f43556624078641a00c3863b8fc2ae14883b746bc070d455ed9128,fcac4f40fe7383e987467bbe47768ddc60fffb2b2facf82a2de81f9c69ec4741
592,2,northeast_final_test_v1,lasius-aphidicola,final_test,Lasius aphidicola,1032788,37b2ef08-7453-44f3-9bbc-c5143ee08dd6,620929307,27758be0b2dd10a0ebd7db7af9d60017872e25dde81135d89eec6e33a52fdc87,96d530fb612f7e80fe221d58ac604db9e0772c0a9596525c654b154727b43cd2,fd724ca6192e1914faf30a37fbd80611a93e654373ee101a956626788af15751
593,2,northeast_expansion_v1,lasius-neoniger,train,Lasius neoniger,69311,209193b8-1c86-47d6-ab71-8a69ee1fd512,324293763,b1c35636dca22e23df3e05d51e233a8b071d034008efd85d413980e58c9b6b63,046508c0c890f1db4b6278aa92a854386de85b3a629fbe81c134e110a92a0746,fdb43437ded5dc203e6cb9d2d6f61ea04af0da2864ec520fec89e396a413ec42
594,2,northeast_final_test_v1,aphaenogaster-rudis,final_test,Aphaenogaster rudis,213893,e09a8d2d-1028-4edc-b94b-a5bceea0852d,140971008,299a7aecc3fd29fa1453417bf459388d592feed34e602b84f2b4faaa62c75bd2,8b00a97e59ffa1730948ffacbc3762da40da21dac789f3778d3fafe64aa12093,fdfb9588f9483923b722d521be455d6533b0680181a50b8de8dde9e6afa7238f
595,2,northeast_expansion_v1,lasius-neoniger,development,Lasius neoniger,69311,826696a4-6837-4520-ae4c-158e2554be5c,79344089,3429d1be42a115302366fd8c0f589818f42a7d3a33b4984be3c947d31ffab188,07598c8480ba51f1ba36440ff6ec9798864f8fe16fd0d51738bbf2eae45c913c,fe2c84da9c27f3804873401295bdbc9a9655b441bc2823baf6b48c6f37d2bdd1
596,2,northeast_final_test_v1,lasius-interjectus,final_test,Lasius interjectus,222713,eef3c870-fa9d-4e8d-a401-05cf61586c73,5282321,abcd2f88c255770691a4059826b819e1a016ffd9402cfbe376fa95513a4b18cf,1e137f9ee1b355538e949727cb7a0bf08fc394cfeec12a69f3dcacaac8bffbdb,fe3e81445c9b6c8c076ec8a94eb05841f43970fcb356b108d353d932208b4ab5
597,2,northeast_final_test_v1,formica-exsectoides,final_test,Formica exsectoides,133654,145e0724-6947-4b66-9c52-61be32b18137,136170821,b9cda83db90e581f0601c7a41edae3ca332972895052ede7de773d67b3bf954d,54473f2e4a3bd76449b38c1e8d6cd0aa45152571b802263b800331b227af5aee,ff52244bdd4f56b8d8a25153d45f72dc243e7cbe7c5c80fe267e888d2a1b331b
598,2,northeast_expansion_v1,camponotus-americanus,development,Camponotus americanus,215970,7f98ac89-02be-4348-8df4-cb1a89255f8c,430183560,4f58788729bbfe93b5ad57b076fec1d99baa1c9abc2a0159c33c5e4f8cd554a2,20bbbcc2d7f2d256edd6c9f2c7f3e77539876f2e1668969fcbd028fcbd18b9fe,ffd3ad7917fc884b9d93075fca4f227658c18dd876f4bbcdff403c42749c631d
599,2,northeast_final_test_v1,camponotus-novaeboracensis,final_test,Camponotus novaeboracensis,143252,2cad5bf3-b7d6-4e01-99cc-73897130d4a1,130251314,1f2f8df91b6696d6e13eefa82a92eb12d3356d07f8933ad1cee2c80a97e114d3,3d355904fbb89b9fb277a5a49e45d669613419a3c311addd30e6c61353ab4d08,fffcfc21de80bf7570b855cc62d83760c9fb6c90ec18b3d6cca487b9c5dfc17f
