category,species,slug,taxon_id,observation_id,observation_uuid,photo_id,source_url,photo_license,photo_attribution,sha256,byte_size,width,height,provenance_source,origin_dataset,origin_csv_sha256,origin_row_number,origin_photo_id,origin_observation_uuid,origin_sha256,source_taxon_id,source_taxon_name,source_taxon_rank,image_source,candidate_source_url,enriched_source_url
out_of_scope_ant,Camponotus obscuripes,camponotus-obscuripes,354345,n/a_fresh_row,64d89f26-8108-453e-972b-bf9aa6a0fc3f,679672042,local_copy_verified:data/calibration_v1,cc-by-nc,"(c) Masaki Hamaguchi, some rights reserved (CC BY-NC)",07efa1fcbc77d516884b0fb5394298519aac860d2bd49006ab13e3a318943802,187697,500,334,calibration_v1_reuse,calibration_v1,83a80351f8ac65e89ea6124ac7de6d2cb6a3c68efc1f33eb3ecc2eca8c5f63c0,257,679672042,64d89f26-8108-453e-972b-bf9aa6a0fc3f,07efa1fcbc77d516884b0fb5394298519aac860d2bd49006ab13e3a318943802,354345,Camponotus obscuripes,not_recorded_in_source,calibration_v1_reuse,local_copy_verified:data/calibration_v1,https://inaturalist-open-data.s3.amazonaws.com/photos/679672042/square.jpg
out_of_scope_ant,Myrmecia fulvipes,myrmecia-fulvipes,486223,n/a_fresh_row,3895e7d7-8c90-4156-917b-d6e6e89f4ca2,679743610,local_copy_verified:data/calibration_v1,cc-by-nc,"(c) Tom Schneider, some rights reserved (CC BY-NC)",b60f0f78e81b47c1e4bdbe5c84ed87f48c432fe922da75a2e49dea3d1c07e7ef,245675,490,500,calibration_v1_reuse,calibration_v1,83a80351f8ac65e89ea6124ac7de6d2cb6a3c68efc1f33eb3ecc2eca8c5f63c0,259,679743610,3895e7d7-8c90-4156-917b-d6e6e89f4ca2,b60f0f78e81b47c1e4bdbe5c84ed87f48c432fe922da75a2e49dea3d1c07e7ef,486223,Myrmecia fulvipes,not_recorded_in_source,calibration_v1_reuse,local_copy_verified:data/calibration_v1,https://inaturalist-open-data.s3.amazonaws.com/photos/679743610/square.jpg
out_of_scope_ant,Crematogaster rogenhoferi,crematogaster-rogenhoferi,733431,n/a_fresh_row,2b7da79c-c34a-41d1-97b7-4eb5de240680,679796311,local_copy_verified:data/calibration_v1,cc-by-nc,"(c) Nitin Mahamuni, some rights reserved (CC BY-NC)",97754d1e3477facda1d4a06d937fd6d996ffc230e5b9ddf69a53ab4047b7f783,136863,333,500,calibration_v1_reuse,calibration_v1,83a80351f8ac65e89ea6124ac7de6d2cb6a3c68efc1f33eb3ecc2eca8c5f63c0,260,679796311,2b7da79c-c34a-41d1-97b7-4eb5de240680,97754d1e3477facda1d4a06d937fd6d996ffc230e5b9ddf69a53ab4047b7f783,733431,Crematogaster rogenhoferi,not_recorded_in_source,calibration_v1_reuse,local_copy_verified:data/calibration_v1,https://inaturalist-open-data.s3.amazonaws.com/photos/679796311/square.jpg
out_of_scope_ant,Leptomyrmex cnemidatus,leptomyrmex-cnemidatus,704244,n/a_fresh_row,d638bc71-4eda-41b5-ae66-39f4fdaa6037,679807736,local_copy_verified:data/calibration_v1,cc-by-nc,"(c) Caleb, some rights reserved (CC BY-NC)",51d963573da8100dfbec5b6f35364b8a014db1906f569efdb2fbc31f036d9278,284644,375,500,calibration_v1_reuse,calibration_v1,83a80351f8ac65e89ea6124ac7de6d2cb6a3c68efc1f33eb3ecc2eca8c5f63c0,261,679807736,d638bc71-4eda-41b5-ae66-39f4fdaa6037,51d963573da8100dfbec5b6f35364b8a014db1906f569efdb2fbc31f036d9278,704244,Leptomyrmex cnemidatus,not_recorded_in_source,calibration_v1_reuse,local_copy_verified:data/calibration_v1,https://inaturalist-open-data.s3.amazonaws.com/photos/679807736/square.jpg
out_of_scope_ant,Myrmecia desertorum,myrmecia-desertorum,633426,n/a_fresh_row,8747a5af-4f3c-4efe-a36e-3fb9f4c68757,679837554,local_copy_verified:data/calibration_v1,cc-by-sa,"(c) James K. Douch, some rights reserved (CC BY-SA)",ad5b3e788d94ae8f55c808c9d531b5531f76f7c1690d4e94cd284b0035e97b02,334501,500,500,calibration_v1_reuse,calibration_v1,83a80351f8ac65e89ea6124ac7de6d2cb6a3c68efc1f33eb3ecc2eca8c5f63c0,262,679837554,8747a5af-4f3c-4efe-a36e-3fb9f4c68757,ad5b3e788d94ae8f55c808c9d531b5531f76f7c1690d4e94cd284b0035e97b02,633426,Myrmecia desertorum,not_recorded_in_source,calibration_v1_reuse,local_copy_verified:data/calibration_v1,https://inaturalist-open-data.s3.amazonaws.com/photos/679837554/square.jpg
out_of_scope_ant,Camponotus habereri,camponotus-habereri,706552,n/a_fresh_row,c6976116-54ce-4068-9e1a-a9485b5e4821,679863799,local_copy_verified:data/calibration_v1,cc-by,"(c) 林正文, some rights reserved (CC BY)",b04ebeeec0c35e12a25bded067c87b8e85adcba782685877d4184aa633308f14,73421,500,333,calibration_v1_reuse,calibration_v1,83a80351f8ac65e89ea6124ac7de6d2cb6a3c68efc1f33eb3ecc2eca8c5f63c0,263,679863799,c6976116-54ce-4068-9e1a-a9485b5e4821,b04ebeeec0c35e12a25bded067c87b8e85adcba782685877d4184aa633308f14,706552,Camponotus habereri,not_recorded_in_source,calibration_v1_reuse,local_copy_verified:data/calibration_v1,https://inaturalist-open-data.s3.amazonaws.com/photos/679863799/square.jpg
out_of_scope_ant,Camponotus parius,camponotus-parius,367827,n/a_fresh_row,0c55df41-013e-4abb-a2b3-b492f4c1a32c,679878331,local_copy_verified:data/calibration_v1,cc-by-nc,"(c) Hari, some rights reserved (CC BY-NC)",4d3235c6b463032d8bba416e902362cd4b59a424aa12256df3e0c19275b54655,171360,375,500,calibration_v1_reuse,calibration_v1,83a80351f8ac65e89ea6124ac7de6d2cb6a3c68efc1f33eb3ecc2eca8c5f63c0,264,679878331,0c55df41-013e-4abb-a2b3-b492f4c1a32c,4d3235c6b463032d8bba416e902362cd4b59a424aa12256df3e0c19275b54655,367827,Camponotus parius,not_recorded_in_source,calibration_v1_reuse,local_copy_verified:data/calibration_v1,https://inaturalist-open-data.s3.amazonaws.com/photos/679878331/square.jpg
out_of_scope_ant,Formica japonica,formica-japonica,322421,n/a_fresh_row,eb7a3e31-127f-47b8-ab98-445290ef6020,679893106,local_copy_verified:data/calibration_v1,cc-by-nc,"(c) tama_king_fisher, some rights reserved (CC BY-NC)",7dae4179e2596712df8730a203df39f2cc394c72ed8b6be636d76d166a98f7b1,154307,375,500,calibration_v1_reuse,calibration_v1,83a80351f8ac65e89ea6124ac7de6d2cb6a3c68efc1f33eb3ecc2eca8c5f63c0,265,679893106,eb7a3e31-127f-47b8-ab98-445290ef6020,7dae4179e2596712df8730a203df39f2cc394c72ed8b6be636d76d166a98f7b1,322421,Formica japonica,not_recorded_in_source,calibration_v1_reuse,local_copy_verified:data/calibration_v1,https://inaturalist-open-data.s3.amazonaws.com/photos/679893106/square.jpg
out_of_scope_ant,Camponotus japonicus,camponotus-japonicus,321673,n/a_fresh_row,2fc9f062-1bfd-4473-9e42-8eff47fbb4f7,679895134,local_copy_verified:data/calibration_v1,cc-by-nc,"(c) tama_king_fisher, some rights reserved (CC BY-NC)",ceb32b6c475160b97379f44991812c542018944ff6d2b43ae72859adac7d0eaa,103258,500,427,calibration_v1_reuse,calibration_v1,83a80351f8ac65e89ea6124ac7de6d2cb6a3c68efc1f33eb3ecc2eca8c5f63c0,266,679895134,2fc9f062-1bfd-4473-9e42-8eff47fbb4f7,ceb32b6c475160b97379f44991812c542018944ff6d2b43ae72859adac7d0eaa,321673,Camponotus japonicus,not_recorded_in_source,calibration_v1_reuse,local_copy_verified:data/calibration_v1,https://inaturalist-open-data.s3.amazonaws.com/photos/679895134/square.jpg
out_of_scope_ant,Camponotus consobrinus,camponotus-consobrinus,201978,n/a_fresh_row,2e11a29d-3ed7-41e3-9629-2dcc2a3c0951,679918901,local_copy_verified:data/calibration_v1,cc-by-nc,"(c) Graham Armstrong, some rights reserved (CC BY-NC)",6f84878ea2d5071d46f24abf4e9157766c077300d83f5dc0a7f7634f167c4352,197650,500,339,calibration_v1_reuse,calibration_v1,83a80351f8ac65e89ea6124ac7de6d2cb6a3c68efc1f33eb3ecc2eca8c5f63c0,267,679918901,2e11a29d-3ed7-41e3-9629-2dcc2a3c0951,6f84878ea2d5071d46f24abf4e9157766c077300d83f5dc0a7f7634f167c4352,201978,Camponotus consobrinus,not_recorded_in_source,calibration_v1_reuse,local_copy_verified:data/calibration_v1,https://inaturalist-open-data.s3.amazonaws.com/photos/679918901/square.jpg
out_of_scope_ant,Temnothorax unifasciatus,temnothorax-unifasciatus,347484,n/a_fresh_row,5259523f-1daa-4b58-83f0-f109a84d41ae,679938679,local_copy_verified:data/calibration_v1,cc-by,"(c) Oleksii Vasyliuk, some rights reserved (CC BY)",da1befdf4c2875bb7ebad4075885aa9705b4f3927202b46153ba418505404d25,64757,375,500,calibration_v1_reuse,calibration_v1,83a80351f8ac65e89ea6124ac7de6d2cb6a3c68efc1f33eb3ecc2eca8c5f63c0,270,679938679,5259523f-1daa-4b58-83f0-f109a84d41ae,da1befdf4c2875bb7ebad4075885aa9705b4f3927202b46153ba418505404d25,347484,Temnothorax unifasciatus,not_recorded_in_source,calibration_v1_reuse,local_copy_verified:data/calibration_v1,https://inaturalist-open-data.s3.amazonaws.com/photos/679938679/square.jpg
out_of_scope_ant,Temnothorax interruptus,temnothorax-interruptus,347498,n/a_fresh_row,6618bc32-609c-41c2-8bbc-1019ad339446,679957247,local_copy_verified:data/calibration_v1,cc-by-nc,"(c) Martin Vukušić, some rights reserved (CC BY-NC)",ff4dca1dc3b69a39d3f36559c31882bb48ffddf52e77eda2c9d48c1901db6830,161578,500,375,calibration_v1_reuse,calibration_v1,83a80351f8ac65e89ea6124ac7de6d2cb6a3c68efc1f33eb3ecc2eca8c5f63c0,271,679957247,6618bc32-609c-41c2-8bbc-1019ad339446,ff4dca1dc3b69a39d3f36559c31882bb48ffddf52e77eda2c9d48c1901db6830,347498,Temnothorax interruptus,not_recorded_in_source,calibration_v1_reuse,local_copy_verified:data/calibration_v1,https://inaturalist-open-data.s3.amazonaws.com/photos/679957247/square.jpg
out_of_scope_ant,Tetramorium tsushimae,tetramorium-tsushimae,319451,n/a_fresh_row,6b2d59fc-16be-4009-a4a9-26b3fe759df1,679960600,local_copy_verified:data/calibration_v1,cc-by-nc,"(c) Hyeonji Moon, some rights reserved (CC BY-NC)",7f32f2a398ac275cc5cdcd040abe429b21d07ca4b099e03f323535617291c8dd,154624,500,281,calibration_v1_reuse,calibration_v1,83a80351f8ac65e89ea6124ac7de6d2cb6a3c68efc1f33eb3ecc2eca8c5f63c0,272,679960600,6b2d59fc-16be-4009-a4a9-26b3fe759df1,7f32f2a398ac275cc5cdcd040abe429b21d07ca4b099e03f323535617291c8dd,319451,Tetramorium tsushimae,not_recorded_in_source,calibration_v1_reuse,local_copy_verified:data/calibration_v1,https://inaturalist-open-data.s3.amazonaws.com/photos/679960600/square.jpg
out_of_scope_ant,Camponotus angusticollis,camponotus-angusticollis,490630,n/a_fresh_row,5bbd3621-987e-4371-a54d-59c28f6e72ba,679975856,local_copy_verified:data/calibration_v1,cc-by-nc,"(c) Bijoy Venugopal, some rights reserved (CC BY-NC)",d569c0880ba87fd2285b66d0ef82dbc9d656e212b76cadf11660cbc6a90b33c4,99490,281,500,calibration_v1_reuse,calibration_v1,83a80351f8ac65e89ea6124ac7de6d2cb6a3c68efc1f33eb3ecc2eca8c5f63c0,273,679975856,5bbd3621-987e-4371-a54d-59c28f6e72ba,d569c0880ba87fd2285b66d0ef82dbc9d656e212b76cadf11660cbc6a90b33c4,490630,Camponotus angusticollis,not_recorded_in_source,calibration_v1_reuse,local_copy_verified:data/calibration_v1,https://inaturalist-open-data.s3.amazonaws.com/photos/679975856/square.jpg
out_of_scope_ant,Camponotus piceus,camponotus-piceus,347442,n/a_fresh_row,7866b425-2b57-458e-96aa-7af4935e7305,679983288,local_copy_verified:data/calibration_v1,cc-by-nc,"(c) hazerider, some rights reserved (CC BY-NC)",81ca199549b1681214fc75ef6de7b73fb20dfc813127a2f10fe4cb7d0301cbb1,66722,500,500,calibration_v1_reuse,calibration_v1,83a80351f8ac65e89ea6124ac7de6d2cb6a3c68efc1f33eb3ecc2eca8c5f63c0,274,679983288,7866b425-2b57-458e-96aa-7af4935e7305,81ca199549b1681214fc75ef6de7b73fb20dfc813127a2f10fe4cb7d0301cbb1,347442,Camponotus piceus,not_recorded_in_source,calibration_v1_reuse,local_copy_verified:data/calibration_v1,https://inaturalist-open-data.s3.amazonaws.com/photos/679983288/square.jpg
out_of_scope_ant,Camponotus rufoglaucus,camponotus-rufoglaucus,428254,n/a_fresh_row,2a46194c-5369-415e-9260-1236a392d2ef,680061975,local_copy_verified:data/calibration_v1,cc-by,"(c) Aparna, some rights reserved (CC BY)",21ee240263fe0964c3953c009f47de5b3985d290cb8740a3e5a9cc8c268790a8,71962,500,389,calibration_v1_reuse,calibration_v1,83a80351f8ac65e89ea6124ac7de6d2cb6a3c68efc1f33eb3ecc2eca8c5f63c0,277,680061975,2a46194c-5369-415e-9260-1236a392d2ef,21ee240263fe0964c3953c009f47de5b3985d290cb8740a3e5a9cc8c268790a8,428254,Camponotus rufoglaucus,not_recorded_in_source,calibration_v1_reuse,local_copy_verified:data/calibration_v1,https://inaturalist-open-data.s3.amazonaws.com/photos/680061975/square.jpg
out_of_scope_ant,Colobopsis gasseri,colobopsis-gasseri,547966,n/a_fresh_row,5166b8b8-a97c-4259-8989-df2acd1c6200,680067287,local_copy_verified:data/calibration_v1,cc-by-nc,"(c) Moses Fu, some rights reserved (CC BY-NC)",f3d7d2ece5c0770ef17707fea0e61faf6b68e01952cfc9f8dee352cdb5079675,54201,375,500,calibration_v1_reuse,calibration_v1,83a80351f8ac65e89ea6124ac7de6d2cb6a3c68efc1f33eb3ecc2eca8c5f63c0,278,680067287,5166b8b8-a97c-4259-8989-df2acd1c6200,f3d7d2ece5c0770ef17707fea0e61faf6b68e01952cfc9f8dee352cdb5079675,547966,Colobopsis gasseri,not_recorded_in_source,calibration_v1_reuse,local_copy_verified:data/calibration_v1,https://inaturalist-open-data.s3.amazonaws.com/photos/680067287/square.jpg
out_of_scope_ant,Camponotus rufoglaucus,camponotus-rufoglaucus,428254,n/a_fresh_row,bd3492fe-c6b9-4a36-b28b-f7280340e454,680074818,local_copy_verified:data/calibration_v1,cc-by-nc,"(c) Krishnakumar S D, some rights reserved (CC BY-NC)",37c67ae64cacc386a3f174b95c6d957c8b0e09335d3f45305e27a5b0bfa8e324,151572,500,452,calibration_v1_reuse,calibration_v1,83a80351f8ac65e89ea6124ac7de6d2cb6a3c68efc1f33eb3ecc2eca8c5f63c0,279,680074818,bd3492fe-c6b9-4a36-b28b-f7280340e454,37c67ae64cacc386a3f174b95c6d957c8b0e09335d3f45305e27a5b0bfa8e324,428254,Camponotus rufoglaucus,not_recorded_in_source,calibration_v1_reuse,local_copy_verified:data/calibration_v1,https://inaturalist-open-data.s3.amazonaws.com/photos/680074818/square.jpg
out_of_scope_ant,Tetramorium tsushimae,tetramorium-tsushimae,319451,n/a_fresh_row,dbaa3e27-e7de-4815-acd4-0ba0eccf7c8a,680084385,local_copy_verified:data/calibration_v1,cc-by-nc,"(c) L Steven, some rights reserved (CC BY-NC)",1ed42e8ae495d7fea701ec224904ecc9348ca6e0aaa1055d2f79d30ed8aa655e,187246,375,500,calibration_v1_reuse,calibration_v1,83a80351f8ac65e89ea6124ac7de6d2cb6a3c68efc1f33eb3ecc2eca8c5f63c0,280,680084385,dbaa3e27-e7de-4815-acd4-0ba0eccf7c8a,1ed42e8ae495d7fea701ec224904ecc9348ca6e0aaa1055d2f79d30ed8aa655e,319451,Tetramorium tsushimae,not_recorded_in_source,calibration_v1_reuse,local_copy_verified:data/calibration_v1,https://inaturalist-open-data.s3.amazonaws.com/photos/680084385/square.jpg
out_of_scope_ant,Liometopum sinense,liometopum-sinense,826650,n/a_fresh_row,741d96b2-4c04-4277-8e38-b316c57e76d6,680081405,local_copy_verified:data/calibration_v1,cc-by-nc,"(c) Dawn_Land, some rights reserved (CC BY-NC)",a8a14133c107097fd2a7565af4ff53a9c0ba9855f94e8758594f31b9da46ea36,180483,385,500,calibration_v1_reuse,calibration_v1,83a80351f8ac65e89ea6124ac7de6d2cb6a3c68efc1f33eb3ecc2eca8c5f63c0,281,680081405,741d96b2-4c04-4277-8e38-b316c57e76d6,a8a14133c107097fd2a7565af4ff53a9c0ba9855f94e8758594f31b9da46ea36,826650,Liometopum sinense,not_recorded_in_source,calibration_v1_reuse,local_copy_verified:data/calibration_v1,https://inaturalist-open-data.s3.amazonaws.com/photos/680081405/square.jpg
out_of_scope_ant,Myrmecia piliventris,myrmecia-piliventris,522313,n/a_fresh_row,b798ecb9-9708-44d4-a678-6425913b83f7,680091858,local_copy_verified:data/calibration_v1,cc-by-nc,"(c) cleanlymoss, some rights reserved (CC BY-NC)",77734bdac6a7c86073eaee4ffee0535acd9783fbf7441587306175d88a7632ed,157401,420,500,calibration_v1_reuse,calibration_v1,83a80351f8ac65e89ea6124ac7de6d2cb6a3c68efc1f33eb3ecc2eca8c5f63c0,285,680091858,b798ecb9-9708-44d4-a678-6425913b83f7,77734bdac6a7c86073eaee4ffee0535acd9783fbf7441587306175d88a7632ed,522313,Myrmecia piliventris,not_recorded_in_source,calibration_v1_reuse,local_copy_verified:data/calibration_v1,https://inaturalist-open-data.s3.amazonaws.com/photos/680091858/square.jpg
out_of_scope_ant,Iridomyrmex sanguineus,iridomyrmex-sanguineus,895464,n/a_fresh_row,e0577a1f-64e6-4def-b266-35a3640c9d64,680098775,local_copy_verified:data/calibration_v1,cc-by-nc,"(c) flari0n, some rights reserved (CC BY-NC)",00cd345582dc13418437b61ffbf7b2954467de71c7b276497608f5a3093532b2,323904,375,500,calibration_v1_reuse,calibration_v1,83a80351f8ac65e89ea6124ac7de6d2cb6a3c68efc1f33eb3ecc2eca8c5f63c0,287,680098775,e0577a1f-64e6-4def-b266-35a3640c9d64,00cd345582dc13418437b61ffbf7b2954467de71c7b276497608f5a3093532b2,895464,Iridomyrmex sanguineus,not_recorded_in_source,calibration_v1_reuse,local_copy_verified:data/calibration_v1,https://inaturalist-open-data.s3.amazonaws.com/photos/680098775/square.jpg
out_of_scope_ant,Pheidole nodus,pheidole-nodus,1120421,n/a_fresh_row,b0fecddc-b471-43d0-aacc-380c3b45283d,680038400,local_copy_verified:data/calibration_v1,cc-by,"(c) Saryu Mae 前 朝琉, some rights reserved (CC BY)",8d51f53a02df32cda5478d9935b88660423e7edce6131cd56d8079499cef5701,217537,500,333,calibration_v1_reuse,calibration_v1,83a80351f8ac65e89ea6124ac7de6d2cb6a3c68efc1f33eb3ecc2eca8c5f63c0,288,680038400,b0fecddc-b471-43d0-aacc-380c3b45283d,8d51f53a02df32cda5478d9935b88660423e7edce6131cd56d8079499cef5701,1120421,Pheidole nodus,not_recorded_in_source,calibration_v1_reuse,local_copy_verified:data/calibration_v1,https://inaturalist-open-data.s3.amazonaws.com/photos/680038400/square.jpg
out_of_scope_ant,Crematogaster osakensis,crematogaster-osakensis,371698,n/a_fresh_row,7543fb28-d9cf-4fc6-935b-e8a4c4ec66c8,680039514,local_copy_verified:data/calibration_v1,cc-by,"(c) Saryu Mae 前 朝琉, some rights reserved (CC BY)",b48f0f9558135e3897b1cc06aac4b990aa101db7b93fdd681489a818f3c9eed4,148496,500,333,calibration_v1_reuse,calibration_v1,83a80351f8ac65e89ea6124ac7de6d2cb6a3c68efc1f33eb3ecc2eca8c5f63c0,289,680039514,7543fb28-d9cf-4fc6-935b-e8a4c4ec66c8,b48f0f9558135e3897b1cc06aac4b990aa101db7b93fdd681489a818f3c9eed4,371698,Crematogaster osakensis,not_recorded_in_source,calibration_v1_reuse,local_copy_verified:data/calibration_v1,https://inaturalist-open-data.s3.amazonaws.com/photos/680039514/square.jpg
out_of_scope_ant,Crematogaster osakensis,crematogaster-osakensis,371698,n/a_fresh_row,683c1df0-f253-49eb-b5ef-cc266942aee3,680040927,local_copy_verified:data/calibration_v1,cc-by,"(c) Saryu Mae 前 朝琉, some rights reserved (CC BY)",aa419d79f0c32310018d97c79d333acebd148d69f298d79fffb18e3078ddffe1,150239,500,333,calibration_v1_reuse,calibration_v1,83a80351f8ac65e89ea6124ac7de6d2cb6a3c68efc1f33eb3ecc2eca8c5f63c0,290,680040927,683c1df0-f253-49eb-b5ef-cc266942aee3,aa419d79f0c32310018d97c79d333acebd148d69f298d79fffb18e3078ddffe1,371698,Crematogaster osakensis,not_recorded_in_source,calibration_v1_reuse,local_copy_verified:data/calibration_v1,https://inaturalist-open-data.s3.amazonaws.com/photos/680040927/square.jpg
out_of_scope_ant,Crematogaster matsumurai,crematogaster-matsumurai,888523,n/a_fresh_row,090f3407-c7a3-4fbb-b104-1ae600567e51,680042832,local_copy_verified:data/calibration_v1,cc-by,"(c) Saryu Mae 前 朝琉, some rights reserved (CC BY)",458760b269885bac6bbe87146ddaf3852225e246747c3b35091494ce2b85e366,189253,500,333,calibration_v1_reuse,calibration_v1,83a80351f8ac65e89ea6124ac7de6d2cb6a3c68efc1f33eb3ecc2eca8c5f63c0,291,680042832,090f3407-c7a3-4fbb-b104-1ae600567e51,458760b269885bac6bbe87146ddaf3852225e246747c3b35091494ce2b85e366,888523,Crematogaster matsumurai,not_recorded_in_source,calibration_v1_reuse,local_copy_verified:data/calibration_v1,https://inaturalist-open-data.s3.amazonaws.com/photos/680042832/square.jpg
out_of_scope_ant,Colobopsis nipponica,colobopsis-nipponica,1045797,n/a_fresh_row,964bccc7-d836-4797-bda4-aacbced27e8a,680042846,local_copy_verified:data/calibration_v1,cc-by,"(c) Saryu Mae 前 朝琉, some rights reserved (CC BY)",f0c118d5a68679c4b0ee60bf80d4581e4be82ad5a68613131111aeba2c34de35,158088,500,333,calibration_v1_reuse,calibration_v1,83a80351f8ac65e89ea6124ac7de6d2cb6a3c68efc1f33eb3ecc2eca8c5f63c0,292,680042846,964bccc7-d836-4797-bda4-aacbced27e8a,f0c118d5a68679c4b0ee60bf80d4581e4be82ad5a68613131111aeba2c34de35,1045797,Colobopsis nipponica,not_recorded_in_source,calibration_v1_reuse,local_copy_verified:data/calibration_v1,https://inaturalist-open-data.s3.amazonaws.com/photos/680042846/square.jpg
out_of_scope_ant,Aphaenogaster famelica,aphaenogaster-famelica,372688,n/a_fresh_row,e8df06de-5875-41be-a5e3-d078cd16695b,680046621,local_copy_verified:data/calibration_v1,cc-by,"(c) Saryu Mae 前 朝琉, some rights reserved (CC BY)",6e8a332477399e595cefdf8e95b991f9f7db815d1646662ab485dafb1dab5085,169139,500,333,calibration_v1_reuse,calibration_v1,83a80351f8ac65e89ea6124ac7de6d2cb6a3c68efc1f33eb3ecc2eca8c5f63c0,293,680046621,e8df06de-5875-41be-a5e3-d078cd16695b,6e8a332477399e595cefdf8e95b991f9f7db815d1646662ab485dafb1dab5085,372688,Aphaenogaster famelica,not_recorded_in_source,calibration_v1_reuse,local_copy_verified:data/calibration_v1,https://inaturalist-open-data.s3.amazonaws.com/photos/680046621/square.jpg
out_of_scope_ant,Crematogaster rogenhoferi,crematogaster-rogenhoferi,733431,n/a_fresh_row,aee99ef9-d44e-44f1-8e02-5f90412f3d40,680106051,local_copy_verified:data/calibration_v1,cc-by,"(c) Kesava G., some rights reserved (CC BY)",4ef68bc6107c1c70fe560316eaca2e9b86d81b5c2b13fc3478db0a71c65fed94,225703,375,500,calibration_v1_reuse,calibration_v1,83a80351f8ac65e89ea6124ac7de6d2cb6a3c68efc1f33eb3ecc2eca8c5f63c0,294,680106051,aee99ef9-d44e-44f1-8e02-5f90412f3d40,4ef68bc6107c1c70fe560316eaca2e9b86d81b5c2b13fc3478db0a71c65fed94,733431,Crematogaster rogenhoferi,not_recorded_in_source,calibration_v1_reuse,local_copy_verified:data/calibration_v1,https://inaturalist-open-data.s3.amazonaws.com/photos/680106051/square.jpg
out_of_scope_ant,Camponotus vagus,camponotus-vagus,343182,n/a_fresh_row,c687d638-f400-4c86-a354-d04f843f6357,680107252,local_copy_verified:data/calibration_v1,cc-by-nc,"(c) Ghigo Rossi - Aosta - Italy, some rights reserved (CC BY-NC)",2ddf3095f4ee7e327d1cb895e8bfc6a66a16958390e7bb130f972d53e55f0060,156022,500,332,calibration_v1_reuse,calibration_v1,83a80351f8ac65e89ea6124ac7de6d2cb6a3c68efc1f33eb3ecc2eca8c5f63c0,295,680107252,c687d638-f400-4c86-a354-d04f843f6357,2ddf3095f4ee7e327d1cb895e8bfc6a66a16958390e7bb130f972d53e55f0060,343182,Camponotus vagus,not_recorded_in_source,calibration_v1_reuse,local_copy_verified:data/calibration_v1,https://inaturalist-open-data.s3.amazonaws.com/photos/680107252/square.jpg
out_of_scope_ant,Liometopum microcephalum,liometopum-microcephalum,347541,n/a_fresh_row,a118bb3a-3304-4476-b2d2-7b5308a595b5,680104965,local_copy_verified:data/calibration_v1,cc-by-nc,"(c) emanon, some rights reserved (CC BY-NC)",172c0147ce424253636d347a55aa66c5edf65770ee8627bd015ccaeb13905a53,266037,500,375,calibration_v1_reuse,calibration_v1,83a80351f8ac65e89ea6124ac7de6d2cb6a3c68efc1f33eb3ecc2eca8c5f63c0,296,680104965,a118bb3a-3304-4476-b2d2-7b5308a595b5,172c0147ce424253636d347a55aa66c5edf65770ee8627bd015ccaeb13905a53,347541,Liometopum microcephalum,not_recorded_in_source,calibration_v1_reuse,local_copy_verified:data/calibration_v1,https://inaturalist-open-data.s3.amazonaws.com/photos/680104965/square.jpg
out_of_scope_ant,Technomyrmex sophiae,technomyrmex-sophiae,1265952,n/a_fresh_row,b5a82bd8-5ed5-48a2-9ac2-26c54bcf3bdf,680536436,local_copy_verified:data/calibration_v1,cc-by-nc,"(c) Peleg Kark, some rights reserved (CC BY-NC)",a5bf11f90d6b2ed9df372c89edcf4911b143d10e0420c66ff422006572bf37df,41483,375,500,calibration_v1_reuse,calibration_v1,83a80351f8ac65e89ea6124ac7de6d2cb6a3c68efc1f33eb3ecc2eca8c5f63c0,297,680536436,b5a82bd8-5ed5-48a2-9ac2-26c54bcf3bdf,a5bf11f90d6b2ed9df372c89edcf4911b143d10e0420c66ff422006572bf37df,1265952,Technomyrmex sophiae,not_recorded_in_source,calibration_v1_reuse,local_copy_verified:data/calibration_v1,https://inaturalist-open-data.s3.amazonaws.com/photos/680536436/square.jpg
out_of_scope_ant,Leptogenys elongata,leptogenys-elongata,446864,n/a_fresh_row,8973f72e-2db7-414c-8690-d97fba4a4654,680101896,local_copy_verified:data/calibration_v1,cc-by-nc,"(c) Caleb Helsel, some rights reserved (CC BY-NC)",19c717ef10346c788608ad757f8eb1c9b8e95b93563700886e2c413b42905be0,123297,375,500,calibration_v1_reuse,calibration_v1,83a80351f8ac65e89ea6124ac7de6d2cb6a3c68efc1f33eb3ecc2eca8c5f63c0,298,680101896,8973f72e-2db7-414c-8690-d97fba4a4654,19c717ef10346c788608ad757f8eb1c9b8e95b93563700886e2c413b42905be0,446864,Leptogenys elongata,not_recorded_in_source,calibration_v1_reuse,local_copy_verified:data/calibration_v1,https://inaturalist-open-data.s3.amazonaws.com/photos/680101896/square.jpg
out_of_scope_ant,Camponotus nigriceps,camponotus-nigriceps,625668,n/a_fresh_row,4cf4273e-516c-4577-93c1-4a3144c1061a,680113378,local_copy_verified:data/calibration_v1,cc-by-nc,"(c) Jackson Nugent, some rights reserved (CC BY-NC)",230ee5f27a33e1fc16d5f8954dc7e639bf51f0ff401e1c9566742ed3f3e40d25,262845,379,500,calibration_v1_reuse,calibration_v1,83a80351f8ac65e89ea6124ac7de6d2cb6a3c68efc1f33eb3ecc2eca8c5f63c0,299,680113378,4cf4273e-516c-4577-93c1-4a3144c1061a,230ee5f27a33e1fc16d5f8954dc7e639bf51f0ff401e1c9566742ed3f3e40d25,625668,Camponotus nigriceps,not_recorded_in_source,calibration_v1_reuse,local_copy_verified:data/calibration_v1,https://inaturalist-open-data.s3.amazonaws.com/photos/680113378/square.jpg
out_of_scope_ant,Polyrhachis australis,polyrhachis-australis,201993,n/a_fresh_row,9d754e91-5679-4997-965b-b817a3a4c873,680085925,local_copy_verified:data/calibration_v1,cc-by-nc,"(c) Gibson Kelly, some rights reserved (CC BY-NC)",dc01ea1e48a71ceef4f761951ca06ccd5012672dc2f54fb99650b14299ebebcf,57553,375,500,calibration_v1_reuse,calibration_v1,83a80351f8ac65e89ea6124ac7de6d2cb6a3c68efc1f33eb3ecc2eca8c5f63c0,300,680085925,9d754e91-5679-4997-965b-b817a3a4c873,dc01ea1e48a71ceef4f761951ca06ccd5012672dc2f54fb99650b14299ebebcf,201993,Polyrhachis australis,not_recorded_in_source,calibration_v1_reuse,local_copy_verified:data/calibration_v1,https://inaturalist-open-data.s3.amazonaws.com/photos/680085925/square.jpg
out_of_scope_ant,Camponotus herculeanus,camponotus-herculeanus,215974,n/a_fresh_row,56d83fbb-4548-45fc-984e-6e22451d78e5,680118307,local_copy_verified:data/calibration_v1,cc-by-nc,"(c) Richard Burt, some rights reserved (CC BY-NC)",f41966429f72ac76107a0f8399e69ee5a4919cc50b4a75fb26b894c1148b7df9,119400,231,500,calibration_v1_reuse,calibration_v1,83a80351f8ac65e89ea6124ac7de6d2cb6a3c68efc1f33eb3ecc2eca8c5f63c0,301,680118307,56d83fbb-4548-45fc-984e-6e22451d78e5,f41966429f72ac76107a0f8399e69ee5a4919cc50b4a75fb26b894c1148b7df9,215974,Camponotus herculeanus,not_recorded_in_source,calibration_v1_reuse,local_copy_verified:data/calibration_v1,https://inaturalist-open-data.s3.amazonaws.com/photos/680118307/square.jpg
out_of_scope_ant,Myrmecia piliventris,myrmecia-piliventris,522313,n/a_fresh_row,fbf04ed0-9842-448a-a3ca-4bfdce0170fa,680120742,local_copy_verified:data/calibration_v1,cc-by-nc,"(c) Jake Lovell, some rights reserved (CC BY-NC)",ce32fd8bd718a82d6c7099005b14ddbf00720b08bb7b5e49343f3bc05ba42fbe,159106,433,500,calibration_v1_reuse,calibration_v1,83a80351f8ac65e89ea6124ac7de6d2cb6a3c68efc1f33eb3ecc2eca8c5f63c0,302,680120742,fbf04ed0-9842-448a-a3ca-4bfdce0170fa,ce32fd8bd718a82d6c7099005b14ddbf00720b08bb7b5e49343f3bc05ba42fbe,522313,Myrmecia piliventris,not_recorded_in_source,calibration_v1_reuse,local_copy_verified:data/calibration_v1,https://inaturalist-open-data.s3.amazonaws.com/photos/680120742/square.jpg
out_of_scope_ant,Camponotus japonicus,camponotus-japonicus,321673,n/a_fresh_row,fa2b60ad-1df0-4dd4-817b-0ef10ed92a85,680123464,local_copy_verified:data/calibration_v1,cc-by-nc,"(c) chelsea miranda, some rights reserved (CC BY-NC)",f11077a8d15dbed41dad4a5d5dcdf2abfdf867bf7d89fb564d50a3605473e671,291370,375,500,calibration_v1_reuse,calibration_v1,83a80351f8ac65e89ea6124ac7de6d2cb6a3c68efc1f33eb3ecc2eca8c5f63c0,303,680123464,fa2b60ad-1df0-4dd4-817b-0ef10ed92a85,f11077a8d15dbed41dad4a5d5dcdf2abfdf867bf7d89fb564d50a3605473e671,321673,Camponotus japonicus,not_recorded_in_source,calibration_v1_reuse,local_copy_verified:data/calibration_v1,https://inaturalist-open-data.s3.amazonaws.com/photos/680123464/square.jpg
out_of_scope_ant,Solenopsis geminata,solenopsis-geminata,67596,n/a_fresh_row,19348ef2-3345-481f-a52a-d416b6636c66,680128159,local_copy_verified:data/calibration_v1,cc-by-nc,"(c) Bhamini Sanker, some rights reserved (CC BY-NC)",7993c425162340a6a95a70179fd62b8dec921c34d73767519d543aae18cc7f42,181280,375,500,calibration_v1_reuse,calibration_v1,83a80351f8ac65e89ea6124ac7de6d2cb6a3c68efc1f33eb3ecc2eca8c5f63c0,304,680128159,19348ef2-3345-481f-a52a-d416b6636c66,7993c425162340a6a95a70179fd62b8dec921c34d73767519d543aae18cc7f42,67596,Solenopsis geminata,not_recorded_in_source,calibration_v1_reuse,local_copy_verified:data/calibration_v1,https://inaturalist-open-data.s3.amazonaws.com/photos/680128159/square.jpg
out_of_scope_ant,Camponotus lateralis,camponotus-lateralis,343252,n/a_fresh_row,4d0f270f-f830-4a07-9f08-8871d2b18d75,680128732,local_copy_verified:data/calibration_v1,cc-by-nc,"(c) lukasdiehl, some rights reserved (CC BY-NC)",74b425d6e20eb2647d7c3c2c7ef8a0980c05d5635879c19123aad7e0a2bcf3d0,135270,500,375,calibration_v1_reuse,calibration_v1,83a80351f8ac65e89ea6124ac7de6d2cb6a3c68efc1f33eb3ecc2eca8c5f63c0,305,680128732,4d0f270f-f830-4a07-9f08-8871d2b18d75,74b425d6e20eb2647d7c3c2c7ef8a0980c05d5635879c19123aad7e0a2bcf3d0,343252,Camponotus lateralis,not_recorded_in_source,calibration_v1_reuse,local_copy_verified:data/calibration_v1,https://inaturalist-open-data.s3.amazonaws.com/photos/680128732/square.jpg
out_of_scope_ant,Stictoponera bicolor,stictoponera-bicolor,1353607,n/a_fresh_row,f241ea07-993f-4c97-9063-e6b991606c7f,680129339,local_copy_verified:data/calibration_v1,cc-by-nc,"(c) Felix Chong, some rights reserved (CC BY-NC)",3a312b0f32a56ccb8613bfb2881f1d0df802d77089a69591f19c46dd7b0d44ff,109339,500,333,calibration_v1_reuse,calibration_v1,83a80351f8ac65e89ea6124ac7de6d2cb6a3c68efc1f33eb3ecc2eca8c5f63c0,306,680129339,f241ea07-993f-4c97-9063-e6b991606c7f,3a312b0f32a56ccb8613bfb2881f1d0df802d77089a69591f19c46dd7b0d44ff,1353607,Stictoponera bicolor,not_recorded_in_source,calibration_v1_reuse,local_copy_verified:data/calibration_v1,https://inaturalist-open-data.s3.amazonaws.com/photos/680129339/square.jpg
out_of_scope_ant,Polyrhachis daemeli,polyrhachis-daemeli,201995,n/a_fresh_row,1766b1e6-1e80-42d9-bd35-10a20d1307de,680132497,local_copy_verified:data/calibration_v1,cc-by,"(c) Mark Clarke, some rights reserved (CC BY)",493370d63c506ee2d19b26ff66b673bd5ac6992727da513de791aabae6e3ec60,48443,500,453,calibration_v1_reuse,calibration_v1,83a80351f8ac65e89ea6124ac7de6d2cb6a3c68efc1f33eb3ecc2eca8c5f63c0,307,680132497,1766b1e6-1e80-42d9-bd35-10a20d1307de,493370d63c506ee2d19b26ff66b673bd5ac6992727da513de791aabae6e3ec60,201995,Polyrhachis daemeli,not_recorded_in_source,calibration_v1_reuse,local_copy_verified:data/calibration_v1,https://inaturalist-open-data.s3.amazonaws.com/photos/680132497/square.jpg
out_of_scope_ant,Myrmecia brevinoda,myrmecia-brevinoda,201973,n/a_fresh_row,5d7e014e-4593-473a-8409-b24be06e0bbd,680119282,local_copy_verified:data/calibration_v1,cc-by-nc,"(c) Gibson Kelly, some rights reserved (CC BY-NC)",00aabc5db571eb7f42d7ca5a6a0afa47d5aee8af804f27ae6b36c9b0c5f1acbf,130494,500,375,calibration_v1_reuse,calibration_v1,83a80351f8ac65e89ea6124ac7de6d2cb6a3c68efc1f33eb3ecc2eca8c5f63c0,308,680119282,5d7e014e-4593-473a-8409-b24be06e0bbd,00aabc5db571eb7f42d7ca5a6a0afa47d5aee8af804f27ae6b36c9b0c5f1acbf,201973,Myrmecia brevinoda,not_recorded_in_source,calibration_v1_reuse,local_copy_verified:data/calibration_v1,https://inaturalist-open-data.s3.amazonaws.com/photos/680119282/square.jpg
out_of_scope_ant,Camponotus floridanus,camponotus-floridanus,81709,n/a_fresh_row,3a138bdf-ea4c-4fe7-9afc-95328d5d5cac,680140032,local_copy_verified:data/calibration_v1,cc-by-nc,"(c) spidersarefriendsnotfood, some rights reserved (CC BY-NC)",344cab8a11523edfc5da224c0e9a5cfc2b6d9f06f14f55b3efd5c57c1f1e72ab,298211,375,500,calibration_v1_reuse,calibration_v1,83a80351f8ac65e89ea6124ac7de6d2cb6a3c68efc1f33eb3ecc2eca8c5f63c0,309,680140032,3a138bdf-ea4c-4fe7-9afc-95328d5d5cac,344cab8a11523edfc5da224c0e9a5cfc2b6d9f06f14f55b3efd5c57c1f1e72ab,81709,Camponotus floridanus,not_recorded_in_source,calibration_v1_reuse,local_copy_verified:data/calibration_v1,https://inaturalist-open-data.s3.amazonaws.com/photos/680140032/square.jpg
out_of_scope_ant,Polyrhachis rufifemur,polyrhachis-rufifemur,460846,n/a_fresh_row,cbcf75bf-9da3-4ccc-b73b-ffaf755053d5,680129891,local_copy_verified:data/calibration_v1,cc-by,"(c) Scott W. Gavins, some rights reserved (CC BY)",e5ae2d1fc19f91cd6b62c8f5696e1cb708ab099d08fc2ec50afd2355545f4df9,44189,500,375,calibration_v1_reuse,calibration_v1,83a80351f8ac65e89ea6124ac7de6d2cb6a3c68efc1f33eb3ecc2eca8c5f63c0,310,680129891,cbcf75bf-9da3-4ccc-b73b-ffaf755053d5,e5ae2d1fc19f91cd6b62c8f5696e1cb708ab099d08fc2ec50afd2355545f4df9,460846,Polyrhachis rufifemur,not_recorded_in_source,calibration_v1_reuse,local_copy_verified:data/calibration_v1,https://inaturalist-open-data.s3.amazonaws.com/photos/680129891/square.jpg
out_of_scope_ant,Polyrhachis monteithi,polyrhachis-monteithi,1183860,n/a_fresh_row,d5d6bf33-34f0-42fa-99f7-df8724d7a760,680130109,local_copy_verified:data/calibration_v1,cc-by,"(c) Scott W. Gavins, some rights reserved (CC BY)",beb624728919d659cc1d9cd3e3dad9296dda7211ad7825122946e87914779830,47499,500,375,calibration_v1_reuse,calibration_v1,83a80351f8ac65e89ea6124ac7de6d2cb6a3c68efc1f33eb3ecc2eca8c5f63c0,311,680130109,d5d6bf33-34f0-42fa-99f7-df8724d7a760,beb624728919d659cc1d9cd3e3dad9296dda7211ad7825122946e87914779830,1183860,Polyrhachis monteithi,not_recorded_in_source,calibration_v1_reuse,local_copy_verified:data/calibration_v1,https://inaturalist-open-data.s3.amazonaws.com/photos/680130109/square.jpg
out_of_scope_ant,Pheidole megacephala,pheidole-megacephala,199356,n/a_fresh_row,a883e02a-172f-4217-97ff-f62c3f2d551b,680148511,local_copy_verified:data/calibration_v1,cc-by-nc,"(c) Stephen Fricker, some rights reserved (CC BY-NC)",377e1ec5ca43953ccd58d411db38488f2f6334e7494314d1e4bcdad2c89c4e25,30111,500,357,calibration_v1_reuse,calibration_v1,83a80351f8ac65e89ea6124ac7de6d2cb6a3c68efc1f33eb3ecc2eca8c5f63c0,313,680148511,a883e02a-172f-4217-97ff-f62c3f2d551b,377e1ec5ca43953ccd58d411db38488f2f6334e7494314d1e4bcdad2c89c4e25,199356,Pheidole megacephala,not_recorded_in_source,calibration_v1_reuse,local_copy_verified:data/calibration_v1,https://inaturalist-open-data.s3.amazonaws.com/photos/680148511/square.jpg
out_of_scope_ant,Formica pratensis,formica-pratensis,100996,n/a_fresh_row,a58e1e84-edb8-47f3-a03e-1829285364d5,680149598,local_copy_verified:data/calibration_v1,cc-by-nc,"(c) Csaba Bán, some rights reserved (CC BY-NC)",5911d50773c653ca15384249f6dbf85ea37608762feb1c101a6cdf5e90125472,182466,500,375,calibration_v1_reuse,calibration_v1,83a80351f8ac65e89ea6124ac7de6d2cb6a3c68efc1f33eb3ecc2eca8c5f63c0,314,680149598,a58e1e84-edb8-47f3-a03e-1829285364d5,5911d50773c653ca15384249f6dbf85ea37608762feb1c101a6cdf5e90125472,100996,Formica pratensis,not_recorded_in_source,calibration_v1_reuse,local_copy_verified:data/calibration_v1,https://inaturalist-open-data.s3.amazonaws.com/photos/680149598/square.jpg
out_of_scope_ant,Formica gagates,formica-gagates,347462,n/a_fresh_row,4f98b869-327d-46f4-8d6f-63b2d789b271,680142474,local_copy_verified:data/calibration_v1,cc-by-nc,"(c) emanon, some rights reserved (CC BY-NC)",f02ef9f25addc331f738950c91910023a9a264610ce24c969706abe41eee6007,186961,500,375,calibration_v1_reuse,calibration_v1,83a80351f8ac65e89ea6124ac7de6d2cb6a3c68efc1f33eb3ecc2eca8c5f63c0,315,680142474,4f98b869-327d-46f4-8d6f-63b2d789b271,f02ef9f25addc331f738950c91910023a9a264610ce24c969706abe41eee6007,347462,Formica gagates,not_recorded_in_source,calibration_v1_reuse,local_copy_verified:data/calibration_v1,https://inaturalist-open-data.s3.amazonaws.com/photos/680142474/square.jpg
out_of_scope_ant,Camponotus vagus,camponotus-vagus,343182,n/a_fresh_row,cc4000d6-7250-4a87-9dc6-465f8865bade,680150694,local_copy_verified:data/calibration_v1,cc-by-nc,"(c) Luca Boscain, some rights reserved (CC BY-NC)",e110f65209cd488789e16fdf06ae8782790a732a17dc12a46be2d81acce988aa,129746,500,349,calibration_v1_reuse,calibration_v1,83a80351f8ac65e89ea6124ac7de6d2cb6a3c68efc1f33eb3ecc2eca8c5f63c0,316,680150694,cc4000d6-7250-4a87-9dc6-465f8865bade,e110f65209cd488789e16fdf06ae8782790a732a17dc12a46be2d81acce988aa,343182,Camponotus vagus,not_recorded_in_source,calibration_v1_reuse,local_copy_verified:data/calibration_v1,https://inaturalist-open-data.s3.amazonaws.com/photos/680150694/square.jpg
out_of_scope_ant,Chelaner kiliani,chelaner-kiliani,1286771,n/a_fresh_row,cbb62cd7-3afc-44e5-851c-2fff6e9a89f4,680151193,local_copy_verified:data/calibration_v1,cc-by-nc,"(c) Terry, some rights reserved (CC BY-NC)",17f729f9ab04a3c767f142814f419b523d4e1ee180d39b63d61c27984065bf6e,65988,500,422,calibration_v1_reuse,calibration_v1,83a80351f8ac65e89ea6124ac7de6d2cb6a3c68efc1f33eb3ecc2eca8c5f63c0,317,680151193,cbb62cd7-3afc-44e5-851c-2fff6e9a89f4,17f729f9ab04a3c767f142814f419b523d4e1ee180d39b63d61c27984065bf6e,1286771,Chelaner kiliani,not_recorded_in_source,calibration_v1_reuse,local_copy_verified:data/calibration_v1,https://inaturalist-open-data.s3.amazonaws.com/photos/680151193/square.jpg
out_of_scope_ant,Camponotus japonicus,camponotus-japonicus,321673,n/a_fresh_row,6e8a9c6d-803c-4307-bddc-856f4ea172e4,680152395,local_copy_verified:data/calibration_v1,cc-by-nc,"(c) hwk, some rights reserved (CC BY-NC)",096a37557b3837526bb05d8d82ba714651b764eb70e1a672cf9c6521ee07104c,240086,375,500,calibration_v1_reuse,calibration_v1,83a80351f8ac65e89ea6124ac7de6d2cb6a3c68efc1f33eb3ecc2eca8c5f63c0,318,680152395,6e8a9c6d-803c-4307-bddc-856f4ea172e4,096a37557b3837526bb05d8d82ba714651b764eb70e1a672cf9c6521ee07104c,321673,Camponotus japonicus,not_recorded_in_source,calibration_v1_reuse,local_copy_verified:data/calibration_v1,https://inaturalist-open-data.s3.amazonaws.com/photos/680152395/square.jpg
out_of_scope_ant,Chelaner kiliani,chelaner-kiliani,1286771,n/a_fresh_row,0a8129e3-e3ee-48fe-8634-867b30f0947f,680152355,local_copy_verified:data/calibration_v1,cc-by-nc,"(c) Terry, some rights reserved (CC BY-NC)",09f81e3cc5cb4afc872b78716dd15cc66a603575e6f1373be1e259572eeed79c,60344,500,334,calibration_v1_reuse,calibration_v1,83a80351f8ac65e89ea6124ac7de6d2cb6a3c68efc1f33eb3ecc2eca8c5f63c0,319,680152355,0a8129e3-e3ee-48fe-8634-867b30f0947f,09f81e3cc5cb4afc872b78716dd15cc66a603575e6f1373be1e259572eeed79c,1286771,Chelaner kiliani,not_recorded_in_source,calibration_v1_reuse,local_copy_verified:data/calibration_v1,https://inaturalist-open-data.s3.amazonaws.com/photos/680152355/square.jpg
out_of_scope_ant,Aphaenogaster longiceps,aphaenogaster-longiceps,418035,n/a_fresh_row,b9717097-1fc5-4aca-9f1a-c90084871c89,680153660,local_copy_verified:data/calibration_v1,cc-by-nc,"(c) Patrick Brennan, some rights reserved (CC BY-NC)",81bfe9a0834940ca88b1b935abd01fd55a1cdc9823eb028f3911f0ff2ee73f5c,238055,281,500,calibration_v1_reuse,calibration_v1,83a80351f8ac65e89ea6124ac7de6d2cb6a3c68efc1f33eb3ecc2eca8c5f63c0,321,680153660,b9717097-1fc5-4aca-9f1a-c90084871c89,81bfe9a0834940ca88b1b935abd01fd55a1cdc9823eb028f3911f0ff2ee73f5c,418035,Aphaenogaster longiceps,not_recorded_in_source,calibration_v1_reuse,local_copy_verified:data/calibration_v1,https://inaturalist-open-data.s3.amazonaws.com/photos/680153660/square.jpg
out_of_scope_ant,Camponotus vagus,camponotus-vagus,343182,n/a_fresh_row,f48f3b27-3872-4d95-ba30-40e75988b9e6,680157055,local_copy_verified:data/calibration_v1,cc-by-nc,"(c) Michele Fornasari, some rights reserved (CC BY-NC)",e06cf29118643c1389ce6c9864b22e77aee9ab5683eca7f2c3455b4415e84833,152380,500,425,calibration_v1_reuse,calibration_v1,83a80351f8ac65e89ea6124ac7de6d2cb6a3c68efc1f33eb3ecc2eca8c5f63c0,322,680157055,f48f3b27-3872-4d95-ba30-40e75988b9e6,e06cf29118643c1389ce6c9864b22e77aee9ab5683eca7f2c3455b4415e84833,343182,Camponotus vagus,not_recorded_in_source,calibration_v1_reuse,local_copy_verified:data/calibration_v1,https://inaturalist-open-data.s3.amazonaws.com/photos/680157055/square.jpg
out_of_scope_ant,Camponotus vagus,camponotus-vagus,343182,n/a_fresh_row,b5dd0ccb-9863-4ce7-b878-1158556f7a30,680161572,local_copy_verified:data/calibration_v1,cc-by-nc,"(c) Csaba Bán, some rights reserved (CC BY-NC)",57381f36aaab4882deac1d999b13eb283119d7955952e00e78b843705205d105,203996,500,375,calibration_v1_reuse,calibration_v1,83a80351f8ac65e89ea6124ac7de6d2cb6a3c68efc1f33eb3ecc2eca8c5f63c0,323,680161572,b5dd0ccb-9863-4ce7-b878-1158556f7a30,57381f36aaab4882deac1d999b13eb283119d7955952e00e78b843705205d105,343182,Camponotus vagus,not_recorded_in_source,calibration_v1_reuse,local_copy_verified:data/calibration_v1,https://inaturalist-open-data.s3.amazonaws.com/photos/680161572/square.jpg
out_of_scope_ant,Trichomyrmex destructor,trichomyrmex-destructor,424679,n/a_fresh_row,d27bd572-96a8-46be-9a64-fdaf15d48a58,680163066,local_copy_verified:data/calibration_v1,cc-by-nc,"(c) Vinod Kumar Banovath, some rights reserved (CC BY-NC)",69dfb5f84e6ce0365a210702e2c6ad96f1eea6e39e2e0c1e3f95047c93a53b3c,129193,231,500,calibration_v1_reuse,calibration_v1,83a80351f8ac65e89ea6124ac7de6d2cb6a3c68efc1f33eb3ecc2eca8c5f63c0,324,680163066,d27bd572-96a8-46be-9a64-fdaf15d48a58,69dfb5f84e6ce0365a210702e2c6ad96f1eea6e39e2e0c1e3f95047c93a53b3c,424679,Trichomyrmex destructor,not_recorded_in_source,calibration_v1_reuse,local_copy_verified:data/calibration_v1,https://inaturalist-open-data.s3.amazonaws.com/photos/680163066/square.jpg
out_of_scope_ant,Cataglyphis aphrodite,cataglyphis-aphrodite,1466834,n/a_fresh_row,968ae585-aaac-4adf-9334-47c4bde931eb,680163754,local_copy_verified:data/calibration_v1,cc-by-nc,"(c) lezanimaux, some rights reserved (CC BY-NC)",2f2a0cce8d480f83498e6c087b1d9ee702a78875d8004a57e2b3cb81c887b09e,84240,297,500,calibration_v1_reuse,calibration_v1,83a80351f8ac65e89ea6124ac7de6d2cb6a3c68efc1f33eb3ecc2eca8c5f63c0,325,680163754,968ae585-aaac-4adf-9334-47c4bde931eb,2f2a0cce8d480f83498e6c087b1d9ee702a78875d8004a57e2b3cb81c887b09e,1466834,Cataglyphis aphrodite,not_recorded_in_source,calibration_v1_reuse,local_copy_verified:data/calibration_v1,https://inaturalist-open-data.s3.amazonaws.com/photos/680163754/square.jpg
out_of_scope_ant,Formica uralensis,formica-uralensis,100998,n/a_fresh_row,65d150f5-9af2-4039-9ba8-eb0820b9562b,680171912,local_copy_verified:data/calibration_v1,cc-by,"(c) Святослав Власенко, some rights reserved (CC BY)",c36d0132da89895e6141d0f8a1179ae723cb9a68ece544c1c8c958d0d0b8159d,135246,375,500,calibration_v1_reuse,calibration_v1,83a80351f8ac65e89ea6124ac7de6d2cb6a3c68efc1f33eb3ecc2eca8c5f63c0,326,680171912,65d150f5-9af2-4039-9ba8-eb0820b9562b,c36d0132da89895e6141d0f8a1179ae723cb9a68ece544c1c8c958d0d0b8159d,100998,Formica uralensis,not_recorded_in_source,calibration_v1_reuse,local_copy_verified:data/calibration_v1,https://inaturalist-open-data.s3.amazonaws.com/photos/680171912/square.jpg
out_of_scope_ant,Camponotus japonicus,camponotus-japonicus,321673,n/a_fresh_row,9a93e0be-7203-436c-8136-d5df9e2a2617,680175165,local_copy_verified:data/calibration_v1,cc-by-nc,"(c) tackeyackee, some rights reserved (CC BY-NC)",e5ecf0fc7cce146f0acad1ec3542e74825d663aa43217270950e53ec3a12ac06,271918,375,500,calibration_v1_reuse,calibration_v1,83a80351f8ac65e89ea6124ac7de6d2cb6a3c68efc1f33eb3ecc2eca8c5f63c0,328,680175165,9a93e0be-7203-436c-8136-d5df9e2a2617,e5ecf0fc7cce146f0acad1ec3542e74825d663aa43217270950e53ec3a12ac06,321673,Camponotus japonicus,not_recorded_in_source,calibration_v1_reuse,local_copy_verified:data/calibration_v1,https://inaturalist-open-data.s3.amazonaws.com/photos/680175165/square.jpg
out_of_scope_ant,Crematogaster lorteti,crematogaster-lorteti,1145862,n/a_fresh_row,e802dc15-5178-4ad7-8166-96e2af94cb99,680175568,local_copy_verified:data/calibration_v1,cc-by-nc,"(c) Heba Salhab, some rights reserved (CC BY-NC)",b3a42aabad5a3db78f0d212c3424239adc42a267d15b26d63ad50a30f5159989,79105,457,500,calibration_v1_reuse,calibration_v1,83a80351f8ac65e89ea6124ac7de6d2cb6a3c68efc1f33eb3ecc2eca8c5f63c0,329,680175568,e802dc15-5178-4ad7-8166-96e2af94cb99,b3a42aabad5a3db78f0d212c3424239adc42a267d15b26d63ad50a30f5159989,1145862,Crematogaster lorteti,not_recorded_in_source,calibration_v1_reuse,local_copy_verified:data/calibration_v1,https://inaturalist-open-data.s3.amazonaws.com/photos/680175568/square.jpg
out_of_scope_ant,Myrmecia simillima,myrmecia-simillima,516641,n/a_fresh_row,f231923f-6b67-404c-b710-5741a306fae9,680176376,local_copy_verified:data/calibration_v1,cc-by-nc,"(c) andrew_k_00, some rights reserved (CC BY-NC)",06b94dddb33339b1e62d4b5e94b37c341e24f9803514bd2df5dccd689b83aeb2,189829,375,500,calibration_v1_reuse,calibration_v1,83a80351f8ac65e89ea6124ac7de6d2cb6a3c68efc1f33eb3ecc2eca8c5f63c0,330,680176376,f231923f-6b67-404c-b710-5741a306fae9,06b94dddb33339b1e62d4b5e94b37c341e24f9803514bd2df5dccd689b83aeb2,516641,Myrmecia simillima,not_recorded_in_source,calibration_v1_reuse,local_copy_verified:data/calibration_v1,https://inaturalist-open-data.s3.amazonaws.com/photos/680176376/square.jpg
out_of_scope_ant,Myrmica ruginodis,myrmica-ruginodis,347551,n/a_fresh_row,b03d1450-6aef-41c8-b3f8-b12c9f36eaf7,680186828,local_copy_verified:data/calibration_v1,cc-by,"(c) Axel Amendolara, some rights reserved (CC BY)",7a7bfb76976c8274631221b5a864a06c0b5ea8e2b0bf91f99c0145f71ad87342,97690,500,333,calibration_v1_reuse,calibration_v1,83a80351f8ac65e89ea6124ac7de6d2cb6a3c68efc1f33eb3ecc2eca8c5f63c0,333,680186828,b03d1450-6aef-41c8-b3f8-b12c9f36eaf7,7a7bfb76976c8274631221b5a864a06c0b5ea8e2b0bf91f99c0145f71ad87342,347551,Myrmica ruginodis,not_recorded_in_source,calibration_v1_reuse,local_copy_verified:data/calibration_v1,https://inaturalist-open-data.s3.amazonaws.com/photos/680186828/square.jpg
out_of_scope_ant,Camponotus japonicus,camponotus-japonicus,321673,n/a_fresh_row,b922a295-b53b-488e-9c1e-b42342ad0001,680188495,local_copy_verified:data/calibration_v1,cc-by-nc,"(c) yuiip098, some rights reserved (CC BY-NC)",1e11b181e86a313e656a6173bb530881b03c509838dcc0e1590bd7325034f830,147554,375,500,calibration_v1_reuse,calibration_v1,83a80351f8ac65e89ea6124ac7de6d2cb6a3c68efc1f33eb3ecc2eca8c5f63c0,334,680188495,b922a295-b53b-488e-9c1e-b42342ad0001,1e11b181e86a313e656a6173bb530881b03c509838dcc0e1590bd7325034f830,321673,Camponotus japonicus,not_recorded_in_source,calibration_v1_reuse,local_copy_verified:data/calibration_v1,https://inaturalist-open-data.s3.amazonaws.com/photos/680188495/square.jpg
out_of_scope_ant,Camponotus consobrinus,camponotus-consobrinus,201978,n/a_fresh_row,94f286e6-dace-4c22-8dd6-1c71ab76bc69,680172283,local_copy_verified:data/calibration_v1,cc-by,"(c) grampianshiker, some rights reserved (CC BY)",8e77e15ca5c2ca8d87b821e3537fef1f53d49fe3fb7db2d55528a2d1f6d1cb9a,84500,500,375,calibration_v1_reuse,calibration_v1,83a80351f8ac65e89ea6124ac7de6d2cb6a3c68efc1f33eb3ecc2eca8c5f63c0,335,680172283,94f286e6-dace-4c22-8dd6-1c71ab76bc69,8e77e15ca5c2ca8d87b821e3537fef1f53d49fe3fb7db2d55528a2d1f6d1cb9a,201978,Camponotus consobrinus,not_recorded_in_source,calibration_v1_reuse,local_copy_verified:data/calibration_v1,https://inaturalist-open-data.s3.amazonaws.com/photos/680172283/square.jpg
out_of_scope_ant,Dolichoderus scrobiculatus,dolichoderus-scrobiculatus,786992,n/a_fresh_row,96b21d04-ffc7-4126-b0e4-c78442f97d97,680190667,local_copy_verified:data/calibration_v1,cc-by-nc,"(c) wcrrwng, some rights reserved (CC BY-NC)",510f720eb4764c61c12aaea9d7d1207a536e0f52596d3e82de9a023f3a34613c,64412,500,385,calibration_v1_reuse,calibration_v1,83a80351f8ac65e89ea6124ac7de6d2cb6a3c68efc1f33eb3ecc2eca8c5f63c0,337,680190667,96b21d04-ffc7-4126-b0e4-c78442f97d97,510f720eb4764c61c12aaea9d7d1207a536e0f52596d3e82de9a023f3a34613c,786992,Dolichoderus scrobiculatus,not_recorded_in_source,calibration_v1_reuse,local_copy_verified:data/calibration_v1,https://inaturalist-open-data.s3.amazonaws.com/photos/680190667/square.jpg
out_of_scope_ant,Polyrhachis mjobergi,polyrhachis-mjobergi,900593,n/a_fresh_row,82061e17-36ad-4883-88b0-ab504a1dd75c,680190671,local_copy_verified:data/calibration_v1,cc-by-nc,"(c) wcrrwng, some rights reserved (CC BY-NC)",a3700c17bad983cd7f376ff4a60e4927626d3ea148716bbd6826679b9e5379f2,78997,500,473,calibration_v1_reuse,calibration_v1,83a80351f8ac65e89ea6124ac7de6d2cb6a3c68efc1f33eb3ecc2eca8c5f63c0,338,680190671,82061e17-36ad-4883-88b0-ab504a1dd75c,a3700c17bad983cd7f376ff4a60e4927626d3ea148716bbd6826679b9e5379f2,900593,Polyrhachis mjobergi,not_recorded_in_source,calibration_v1_reuse,local_copy_verified:data/calibration_v1,https://inaturalist-open-data.s3.amazonaws.com/photos/680190671/square.jpg
out_of_scope_ant,Dolichoderus scrobiculatus,dolichoderus-scrobiculatus,786992,n/a_fresh_row,322345b8-057e-48d4-8da1-1d2877c019d0,680190698,local_copy_verified:data/calibration_v1,cc-by-nc,"(c) wcrrwng, some rights reserved (CC BY-NC)",4b627058ddf43f637a05f5723f6ed054fb7abfae98964141d4b7d54f1ba5d439,36484,500,375,calibration_v1_reuse,calibration_v1,83a80351f8ac65e89ea6124ac7de6d2cb6a3c68efc1f33eb3ecc2eca8c5f63c0,339,680190698,322345b8-057e-48d4-8da1-1d2877c019d0,4b627058ddf43f637a05f5723f6ed054fb7abfae98964141d4b7d54f1ba5d439,786992,Dolichoderus scrobiculatus,not_recorded_in_source,calibration_v1_reuse,local_copy_verified:data/calibration_v1,https://inaturalist-open-data.s3.amazonaws.com/photos/680190698/square.jpg
out_of_scope_ant,Dolichoderus scrobiculatus,dolichoderus-scrobiculatus,786992,n/a_fresh_row,fbf9259f-07f7-4242-96d2-9331153e6ad8,680190697,local_copy_verified:data/calibration_v1,cc-by-nc,"(c) wcrrwng, some rights reserved (CC BY-NC)",854d2e4285d15e6e3fef71b59c5084a8a3c47c051ccf4183037205842960c8c6,42472,500,375,calibration_v1_reuse,calibration_v1,83a80351f8ac65e89ea6124ac7de6d2cb6a3c68efc1f33eb3ecc2eca8c5f63c0,340,680190697,fbf9259f-07f7-4242-96d2-9331153e6ad8,854d2e4285d15e6e3fef71b59c5084a8a3c47c051ccf4183037205842960c8c6,786992,Dolichoderus scrobiculatus,not_recorded_in_source,calibration_v1_reuse,local_copy_verified:data/calibration_v1,https://inaturalist-open-data.s3.amazonaws.com/photos/680190697/square.jpg
out_of_scope_ant,Myrmecia vindex,myrmecia-vindex,878184,n/a_fresh_row,804eca3c-8064-47e4-bd8e-e7aba0afd836,680200855,local_copy_verified:data/calibration_v1,cc-by-nc,"(c) Frank, some rights reserved (CC BY-NC)",730a37aa44f3471c94b02a1f25e0bf0979af81319119d5a84cb723969ba83bf6,143920,233,500,calibration_v1_reuse,calibration_v1,83a80351f8ac65e89ea6124ac7de6d2cb6a3c68efc1f33eb3ecc2eca8c5f63c0,342,680200855,804eca3c-8064-47e4-bd8e-e7aba0afd836,730a37aa44f3471c94b02a1f25e0bf0979af81319119d5a84cb723969ba83bf6,878184,Myrmecia vindex,not_recorded_in_source,calibration_v1_reuse,local_copy_verified:data/calibration_v1,https://inaturalist-open-data.s3.amazonaws.com/photos/680200855/square.jpg
out_of_scope_ant,Technomyrmex sophiae,technomyrmex-sophiae,1265952,n/a_fresh_row,636e1adf-060f-49bf-816b-04cac22e0335,680200818,local_copy_verified:data/calibration_v1,cc-by-nc,"(c) Martin Bennett, some rights reserved (CC BY-NC)",ba289a7fb4a007707ca77d8908bbd5407e94f8ecb2f2bedf907ceb4b5aac9a69,72310,500,375,calibration_v1_reuse,calibration_v1,83a80351f8ac65e89ea6124ac7de6d2cb6a3c68efc1f33eb3ecc2eca8c5f63c0,343,680200818,636e1adf-060f-49bf-816b-04cac22e0335,ba289a7fb4a007707ca77d8908bbd5407e94f8ecb2f2bedf907ceb4b5aac9a69,1265952,Technomyrmex sophiae,not_recorded_in_source,calibration_v1_reuse,local_copy_verified:data/calibration_v1,https://inaturalist-open-data.s3.amazonaws.com/photos/680200818/square.jpg
out_of_scope_ant,Myrmicaria brunnea,myrmicaria-brunnea,537943,n/a_fresh_row,a06173e4-b5bd-4982-8551-cbfb146b9c88,680206268,local_copy_verified:data/calibration_v1,cc-by-nc,"(c) Divyaansh Pratap Singh, some rights reserved (CC BY-NC)",b8c84b1cbd54fd25ad62a1d8f660cb00ba947624ac5585fde6d014ec01f31c97,166136,500,375,calibration_v1_reuse,calibration_v1,83a80351f8ac65e89ea6124ac7de6d2cb6a3c68efc1f33eb3ecc2eca8c5f63c0,344,680206268,a06173e4-b5bd-4982-8551-cbfb146b9c88,b8c84b1cbd54fd25ad62a1d8f660cb00ba947624ac5585fde6d014ec01f31c97,537943,Myrmicaria brunnea,not_recorded_in_source,calibration_v1_reuse,local_copy_verified:data/calibration_v1,https://inaturalist-open-data.s3.amazonaws.com/photos/680206268/square.jpg
out_of_scope_ant,Lasius flavus,lasius-flavus,69315,n/a_fresh_row,c8a7669d-ff34-4045-a6e5-3bd4a4d09805,680209538,local_copy_verified:data/calibration_v1,cc-by-nc,"(c) Ev, some rights reserved (CC BY-NC)",bfa16f55ddc8ea1eb5febf8e756f421abd2ea773eb1c9a056ea25bf3be07076a,132948,231,500,calibration_v1_reuse,calibration_v1,83a80351f8ac65e89ea6124ac7de6d2cb6a3c68efc1f33eb3ecc2eca8c5f63c0,346,680209538,c8a7669d-ff34-4045-a6e5-3bd4a4d09805,bfa16f55ddc8ea1eb5febf8e756f421abd2ea773eb1c9a056ea25bf3be07076a,69315,Lasius flavus,not_recorded_in_source,calibration_v1_reuse,local_copy_verified:data/calibration_v1,https://inaturalist-open-data.s3.amazonaws.com/photos/680209538/square.jpg
out_of_scope_ant,Camponotus consobrinus,camponotus-consobrinus,201978,n/a_fresh_row,4c70c7f7-c8bb-41b3-a7e0-bdb455345ffe,680214534,local_copy_verified:data/calibration_v1,cc-by-nc,"(c) Martin Bennett, some rights reserved (CC BY-NC)",6dd5b425ecd96379638d18b4725c94e57e1daebc6bf957390da077e2ed63cfe9,91343,500,333,calibration_v1_reuse,calibration_v1,83a80351f8ac65e89ea6124ac7de6d2cb6a3c68efc1f33eb3ecc2eca8c5f63c0,349,680214534,4c70c7f7-c8bb-41b3-a7e0-bdb455345ffe,6dd5b425ecd96379638d18b4725c94e57e1daebc6bf957390da077e2ed63cfe9,201978,Camponotus consobrinus,not_recorded_in_source,calibration_v1_reuse,local_copy_verified:data/calibration_v1,https://inaturalist-open-data.s3.amazonaws.com/photos/680214534/square.jpg
out_of_scope_ant,Cataglyphis nodus,cataglyphis-nodus,451308,n/a_fresh_row,52c559ba-cae3-4701-aa70-a46290339e18,680225696,local_copy_verified:data/calibration_v1,cc-by-nc,"(c) mycolojoe, some rights reserved (CC BY-NC)",1f07bd26428b5aef7565d376926cae841a234ccf0cace0966073370340c22644,141712,375,500,calibration_v1_reuse,calibration_v1,83a80351f8ac65e89ea6124ac7de6d2cb6a3c68efc1f33eb3ecc2eca8c5f63c0,350,680225696,52c559ba-cae3-4701-aa70-a46290339e18,1f07bd26428b5aef7565d376926cae841a234ccf0cace0966073370340c22644,451308,Cataglyphis nodus,not_recorded_in_source,calibration_v1_reuse,local_copy_verified:data/calibration_v1,https://inaturalist-open-data.s3.amazonaws.com/photos/680225696/square.jpg
out_of_scope_ant,Formica subsericea,formica-subsericea,133027,n/a_fresh_row,e7022b76-6e63-4f95-b834-f31ba90c0d0f,680226415,local_copy_verified:data/calibration_v1,cc0,no rights reserved,5d54cbba948bb457eacbf87706dc93890895f09503769786dda546b66df5bedf,78773,375,500,calibration_v1_reuse,calibration_v1,83a80351f8ac65e89ea6124ac7de6d2cb6a3c68efc1f33eb3ecc2eca8c5f63c0,351,680226415,e7022b76-6e63-4f95-b834-f31ba90c0d0f,5d54cbba948bb457eacbf87706dc93890895f09503769786dda546b66df5bedf,133027,Formica subsericea,not_recorded_in_source,calibration_v1_reuse,local_copy_verified:data/calibration_v1,https://inaturalist-open-data.s3.amazonaws.com/photos/680226415/square.jpg
out_of_scope_ant,Camponotus japonicus,camponotus-japonicus,321673,n/a_fresh_row,19021a3c-04be-4bae-b567-f74ef00a9665,680188432,local_copy_verified:data/calibration_v1,cc-by-nc,"(c) YunGyu Seo, some rights reserved (CC BY-NC)",503ec654a8fb0502f52aeeadca3f46c1b415c8bb916ea6fa8631e598f4031ffd,49386,500,333,calibration_v1_reuse,calibration_v1,83a80351f8ac65e89ea6124ac7de6d2cb6a3c68efc1f33eb3ecc2eca8c5f63c0,352,680188432,19021a3c-04be-4bae-b567-f74ef00a9665,503ec654a8fb0502f52aeeadca3f46c1b415c8bb916ea6fa8631e598f4031ffd,321673,Camponotus japonicus,not_recorded_in_source,calibration_v1_reuse,local_copy_verified:data/calibration_v1,https://inaturalist-open-data.s3.amazonaws.com/photos/680188432/square.jpg
out_of_scope_ant,Notoncus capitatus,notoncus-capitatus,1030099,n/a_fresh_row,a7a5d326-dc18-474e-8ab1-3235ef434550,680235933,local_copy_verified:data/calibration_v1,cc-by-nc,"(c) oneanttofew, some rights reserved (CC BY-NC)",47f937902ed1631a135f67ce00d2f3d1b547129c0708fd8a4cf324e189be333e,53180,346,500,calibration_v1_reuse,calibration_v1,83a80351f8ac65e89ea6124ac7de6d2cb6a3c68efc1f33eb3ecc2eca8c5f63c0,353,680235933,a7a5d326-dc18-474e-8ab1-3235ef434550,47f937902ed1631a135f67ce00d2f3d1b547129c0708fd8a4cf324e189be333e,1030099,Notoncus capitatus,not_recorded_in_source,calibration_v1_reuse,local_copy_verified:data/calibration_v1,https://inaturalist-open-data.s3.amazonaws.com/photos/680235933/square.jpg
out_of_scope_ant,Cataglyphis aenescens,cataglyphis-aenescens,82191,n/a_fresh_row,101231c1-a0cd-4f49-8690-e354393eb4db,680225040,local_copy_verified:data/calibration_v1,cc-by-nc,"(c) orcinusss, some rights reserved (CC BY-NC)",ff7806e6c17452b399248b92bb2a3394d5e423213861cb44b87ce11be1cdd01f,126913,500,375,calibration_v1_reuse,calibration_v1,83a80351f8ac65e89ea6124ac7de6d2cb6a3c68efc1f33eb3ecc2eca8c5f63c0,354,680225040,101231c1-a0cd-4f49-8690-e354393eb4db,ff7806e6c17452b399248b92bb2a3394d5e423213861cb44b87ce11be1cdd01f,82191,Cataglyphis aenescens,not_recorded_in_source,calibration_v1_reuse,local_copy_verified:data/calibration_v1,https://inaturalist-open-data.s3.amazonaws.com/photos/680225040/square.jpg
out_of_scope_ant,Messor ibericus,messor-ibericus,840243,n/a_fresh_row,2769bc70-a2af-4182-82b0-30f5f08ef308,680238996,local_copy_verified:data/calibration_v1,cc-by-nc,"(c) Lily Sandstrom, some rights reserved (CC BY-NC)",5607f2af9b3390835ace3d17d7ad40ac82f73c962c38e12e6b69b41aa8b2b914,230190,500,500,calibration_v1_reuse,calibration_v1,83a80351f8ac65e89ea6124ac7de6d2cb6a3c68efc1f33eb3ecc2eca8c5f63c0,355,680238996,2769bc70-a2af-4182-82b0-30f5f08ef308,5607f2af9b3390835ace3d17d7ad40ac82f73c962c38e12e6b69b41aa8b2b914,840243,Messor ibericus,not_recorded_in_source,calibration_v1_reuse,local_copy_verified:data/calibration_v1,https://inaturalist-open-data.s3.amazonaws.com/photos/680238996/square.jpg
out_of_scope_ant,Cataglyphis nodus,cataglyphis-nodus,451308,n/a_fresh_row,fd753eb1-5926-43ae-9f45-ecd8364cd3bb,680240903,local_copy_verified:data/calibration_v1,cc-by-nc,"(c) buggywalk, some rights reserved (CC BY-NC)",0dc0b265476f2540df738739af96cf36278b38a29f792972a826155e39eddbde,237307,281,500,calibration_v1_reuse,calibration_v1,83a80351f8ac65e89ea6124ac7de6d2cb6a3c68efc1f33eb3ecc2eca8c5f63c0,356,680240903,fd753eb1-5926-43ae-9f45-ecd8364cd3bb,0dc0b265476f2540df738739af96cf36278b38a29f792972a826155e39eddbde,451308,Cataglyphis nodus,not_recorded_in_source,calibration_v1_reuse,local_copy_verified:data/calibration_v1,https://inaturalist-open-data.s3.amazonaws.com/photos/680240903/square.jpg
out_of_scope_ant,Formica cunicularia,formica-cunicularia,337960,n/a_fresh_row,f75213fc-489b-4c46-b194-e64cf7644843,680244011,local_copy_verified:data/calibration_v1,cc-by-nc,"(c) Jean-Baptiste Peyrelongue, some rights reserved (CC BY-NC)",62e346f598d13d5e347b00a987e0ade163f5dde1b845fbd69d47c98c4dd8c291,123909,500,333,calibration_v1_reuse,calibration_v1,83a80351f8ac65e89ea6124ac7de6d2cb6a3c68efc1f33eb3ecc2eca8c5f63c0,357,680244011,f75213fc-489b-4c46-b194-e64cf7644843,62e346f598d13d5e347b00a987e0ade163f5dde1b845fbd69d47c98c4dd8c291,337960,Formica cunicularia,not_recorded_in_source,calibration_v1_reuse,local_copy_verified:data/calibration_v1,https://inaturalist-open-data.s3.amazonaws.com/photos/680244011/square.jpg
out_of_scope_ant,Odontomachus litoralis,odontomachus-litoralis,1418864,n/a_fresh_row,3e0a16a7-068e-4366-bdc0-bd436cd9a33f,680242287,local_copy_verified:data/calibration_v1,cc-by-nc,"(c) Rui, some rights reserved (CC BY-NC)",b43bc352bab79c61723e9725171720148077134abfafff932f03162ecfbf1b5b,231450,500,333,calibration_v1_reuse,calibration_v1,83a80351f8ac65e89ea6124ac7de6d2cb6a3c68efc1f33eb3ecc2eca8c5f63c0,358,680242287,3e0a16a7-068e-4366-bdc0-bd436cd9a33f,b43bc352bab79c61723e9725171720148077134abfafff932f03162ecfbf1b5b,1418864,Odontomachus litoralis,not_recorded_in_source,calibration_v1_reuse,local_copy_verified:data/calibration_v1,https://inaturalist-open-data.s3.amazonaws.com/photos/680242287/square.jpg
out_of_scope_ant,Camponotus floridanus,camponotus-floridanus,81709,n/a_fresh_row,17917cbe-cb5f-463b-b3d1-9ba8b8715c76,680251337,local_copy_verified:data/calibration_v1,cc-by-nc,"(c) Don Damiani, some rights reserved (CC BY-NC)",9e048f66fec78997c5318e51ba54274734206feb0812ce5a19f54e8f657b32ab,118186,375,500,calibration_v1_reuse,calibration_v1,83a80351f8ac65e89ea6124ac7de6d2cb6a3c68efc1f33eb3ecc2eca8c5f63c0,359,680251337,17917cbe-cb5f-463b-b3d1-9ba8b8715c76,9e048f66fec78997c5318e51ba54274734206feb0812ce5a19f54e8f657b32ab,81709,Camponotus floridanus,not_recorded_in_source,calibration_v1_reuse,local_copy_verified:data/calibration_v1,https://inaturalist-open-data.s3.amazonaws.com/photos/680251337/square.jpg
out_of_scope_ant,Myrmecia urens,myrmecia-urens,506673,n/a_fresh_row,67125b52-ab57-4aa6-bcbb-a4eea4ac8b4f,680254052,local_copy_verified:data/calibration_v1,cc-by-nc,"(c) oneanttofew, some rights reserved (CC BY-NC)",005be1862492b5ced8972c742b00625bfce2d6af6616b67b20cb4a2195d53f6d,36954,340,500,calibration_v1_reuse,calibration_v1,83a80351f8ac65e89ea6124ac7de6d2cb6a3c68efc1f33eb3ecc2eca8c5f63c0,362,680254052,67125b52-ab57-4aa6-bcbb-a4eea4ac8b4f,005be1862492b5ced8972c742b00625bfce2d6af6616b67b20cb4a2195d53f6d,506673,Myrmecia urens,not_recorded_in_source,calibration_v1_reuse,local_copy_verified:data/calibration_v1,https://inaturalist-open-data.s3.amazonaws.com/photos/680254052/square.jpg
out_of_scope_ant,Formica pratensis,formica-pratensis,100996,n/a_fresh_row,9402009f-0836-4ebc-bb06-4242af18a139,680263270,local_copy_verified:data/calibration_v1,cc-by-nc,"(c) Elena Stefanova, some rights reserved (CC BY-NC)",ccdfb8e979667e90f141e6344459a46cf76509616c59b9ffbf0e85ddbc001648,53585,500,378,calibration_v1_reuse,calibration_v1,83a80351f8ac65e89ea6124ac7de6d2cb6a3c68efc1f33eb3ecc2eca8c5f63c0,364,680263270,9402009f-0836-4ebc-bb06-4242af18a139,ccdfb8e979667e90f141e6344459a46cf76509616c59b9ffbf0e85ddbc001648,100996,Formica pratensis,not_recorded_in_source,calibration_v1_reuse,local_copy_verified:data/calibration_v1,https://inaturalist-open-data.s3.amazonaws.com/photos/680263270/square.jpg
out_of_scope_ant,Formica sanguinea,formica-sanguinea,343357,n/a_fresh_row,61637d6f-06b9-4354-a2ec-ecc818229571,680268508,local_copy_verified:data/calibration_v1,cc-by-nc,"(c) manucollin, some rights reserved (CC BY-NC)",ee69d6ee1220749a52fb8b5bf72d5bc98eac3ad15d8339e7dfe112e2c7efe630,77474,281,500,calibration_v1_reuse,calibration_v1,83a80351f8ac65e89ea6124ac7de6d2cb6a3c68efc1f33eb3ecc2eca8c5f63c0,365,680268508,61637d6f-06b9-4354-a2ec-ecc818229571,ee69d6ee1220749a52fb8b5bf72d5bc98eac3ad15d8339e7dfe112e2c7efe630,343357,Formica sanguinea,not_recorded_in_source,calibration_v1_reuse,local_copy_verified:data/calibration_v1,https://inaturalist-open-data.s3.amazonaws.com/photos/680268508/square.jpg
out_of_scope_ant,Camponotus sayi,camponotus-sayi,68960,n/a_fresh_row,f921b088-15c3-4bad-8d4d-6f9396f2a3f2,680270719,local_copy_verified:data/calibration_v1,cc-by-nc,"(c) Scribbletoby, some rights reserved (CC BY-NC)",0f956b0a0ce6ec7730394e24d598a6880e50e2a0e065a0b1226c30ee0d6f06dc,152772,375,500,calibration_v1_reuse,calibration_v1,83a80351f8ac65e89ea6124ac7de6d2cb6a3c68efc1f33eb3ecc2eca8c5f63c0,366,680270719,f921b088-15c3-4bad-8d4d-6f9396f2a3f2,0f956b0a0ce6ec7730394e24d598a6880e50e2a0e065a0b1226c30ee0d6f06dc,68960,Camponotus sayi,not_recorded_in_source,calibration_v1_reuse,local_copy_verified:data/calibration_v1,https://inaturalist-open-data.s3.amazonaws.com/photos/680270719/square.jpg
out_of_scope_ant,Camponotus micans,camponotus-micans,347443,n/a_fresh_row,374a29e5-2b99-4118-a162-5bf0943c4c09,680276036,local_copy_verified:data/calibration_v1,cc-by-nc,"(c) A Rocha Portugal, some rights reserved (CC BY-NC)",4f359c44357b49a5f6470c6e3c12cc28a50a85ae9e3009070e553f71cfa121bd,62077,500,375,calibration_v1_reuse,calibration_v1,83a80351f8ac65e89ea6124ac7de6d2cb6a3c68efc1f33eb3ecc2eca8c5f63c0,367,680276036,374a29e5-2b99-4118-a162-5bf0943c4c09,4f359c44357b49a5f6470c6e3c12cc28a50a85ae9e3009070e553f71cfa121bd,347443,Camponotus micans,not_recorded_in_source,calibration_v1_reuse,local_copy_verified:data/calibration_v1,https://inaturalist-open-data.s3.amazonaws.com/photos/680276036/square.jpg
out_of_scope_ant,Camponotus consobrinus,camponotus-consobrinus,201978,n/a_fresh_row,e5338300-98dd-4c0e-b4d1-0067425dba6f,680255520,local_copy_verified:data/calibration_v1,cc-by-nc,"(c) Nathan G, some rights reserved (CC BY-NC)",f19f3ae8242d2df6065edbf567a618397cbf0d78aa3e071b42922c134a3ca3a2,48667,500,461,calibration_v1_reuse,calibration_v1,83a80351f8ac65e89ea6124ac7de6d2cb6a3c68efc1f33eb3ecc2eca8c5f63c0,368,680255520,e5338300-98dd-4c0e-b4d1-0067425dba6f,f19f3ae8242d2df6065edbf567a618397cbf0d78aa3e071b42922c134a3ca3a2,201978,Camponotus consobrinus,not_recorded_in_source,calibration_v1_reuse,local_copy_verified:data/calibration_v1,https://inaturalist-open-data.s3.amazonaws.com/photos/680255520/square.jpg
out_of_scope_ant,Camponotus consobrinus,camponotus-consobrinus,201978,n/a_fresh_row,b556d764-7a43-4702-b328-c84e3bca9cd0,680256103,local_copy_verified:data/calibration_v1,cc-by-nc,"(c) Nathan G, some rights reserved (CC BY-NC)",0d52eabf2d71c8432e82c8dc58018ae72b2fe1bffd244a7b40cc1b88932c7a63,72932,500,468,calibration_v1_reuse,calibration_v1,83a80351f8ac65e89ea6124ac7de6d2cb6a3c68efc1f33eb3ecc2eca8c5f63c0,369,680256103,b556d764-7a43-4702-b328-c84e3bca9cd0,0d52eabf2d71c8432e82c8dc58018ae72b2fe1bffd244a7b40cc1b88932c7a63,201978,Camponotus consobrinus,not_recorded_in_source,calibration_v1_reuse,local_copy_verified:data/calibration_v1,https://inaturalist-open-data.s3.amazonaws.com/photos/680256103/square.jpg
out_of_scope_ant,Camponotus consobrinus,camponotus-consobrinus,201978,n/a_fresh_row,5b7a9b31-77bc-4122-8986-c28f30b43b17,680256202,local_copy_verified:data/calibration_v1,cc-by-nc,"(c) Nathan G, some rights reserved (CC BY-NC)",f07a8dd9e1cbf3e59f4e2a7b3a4105dc2e5a1308dffdb4228cf93ac82506ddc8,28470,500,417,calibration_v1_reuse,calibration_v1,83a80351f8ac65e89ea6124ac7de6d2cb6a3c68efc1f33eb3ecc2eca8c5f63c0,370,680256202,5b7a9b31-77bc-4122-8986-c28f30b43b17,f07a8dd9e1cbf3e59f4e2a7b3a4105dc2e5a1308dffdb4228cf93ac82506ddc8,201978,Camponotus consobrinus,not_recorded_in_source,calibration_v1_reuse,local_copy_verified:data/calibration_v1,https://inaturalist-open-data.s3.amazonaws.com/photos/680256202/square.jpg
out_of_scope_ant,Lasius flavus,lasius-flavus,69315,n/a_fresh_row,02037e78-7469-48aa-82e3-e2eee1a9d3a5,680276139,local_copy_verified:data/calibration_v1,cc-by-nc,"(c) Andrew Wright, some rights reserved (CC BY-NC)",968c770b424e565ecac21207d75e4b3710b12e83931652487f69e21917871281,122732,500,400,calibration_v1_reuse,calibration_v1,83a80351f8ac65e89ea6124ac7de6d2cb6a3c68efc1f33eb3ecc2eca8c5f63c0,371,680276139,02037e78-7469-48aa-82e3-e2eee1a9d3a5,968c770b424e565ecac21207d75e4b3710b12e83931652487f69e21917871281,69315,Lasius flavus,not_recorded_in_source,calibration_v1_reuse,local_copy_verified:data/calibration_v1,https://inaturalist-open-data.s3.amazonaws.com/photos/680276139/square.jpg
out_of_scope_ant,Camponotus sericeiventris,camponotus-sericeiventris,141749,n/a_fresh_row,527c74af-4b69-4a63-a158-239dce89d4fc,680280385,local_copy_verified:data/calibration_v1,cc-by-nc,"(c) Carlos Alexis Nava González, some rights reserved (CC BY-NC)",de794d11f42bb67aad2ce94045961b394b0c8f8441abb0a7791974c092b36252,106944,281,500,calibration_v1_reuse,calibration_v1,83a80351f8ac65e89ea6124ac7de6d2cb6a3c68efc1f33eb3ecc2eca8c5f63c0,372,680280385,527c74af-4b69-4a63-a158-239dce89d4fc,de794d11f42bb67aad2ce94045961b394b0c8f8441abb0a7791974c092b36252,141749,Camponotus sericeiventris,not_recorded_in_source,calibration_v1_reuse,local_copy_verified:data/calibration_v1,https://inaturalist-open-data.s3.amazonaws.com/photos/680280385/square.jpg
out_of_scope_ant,Oecophylla longinoda,oecophylla-longinoda,342857,n/a_fresh_row,c33911ad-f35d-4497-91d1-e58cf0177b9d,680281273,local_copy_verified:data/calibration_v1,cc-by-nc,"(c) brycelmrobinson, some rights reserved (CC BY-NC)",64413684247c1ff644223ff0304fbf746c674666a6b79b9aec59ab12be173fbc,104006,375,500,calibration_v1_reuse,calibration_v1,83a80351f8ac65e89ea6124ac7de6d2cb6a3c68efc1f33eb3ecc2eca8c5f63c0,373,680281273,c33911ad-f35d-4497-91d1-e58cf0177b9d,64413684247c1ff644223ff0304fbf746c674666a6b79b9aec59ab12be173fbc,342857,Oecophylla longinoda,not_recorded_in_source,calibration_v1_reuse,local_copy_verified:data/calibration_v1,https://inaturalist-open-data.s3.amazonaws.com/photos/680281273/square.jpg
out_of_scope_ant,Epopostruma wardi,epopostruma-wardi,1250722,n/a_fresh_row,9db44945-68b1-466f-b85c-2b7253c1aa0f,680283794,local_copy_verified:data/calibration_v1,cc-by-nc,"(c) Hiroya Kidoguchi, some rights reserved (CC BY-NC)",0a9a0e5369e9c5f40c5b4b948c19d497fd5a793d0b4d0c28c7e2075e9c790f9c,43528,500,333,calibration_v1_reuse,calibration_v1,83a80351f8ac65e89ea6124ac7de6d2cb6a3c68efc1f33eb3ecc2eca8c5f63c0,374,680283794,9db44945-68b1-466f-b85c-2b7253c1aa0f,0a9a0e5369e9c5f40c5b4b948c19d497fd5a793d0b4d0c28c7e2075e9c790f9c,1250722,Epopostruma wardi,not_recorded_in_source,calibration_v1_reuse,local_copy_verified:data/calibration_v1,https://inaturalist-open-data.s3.amazonaws.com/photos/680283794/square.jpg
out_of_scope_ant,Camponotus ligniperda,camponotus-ligniperda,338086,n/a_fresh_row,68f009e8-9c98-499d-bbb6-4f3c872406be,680285462,local_copy_verified:data/calibration_v1,cc-by-nc,"(c) Jan Rothanzl, some rights reserved (CC BY-NC)",f9612ba5ff85e7f5be9330ee0191b2a3843d7b59a1837ecc83f4ed4bbc3315b4,153036,375,500,calibration_v1_reuse,calibration_v1,83a80351f8ac65e89ea6124ac7de6d2cb6a3c68efc1f33eb3ecc2eca8c5f63c0,375,680285462,68f009e8-9c98-499d-bbb6-4f3c872406be,f9612ba5ff85e7f5be9330ee0191b2a3843d7b59a1837ecc83f4ed4bbc3315b4,338086,Camponotus ligniperda,not_recorded_in_source,calibration_v1_reuse,local_copy_verified:data/calibration_v1,https://inaturalist-open-data.s3.amazonaws.com/photos/680285462/square.jpg
out_of_scope_ant,Formica sanguinea,formica-sanguinea,343357,n/a_fresh_row,95c090a2-5232-4a21-8122-98427369a06a,680288106,local_copy_verified:data/calibration_v1,cc-by-nc,"(c) Loke T, some rights reserved (CC BY-NC)",9416fea8ee9671055d166bd0efd4f1e6af6206ec30b9fd6627cc1bb3c8dbda00,203016,375,500,calibration_v1_reuse,calibration_v1,83a80351f8ac65e89ea6124ac7de6d2cb6a3c68efc1f33eb3ecc2eca8c5f63c0,376,680288106,95c090a2-5232-4a21-8122-98427369a06a,9416fea8ee9671055d166bd0efd4f1e6af6206ec30b9fd6627cc1bb3c8dbda00,343357,Formica sanguinea,not_recorded_in_source,calibration_v1_reuse,local_copy_verified:data/calibration_v1,https://inaturalist-open-data.s3.amazonaws.com/photos/680288106/square.jpg
out_of_scope_ant,Lasius brunneus,lasius-brunneus,343246,n/a_fresh_row,fc03ad28-2c64-4bb6-ae69-1e1d0a3b5f03,680288560,local_copy_verified:data/calibration_v1,cc-by-nc,"(c) mothpuppy, some rights reserved (CC BY-NC)",56af62e8eca34739edf520b47dcdb24ce40c847da04ecd2858567e1c0a953039,255500,375,500,calibration_v1_reuse,calibration_v1,83a80351f8ac65e89ea6124ac7de6d2cb6a3c68efc1f33eb3ecc2eca8c5f63c0,377,680288560,fc03ad28-2c64-4bb6-ae69-1e1d0a3b5f03,56af62e8eca34739edf520b47dcdb24ce40c847da04ecd2858567e1c0a953039,343246,Lasius brunneus,not_recorded_in_source,calibration_v1_reuse,local_copy_verified:data/calibration_v1,https://inaturalist-open-data.s3.amazonaws.com/photos/680288560/square.jpg
out_of_scope_ant,Lasius brunneus,lasius-brunneus,343246,n/a_fresh_row,eb6ca206-21bb-459a-9ed7-20170963456b,680288620,local_copy_verified:data/calibration_v1,cc-by-nc,"(c) mothpuppy, some rights reserved (CC BY-NC)",e813b62894d9608410fd565c8a429ed212f412518c8483478f50a47912fe5347,261843,375,500,calibration_v1_reuse,calibration_v1,83a80351f8ac65e89ea6124ac7de6d2cb6a3c68efc1f33eb3ecc2eca8c5f63c0,378,680288620,eb6ca206-21bb-459a-9ed7-20170963456b,e813b62894d9608410fd565c8a429ed212f412518c8483478f50a47912fe5347,343246,Lasius brunneus,not_recorded_in_source,calibration_v1_reuse,local_copy_verified:data/calibration_v1,https://inaturalist-open-data.s3.amazonaws.com/photos/680288620/square.jpg
out_of_scope_ant,Ectatomma ruidum,ectatomma-ruidum,265978,n/a_fresh_row,8897bd09-79fd-4131-8c3d-8c4ed0575727,680280183,local_copy_verified:data/calibration_v1,cc0,no rights reserved,8bf1a1488c172014ab48a02edc8c16f5509b7ba349f1fe2bd7e581258d22b1c8,31286,500,295,calibration_v1_reuse,calibration_v1,83a80351f8ac65e89ea6124ac7de6d2cb6a3c68efc1f33eb3ecc2eca8c5f63c0,379,680280183,8897bd09-79fd-4131-8c3d-8c4ed0575727,8bf1a1488c172014ab48a02edc8c16f5509b7ba349f1fe2bd7e581258d22b1c8,265978,Ectatomma ruidum,not_recorded_in_source,calibration_v1_reuse,local_copy_verified:data/calibration_v1,https://inaturalist-open-data.s3.amazonaws.com/photos/680280183/square.jpg
out_of_scope_ant,Odontomachus brunneus,odontomachus-brunneus,300384,n/a_fresh_row,6581f704-2387-4a61-8122-92de8fdd51eb,680289268,local_copy_verified:data/calibration_v1,cc-by,"(c) Melissa Meadows, some rights reserved (CC BY)",7da37ee5bd0d136146f9759e9fbcb2e02c4b5e2bc589392de93f93f82e4eb492,247005,500,375,calibration_v1_reuse,calibration_v1,83a80351f8ac65e89ea6124ac7de6d2cb6a3c68efc1f33eb3ecc2eca8c5f63c0,380,680289268,6581f704-2387-4a61-8122-92de8fdd51eb,7da37ee5bd0d136146f9759e9fbcb2e02c4b5e2bc589392de93f93f82e4eb492,300384,Odontomachus brunneus,not_recorded_in_source,calibration_v1_reuse,local_copy_verified:data/calibration_v1,https://inaturalist-open-data.s3.amazonaws.com/photos/680289268/square.jpg
out_of_scope_ant,Novomessor albisetosus,novomessor-albisetosus,482384,n/a_fresh_row,5ab0e76e-1bbd-46c2-95a6-2333e56132fe,680289547,local_copy_verified:data/calibration_v1,cc-by-nc,"(c) Pete Siminski, some rights reserved (CC BY-NC)",a034efb8e3c325e54cbf8289a62b8b211807ccd83351e2de54e5a0bd927f3d0a,188842,375,500,calibration_v1_reuse,calibration_v1,83a80351f8ac65e89ea6124ac7de6d2cb6a3c68efc1f33eb3ecc2eca8c5f63c0,381,680289547,5ab0e76e-1bbd-46c2-95a6-2333e56132fe,a034efb8e3c325e54cbf8289a62b8b211807ccd83351e2de54e5a0bd927f3d0a,482384,Novomessor albisetosus,not_recorded_in_source,calibration_v1_reuse,local_copy_verified:data/calibration_v1,https://inaturalist-open-data.s3.amazonaws.com/photos/680289547/square.jpg
out_of_scope_ant,Camponotus nigriceps,camponotus-nigriceps,625668,n/a_fresh_row,d5da96b7-0a31-4cf5-a76e-bc2fdc2db24e,680294156,local_copy_verified:data/calibration_v1,cc-by-nc,"(c) Samuel Beerkens, some rights reserved (CC BY-NC)",ccda4b76699d8f9030a44e1567264497634e896873da29d634eab29846af7e83,128739,500,340,calibration_v1_reuse,calibration_v1,83a80351f8ac65e89ea6124ac7de6d2cb6a3c68efc1f33eb3ecc2eca8c5f63c0,382,680294156,d5da96b7-0a31-4cf5-a76e-bc2fdc2db24e,ccda4b76699d8f9030a44e1567264497634e896873da29d634eab29846af7e83,625668,Camponotus nigriceps,not_recorded_in_source,calibration_v1_reuse,local_copy_verified:data/calibration_v1,https://inaturalist-open-data.s3.amazonaws.com/photos/680294156/square.jpg
out_of_scope_ant,Platythyrea clypeata,platythyrea-clypeata,1448749,n/a_fresh_row,6707546e-58e4-46fa-bdda-84656e95055d,680296775,local_copy_verified:data/calibration_v1,cc-by-nc,"(c) Soham Gajre, some rights reserved (CC BY-NC)",cbd5198a7acfa35ff53a6206358dd43c3ea88dce8f3350afc0b5a7edfac0be7b,85934,281,500,calibration_v1_reuse,calibration_v1,83a80351f8ac65e89ea6124ac7de6d2cb6a3c68efc1f33eb3ecc2eca8c5f63c0,383,680296775,6707546e-58e4-46fa-bdda-84656e95055d,cbd5198a7acfa35ff53a6206358dd43c3ea88dce8f3350afc0b5a7edfac0be7b,1448749,Platythyrea clypeata,not_recorded_in_source,calibration_v1_reuse,local_copy_verified:data/calibration_v1,https://inaturalist-open-data.s3.amazonaws.com/photos/680296775/square.jpg
out_of_scope_ant,Odontomachus bauri,odontomachus-bauri,205150,n/a_fresh_row,54b67f8c-fff8-4b02-938a-c90e89b8f098,680306917,local_copy_verified:data/calibration_v1,cc-by-nc,"(c) Carlos Rangel, some rights reserved (CC BY-NC)",735afa472234d82bc326c3ff4276ab9f9178037a026c28acabbdcba9b274e6f7,89123,375,500,calibration_v1_reuse,calibration_v1,83a80351f8ac65e89ea6124ac7de6d2cb6a3c68efc1f33eb3ecc2eca8c5f63c0,386,680306917,54b67f8c-fff8-4b02-938a-c90e89b8f098,735afa472234d82bc326c3ff4276ab9f9178037a026c28acabbdcba9b274e6f7,205150,Odontomachus bauri,not_recorded_in_source,calibration_v1_reuse,local_copy_verified:data/calibration_v1,https://inaturalist-open-data.s3.amazonaws.com/photos/680306917/square.jpg
out_of_scope_ant,Camponotus floridanus,camponotus-floridanus,81709,n/a_fresh_row,147f8f44-fe47-4670-b549-e948b6d088f3,680307940,local_copy_verified:data/calibration_v1,cc-by-nc,"(c) onelonelycryptid, some rights reserved (CC BY-NC)",67869e1f614d0402d45edcb5ac4f9bb448016005a2f91c5d5684974782208487,201748,500,500,calibration_v1_reuse,calibration_v1,83a80351f8ac65e89ea6124ac7de6d2cb6a3c68efc1f33eb3ecc2eca8c5f63c0,387,680307940,147f8f44-fe47-4670-b549-e948b6d088f3,67869e1f614d0402d45edcb5ac4f9bb448016005a2f91c5d5684974782208487,81709,Camponotus floridanus,not_recorded_in_source,calibration_v1_reuse,local_copy_verified:data/calibration_v1,https://inaturalist-open-data.s3.amazonaws.com/photos/680307940/square.jpg
out_of_scope_ant,Camponotus consobrinus,camponotus-consobrinus,201978,n/a_fresh_row,3b6bd17f-3b06-431c-8743-455f368ead5e,680307850,local_copy_verified:data/calibration_v1,cc-by-nc,"(c) Kerry Rainer, some rights reserved (CC BY-NC)",14c55cc2b80bbe9ecb84c3179d1f0cd9e319688c76f5867417e4518a91c84551,68457,375,500,calibration_v1_reuse,calibration_v1,83a80351f8ac65e89ea6124ac7de6d2cb6a3c68efc1f33eb3ecc2eca8c5f63c0,388,680307850,3b6bd17f-3b06-431c-8743-455f368ead5e,14c55cc2b80bbe9ecb84c3179d1f0cd9e319688c76f5867417e4518a91c84551,201978,Camponotus consobrinus,not_recorded_in_source,calibration_v1_reuse,local_copy_verified:data/calibration_v1,https://inaturalist-open-data.s3.amazonaws.com/photos/680307850/square.jpg
out_of_scope_ant,Polyrhachis mackayi,polyrhachis-mackayi,1030049,n/a_fresh_row,9da4c29d-c5d5-4c7d-b7e3-7f71730ae73a,680310124,local_copy_verified:data/calibration_v1,cc-by-nc,"(c) Norman P Farmer, some rights reserved (CC BY-NC)",88e7a236ae7ed4cb34fb174fbb0bda89851a5525a1e221318fe86c06f0fd4d17,58039,500,333,calibration_v1_reuse,calibration_v1,83a80351f8ac65e89ea6124ac7de6d2cb6a3c68efc1f33eb3ecc2eca8c5f63c0,389,680310124,9da4c29d-c5d5-4c7d-b7e3-7f71730ae73a,88e7a236ae7ed4cb34fb174fbb0bda89851a5525a1e221318fe86c06f0fd4d17,1030049,Polyrhachis mackayi,not_recorded_in_source,calibration_v1_reuse,local_copy_verified:data/calibration_v1,https://inaturalist-open-data.s3.amazonaws.com/photos/680310124/square.jpg
out_of_scope_ant,Myrmecia fulviculis,myrmecia-fulviculis,368688,n/a_fresh_row,fefd40f1-ce2a-4946-ad90-1281941d05a2,680311199,local_copy_verified:data/calibration_v1,cc-by-nc,"(c) Norman P Farmer, some rights reserved (CC BY-NC)",c492ec310fd3106943981f76f47ca730e03cd23e0f7570ac367aa7695d134d20,33763,500,333,calibration_v1_reuse,calibration_v1,83a80351f8ac65e89ea6124ac7de6d2cb6a3c68efc1f33eb3ecc2eca8c5f63c0,390,680311199,fefd40f1-ce2a-4946-ad90-1281941d05a2,c492ec310fd3106943981f76f47ca730e03cd23e0f7570ac367aa7695d134d20,368688,Myrmecia fulviculis,not_recorded_in_source,calibration_v1_reuse,local_copy_verified:data/calibration_v1,https://inaturalist-open-data.s3.amazonaws.com/photos/680311199/square.jpg
out_of_scope_ant,Cataglyphis hispanica,cataglyphis-hispanica,1370189,n/a_fresh_row,ad962257-6bac-4a71-980e-4e4531851a86,680313742,local_copy_verified:data/calibration_v1,cc-by-nc,"(c) brandao, some rights reserved (CC BY-NC)",74b5938713cc962091efbab423afa27f552693c59d12c9b19100789ced7083eb,54716,374,500,calibration_v1_reuse,calibration_v1,83a80351f8ac65e89ea6124ac7de6d2cb6a3c68efc1f33eb3ecc2eca8c5f63c0,392,680313742,ad962257-6bac-4a71-980e-4e4531851a86,74b5938713cc962091efbab423afa27f552693c59d12c9b19100789ced7083eb,1370189,Cataglyphis hispanica,not_recorded_in_source,calibration_v1_reuse,local_copy_verified:data/calibration_v1,https://inaturalist-open-data.s3.amazonaws.com/photos/680313742/square.jpg
out_of_scope_ant,Camponotus vagus,camponotus-vagus,343182,n/a_fresh_row,6a3f0257-a633-46da-87ff-c73cabec16c7,680317660,local_copy_verified:data/calibration_v1,cc-by-nc,"(c) nikiiiita, some rights reserved (CC BY-NC)",89de523e7fcdb09a6b2ccdb26cab773d1ab69d3f4bc618b44301fe2afdbf34ae,136530,375,500,calibration_v1_reuse,calibration_v1,83a80351f8ac65e89ea6124ac7de6d2cb6a3c68efc1f33eb3ecc2eca8c5f63c0,393,680317660,6a3f0257-a633-46da-87ff-c73cabec16c7,89de523e7fcdb09a6b2ccdb26cab773d1ab69d3f4bc618b44301fe2afdbf34ae,343182,Camponotus vagus,not_recorded_in_source,calibration_v1_reuse,local_copy_verified:data/calibration_v1,https://inaturalist-open-data.s3.amazonaws.com/photos/680317660/square.jpg
out_of_scope_ant,Camponotus quadrisectus,camponotus-quadrisectus,1415991,n/a_fresh_row,11ff3447-f04e-4545-a26d-400c2e3074a3,680315867,local_copy_verified:data/calibration_v1,cc-by-nc,"(c) sylviem76, some rights reserved (CC BY-NC)",0ac591feb46d8ebbbba000d9d27f148d7a9dd0b25674faea85da37165b2861e8,26094,500,289,calibration_v1_reuse,calibration_v1,83a80351f8ac65e89ea6124ac7de6d2cb6a3c68efc1f33eb3ecc2eca8c5f63c0,394,680315867,11ff3447-f04e-4545-a26d-400c2e3074a3,0ac591feb46d8ebbbba000d9d27f148d7a9dd0b25674faea85da37165b2861e8,1415991,Camponotus quadrisectus,not_recorded_in_source,calibration_v1_reuse,local_copy_verified:data/calibration_v1,https://inaturalist-open-data.s3.amazonaws.com/photos/680315867/square.jpg
out_of_scope_ant,Camponotus maritimus,camponotus-maritimus,68955,n/a_fresh_row,f934fb44-1b6d-44ca-ae7f-7108230e9d94,680319772,local_copy_verified:data/calibration_v1,cc-by-nc,"(c) KC, some rights reserved (CC BY-NC)",09d4056b1a9cbcd0e4757acaff09814db2e97440d57beeb1436c494ad0e3c9d0,123779,375,500,calibration_v1_reuse,calibration_v1,83a80351f8ac65e89ea6124ac7de6d2cb6a3c68efc1f33eb3ecc2eca8c5f63c0,395,680319772,f934fb44-1b6d-44ca-ae7f-7108230e9d94,09d4056b1a9cbcd0e4757acaff09814db2e97440d57beeb1436c494ad0e3c9d0,68955,Camponotus maritimus,not_recorded_in_source,calibration_v1_reuse,local_copy_verified:data/calibration_v1,https://inaturalist-open-data.s3.amazonaws.com/photos/680319772/square.jpg
out_of_scope_ant,Aphaenogaster spinosa,aphaenogaster-spinosa,343181,n/a_fresh_row,4fd5e774-df11-4af7-8461-4e2d31d28e3b,680320154,local_copy_verified:data/calibration_v1,cc-by-nc,"(c) lucapassalacqua, some rights reserved (CC BY-NC)",1e7e475de5c09c1df99d44e9ff7ccc2c975bb5c23e96c549a23bd12c4cbbcba3,81595,500,375,calibration_v1_reuse,calibration_v1,83a80351f8ac65e89ea6124ac7de6d2cb6a3c68efc1f33eb3ecc2eca8c5f63c0,396,680320154,4fd5e774-df11-4af7-8461-4e2d31d28e3b,1e7e475de5c09c1df99d44e9ff7ccc2c975bb5c23e96c549a23bd12c4cbbcba3,343181,Aphaenogaster spinosa,not_recorded_in_source,calibration_v1_reuse,local_copy_verified:data/calibration_v1,https://inaturalist-open-data.s3.amazonaws.com/photos/680320154/square.jpg
out_of_scope_ant,Camponotus ligniperda,camponotus-ligniperda,338086,n/a_fresh_row,70d9f0a8-5c02-4c48-b8d3-1db9829ada94,680315873,local_copy_verified:data/calibration_v1,cc-by-nc,"(c) Benjamin Schedl, some rights reserved (CC BY-NC)",3c09dd527860c7abed3f37ee6209949b80de713e020a13fbfa002186aac09ab2,212256,500,334,calibration_v1_reuse,calibration_v1,83a80351f8ac65e89ea6124ac7de6d2cb6a3c68efc1f33eb3ecc2eca8c5f63c0,397,680315873,70d9f0a8-5c02-4c48-b8d3-1db9829ada94,3c09dd527860c7abed3f37ee6209949b80de713e020a13fbfa002186aac09ab2,338086,Camponotus ligniperda,not_recorded_in_source,calibration_v1_reuse,local_copy_verified:data/calibration_v1,https://inaturalist-open-data.s3.amazonaws.com/photos/680315873/square.jpg
out_of_scope_ant,Camponotus aethiops,camponotus-aethiops,338197,n/a_fresh_row,baba5657-14ca-425e-bf38-0d5e19a2f66d,680313402,local_copy_verified:data/calibration_v1,cc-by-nc,"(c) András Zámbó, some rights reserved (CC BY-NC)",8481cdb94cfaba29bf9f06d5cd8e513788c2445faff4a29d359fd076e2e62d78,53153,500,333,calibration_v1_reuse,calibration_v1,83a80351f8ac65e89ea6124ac7de6d2cb6a3c68efc1f33eb3ecc2eca8c5f63c0,398,680313402,baba5657-14ca-425e-bf38-0d5e19a2f66d,8481cdb94cfaba29bf9f06d5cd8e513788c2445faff4a29d359fd076e2e62d78,338197,Camponotus aethiops,not_recorded_in_source,calibration_v1_reuse,local_copy_verified:data/calibration_v1,https://inaturalist-open-data.s3.amazonaws.com/photos/680313402/square.jpg
out_of_scope_ant,Camponotus decipiens,camponotus-decipiens,215972,n/a_fresh_row,356a22e8-d42b-4b7c-98c9-2f4f4926139c,680322828,local_copy_verified:data/calibration_v1,cc-by-nc,"(c) Moses J. Michelsohn, some rights reserved (CC BY-NC)",00d38b34bcf48f2f37989901dbe68edec903706f7a0a5696c5222a8059a6c89c,133953,500,375,calibration_v1_reuse,calibration_v1,83a80351f8ac65e89ea6124ac7de6d2cb6a3c68efc1f33eb3ecc2eca8c5f63c0,399,680322828,356a22e8-d42b-4b7c-98c9-2f4f4926139c,00d38b34bcf48f2f37989901dbe68edec903706f7a0a5696c5222a8059a6c89c,215972,Camponotus decipiens,not_recorded_in_source,calibration_v1_reuse,local_copy_verified:data/calibration_v1,https://inaturalist-open-data.s3.amazonaws.com/photos/680322828/square.jpg
out_of_scope_ant,Dolichoderus mariae,dolichoderus-mariae,218622,n/a_fresh_row,e5e96d41-c174-49d2-95eb-2e8500eb2253,680325707,local_copy_verified:data/calibration_v1,cc-by,"(c) adam1420, some rights reserved (CC BY)",9863e47ae596cbb2394422b65073bcb7bebad8d0e334fdb9692d2ef03b067cef,226025,500,500,calibration_v1_reuse,calibration_v1,83a80351f8ac65e89ea6124ac7de6d2cb6a3c68efc1f33eb3ecc2eca8c5f63c0,400,680325707,e5e96d41-c174-49d2-95eb-2e8500eb2253,9863e47ae596cbb2394422b65073bcb7bebad8d0e334fdb9692d2ef03b067cef,218622,Dolichoderus mariae,not_recorded_in_source,calibration_v1_reuse,local_copy_verified:data/calibration_v1,https://inaturalist-open-data.s3.amazonaws.com/photos/680325707/square.jpg
out_of_scope_ant,Temnothorax longispinosus,temnothorax-longispinosus,232368,n/a_fresh_row,4f16647c-fe03-4b42-b5bb-3c0238c69b25,680327280,local_copy_verified:data/calibration_v1,cc-by,"(c) adam1420, some rights reserved (CC BY)",13f5498d100d8ab8d3d62285a990de409d4f35c662f49b51614448e400630261,149150,500,500,calibration_v1_reuse,calibration_v1,83a80351f8ac65e89ea6124ac7de6d2cb6a3c68efc1f33eb3ecc2eca8c5f63c0,401,680327280,4f16647c-fe03-4b42-b5bb-3c0238c69b25,13f5498d100d8ab8d3d62285a990de409d4f35c662f49b51614448e400630261,232368,Temnothorax longispinosus,not_recorded_in_source,calibration_v1_reuse,local_copy_verified:data/calibration_v1,https://inaturalist-open-data.s3.amazonaws.com/photos/680327280/square.jpg
out_of_scope_ant,Cataglyphis hispanica,cataglyphis-hispanica,1370189,n/a_fresh_row,69fb1c68-f7a7-4a71-9328-004c5c3ac84c,680325720,local_copy_verified:data/calibration_v1,cc-by-nc,"(c) brandao, some rights reserved (CC BY-NC)",8c54ceffdfcc71b394dcc4ddea93e432f454233d3e9965c2252a0986a043f93e,75105,374,500,calibration_v1_reuse,calibration_v1,83a80351f8ac65e89ea6124ac7de6d2cb6a3c68efc1f33eb3ecc2eca8c5f63c0,402,680325720,69fb1c68-f7a7-4a71-9328-004c5c3ac84c,8c54ceffdfcc71b394dcc4ddea93e432f454233d3e9965c2252a0986a043f93e,1370189,Cataglyphis hispanica,not_recorded_in_source,calibration_v1_reuse,local_copy_verified:data/calibration_v1,https://inaturalist-open-data.s3.amazonaws.com/photos/680325720/square.jpg
out_of_scope_ant,Cataglyphis hispanica,cataglyphis-hispanica,1370189,n/a_fresh_row,1b195717-0b76-4758-8ac3-ab57432c70f8,680325922,local_copy_verified:data/calibration_v1,cc-by-nc,"(c) brandao, some rights reserved (CC BY-NC)",73481d4a78204c7eadbbd225ce34a9f02e58b824b90c39edd949e25341a4aa4b,64339,327,500,calibration_v1_reuse,calibration_v1,83a80351f8ac65e89ea6124ac7de6d2cb6a3c68efc1f33eb3ecc2eca8c5f63c0,403,680325922,1b195717-0b76-4758-8ac3-ab57432c70f8,73481d4a78204c7eadbbd225ce34a9f02e58b824b90c39edd949e25341a4aa4b,1370189,Cataglyphis hispanica,not_recorded_in_source,calibration_v1_reuse,local_copy_verified:data/calibration_v1,https://inaturalist-open-data.s3.amazonaws.com/photos/680325922/square.jpg
out_of_scope_ant,Camponotus vagus,camponotus-vagus,343182,n/a_fresh_row,8ea21db3-887c-487f-a1fb-017b3e3a4736,680332493,local_copy_verified:data/calibration_v1,cc-by,"(c) Martin Scheuch, some rights reserved (CC BY)",a87e560aa04c36aa8c5b7da2ba677fdea8d0e0b7438f19af001c3a99daf804fd,133504,482,500,calibration_v1_reuse,calibration_v1,83a80351f8ac65e89ea6124ac7de6d2cb6a3c68efc1f33eb3ecc2eca8c5f63c0,404,680332493,8ea21db3-887c-487f-a1fb-017b3e3a4736,a87e560aa04c36aa8c5b7da2ba677fdea8d0e0b7438f19af001c3a99daf804fd,343182,Camponotus vagus,not_recorded_in_source,calibration_v1_reuse,local_copy_verified:data/calibration_v1,https://inaturalist-open-data.s3.amazonaws.com/photos/680332493/square.jpg
out_of_scope_ant,Messor capitatus,messor-capitatus,342832,n/a_fresh_row,34a1a2e3-a794-4697-a751-4e273048a91c,680333316,local_copy_verified:data/calibration_v1,cc-by-nc,"(c) Sergio Ibarra, some rights reserved (CC BY-NC)",3cca9c401dd906035941fc333978d011930de850978795c80d8758c288417450,58967,500,394,calibration_v1_reuse,calibration_v1,83a80351f8ac65e89ea6124ac7de6d2cb6a3c68efc1f33eb3ecc2eca8c5f63c0,406,680333316,34a1a2e3-a794-4697-a751-4e273048a91c,3cca9c401dd906035941fc333978d011930de850978795c80d8758c288417450,342832,Messor capitatus,not_recorded_in_source,calibration_v1_reuse,local_copy_verified:data/calibration_v1,https://inaturalist-open-data.s3.amazonaws.com/photos/680333316/square.jpg
out_of_scope_ant,Camponotus cruentatus,camponotus-cruentatus,131030,n/a_fresh_row,3d1f464c-4799-4393-b5b2-959ebeb5bb83,680335368,local_copy_verified:data/calibration_v1,cc-by,"(c) Cenaida, some rights reserved (CC BY)",4332b4d5dace3c77691c280ed7e2f154e2b1dec421e824214802ceb53ecebc7a,112964,375,500,calibration_v1_reuse,calibration_v1,83a80351f8ac65e89ea6124ac7de6d2cb6a3c68efc1f33eb3ecc2eca8c5f63c0,407,680335368,3d1f464c-4799-4393-b5b2-959ebeb5bb83,4332b4d5dace3c77691c280ed7e2f154e2b1dec421e824214802ceb53ecebc7a,131030,Camponotus cruentatus,not_recorded_in_source,calibration_v1_reuse,local_copy_verified:data/calibration_v1,https://inaturalist-open-data.s3.amazonaws.com/photos/680335368/square.jpg
out_of_scope_ant,Camponotus piceus,camponotus-piceus,347442,n/a_fresh_row,af010071-8133-4259-8367-fed83442796a,680335728,local_copy_verified:data/calibration_v1,cc-by-nc,"(c) Sergio Ibarra, some rights reserved (CC BY-NC)",9d4e9368c1d4ec5f0d3d66dcbf2cfb37ff69d5de0f0c9e36689a37f8349cbe21,60874,500,406,calibration_v1_reuse,calibration_v1,83a80351f8ac65e89ea6124ac7de6d2cb6a3c68efc1f33eb3ecc2eca8c5f63c0,408,680335728,af010071-8133-4259-8367-fed83442796a,9d4e9368c1d4ec5f0d3d66dcbf2cfb37ff69d5de0f0c9e36689a37f8349cbe21,347442,Camponotus piceus,not_recorded_in_source,calibration_v1_reuse,local_copy_verified:data/calibration_v1,https://inaturalist-open-data.s3.amazonaws.com/photos/680335728/square.jpg
out_of_scope_ant,Lasius brunneus,lasius-brunneus,343246,n/a_fresh_row,87618de3-630f-4aee-b880-5a0bc8b61d67,680335977,local_copy_verified:data/calibration_v1,cc-by-nc,"(c) Sergio Ibarra, some rights reserved (CC BY-NC)",1ed4ece2209ab1687c356591c8837836da99e5bd04037dd57069605771a61749,158388,500,453,calibration_v1_reuse,calibration_v1,83a80351f8ac65e89ea6124ac7de6d2cb6a3c68efc1f33eb3ecc2eca8c5f63c0,409,680335977,87618de3-630f-4aee-b880-5a0bc8b61d67,1ed4ece2209ab1687c356591c8837836da99e5bd04037dd57069605771a61749,343246,Lasius brunneus,not_recorded_in_source,calibration_v1_reuse,local_copy_verified:data/calibration_v1,https://inaturalist-open-data.s3.amazonaws.com/photos/680335977/square.jpg
out_of_scope_ant,Iberoformica subrufa,iberoformica-subrufa,488546,n/a_fresh_row,3c896646-2fcd-4984-945b-74a3464aa06d,680335851,local_copy_verified:data/calibration_v1,cc-by-nc,"(c) brandao, some rights reserved (CC BY-NC)",3bb3b4e4b029a4a342e26049336240cdb6cdf57259628b347bc7d697463d63db,33475,307,500,calibration_v1_reuse,calibration_v1,83a80351f8ac65e89ea6124ac7de6d2cb6a3c68efc1f33eb3ecc2eca8c5f63c0,410,680335851,3c896646-2fcd-4984-945b-74a3464aa06d,3bb3b4e4b029a4a342e26049336240cdb6cdf57259628b347bc7d697463d63db,488546,Iberoformica subrufa,not_recorded_in_source,calibration_v1_reuse,local_copy_verified:data/calibration_v1,https://inaturalist-open-data.s3.amazonaws.com/photos/680335851/square.jpg
out_of_scope_ant,Cataglyphis hispanica,cataglyphis-hispanica,1370189,n/a_fresh_row,92afa4aa-5a75-4611-8788-71462f206b3a,680335916,local_copy_verified:data/calibration_v1,cc-by-nc,"(c) brandao, some rights reserved (CC BY-NC)",550748c2eda79455eb1eaea397e101c20792dcfdbf1a93cda9276410040e980c,35226,347,500,calibration_v1_reuse,calibration_v1,83a80351f8ac65e89ea6124ac7de6d2cb6a3c68efc1f33eb3ecc2eca8c5f63c0,411,680335916,92afa4aa-5a75-4611-8788-71462f206b3a,550748c2eda79455eb1eaea397e101c20792dcfdbf1a93cda9276410040e980c,1370189,Cataglyphis hispanica,not_recorded_in_source,calibration_v1_reuse,local_copy_verified:data/calibration_v1,https://inaturalist-open-data.s3.amazonaws.com/photos/680335916/square.jpg
out_of_scope_ant,Camponotus vagus,camponotus-vagus,343182,n/a_fresh_row,3019075d-021f-4a3b-b511-a6127790a27e,680337888,local_copy_verified:data/calibration_v1,cc-by-nc,"(c) Lukas Ungerböck, some rights reserved (CC BY-NC)",e283406431f0efbb33d87b9cdbd9e5984007b7aaf54ed8f1d77fce1d1e95230f,138661,500,375,calibration_v1_reuse,calibration_v1,83a80351f8ac65e89ea6124ac7de6d2cb6a3c68efc1f33eb3ecc2eca8c5f63c0,412,680337888,3019075d-021f-4a3b-b511-a6127790a27e,e283406431f0efbb33d87b9cdbd9e5984007b7aaf54ed8f1d77fce1d1e95230f,343182,Camponotus vagus,not_recorded_in_source,calibration_v1_reuse,local_copy_verified:data/calibration_v1,https://inaturalist-open-data.s3.amazonaws.com/photos/680337888/square.jpg
out_of_scope_ant,Formica tombeuri,formica-tombeuri,1689599,n/a_fresh_row,99f95982-5069-4d9c-bda6-7351f964b08d,680851814,local_copy_verified:data/calibration_v1,cc-by-nc,"(c) Sergio Ibarra, some rights reserved (CC BY-NC)",c722468925b29ebf06fc1450391aed88b357ff9627c9016d88a1023d81f8f1b6,48473,297,500,calibration_v1_reuse,calibration_v1,83a80351f8ac65e89ea6124ac7de6d2cb6a3c68efc1f33eb3ecc2eca8c5f63c0,413,680851814,99f95982-5069-4d9c-bda6-7351f964b08d,c722468925b29ebf06fc1450391aed88b357ff9627c9016d88a1023d81f8f1b6,1689599,Formica tombeuri,not_recorded_in_source,calibration_v1_reuse,local_copy_verified:data/calibration_v1,https://inaturalist-open-data.s3.amazonaws.com/photos/680851814/square.jpg
out_of_scope_ant,Camponotus ligniperda,camponotus-ligniperda,338086,n/a_fresh_row,04cf3a3f-89ca-4e67-82b1-8704bd895277,680344520,local_copy_verified:data/calibration_v1,cc-by-nc,"(c) muecke2000, some rights reserved (CC BY-NC)",ff301893f5856916d2aa87e2fb412811281453095896646214a1195ee0a97b15,99283,500,377,calibration_v1_reuse,calibration_v1,83a80351f8ac65e89ea6124ac7de6d2cb6a3c68efc1f33eb3ecc2eca8c5f63c0,415,680344520,04cf3a3f-89ca-4e67-82b1-8704bd895277,ff301893f5856916d2aa87e2fb412811281453095896646214a1195ee0a97b15,338086,Camponotus ligniperda,not_recorded_in_source,calibration_v1_reuse,local_copy_verified:data/calibration_v1,https://inaturalist-open-data.s3.amazonaws.com/photos/680344520/square.jpg
out_of_scope_ant,Tetramorium bicarinatum,tetramorium-bicarinatum,69600,n/a_fresh_row,b3c90670-423b-4da0-8776-45098f979282,680337910,local_copy_verified:data/calibration_v1,cc-by-nc,"(c) antsplaychess, some rights reserved (CC BY-NC)",71978d18b1daea1a54bba48a65ab637d2662377d19707eae97f5ef270e192dc8,148970,500,334,calibration_v1_reuse,calibration_v1,83a80351f8ac65e89ea6124ac7de6d2cb6a3c68efc1f33eb3ecc2eca8c5f63c0,417,680337910,b3c90670-423b-4da0-8776-45098f979282,71978d18b1daea1a54bba48a65ab637d2662377d19707eae97f5ef270e192dc8,69600,Tetramorium bicarinatum,not_recorded_in_source,calibration_v1_reuse,local_copy_verified:data/calibration_v1,https://inaturalist-open-data.s3.amazonaws.com/photos/680337910/square.jpg
out_of_scope_ant,Camponotus albosparsus,camponotus-albosparsus,882816,n/a_fresh_row,956e98c1-ba42-40ee-8d87-184b3d6fb17d,680340617,local_copy_verified:data/calibration_v1,cc-by-nc,"(c) antsplaychess, some rights reserved (CC BY-NC)",3f07f589fd4d3d871175868abe1831ce13996d46dc0b46404a8a2e394790f68f,96175,500,334,calibration_v1_reuse,calibration_v1,83a80351f8ac65e89ea6124ac7de6d2cb6a3c68efc1f33eb3ecc2eca8c5f63c0,418,680340617,956e98c1-ba42-40ee-8d87-184b3d6fb17d,3f07f589fd4d3d871175868abe1831ce13996d46dc0b46404a8a2e394790f68f,882816,Camponotus albosparsus,not_recorded_in_source,calibration_v1_reuse,local_copy_verified:data/calibration_v1,https://inaturalist-open-data.s3.amazonaws.com/photos/680340617/square.jpg
out_of_scope_ant,Polyrhachis bicolor,polyrhachis-bicolor,627039,n/a_fresh_row,bf5f8076-2e27-402b-98b4-1849f4917aaa,680345777,local_copy_verified:data/calibration_v1,cc-by-nc,"(c) antsplaychess, some rights reserved (CC BY-NC)",6245c743016ffa8440020681a617d9a92ca42787b8309171acc6d975a30972b1,36254,500,333,calibration_v1_reuse,calibration_v1,83a80351f8ac65e89ea6124ac7de6d2cb6a3c68efc1f33eb3ecc2eca8c5f63c0,419,680345777,bf5f8076-2e27-402b-98b4-1849f4917aaa,6245c743016ffa8440020681a617d9a92ca42787b8309171acc6d975a30972b1,627039,Polyrhachis bicolor,not_recorded_in_source,calibration_v1_reuse,local_copy_verified:data/calibration_v1,https://inaturalist-open-data.s3.amazonaws.com/photos/680345777/square.jpg
out_of_scope_ant,Myrmica kotokui,myrmica-kotokui,1233264,n/a_fresh_row,80ed6f94-8a58-47ab-86bf-7b95fe4f8125,680186772,local_copy_verified:data/calibration_v1,cc-by,"(c) Saryu Mae 前 朝琉, some rights reserved (CC BY)",cba45f05e02f9900782822333dfe5d97e354755bd9b7e0a0e9d788535d039e63,212417,500,333,calibration_v1_reuse,calibration_v1,83a80351f8ac65e89ea6124ac7de6d2cb6a3c68efc1f33eb3ecc2eca8c5f63c0,421,680186772,80ed6f94-8a58-47ab-86bf-7b95fe4f8125,cba45f05e02f9900782822333dfe5d97e354755bd9b7e0a0e9d788535d039e63,1233264,Myrmica kotokui,not_recorded_in_source,calibration_v1_reuse,local_copy_verified:data/calibration_v1,https://inaturalist-open-data.s3.amazonaws.com/photos/680186772/square.jpg
out_of_scope_ant,Camponotus piceus,camponotus-piceus,347442,n/a_fresh_row,783abe6c-852c-4fee-a67c-937cc22439fc,680347082,local_copy_verified:data/calibration_v1,cc-by-nc,"(c) Samuel Duarte, some rights reserved (CC BY-NC)",bbe6363973a247fc230198131b9dd8d7fad06c88891321beaed7e7d43f2768f5,44585,366,500,calibration_v1_reuse,calibration_v1,83a80351f8ac65e89ea6124ac7de6d2cb6a3c68efc1f33eb3ecc2eca8c5f63c0,422,680347082,783abe6c-852c-4fee-a67c-937cc22439fc,bbe6363973a247fc230198131b9dd8d7fad06c88891321beaed7e7d43f2768f5,347442,Camponotus piceus,not_recorded_in_source,calibration_v1_reuse,local_copy_verified:data/calibration_v1,https://inaturalist-open-data.s3.amazonaws.com/photos/680347082/square.jpg
out_of_scope_ant,Myrmica kotokui,myrmica-kotokui,1233264,n/a_fresh_row,d441c470-4bd7-4c03-b2b4-0e45140484a1,680186975,local_copy_verified:data/calibration_v1,cc-by,"(c) Saryu Mae 前 朝琉, some rights reserved (CC BY)",f6a2cb8e48d6959511760c99febf9ee3e154b18328c4a52c7dc8804a8a23793d,155770,500,333,calibration_v1_reuse,calibration_v1,83a80351f8ac65e89ea6124ac7de6d2cb6a3c68efc1f33eb3ecc2eca8c5f63c0,423,680186975,d441c470-4bd7-4c03-b2b4-0e45140484a1,f6a2cb8e48d6959511760c99febf9ee3e154b18328c4a52c7dc8804a8a23793d,1233264,Myrmica kotokui,not_recorded_in_source,calibration_v1_reuse,local_copy_verified:data/calibration_v1,https://inaturalist-open-data.s3.amazonaws.com/photos/680186975/square.jpg
out_of_scope_ant,Formica truncorum,formica-truncorum,343262,n/a_fresh_row,b2704311-ff92-4420-a924-5095e7d7bac7,680188032,local_copy_verified:data/calibration_v1,cc-by,"(c) Saryu Mae 前 朝琉, some rights reserved (CC BY)",b84452255bbd0951ae4f239d540e540b080169f68f9380868d2c2429b59973aa,219144,500,333,calibration_v1_reuse,calibration_v1,83a80351f8ac65e89ea6124ac7de6d2cb6a3c68efc1f33eb3ecc2eca8c5f63c0,424,680188032,b2704311-ff92-4420-a924-5095e7d7bac7,b84452255bbd0951ae4f239d540e540b080169f68f9380868d2c2429b59973aa,343262,Formica truncorum,not_recorded_in_source,calibration_v1_reuse,local_copy_verified:data/calibration_v1,https://inaturalist-open-data.s3.amazonaws.com/photos/680188032/square.jpg
out_of_scope_ant,Messor ibericus,messor-ibericus,840243,n/a_fresh_row,9a420fb8-3fa1-44eb-8358-12216cf6992c,680354814,local_copy_verified:data/calibration_v1,cc-by-nc,"(c) lvdr, some rights reserved (CC BY-NC)",ad473dcf9b1585f2a123d6426a83428c5df7c411fd8f44e77d6ca1948416b239,288152,500,500,calibration_v1_reuse,calibration_v1,83a80351f8ac65e89ea6124ac7de6d2cb6a3c68efc1f33eb3ecc2eca8c5f63c0,425,680354814,9a420fb8-3fa1-44eb-8358-12216cf6992c,ad473dcf9b1585f2a123d6426a83428c5df7c411fd8f44e77d6ca1948416b239,840243,Messor ibericus,not_recorded_in_source,calibration_v1_reuse,local_copy_verified:data/calibration_v1,https://inaturalist-open-data.s3.amazonaws.com/photos/680354814/square.jpg
out_of_scope_ant,Camponotus herculeanus,camponotus-herculeanus,215974,n/a_fresh_row,cba10758-24e2-42e0-ad9f-94b2058a1290,680357841,local_copy_verified:data/calibration_v1,cc-by-nc,"(c) mistercamponotus, some rights reserved (CC BY-NC)",169b93d443256043baa1c76aa02c2a5ebcf65d07231dbc985b08595d79c63cf3,105675,230,500,calibration_v1_reuse,calibration_v1,83a80351f8ac65e89ea6124ac7de6d2cb6a3c68efc1f33eb3ecc2eca8c5f63c0,426,680357841,cba10758-24e2-42e0-ad9f-94b2058a1290,169b93d443256043baa1c76aa02c2a5ebcf65d07231dbc985b08595d79c63cf3,215974,Camponotus herculeanus,not_recorded_in_source,calibration_v1_reuse,local_copy_verified:data/calibration_v1,https://inaturalist-open-data.s3.amazonaws.com/photos/680357841/square.jpg
out_of_scope_ant,Camponotus floridanus,camponotus-floridanus,81709,n/a_fresh_row,90861819-98cc-4c43-af2d-94495bba0edc,680357818,local_copy_verified:data/calibration_v1,cc-by-nc,"(c) rose-mari, some rights reserved (CC BY-NC)",bc927d86a15a11b088074e8ef83d852b64d4927ec877e6e2da51b82a8eca0182,194584,375,500,calibration_v1_reuse,calibration_v1,83a80351f8ac65e89ea6124ac7de6d2cb6a3c68efc1f33eb3ecc2eca8c5f63c0,427,680357818,90861819-98cc-4c43-af2d-94495bba0edc,bc927d86a15a11b088074e8ef83d852b64d4927ec877e6e2da51b82a8eca0182,81709,Camponotus floridanus,not_recorded_in_source,calibration_v1_reuse,local_copy_verified:data/calibration_v1,https://inaturalist-open-data.s3.amazonaws.com/photos/680357818/square.jpg
out_of_scope_ant,Iridomyrmex anceps,iridomyrmex-anceps,202005,n/a_fresh_row,4ebb5155-f8e3-430f-a156-ff49e0a55b11,680352001,local_copy_verified:data/calibration_v1,cc-by-nc,"(c) antsplaychess, some rights reserved (CC BY-NC)",161b9103fa96113c9aff3ca73adf44f85173cf64d9c47abcedde0e671236d30f,144552,500,333,calibration_v1_reuse,calibration_v1,83a80351f8ac65e89ea6124ac7de6d2cb6a3c68efc1f33eb3ecc2eca8c5f63c0,428,680352001,4ebb5155-f8e3-430f-a156-ff49e0a55b11,161b9103fa96113c9aff3ca73adf44f85173cf64d9c47abcedde0e671236d30f,202005,Iridomyrmex anceps,not_recorded_in_source,calibration_v1_reuse,local_copy_verified:data/calibration_v1,https://inaturalist-open-data.s3.amazonaws.com/photos/680352001/square.jpg
out_of_scope_ant,Tapinoma melanocephalum,tapinoma-melanocephalum,69122,n/a_fresh_row,20d08cde-3330-4b90-8bca-a724651f649c,680352631,local_copy_verified:data/calibration_v1,cc-by-nc,"(c) antsplaychess, some rights reserved (CC BY-NC)",7402039c2ba9f816bb3239c6acff8528937c58551b6d87203e93e7739c27547a,128598,500,333,calibration_v1_reuse,calibration_v1,83a80351f8ac65e89ea6124ac7de6d2cb6a3c68efc1f33eb3ecc2eca8c5f63c0,429,680352631,20d08cde-3330-4b90-8bca-a724651f649c,7402039c2ba9f816bb3239c6acff8528937c58551b6d87203e93e7739c27547a,69122,Tapinoma melanocephalum,not_recorded_in_source,calibration_v1_reuse,local_copy_verified:data/calibration_v1,https://inaturalist-open-data.s3.amazonaws.com/photos/680352631/square.jpg
out_of_scope_ant,Messor muticus,messor-muticus,1188214,n/a_fresh_row,e18f3e90-b676-4537-b8a0-3378b7acabd9,680352090,local_copy_verified:data/calibration_v1,cc-by-nc,"(c) epistemophagus, some rights reserved (CC BY-NC)",59bab38353c848a03e8dd3c7bccc2c34dadcd527021d7a471f6c9c036de4dd57,35603,375,500,calibration_v1_reuse,calibration_v1,83a80351f8ac65e89ea6124ac7de6d2cb6a3c68efc1f33eb3ecc2eca8c5f63c0,430,680352090,e18f3e90-b676-4537-b8a0-3378b7acabd9,59bab38353c848a03e8dd3c7bccc2c34dadcd527021d7a471f6c9c036de4dd57,1188214,Messor muticus,not_recorded_in_source,calibration_v1_reuse,local_copy_verified:data/calibration_v1,https://inaturalist-open-data.s3.amazonaws.com/photos/680352090/square.jpg
out_of_scope_ant,Camponotus floridanus,camponotus-floridanus,81709,n/a_fresh_row,9462a258-ba2a-4994-947d-1c0ae2232ac2,680362346,local_copy_verified:data/calibration_v1,cc-by-nc,"(c) Avery Haughwout, some rights reserved (CC BY-NC)",0d57f59c4d96e11f0788bdab36871749c2d6d5ad5591e25f9309662a7c318224,107721,375,500,calibration_v1_reuse,calibration_v1,83a80351f8ac65e89ea6124ac7de6d2cb6a3c68efc1f33eb3ecc2eca8c5f63c0,431,680362346,9462a258-ba2a-4994-947d-1c0ae2232ac2,0d57f59c4d96e11f0788bdab36871749c2d6d5ad5591e25f9309662a7c318224,81709,Camponotus floridanus,not_recorded_in_source,calibration_v1_reuse,local_copy_verified:data/calibration_v1,https://inaturalist-open-data.s3.amazonaws.com/photos/680362346/square.jpg
out_of_scope_ant,Cataglyphis nodus,cataglyphis-nodus,451308,n/a_fresh_row,3b260e8a-87f3-4a25-8eb4-a8990cdaf3a9,680351653,local_copy_verified:data/calibration_v1,cc-by-nc,"(c) Lara, some rights reserved (CC BY-NC)",68c315d13cc34990b79a4ec187e71d3dca276308af737576da8aca863042a763,26073,281,500,calibration_v1_reuse,calibration_v1,83a80351f8ac65e89ea6124ac7de6d2cb6a3c68efc1f33eb3ecc2eca8c5f63c0,432,680351653,3b260e8a-87f3-4a25-8eb4-a8990cdaf3a9,68c315d13cc34990b79a4ec187e71d3dca276308af737576da8aca863042a763,451308,Cataglyphis nodus,not_recorded_in_source,calibration_v1_reuse,local_copy_verified:data/calibration_v1,https://inaturalist-open-data.s3.amazonaws.com/photos/680351653/square.jpg
out_of_scope_ant,Trichomyrmex destructor,trichomyrmex-destructor,424679,n/a_fresh_row,2c97ee8f-e162-4f10-95b9-b6d09cb2ad09,680336052,local_copy_verified:data/calibration_v1,cc-by-nc,"(c) Ankur Mishra, some rights reserved (CC BY-NC)",e95ca8c37cc227ddbe67646a8420748309826872dd63b5ac86fe3d642da0b9d3,50931,500,376,calibration_v1_reuse,calibration_v1,83a80351f8ac65e89ea6124ac7de6d2cb6a3c68efc1f33eb3ecc2eca8c5f63c0,433,680336052,2c97ee8f-e162-4f10-95b9-b6d09cb2ad09,e95ca8c37cc227ddbe67646a8420748309826872dd63b5ac86fe3d642da0b9d3,424679,Trichomyrmex destructor,not_recorded_in_source,calibration_v1_reuse,local_copy_verified:data/calibration_v1,https://inaturalist-open-data.s3.amazonaws.com/photos/680336052/square.jpg
out_of_scope_ant,Camponotus compressus,camponotus-compressus,490629,n/a_fresh_row,048d9501-b0e2-408b-b132-99391523a756,680340451,local_copy_verified:data/calibration_v1,cc-by-nc,"(c) Ankur Mishra, some rights reserved (CC BY-NC)",85f09d2e16e3a61ed65017290c8daf34c21b0baeaf430f142a4545e8a53b3382,46646,500,344,calibration_v1_reuse,calibration_v1,83a80351f8ac65e89ea6124ac7de6d2cb6a3c68efc1f33eb3ecc2eca8c5f63c0,434,680340451,048d9501-b0e2-408b-b132-99391523a756,85f09d2e16e3a61ed65017290c8daf34c21b0baeaf430f142a4545e8a53b3382,490629,Camponotus compressus,not_recorded_in_source,calibration_v1_reuse,local_copy_verified:data/calibration_v1,https://inaturalist-open-data.s3.amazonaws.com/photos/680340451/square.jpg
out_of_scope_ant,Crematogaster auberti,crematogaster-auberti,338737,n/a_fresh_row,888026b7-8c9f-496b-a21d-c4f34d86fd48,680353776,local_copy_verified:data/calibration_v1,cc-by-nc,"(c) Samuel Duarte, some rights reserved (CC BY-NC)",98ddb237ad8609ff16d8afb6af87b9671f1315b2e65d19385192fdbe0b9c06b4,34045,500,354,calibration_v1_reuse,calibration_v1,83a80351f8ac65e89ea6124ac7de6d2cb6a3c68efc1f33eb3ecc2eca8c5f63c0,435,680353776,888026b7-8c9f-496b-a21d-c4f34d86fd48,98ddb237ad8609ff16d8afb6af87b9671f1315b2e65d19385192fdbe0b9c06b4,338737,Crematogaster auberti,not_recorded_in_source,calibration_v1_reuse,local_copy_verified:data/calibration_v1,https://inaturalist-open-data.s3.amazonaws.com/photos/680353776/square.jpg
out_of_scope_ant,Crematogaster auberti,crematogaster-auberti,338737,n/a_fresh_row,b62c763c-c393-4135-b5dd-b0982796f0a6,680354192,local_copy_verified:data/calibration_v1,cc-by-nc,"(c) Samuel Duarte, some rights reserved (CC BY-NC)",45b667a55e7340ea3223f20d33bdaa2d108a6e4680ee2ea2a2298a76a0c641e6,26918,500,337,calibration_v1_reuse,calibration_v1,83a80351f8ac65e89ea6124ac7de6d2cb6a3c68efc1f33eb3ecc2eca8c5f63c0,436,680354192,b62c763c-c393-4135-b5dd-b0982796f0a6,45b667a55e7340ea3223f20d33bdaa2d108a6e4680ee2ea2a2298a76a0c641e6,338737,Crematogaster auberti,not_recorded_in_source,calibration_v1_reuse,local_copy_verified:data/calibration_v1,https://inaturalist-open-data.s3.amazonaws.com/photos/680354192/square.jpg
out_of_scope_ant,Formica pallidefulva,formica-pallidefulva,143658,n/a_fresh_row,cc239e7b-5a87-4da7-a03e-956893f70798,680365145,local_copy_verified:data/calibration_v1,cc-by-nc,"(c) Rick Nirschl, some rights reserved (CC BY-NC)",bdfdcaafb5d5d30be750e16d2ceb4b6a22c67ebdefaddf931545dd7010412ab4,122440,500,356,calibration_v1_reuse,calibration_v1,83a80351f8ac65e89ea6124ac7de6d2cb6a3c68efc1f33eb3ecc2eca8c5f63c0,437,680365145,cc239e7b-5a87-4da7-a03e-956893f70798,bdfdcaafb5d5d30be750e16d2ceb4b6a22c67ebdefaddf931545dd7010412ab4,143658,Formica pallidefulva,not_recorded_in_source,calibration_v1_reuse,local_copy_verified:data/calibration_v1,https://inaturalist-open-data.s3.amazonaws.com/photos/680365145/square.jpg
out_of_scope_ant,Formica pallidefulva,formica-pallidefulva,143658,n/a_fresh_row,14d486e6-6e72-424a-9879-6ff885f9a17a,680379877,local_copy_verified:data/calibration_v1,cc-by-nc,"(c) cozzzzz, some rights reserved (CC BY-NC)",19f46f509e6239b9d74108644591429ade8860cdfb16f1bb052021f36523309d,50070,375,500,calibration_v1_reuse,calibration_v1,83a80351f8ac65e89ea6124ac7de6d2cb6a3c68efc1f33eb3ecc2eca8c5f63c0,438,680379877,14d486e6-6e72-424a-9879-6ff885f9a17a,19f46f509e6239b9d74108644591429ade8860cdfb16f1bb052021f36523309d,143658,Formica pallidefulva,not_recorded_in_source,calibration_v1_reuse,local_copy_verified:data/calibration_v1,https://inaturalist-open-data.s3.amazonaws.com/photos/680379877/square.jpg
out_of_scope_ant,Manica rubida,manica-rubida,347533,n/a_fresh_row,71d28ede-ea3d-4150-a8af-3f818d177f00,680458261,local_copy_verified:data/calibration_v1,cc-by,"(c) Mattia Menchetti, some rights reserved (CC BY)",5296a446faf78b5411e0b2d13efed43817580d641ffae535983da70e8ce868b7,226159,459,500,calibration_v1_reuse,calibration_v1,83a80351f8ac65e89ea6124ac7de6d2cb6a3c68efc1f33eb3ecc2eca8c5f63c0,440,680458261,71d28ede-ea3d-4150-a8af-3f818d177f00,5296a446faf78b5411e0b2d13efed43817580d641ffae535983da70e8ce868b7,347533,Manica rubida,not_recorded_in_source,calibration_v1_reuse,local_copy_verified:data/calibration_v1,https://inaturalist-open-data.s3.amazonaws.com/photos/680458261/square.jpg
out_of_scope_ant,Camponotus floridanus,camponotus-floridanus,81709,n/a_fresh_row,57972f98-2f3e-4823-a869-55e74b9c6e4b,680390061,local_copy_verified:data/calibration_v1,cc-by-nc,"(c) mbaggett1, some rights reserved (CC BY-NC)",9d63903fb7d63d84ebd06985f87091d9407681112eca92b3aaa77ee0a3b2f80b,41921,500,334,calibration_v1_reuse,calibration_v1,83a80351f8ac65e89ea6124ac7de6d2cb6a3c68efc1f33eb3ecc2eca8c5f63c0,442,680390061,57972f98-2f3e-4823-a869-55e74b9c6e4b,9d63903fb7d63d84ebd06985f87091d9407681112eca92b3aaa77ee0a3b2f80b,81709,Camponotus floridanus,not_recorded_in_source,calibration_v1_reuse,local_copy_verified:data/calibration_v1,https://inaturalist-open-data.s3.amazonaws.com/photos/680390061/square.jpg
out_of_scope_ant,Camponotus floridanus,camponotus-floridanus,81709,n/a_fresh_row,1193ab51-4cde-41ad-909f-a92eefb3476a,680396933,local_copy_verified:data/calibration_v1,cc-by-nc,"(c) cayliecs, some rights reserved (CC BY-NC)",c5074e4970c1fa6edfb194abd24aea2f9d9622e55b6119a83123c74e6c6d21fb,152275,281,500,calibration_v1_reuse,calibration_v1,83a80351f8ac65e89ea6124ac7de6d2cb6a3c68efc1f33eb3ecc2eca8c5f63c0,443,680396933,1193ab51-4cde-41ad-909f-a92eefb3476a,c5074e4970c1fa6edfb194abd24aea2f9d9622e55b6119a83123c74e6c6d21fb,81709,Camponotus floridanus,not_recorded_in_source,calibration_v1_reuse,local_copy_verified:data/calibration_v1,https://inaturalist-open-data.s3.amazonaws.com/photos/680396933/square.jpg
out_of_scope_ant,Camponotus decipiens,camponotus-decipiens,215972,n/a_fresh_row,1af6015c-657f-467b-a218-8353450f328b,680406877,local_copy_verified:data/calibration_v1,cc-by-nc,"(c) Payton W., some rights reserved (CC BY-NC)",1ca2ad4234e2f6d87b78454c6c5d195097a9802b7eee025a5b2816a358c59bb1,248947,500,375,calibration_v1_reuse,calibration_v1,83a80351f8ac65e89ea6124ac7de6d2cb6a3c68efc1f33eb3ecc2eca8c5f63c0,447,680406877,1af6015c-657f-467b-a218-8353450f328b,1ca2ad4234e2f6d87b78454c6c5d195097a9802b7eee025a5b2816a358c59bb1,215972,Camponotus decipiens,not_recorded_in_source,calibration_v1_reuse,local_copy_verified:data/calibration_v1,https://inaturalist-open-data.s3.amazonaws.com/photos/680406877/square.jpg
out_of_scope_ant,Atta cephalotes,atta-cephalotes,153974,n/a_fresh_row,907857f7-a6c6-4e7f-91ca-7f39229d7a4d,680410240,local_copy_verified:data/calibration_v1,cc-by-nc,"(c) Milagros maydely Velázquez, some rights reserved (CC BY-NC)",a6bb2d2abece1b0343401d06e15defabddfca04ff6046946c6e806d225763cef,187228,375,500,calibration_v1_reuse,calibration_v1,83a80351f8ac65e89ea6124ac7de6d2cb6a3c68efc1f33eb3ecc2eca8c5f63c0,450,680410240,907857f7-a6c6-4e7f-91ca-7f39229d7a4d,a6bb2d2abece1b0343401d06e15defabddfca04ff6046946c6e806d225763cef,153974,Atta cephalotes,not_recorded_in_source,calibration_v1_reuse,local_copy_verified:data/calibration_v1,https://inaturalist-open-data.s3.amazonaws.com/photos/680410240/square.jpg
out_of_scope_ant,Camponotus ligniperda,camponotus-ligniperda,338086,n/a_fresh_row,2ea09b79-a568-42e4-b76c-4da52778dc8d,680412939,local_copy_verified:data/calibration_v1,cc-by-nc,"(c) Jakub Duben, some rights reserved (CC BY-NC)",ee1b550d52259649c488e49e507a7dc01df7b9c09a3c6011d16e8ac0ec243bc2,103940,500,375,calibration_v1_reuse,calibration_v1,83a80351f8ac65e89ea6124ac7de6d2cb6a3c68efc1f33eb3ecc2eca8c5f63c0,451,680412939,2ea09b79-a568-42e4-b76c-4da52778dc8d,ee1b550d52259649c488e49e507a7dc01df7b9c09a3c6011d16e8ac0ec243bc2,338086,Camponotus ligniperda,not_recorded_in_source,calibration_v1_reuse,local_copy_verified:data/calibration_v1,https://inaturalist-open-data.s3.amazonaws.com/photos/680412939/square.jpg
out_of_scope_ant,Camponotus ligniperda,camponotus-ligniperda,338086,n/a_fresh_row,bc44cfda-8bb4-4a4c-8015-f42fef234fd9,680413214,local_copy_verified:data/calibration_v1,cc-by-nc,"(c) Jakub Duben, some rights reserved (CC BY-NC)",07ece05e2bf4df9997bc1a82436ddb132eff9f15daaf45db66a1939e4f97b1c3,196747,500,375,calibration_v1_reuse,calibration_v1,83a80351f8ac65e89ea6124ac7de6d2cb6a3c68efc1f33eb3ecc2eca8c5f63c0,452,680413214,bc44cfda-8bb4-4a4c-8015-f42fef234fd9,07ece05e2bf4df9997bc1a82436ddb132eff9f15daaf45db66a1939e4f97b1c3,338086,Camponotus ligniperda,not_recorded_in_source,calibration_v1_reuse,local_copy_verified:data/calibration_v1,https://inaturalist-open-data.s3.amazonaws.com/photos/680413214/square.jpg
out_of_scope_ant,Aphaenogaster subterranea,aphaenogaster-subterranea,347378,n/a_fresh_row,25a2f2cd-2d44-4267-8c8d-cd38f1f73b42,680413847,local_copy_verified:data/calibration_v1,cc-by-nc,"(c) Jakub Duben, some rights reserved (CC BY-NC)",0bcc8a8e5b7bb631caac15354e47ff4ea966d7ccc9409e86c7455ba0c244a254,206479,500,375,calibration_v1_reuse,calibration_v1,83a80351f8ac65e89ea6124ac7de6d2cb6a3c68efc1f33eb3ecc2eca8c5f63c0,453,680413847,25a2f2cd-2d44-4267-8c8d-cd38f1f73b42,0bcc8a8e5b7bb631caac15354e47ff4ea966d7ccc9409e86c7455ba0c244a254,347378,Aphaenogaster subterranea,not_recorded_in_source,calibration_v1_reuse,local_copy_verified:data/calibration_v1,https://inaturalist-open-data.s3.amazonaws.com/photos/680413847/square.jpg
out_of_scope_ant,Camponotus ligniperda,camponotus-ligniperda,338086,n/a_fresh_row,9b4eb9a0-ce5c-4c5c-8f0b-2e18c2e0c6e7,680414439,local_copy_verified:data/calibration_v1,cc-by-nc,"(c) Jakub Duben, some rights reserved (CC BY-NC)",b22fea76d8ebe0a87c879c57cf43ee81b92e66136d5f317fe9bc40a1a9e4de89,121781,413,500,calibration_v1_reuse,calibration_v1,83a80351f8ac65e89ea6124ac7de6d2cb6a3c68efc1f33eb3ecc2eca8c5f63c0,454,680414439,9b4eb9a0-ce5c-4c5c-8f0b-2e18c2e0c6e7,b22fea76d8ebe0a87c879c57cf43ee81b92e66136d5f317fe9bc40a1a9e4de89,338086,Camponotus ligniperda,not_recorded_in_source,calibration_v1_reuse,local_copy_verified:data/calibration_v1,https://inaturalist-open-data.s3.amazonaws.com/photos/680414439/square.jpg
out_of_scope_ant,Aphaenogaster subterranea,aphaenogaster-subterranea,347378,n/a_fresh_row,e181b6da-5c24-48a5-b697-87e2e599a947,680415168,local_copy_verified:data/calibration_v1,cc-by-nc,"(c) Jakub Duben, some rights reserved (CC BY-NC)",b358405d4844a8cd2f8fcdb8cd018d9f4594e58addc7e66fb058af0180ee2552,177417,500,305,calibration_v1_reuse,calibration_v1,83a80351f8ac65e89ea6124ac7de6d2cb6a3c68efc1f33eb3ecc2eca8c5f63c0,455,680415168,e181b6da-5c24-48a5-b697-87e2e599a947,b358405d4844a8cd2f8fcdb8cd018d9f4594e58addc7e66fb058af0180ee2552,347378,Aphaenogaster subterranea,not_recorded_in_source,calibration_v1_reuse,local_copy_verified:data/calibration_v1,https://inaturalist-open-data.s3.amazonaws.com/photos/680415168/square.jpg
out_of_scope_ant,Camponotus ligniperda,camponotus-ligniperda,338086,n/a_fresh_row,05d709f8-1bae-41aa-957d-1c8fdb256375,680415431,local_copy_verified:data/calibration_v1,cc-by-nc,"(c) Jakub Duben, some rights reserved (CC BY-NC)",fcbd654f0d069e2452c9aa0315aa3de856976e3b13268a3c15415a1bd3aba08d,190244,500,375,calibration_v1_reuse,calibration_v1,83a80351f8ac65e89ea6124ac7de6d2cb6a3c68efc1f33eb3ecc2eca8c5f63c0,456,680415431,05d709f8-1bae-41aa-957d-1c8fdb256375,fcbd654f0d069e2452c9aa0315aa3de856976e3b13268a3c15415a1bd3aba08d,338086,Camponotus ligniperda,not_recorded_in_source,calibration_v1_reuse,local_copy_verified:data/calibration_v1,https://inaturalist-open-data.s3.amazonaws.com/photos/680415431/square.jpg
out_of_scope_ant,Aphaenogaster subterranea,aphaenogaster-subterranea,347378,n/a_fresh_row,bc9ff0f6-c4ea-4b29-9d92-5905e86b9763,680415754,local_copy_verified:data/calibration_v1,cc-by-nc,"(c) Jakub Duben, some rights reserved (CC BY-NC)",9b225cc0e38fb23fade580efa81ae62f9dfd3e6598fe8a89273d295ccdaa27f5,198670,500,375,calibration_v1_reuse,calibration_v1,83a80351f8ac65e89ea6124ac7de6d2cb6a3c68efc1f33eb3ecc2eca8c5f63c0,457,680415754,bc9ff0f6-c4ea-4b29-9d92-5905e86b9763,9b225cc0e38fb23fade580efa81ae62f9dfd3e6598fe8a89273d295ccdaa27f5,347378,Aphaenogaster subterranea,not_recorded_in_source,calibration_v1_reuse,local_copy_verified:data/calibration_v1,https://inaturalist-open-data.s3.amazonaws.com/photos/680415754/square.jpg
out_of_scope_ant,Camponotus ligniperda,camponotus-ligniperda,338086,n/a_fresh_row,8f7858cf-23ba-44b7-ac12-3e7db4159645,680416264,local_copy_verified:data/calibration_v1,cc-by-nc,"(c) Jakub Duben, some rights reserved (CC BY-NC)",c9310f7e3e4db568c0575f088dd2e3490ec3779420fa4609b042ed807571a13b,237258,500,489,calibration_v1_reuse,calibration_v1,83a80351f8ac65e89ea6124ac7de6d2cb6a3c68efc1f33eb3ecc2eca8c5f63c0,458,680416264,8f7858cf-23ba-44b7-ac12-3e7db4159645,c9310f7e3e4db568c0575f088dd2e3490ec3779420fa4609b042ed807571a13b,338086,Camponotus ligniperda,not_recorded_in_source,calibration_v1_reuse,local_copy_verified:data/calibration_v1,https://inaturalist-open-data.s3.amazonaws.com/photos/680416264/square.jpg
out_of_scope_ant,Aphaenogaster subterranea,aphaenogaster-subterranea,347378,n/a_fresh_row,dc7e5e12-5cc4-4698-9349-0642b2b4e739,680418252,local_copy_verified:data/calibration_v1,cc-by-nc,"(c) Jakub Duben, some rights reserved (CC BY-NC)",1d9bdf1c262021263da3b611fe099aa613fa56e974bb3e8a448f25183b73172a,169542,500,293,calibration_v1_reuse,calibration_v1,83a80351f8ac65e89ea6124ac7de6d2cb6a3c68efc1f33eb3ecc2eca8c5f63c0,459,680418252,dc7e5e12-5cc4-4698-9349-0642b2b4e739,1d9bdf1c262021263da3b611fe099aa613fa56e974bb3e8a448f25183b73172a,347378,Aphaenogaster subterranea,not_recorded_in_source,calibration_v1_reuse,local_copy_verified:data/calibration_v1,https://inaturalist-open-data.s3.amazonaws.com/photos/680418252/square.jpg
out_of_scope_ant,Camponotus ligniperda,camponotus-ligniperda,338086,n/a_fresh_row,34eafaad-a739-4d08-8f66-36fcc747259a,680418989,local_copy_verified:data/calibration_v1,cc-by-nc,"(c) Jakub Duben, some rights reserved (CC BY-NC)",e121a8b5ddf1b84e84edb7b43787c432d95d5d60f90f3e292ddcf7e3df009cd7,182051,500,330,calibration_v1_reuse,calibration_v1,83a80351f8ac65e89ea6124ac7de6d2cb6a3c68efc1f33eb3ecc2eca8c5f63c0,460,680418989,34eafaad-a739-4d08-8f66-36fcc747259a,e121a8b5ddf1b84e84edb7b43787c432d95d5d60f90f3e292ddcf7e3df009cd7,338086,Camponotus ligniperda,not_recorded_in_source,calibration_v1_reuse,local_copy_verified:data/calibration_v1,https://inaturalist-open-data.s3.amazonaws.com/photos/680418989/square.jpg
out_of_scope_ant,Camponotus piceus,camponotus-piceus,347442,n/a_fresh_row,2b4fbfd9-f230-4ef8-9d30-93c62cbb67f8,680418509,local_copy_verified:data/calibration_v1,cc-by-nc,"(c) thibaut-pilatte, some rights reserved (CC BY-NC)",20485ce37a614ff78ad313054a55179e5bd59532bf094a32db739a4185c9a664,66995,500,333,calibration_v1_reuse,calibration_v1,83a80351f8ac65e89ea6124ac7de6d2cb6a3c68efc1f33eb3ecc2eca8c5f63c0,461,680418509,2b4fbfd9-f230-4ef8-9d30-93c62cbb67f8,20485ce37a614ff78ad313054a55179e5bd59532bf094a32db739a4185c9a664,347442,Camponotus piceus,not_recorded_in_source,calibration_v1_reuse,local_copy_verified:data/calibration_v1,https://inaturalist-open-data.s3.amazonaws.com/photos/680418509/square.jpg
out_of_scope_ant,Camponotus ligniperda,camponotus-ligniperda,338086,n/a_fresh_row,559bbf1e-29c2-4da4-bbec-cb0c760c9832,680420072,local_copy_verified:data/calibration_v1,cc-by-nc,"(c) Jakub Duben, some rights reserved (CC BY-NC)",4025f03f38587def8c6b42a20b1bf91be78dc2821d200375a499db4a25812000,150257,500,490,calibration_v1_reuse,calibration_v1,83a80351f8ac65e89ea6124ac7de6d2cb6a3c68efc1f33eb3ecc2eca8c5f63c0,462,680420072,559bbf1e-29c2-4da4-bbec-cb0c760c9832,4025f03f38587def8c6b42a20b1bf91be78dc2821d200375a499db4a25812000,338086,Camponotus ligniperda,not_recorded_in_source,calibration_v1_reuse,local_copy_verified:data/calibration_v1,https://inaturalist-open-data.s3.amazonaws.com/photos/680420072/square.jpg
out_of_scope_ant,Aphaenogaster subterranea,aphaenogaster-subterranea,347378,n/a_fresh_row,60a20042-53b2-4ef8-91f2-163b2508eea5,680420428,local_copy_verified:data/calibration_v1,cc-by-nc,"(c) Jakub Duben, some rights reserved (CC BY-NC)",eaebc0aa877fbe36eaf6dc4ac6bf4fc938d38b36979d2d14d5437e389d84b575,147351,500,268,calibration_v1_reuse,calibration_v1,83a80351f8ac65e89ea6124ac7de6d2cb6a3c68efc1f33eb3ecc2eca8c5f63c0,463,680420428,60a20042-53b2-4ef8-91f2-163b2508eea5,eaebc0aa877fbe36eaf6dc4ac6bf4fc938d38b36979d2d14d5437e389d84b575,347378,Aphaenogaster subterranea,not_recorded_in_source,calibration_v1_reuse,local_copy_verified:data/calibration_v1,https://inaturalist-open-data.s3.amazonaws.com/photos/680420428/square.jpg
out_of_scope_ant,Camponotus ligniperda,camponotus-ligniperda,338086,n/a_fresh_row,ef6429c9-d193-44ef-9338-4c04df66ebf0,680422567,local_copy_verified:data/calibration_v1,cc-by-nc,"(c) Jakub Duben, some rights reserved (CC BY-NC)",538b11fd8a44e34ca73ce938ca3d638e0b2ad96e1d620f6467fdf14fa230f0e4,193179,500,375,calibration_v1_reuse,calibration_v1,83a80351f8ac65e89ea6124ac7de6d2cb6a3c68efc1f33eb3ecc2eca8c5f63c0,464,680422567,ef6429c9-d193-44ef-9338-4c04df66ebf0,538b11fd8a44e34ca73ce938ca3d638e0b2ad96e1d620f6467fdf14fa230f0e4,338086,Camponotus ligniperda,not_recorded_in_source,calibration_v1_reuse,local_copy_verified:data/calibration_v1,https://inaturalist-open-data.s3.amazonaws.com/photos/680422567/square.jpg
out_of_scope_ant,Aphaenogaster subterranea,aphaenogaster-subterranea,347378,n/a_fresh_row,e4d8cf4e-d419-46b0-928d-b9c4882042e3,680423075,local_copy_verified:data/calibration_v1,cc-by-nc,"(c) Jakub Duben, some rights reserved (CC BY-NC)",62236df3d926c312490bd367915efcab29bbaca744404ffee253359ed25759f0,183118,500,375,calibration_v1_reuse,calibration_v1,83a80351f8ac65e89ea6124ac7de6d2cb6a3c68efc1f33eb3ecc2eca8c5f63c0,465,680423075,e4d8cf4e-d419-46b0-928d-b9c4882042e3,62236df3d926c312490bd367915efcab29bbaca744404ffee253359ed25759f0,347378,Aphaenogaster subterranea,not_recorded_in_source,calibration_v1_reuse,local_copy_verified:data/calibration_v1,https://inaturalist-open-data.s3.amazonaws.com/photos/680423075/square.jpg
out_of_scope_ant,Camponotus cruentatus,camponotus-cruentatus,131030,n/a_fresh_row,c9a5f87e-e78a-4be3-b47a-3542a12172c9,680427809,local_copy_verified:data/calibration_v1,cc-by-nc,"(c) Enrique Pelayo, some rights reserved (CC BY-NC)",f1106fa19f06d4b242c1189a0fa469105f23657e54ce25bf08ec5052f24646da,98037,500,340,calibration_v1_reuse,calibration_v1,83a80351f8ac65e89ea6124ac7de6d2cb6a3c68efc1f33eb3ecc2eca8c5f63c0,467,680427809,c9a5f87e-e78a-4be3-b47a-3542a12172c9,f1106fa19f06d4b242c1189a0fa469105f23657e54ce25bf08ec5052f24646da,131030,Camponotus cruentatus,not_recorded_in_source,calibration_v1_reuse,local_copy_verified:data/calibration_v1,https://inaturalist-open-data.s3.amazonaws.com/photos/680427809/square.jpg
out_of_scope_ant,Formica subsericea,formica-subsericea,133027,n/a_fresh_row,3c9f1b7d-7a5f-4539-817e-c474db128290,680425636,local_copy_verified:data/calibration_v1,cc-by-nc,"(c) Moses J. Michelsohn, some rights reserved (CC BY-NC)",745d7b3a98b081ff074dcebd7c6b2954fedafdff1669d4efa97cd3ba6d868354,170659,500,375,calibration_v1_reuse,calibration_v1,83a80351f8ac65e89ea6124ac7de6d2cb6a3c68efc1f33eb3ecc2eca8c5f63c0,468,680425636,3c9f1b7d-7a5f-4539-817e-c474db128290,745d7b3a98b081ff074dcebd7c6b2954fedafdff1669d4efa97cd3ba6d868354,133027,Formica subsericea,not_recorded_in_source,calibration_v1_reuse,local_copy_verified:data/calibration_v1,https://inaturalist-open-data.s3.amazonaws.com/photos/680425636/square.jpg
out_of_scope_ant,Camponotus ligniperda,camponotus-ligniperda,338086,n/a_fresh_row,8a45bf36-e4ca-44de-9fdb-a1759540d04f,680434168,local_copy_verified:data/calibration_v1,cc-by-nc,"(c) bergerbio1, some rights reserved (CC BY-NC)",4acc2d8b604f610deb4871964280dc4f7f40e7e5ede42fee71fcda187c587c6b,129486,375,500,calibration_v1_reuse,calibration_v1,83a80351f8ac65e89ea6124ac7de6d2cb6a3c68efc1f33eb3ecc2eca8c5f63c0,471,680434168,8a45bf36-e4ca-44de-9fdb-a1759540d04f,4acc2d8b604f610deb4871964280dc4f7f40e7e5ede42fee71fcda187c587c6b,338086,Camponotus ligniperda,not_recorded_in_source,calibration_v1_reuse,local_copy_verified:data/calibration_v1,https://inaturalist-open-data.s3.amazonaws.com/photos/680434168/square.jpg
out_of_scope_ant,Aphaenogaster tennesseensis,aphaenogaster-tennesseensis,129277,n/a_fresh_row,bef2c3ba-3876-46cb-b994-2471974225df,680435962,local_copy_verified:data/calibration_v1,cc-by-nc,"(c) Shelby Paxton, some rights reserved (CC BY-NC)",5ecaafaa8bea49c1f55218225bff608c8599b9efd0034f81429dfb7bcd36919f,192725,500,376,calibration_v1_reuse,calibration_v1,83a80351f8ac65e89ea6124ac7de6d2cb6a3c68efc1f33eb3ecc2eca8c5f63c0,472,680435962,bef2c3ba-3876-46cb-b994-2471974225df,5ecaafaa8bea49c1f55218225bff608c8599b9efd0034f81429dfb7bcd36919f,129277,Aphaenogaster tennesseensis,not_recorded_in_source,calibration_v1_reuse,local_copy_verified:data/calibration_v1,https://inaturalist-open-data.s3.amazonaws.com/photos/680435962/square.jpg
out_of_scope_ant,Tetramorium lanuginosum,tetramorium-lanuginosum,266234,n/a_fresh_row,2bfc4a00-b12b-4505-9c6e-f626bd84b54e,680441813,local_copy_verified:data/calibration_v1,cc-by-nc,"(c) Erik Amador, some rights reserved (CC BY-NC)",33910ddb72d9b767ce9c5f2f7c313be7fc7391b40daf3fe78b938338748afd36,118642,376,500,calibration_v1_reuse,calibration_v1,83a80351f8ac65e89ea6124ac7de6d2cb6a3c68efc1f33eb3ecc2eca8c5f63c0,474,680441813,2bfc4a00-b12b-4505-9c6e-f626bd84b54e,33910ddb72d9b767ce9c5f2f7c313be7fc7391b40daf3fe78b938338748afd36,266234,Tetramorium lanuginosum,not_recorded_in_source,calibration_v1_reuse,local_copy_verified:data/calibration_v1,https://inaturalist-open-data.s3.amazonaws.com/photos/680441813/square.jpg
out_of_scope_ant,Ectatomma ruidum,ectatomma-ruidum,265978,n/a_fresh_row,07ce5f5c-33dc-4e80-9eb2-d1dadfe96b57,680447940,local_copy_verified:data/calibration_v1,cc-by-nc,"(c) matthew_e_smith, some rights reserved (CC BY-NC)",152756f970b8573cac8e4c1c5bec5615a13c995c0f314be8e75aa480a2681029,263774,375,500,calibration_v1_reuse,calibration_v1,83a80351f8ac65e89ea6124ac7de6d2cb6a3c68efc1f33eb3ecc2eca8c5f63c0,476,680447940,07ce5f5c-33dc-4e80-9eb2-d1dadfe96b57,152756f970b8573cac8e4c1c5bec5615a13c995c0f314be8e75aa480a2681029,265978,Ectatomma ruidum,not_recorded_in_source,calibration_v1_reuse,local_copy_verified:data/calibration_v1,https://inaturalist-open-data.s3.amazonaws.com/photos/680447940/square.jpg
out_of_scope_ant,Lasius flavus,lasius-flavus,69315,n/a_fresh_row,91732e5b-8f2f-4346-8b9a-bc906e18c1cd,680449599,local_copy_verified:data/calibration_v1,cc-by-nc,"(c) Kate Smith, some rights reserved (CC BY-NC)",c939c42492e54c7a326417302b33415878d284a75d21ee48a1934f2a85b79bd7,87002,500,375,calibration_v1_reuse,calibration_v1,83a80351f8ac65e89ea6124ac7de6d2cb6a3c68efc1f33eb3ecc2eca8c5f63c0,478,680449599,91732e5b-8f2f-4346-8b9a-bc906e18c1cd,c939c42492e54c7a326417302b33415878d284a75d21ee48a1934f2a85b79bd7,69315,Lasius flavus,not_recorded_in_source,calibration_v1_reuse,local_copy_verified:data/calibration_v1,https://inaturalist-open-data.s3.amazonaws.com/photos/680449599/square.jpg
out_of_scope_ant,Myrmica sabuleti,myrmica-sabuleti,225416,n/a_fresh_row,af398fc6-99be-481e-b731-82d8a1d64c6a,680450234,local_copy_verified:data/calibration_v1,cc-by-nc,"(c) meatyou, some rights reserved (CC BY-NC)",0a25069600e8b3cf43270ba2598e2cf61aa6ce10e2b201d2de91c67f78979d4a,314613,500,468,calibration_v1_reuse,calibration_v1,83a80351f8ac65e89ea6124ac7de6d2cb6a3c68efc1f33eb3ecc2eca8c5f63c0,479,680450234,af398fc6-99be-481e-b731-82d8a1d64c6a,0a25069600e8b3cf43270ba2598e2cf61aa6ce10e2b201d2de91c67f78979d4a,225416,Myrmica sabuleti,not_recorded_in_source,calibration_v1_reuse,local_copy_verified:data/calibration_v1,https://inaturalist-open-data.s3.amazonaws.com/photos/680450234/square.jpg
out_of_scope_ant,Strumigenys rostrata,strumigenys-rostrata,430043,n/a_fresh_row,d8a32ce3-46fb-4233-92a9-33f4266787b8,680449586,local_copy_verified:data/calibration_v1,cc-by-nc,"(c) Denise Williams, some rights reserved (CC BY-NC)",9fe31485eb900ca0272318cc202e918c3c7e4e2961eed6c07115ed20b075dab2,127050,500,443,calibration_v1_reuse,calibration_v1,83a80351f8ac65e89ea6124ac7de6d2cb6a3c68efc1f33eb3ecc2eca8c5f63c0,482,680449586,d8a32ce3-46fb-4233-92a9-33f4266787b8,9fe31485eb900ca0272318cc202e918c3c7e4e2961eed6c07115ed20b075dab2,430043,Strumigenys rostrata,not_recorded_in_source,calibration_v1_reuse,local_copy_verified:data/calibration_v1,https://inaturalist-open-data.s3.amazonaws.com/photos/680449586/square.jpg
out_of_scope_ant,Camponotus vagus,camponotus-vagus,343182,n/a_fresh_row,13a98d44-1094-4a31-8c8d-4f079ffe7196,680457444,local_copy_verified:data/calibration_v1,cc-by-nc,"(c) Zsombor Károlyi, some rights reserved (CC BY-NC)",5cab9b27ae56886539f4a8329b7c0280f1ad7f7e38b2901388cda2b58b2c8deb,212549,500,500,calibration_v1_reuse,calibration_v1,83a80351f8ac65e89ea6124ac7de6d2cb6a3c68efc1f33eb3ecc2eca8c5f63c0,484,680457444,13a98d44-1094-4a31-8c8d-4f079ffe7196,5cab9b27ae56886539f4a8329b7c0280f1ad7f7e38b2901388cda2b58b2c8deb,343182,Camponotus vagus,not_recorded_in_source,calibration_v1_reuse,local_copy_verified:data/calibration_v1,https://inaturalist-open-data.s3.amazonaws.com/photos/680457444/square.jpg
out_of_scope_ant,Crematogaster laeviuscula,crematogaster-laeviuscula,1368641,n/a_fresh_row,2a7d7bf5-60f1-4510-aa34-296c3f3eb8c0,680511429,local_copy_verified:data/calibration_v1,cc-by-nc,"(c) nixthefae, some rights reserved (CC BY-NC)",1d09f501d23cd2b50c9a74d156ddfeb945aad03a33b7a993e68c1c709b0ac0ce,109366,375,500,calibration_v1_reuse,calibration_v1,83a80351f8ac65e89ea6124ac7de6d2cb6a3c68efc1f33eb3ecc2eca8c5f63c0,487,680511429,2a7d7bf5-60f1-4510-aa34-296c3f3eb8c0,1d09f501d23cd2b50c9a74d156ddfeb945aad03a33b7a993e68c1c709b0ac0ce,1368641,Crematogaster laeviuscula,not_recorded_in_source,calibration_v1_reuse,local_copy_verified:data/calibration_v1,https://inaturalist-open-data.s3.amazonaws.com/photos/680511429/square.jpg
out_of_scope_ant,Pheidole rhea,pheidole-rhea,300464,n/a_fresh_row,1dbf65cc-9bf9-4324-8644-034801de4b75,680472808,local_copy_verified:data/calibration_v1,cc-by-nc,"(c) dougdar, some rights reserved (CC BY-NC)",16c10a4df97b53b3046d18adc0e4d5708a8a937d6d0964fa67c8cc10ae49021b,78487,420,500,calibration_v1_reuse,calibration_v1,83a80351f8ac65e89ea6124ac7de6d2cb6a3c68efc1f33eb3ecc2eca8c5f63c0,488,680472808,1dbf65cc-9bf9-4324-8644-034801de4b75,16c10a4df97b53b3046d18adc0e4d5708a8a937d6d0964fa67c8cc10ae49021b,300464,Pheidole rhea,not_recorded_in_source,calibration_v1_reuse,local_copy_verified:data/calibration_v1,https://inaturalist-open-data.s3.amazonaws.com/photos/680472808/square.jpg
out_of_scope_ant,Camponotus rectangularis,camponotus-rectangularis,266033,n/a_fresh_row,346648a2-3b9c-4771-bc42-ce24db87383b,680472289,local_copy_verified:data/calibration_v1,cc-by-nc,"(c) Jose Antonio Cruz Mendoza, some rights reserved (CC BY-NC)",4678cac86ea7cf6ddbfa26f30c000500f7930d90a39424cb8aee14955ce0ebe1,160921,500,339,calibration_v1_reuse,calibration_v1,83a80351f8ac65e89ea6124ac7de6d2cb6a3c68efc1f33eb3ecc2eca8c5f63c0,489,680472289,346648a2-3b9c-4771-bc42-ce24db87383b,4678cac86ea7cf6ddbfa26f30c000500f7930d90a39424cb8aee14955ce0ebe1,266033,Camponotus rectangularis,not_recorded_in_source,calibration_v1_reuse,local_copy_verified:data/calibration_v1,https://inaturalist-open-data.s3.amazonaws.com/photos/680472289/square.jpg
out_of_scope_ant,Crematogaster laeviuscula,crematogaster-laeviuscula,1368641,n/a_fresh_row,4bbc03bc-d49d-4780-a621-17b1c5659233,680477731,local_copy_verified:data/calibration_v1,cc-by-nc,"(c) Stephanino, some rights reserved (CC BY-NC)",88a660c30850cea98b88535ce219a2fde226120fc560261f81b67c890f97cb0a,90872,311,468,calibration_v1_reuse,calibration_v1,83a80351f8ac65e89ea6124ac7de6d2cb6a3c68efc1f33eb3ecc2eca8c5f63c0,491,680477731,4bbc03bc-d49d-4780-a621-17b1c5659233,88a660c30850cea98b88535ce219a2fde226120fc560261f81b67c890f97cb0a,1368641,Crematogaster laeviuscula,not_recorded_in_source,calibration_v1_reuse,local_copy_verified:data/calibration_v1,https://inaturalist-open-data.s3.amazonaws.com/photos/680477731/square.jpg
out_of_scope_ant,Strumigenys epinotalis,strumigenys-epinotalis,637708,n/a_fresh_row,dbb77f02-657f-4625-a27b-1cf4e35ed950,680488765,local_copy_verified:data/calibration_v1,cc-by-nc,"(c) Mikie Green, some rights reserved (CC BY-NC)",ca4d4bb1b4cf6d053785964e1def79f3952e9ee8164d82ad20962cf3fe62a940,46085,500,335,calibration_v1_reuse,calibration_v1,83a80351f8ac65e89ea6124ac7de6d2cb6a3c68efc1f33eb3ecc2eca8c5f63c0,494,680488765,dbb77f02-657f-4625-a27b-1cf4e35ed950,ca4d4bb1b4cf6d053785964e1def79f3952e9ee8164d82ad20962cf3fe62a940,637708,Strumigenys epinotalis,not_recorded_in_source,calibration_v1_reuse,local_copy_verified:data/calibration_v1,https://inaturalist-open-data.s3.amazonaws.com/photos/680488765/square.jpg
out_of_scope_ant,Hypoponera opaciceps,hypoponera-opaciceps,69304,n/a_fresh_row,b451d7df-a42f-4848-933e-d5afd6fb7396,680488791,local_copy_verified:data/calibration_v1,cc-by-nc,"(c) Mikie Green, some rights reserved (CC BY-NC)",35387fc1fb61cd37d243cf4f80b29abff3aa6b981899fcf2ef2cae22fc1bb581,47479,500,294,calibration_v1_reuse,calibration_v1,83a80351f8ac65e89ea6124ac7de6d2cb6a3c68efc1f33eb3ecc2eca8c5f63c0,495,680488791,b451d7df-a42f-4848-933e-d5afd6fb7396,35387fc1fb61cd37d243cf4f80b29abff3aa6b981899fcf2ef2cae22fc1bb581,69304,Hypoponera opaciceps,not_recorded_in_source,calibration_v1_reuse,local_copy_verified:data/calibration_v1,https://inaturalist-open-data.s3.amazonaws.com/photos/680488791/square.jpg
out_of_scope_ant,Crematogaster torosa,crematogaster-torosa,1361740,n/a_fresh_row,afc15f74-53f5-40c6-8f00-79ea8670673a,680513997,local_copy_verified:data/calibration_v1,cc-by-nc,"(c) Christopher James, some rights reserved (CC BY-NC)",55121fa6135e55192abecbf545aeb9100bdf8fd795353766cea88079398d2126,330872,375,500,calibration_v1_reuse,calibration_v1,83a80351f8ac65e89ea6124ac7de6d2cb6a3c68efc1f33eb3ecc2eca8c5f63c0,498,680513997,afc15f74-53f5-40c6-8f00-79ea8670673a,55121fa6135e55192abecbf545aeb9100bdf8fd795353766cea88079398d2126,1361740,Crematogaster torosa,not_recorded_in_source,calibration_v1_reuse,local_copy_verified:data/calibration_v1,https://inaturalist-open-data.s3.amazonaws.com/photos/680513997/square.jpg
out_of_scope_ant,Camponotus variegatus,camponotus-variegatus,448915,n/a_fresh_row,adbb522e-e24c-4d0f-99e5-eb99ff897bfd,680514257,local_copy_verified:data/calibration_v1,cc-by-nc,"(c) Kellen Apuna, some rights reserved (CC BY-NC)",cd1c0d3073c349a31932c088d0c4431a17dafac7d9ab934765cd85a1007e758b,170476,500,375,calibration_v1_reuse,calibration_v1,83a80351f8ac65e89ea6124ac7de6d2cb6a3c68efc1f33eb3ecc2eca8c5f63c0,499,680514257,adbb522e-e24c-4d0f-99e5-eb99ff897bfd,cd1c0d3073c349a31932c088d0c4431a17dafac7d9ab934765cd85a1007e758b,448915,Camponotus variegatus,not_recorded_in_source,calibration_v1_reuse,local_copy_verified:data/calibration_v1,https://inaturalist-open-data.s3.amazonaws.com/photos/680514257/square.jpg
out_of_scope_ant,Lasius platythorax,lasius-platythorax,343183,n/a_fresh_row,19d83220-4192-45c4-a80e-3547f4cd71f3,680500544,local_copy_verified:data/calibration_v1,cc-by-nc,"(c) Schedow, some rights reserved (CC BY-NC)",509e04fbe3d3a966df276cc6c66b6e33ce1df9fc0c21fd0e3948d150285d513b,22383,500,281,calibration_v1_reuse,calibration_v1,83a80351f8ac65e89ea6124ac7de6d2cb6a3c68efc1f33eb3ecc2eca8c5f63c0,501,680500544,19d83220-4192-45c4-a80e-3547f4cd71f3,509e04fbe3d3a966df276cc6c66b6e33ce1df9fc0c21fd0e3948d150285d513b,343183,Lasius platythorax,not_recorded_in_source,calibration_v1_reuse,local_copy_verified:data/calibration_v1,https://inaturalist-open-data.s3.amazonaws.com/photos/680500544/square.jpg
out_of_scope_ant,Temnothorax affinis,temnothorax-affinis,69579,n/a_fresh_row,690420cc-7801-4f95-95af-2d8259ea35be,680501408,local_copy_verified:data/calibration_v1,cc-by-nc,"(c) Schedow, some rights reserved (CC BY-NC)",f018950e0ee1a9f34fe7c45a300d165cb678d6a26af2402c79b321e96dce9997,19655,500,281,calibration_v1_reuse,calibration_v1,83a80351f8ac65e89ea6124ac7de6d2cb6a3c68efc1f33eb3ecc2eca8c5f63c0,502,680501408,690420cc-7801-4f95-95af-2d8259ea35be,f018950e0ee1a9f34fe7c45a300d165cb678d6a26af2402c79b321e96dce9997,69579,Temnothorax affinis,not_recorded_in_source,calibration_v1_reuse,local_copy_verified:data/calibration_v1,https://inaturalist-open-data.s3.amazonaws.com/photos/680501408/square.jpg
out_of_scope_ant,Lasius niger,lasius-niger,55213,n/a_fresh_row,01326b05-8056-445d-95d5-bb2bb27e5550,680501814,local_copy_verified:data/calibration_v1,cc-by-nc,"(c) Schedow, some rights reserved (CC BY-NC)",403064861aa8f4fb0e1192d8a1f0acf2ca4723fceb026f5312c513232e1ed9b6,22863,500,281,calibration_v1_reuse,calibration_v1,83a80351f8ac65e89ea6124ac7de6d2cb6a3c68efc1f33eb3ecc2eca8c5f63c0,503,680501814,01326b05-8056-445d-95d5-bb2bb27e5550,403064861aa8f4fb0e1192d8a1f0acf2ca4723fceb026f5312c513232e1ed9b6,55213,Lasius niger,not_recorded_in_source,calibration_v1_reuse,local_copy_verified:data/calibration_v1,https://inaturalist-open-data.s3.amazonaws.com/photos/680501814/square.jpg
out_of_scope_ant,Ponera testacea,ponera-testacea,347519,n/a_fresh_row,4d365d1a-f337-4242-97f0-03e7516bce36,680505020,local_copy_verified:data/calibration_v1,cc-by-nc,"(c) Schedow, some rights reserved (CC BY-NC)",7997c6bec210feecceb346f5e0134315aec2e2e7033abdfe15d270d88ea1a23b,31855,500,274,calibration_v1_reuse,calibration_v1,83a80351f8ac65e89ea6124ac7de6d2cb6a3c68efc1f33eb3ecc2eca8c5f63c0,504,680505020,4d365d1a-f337-4242-97f0-03e7516bce36,7997c6bec210feecceb346f5e0134315aec2e2e7033abdfe15d270d88ea1a23b,347519,Ponera testacea,not_recorded_in_source,calibration_v1_reuse,local_copy_verified:data/calibration_v1,https://inaturalist-open-data.s3.amazonaws.com/photos/680505020/square.jpg
out_of_scope_ant,Leptothorax acervorum,leptothorax-acervorum,347536,n/a_fresh_row,e1537e92-8ca2-424c-83f2-1ce4cb313c9e,680508533,local_copy_verified:data/calibration_v1,cc-by-nc,"(c) Schedow, some rights reserved (CC BY-NC)",1922c468494a70328a874aa87bf30963a0c71a89689518d03a668ffdcb27402e,19851,500,281,calibration_v1_reuse,calibration_v1,83a80351f8ac65e89ea6124ac7de6d2cb6a3c68efc1f33eb3ecc2eca8c5f63c0,505,680508533,e1537e92-8ca2-424c-83f2-1ce4cb313c9e,1922c468494a70328a874aa87bf30963a0c71a89689518d03a668ffdcb27402e,347536,Leptothorax acervorum,not_recorded_in_source,calibration_v1_reuse,local_copy_verified:data/calibration_v1,https://inaturalist-open-data.s3.amazonaws.com/photos/680508533/square.jpg
out_of_scope_ant,Acromyrmex octospinosus,acromyrmex-octospinosus,265941,n/a_fresh_row,09ace5ff-ba0c-4187-878c-8417bd8d1295,680528830,local_copy_verified:data/calibration_v1,cc-by-nc,"(c) rachelmike, some rights reserved (CC BY-NC)",5098df3dc48b40b866531849fbbbea4362792cd7feda0d70ef6e3207d5b6f7f6,171826,281,500,calibration_v1_reuse,calibration_v1,83a80351f8ac65e89ea6124ac7de6d2cb6a3c68efc1f33eb3ecc2eca8c5f63c0,509,680528830,09ace5ff-ba0c-4187-878c-8417bd8d1295,5098df3dc48b40b866531849fbbbea4362792cd7feda0d70ef6e3207d5b6f7f6,265941,Acromyrmex octospinosus,not_recorded_in_source,calibration_v1_reuse,local_copy_verified:data/calibration_v1,https://inaturalist-open-data.s3.amazonaws.com/photos/680528830/square.jpg
out_of_scope_ant,Formica truncorum,formica-truncorum,343262,n/a_fresh_row,f900c99d-ca70-4d71-8db7-10c3f2d1ee65,680532660,local_copy_verified:data/calibration_v1,cc-by-nc,"(c) formikeeper, some rights reserved (CC BY-NC)",f14be3d5a487f8ab4cb9766d3c9f52c291b8d1e5d05428a58b343652c933fee3,123532,375,500,calibration_v1_reuse,calibration_v1,83a80351f8ac65e89ea6124ac7de6d2cb6a3c68efc1f33eb3ecc2eca8c5f63c0,511,680532660,f900c99d-ca70-4d71-8db7-10c3f2d1ee65,f14be3d5a487f8ab4cb9766d3c9f52c291b8d1e5d05428a58b343652c933fee3,343262,Formica truncorum,not_recorded_in_source,calibration_v1_reuse,local_copy_verified:data/calibration_v1,https://inaturalist-open-data.s3.amazonaws.com/photos/680532660/square.jpg
out_of_scope_ant,Camponotus floridanus,camponotus-floridanus,81709,n/a_fresh_row,ec927b91-8de8-4a39-988b-ec53bad0d00d,680533993,local_copy_verified:data/calibration_v1,cc-by,"(c) ni_ki, some rights reserved (CC BY)",4a726584f7737f6aa29c3f7ba5712c92690c1e2c806c50069410d27b6c5a56a4,198080,500,375,calibration_v1_reuse,calibration_v1,83a80351f8ac65e89ea6124ac7de6d2cb6a3c68efc1f33eb3ecc2eca8c5f63c0,513,680533993,ec927b91-8de8-4a39-988b-ec53bad0d00d,4a726584f7737f6aa29c3f7ba5712c92690c1e2c806c50069410d27b6c5a56a4,81709,Camponotus floridanus,not_recorded_in_source,calibration_v1_reuse,local_copy_verified:data/calibration_v1,https://inaturalist-open-data.s3.amazonaws.com/photos/680533993/square.jpg
out_of_scope_ant,Camponotus fallax,camponotus-fallax,346980,n/a_fresh_row,d003b8be-224a-4e1f-a781-fb1ca59b41d3,680534759,local_copy_verified:data/calibration_v1,cc-by-nc,"(c) formikeeper, some rights reserved (CC BY-NC)",45689dafff4212759e05c67857a73236c0d234c509909298db7de0a100470e90,144472,375,500,calibration_v1_reuse,calibration_v1,83a80351f8ac65e89ea6124ac7de6d2cb6a3c68efc1f33eb3ecc2eca8c5f63c0,514,680534759,d003b8be-224a-4e1f-a781-fb1ca59b41d3,45689dafff4212759e05c67857a73236c0d234c509909298db7de0a100470e90,346980,Camponotus fallax,not_recorded_in_source,calibration_v1_reuse,local_copy_verified:data/calibration_v1,https://inaturalist-open-data.s3.amazonaws.com/photos/680534759/square.jpg
out_of_scope_ant,Camponotus planatus,camponotus-planatus,300418,n/a_fresh_row,2bba0b94-3c54-4675-be05-0e223d9f4630,680535155,local_copy_verified:data/calibration_v1,cc-by-nc,"(c) Todd Council, some rights reserved (CC BY-NC)",857314053d39ab014d054ae5d2aa9a08c4e3a2ed156bc2786483024f480701d0,68026,500,500,calibration_v1_reuse,calibration_v1,83a80351f8ac65e89ea6124ac7de6d2cb6a3c68efc1f33eb3ecc2eca8c5f63c0,515,680535155,2bba0b94-3c54-4675-be05-0e223d9f4630,857314053d39ab014d054ae5d2aa9a08c4e3a2ed156bc2786483024f480701d0,300418,Camponotus planatus,not_recorded_in_source,calibration_v1_reuse,local_copy_verified:data/calibration_v1,https://inaturalist-open-data.s3.amazonaws.com/photos/680535155/square.jpg
out_of_scope_ant,Camponotus sericeiventris,camponotus-sericeiventris,141749,n/a_fresh_row,346131c8-de92-4f4a-8e4b-a11671e05c54,680537499,local_copy_verified:data/calibration_v1,cc-by-nc,"(c) Diego Rodríguez, some rights reserved (CC BY-NC)",5621009f1efacd101670a08c73b0789538dc601886de7d7b837b961d6f83900f,227660,482,500,calibration_v1_reuse,calibration_v1,83a80351f8ac65e89ea6124ac7de6d2cb6a3c68efc1f33eb3ecc2eca8c5f63c0,516,680537499,346131c8-de92-4f4a-8e4b-a11671e05c54,5621009f1efacd101670a08c73b0789538dc601886de7d7b837b961d6f83900f,141749,Camponotus sericeiventris,not_recorded_in_source,calibration_v1_reuse,local_copy_verified:data/calibration_v1,https://inaturalist-open-data.s3.amazonaws.com/photos/680537499/square.jpg
out_of_scope_ant,Monomorium floricola,monomorium-floricola,199370,n/a_fresh_row,f1c2db9f-3085-4ba5-9d24-76f5cd8560f3,680537841,local_copy_verified:data/calibration_v1,cc-by-nc,"(c) formikeeper, some rights reserved (CC BY-NC)",6f1e5e40a173740e9156e700120874d97f0f84df3b57be401ca6a91c4dd80eb9,99951,375,500,calibration_v1_reuse,calibration_v1,83a80351f8ac65e89ea6124ac7de6d2cb6a3c68efc1f33eb3ecc2eca8c5f63c0,517,680537841,f1c2db9f-3085-4ba5-9d24-76f5cd8560f3,6f1e5e40a173740e9156e700120874d97f0f84df3b57be401ca6a91c4dd80eb9,199370,Monomorium floricola,not_recorded_in_source,calibration_v1_reuse,local_copy_verified:data/calibration_v1,https://inaturalist-open-data.s3.amazonaws.com/photos/680537841/square.jpg
out_of_scope_ant,Cephalotes clypeatus,cephalotes-clypeatus,462040,n/a_fresh_row,a5fbbb22-74fa-4f28-a2ba-80a0d27e93af,680543207,local_copy_verified:data/calibration_v1,cc-by-nc,"(c) berrecacascuda, some rights reserved (CC BY-NC)",66e53098a9798f3234756a91800b992ab28e94f7b15561470ceb24995a41bd35,237596,500,500,calibration_v1_reuse,calibration_v1,83a80351f8ac65e89ea6124ac7de6d2cb6a3c68efc1f33eb3ecc2eca8c5f63c0,519,680543207,a5fbbb22-74fa-4f28-a2ba-80a0d27e93af,66e53098a9798f3234756a91800b992ab28e94f7b15561470ceb24995a41bd35,462040,Cephalotes clypeatus,not_recorded_in_source,calibration_v1_reuse,local_copy_verified:data/calibration_v1,https://inaturalist-open-data.s3.amazonaws.com/photos/680543207/square.jpg
out_of_scope_ant,Temnothorax nassonovi,temnothorax-nassonovi,1121161,n/a_fresh_row,896ca1fd-8e71-4573-a7e7-665947d876c9,680543801,local_copy_verified:data/calibration_v1,cc-by-nc,"(c) formikeeper, some rights reserved (CC BY-NC)",4c621a6995d921d9d10aff13b681c0d3fe0f8977cf90160f8224e80c48adcf1b,137940,375,500,calibration_v1_reuse,calibration_v1,83a80351f8ac65e89ea6124ac7de6d2cb6a3c68efc1f33eb3ecc2eca8c5f63c0,521,680543801,896ca1fd-8e71-4573-a7e7-665947d876c9,4c621a6995d921d9d10aff13b681c0d3fe0f8977cf90160f8224e80c48adcf1b,1121161,Temnothorax nassonovi,not_recorded_in_source,calibration_v1_reuse,local_copy_verified:data/calibration_v1,https://inaturalist-open-data.s3.amazonaws.com/photos/680543801/square.jpg
out_of_scope_ant,Camponotus vagus,camponotus-vagus,343182,n/a_fresh_row,c2eb23a0-b83a-497f-9263-84b099d7572e,680547966,local_copy_verified:data/calibration_v1,cc-by-nc,"(c) formikeeper, some rights reserved (CC BY-NC)",297febce7599f3ff1101eef9778d62aa0095acc7310684bbe3c0ffc07f85b275,103431,281,500,calibration_v1_reuse,calibration_v1,83a80351f8ac65e89ea6124ac7de6d2cb6a3c68efc1f33eb3ecc2eca8c5f63c0,522,680547966,c2eb23a0-b83a-497f-9263-84b099d7572e,297febce7599f3ff1101eef9778d62aa0095acc7310684bbe3c0ffc07f85b275,343182,Camponotus vagus,not_recorded_in_source,calibration_v1_reuse,local_copy_verified:data/calibration_v1,https://inaturalist-open-data.s3.amazonaws.com/photos/680547966/square.jpg
out_of_scope_ant,Formica subsericea,formica-subsericea,133027,n/a_fresh_row,e309c46a-641c-40bd-a4a8-7f7e695895c2,680550163,local_copy_verified:data/calibration_v1,cc-by-nc,"(c) cjfrisbee, some rights reserved (CC BY-NC)",a982976e0951580ded9606f794eb0dd300c913aa1699472461b3b78900fb8752,158969,231,500,calibration_v1_reuse,calibration_v1,83a80351f8ac65e89ea6124ac7de6d2cb6a3c68efc1f33eb3ecc2eca8c5f63c0,523,680550163,e309c46a-641c-40bd-a4a8-7f7e695895c2,a982976e0951580ded9606f794eb0dd300c913aa1699472461b3b78900fb8752,133027,Formica subsericea,not_recorded_in_source,calibration_v1_reuse,local_copy_verified:data/calibration_v1,https://inaturalist-open-data.s3.amazonaws.com/photos/680550163/square.jpg
out_of_scope_ant,Dolichoderus lutosus,dolichoderus-lutosus,266006,n/a_fresh_row,3f22f55f-0cdb-4660-834c-07f5ff525ad2,680553344,local_copy_verified:data/calibration_v1,cc-by,"(c) Paulo Nogueira, some rights reserved (CC BY)",71677c434e583485fdae470d5c261e850a6b829740d60f64616bdef57481f895,163504,491,500,calibration_v1_reuse,calibration_v1,83a80351f8ac65e89ea6124ac7de6d2cb6a3c68efc1f33eb3ecc2eca8c5f63c0,525,680553344,3f22f55f-0cdb-4660-834c-07f5ff525ad2,71677c434e583485fdae470d5c261e850a6b829740d60f64616bdef57481f895,266006,Dolichoderus lutosus,not_recorded_in_source,calibration_v1_reuse,local_copy_verified:data/calibration_v1,https://inaturalist-open-data.s3.amazonaws.com/photos/680553344/square.jpg
out_of_scope_ant,Crematogaster subdentata,crematogaster-subdentata,876128,n/a_fresh_row,5755f99b-76e1-4b8e-ba7e-16beb10c726a,680554316,local_copy_verified:data/calibration_v1,cc-by-nc,"(c) formikeeper, some rights reserved (CC BY-NC)",1b58ea854b45150e96c6550594a378bb686ae248a37d3c56ea5802b15d422fe1,120817,304,500,calibration_v1_reuse,calibration_v1,83a80351f8ac65e89ea6124ac7de6d2cb6a3c68efc1f33eb3ecc2eca8c5f63c0,526,680554316,5755f99b-76e1-4b8e-ba7e-16beb10c726a,1b58ea854b45150e96c6550594a378bb686ae248a37d3c56ea5802b15d422fe1,876128,Crematogaster subdentata,not_recorded_in_source,calibration_v1_reuse,local_copy_verified:data/calibration_v1,https://inaturalist-open-data.s3.amazonaws.com/photos/680554316/square.jpg
out_of_scope_ant,Pogonomyrmex badius,pogonomyrmex-badius,228477,n/a_fresh_row,df5ac751-a13d-4cfd-bddb-d31d83573106,680553226,local_copy_verified:data/calibration_v1,cc-by-nc,"(c) Corey Callaghan, some rights reserved (CC BY-NC)",3795fd8c86337129f5087c483609d9119f018ca730185eab339cb08429fb5ee1,123181,500,397,calibration_v1_reuse,calibration_v1,83a80351f8ac65e89ea6124ac7de6d2cb6a3c68efc1f33eb3ecc2eca8c5f63c0,527,680553226,df5ac751-a13d-4cfd-bddb-d31d83573106,3795fd8c86337129f5087c483609d9119f018ca730185eab339cb08429fb5ee1,228477,Pogonomyrmex badius,not_recorded_in_source,calibration_v1_reuse,local_copy_verified:data/calibration_v1,https://inaturalist-open-data.s3.amazonaws.com/photos/680553226/square.jpg
out_of_scope_ant,Cataglyphis aenescens,cataglyphis-aenescens,82191,n/a_fresh_row,987e1592-8a14-421e-bb4d-1e9418416ef1,680554956,local_copy_verified:data/calibration_v1,cc-by-nc,"(c) formikeeper, some rights reserved (CC BY-NC)",4480a4653bcfac726275256c3e816800fecbf4bc599f0265a4fd66ca95a29d69,156678,332,500,calibration_v1_reuse,calibration_v1,83a80351f8ac65e89ea6124ac7de6d2cb6a3c68efc1f33eb3ecc2eca8c5f63c0,528,680554956,987e1592-8a14-421e-bb4d-1e9418416ef1,4480a4653bcfac726275256c3e816800fecbf4bc599f0265a4fd66ca95a29d69,82191,Cataglyphis aenescens,not_recorded_in_source,calibration_v1_reuse,local_copy_verified:data/calibration_v1,https://inaturalist-open-data.s3.amazonaws.com/photos/680554956/square.jpg
out_of_scope_ant,Pseudomyrmex kuenckeli,pseudomyrmex-kuenckeli,265934,n/a_fresh_row,11f1e0f8-f190-452f-9eb1-6501f8d12587,680561189,local_copy_verified:data/calibration_v1,cc-by-nc,"(c) Guillermo Menéndez, some rights reserved (CC BY-NC)",9127bfd645c88a57d210aec1567b501261cbec7e2d455503323069b294a6a7ba,288907,500,333,calibration_v1_reuse,calibration_v1,83a80351f8ac65e89ea6124ac7de6d2cb6a3c68efc1f33eb3ecc2eca8c5f63c0,529,680561189,11f1e0f8-f190-452f-9eb1-6501f8d12587,9127bfd645c88a57d210aec1567b501261cbec7e2d455503323069b294a6a7ba,265934,Pseudomyrmex kuenckeli,not_recorded_in_source,calibration_v1_reuse,local_copy_verified:data/calibration_v1,https://inaturalist-open-data.s3.amazonaws.com/photos/680561189/square.jpg
out_of_scope_ant,Formica subsericea,formica-subsericea,133027,n/a_fresh_row,d29ba0c5-9472-4668-a056-a744fd86b939,680564437,local_copy_verified:data/calibration_v1,cc-by-nc,"(c) Waddle100, some rights reserved (CC BY-NC)",a235215edefb27e3cd3aec9e7580c1452d798d269ae4bd1b95162345401e1bc0,220897,281,500,calibration_v1_reuse,calibration_v1,83a80351f8ac65e89ea6124ac7de6d2cb6a3c68efc1f33eb3ecc2eca8c5f63c0,530,680564437,d29ba0c5-9472-4668-a056-a744fd86b939,a235215edefb27e3cd3aec9e7580c1452d798d269ae4bd1b95162345401e1bc0,133027,Formica subsericea,not_recorded_in_source,calibration_v1_reuse,local_copy_verified:data/calibration_v1,https://inaturalist-open-data.s3.amazonaws.com/photos/680564437/square.jpg
out_of_scope_ant,Formica cinerea,formica-cinerea,343254,n/a_fresh_row,1df0c2a2-8f48-4e61-bff5-68d3afc44815,680552819,local_copy_verified:data/calibration_v1,cc-by-nc,"(c) Alexander Baransky, some rights reserved (CC BY-NC)",4a3a8341daf0f5f8b3359d9af0533b0425bfc2a282f4cb2d502661cfc4c416de,68516,375,500,calibration_v1_reuse,calibration_v1,83a80351f8ac65e89ea6124ac7de6d2cb6a3c68efc1f33eb3ecc2eca8c5f63c0,531,680552819,1df0c2a2-8f48-4e61-bff5-68d3afc44815,4a3a8341daf0f5f8b3359d9af0533b0425bfc2a282f4cb2d502661cfc4c416de,343254,Formica cinerea,not_recorded_in_source,calibration_v1_reuse,local_copy_verified:data/calibration_v1,https://inaturalist-open-data.s3.amazonaws.com/photos/680552819/square.jpg
out_of_scope_ant,Camponotus herculeanus,camponotus-herculeanus,215974,n/a_fresh_row,e4fc8ee8-f7ad-4bb3-94ec-e2e3b227a374,680571542,local_copy_verified:data/calibration_v1,cc-by-nc,"(c) Tim de Goede, some rights reserved (CC BY-NC)",d132a58465a8ff05d8b15cca5a1e53b8244260b3aa261fd4c8162fc4623fde3a,143427,500,500,calibration_v1_reuse,calibration_v1,83a80351f8ac65e89ea6124ac7de6d2cb6a3c68efc1f33eb3ecc2eca8c5f63c0,532,680571542,e4fc8ee8-f7ad-4bb3-94ec-e2e3b227a374,d132a58465a8ff05d8b15cca5a1e53b8244260b3aa261fd4c8162fc4623fde3a,215974,Camponotus herculeanus,not_recorded_in_source,calibration_v1_reuse,local_copy_verified:data/calibration_v1,https://inaturalist-open-data.s3.amazonaws.com/photos/680571542/square.jpg
out_of_scope_ant,Camponotus laevissimus,camponotus-laevissimus,1291025,n/a_fresh_row,5d8fc529-ea09-4ca8-b97e-1651d2e5e18e,680581327,local_copy_verified:data/calibration_v1,cc-by-nc,"(c) javatootie, some rights reserved (CC BY-NC)",fe81c516d5dcf44734d4a1c0af6e81ebb0f070503836684cfa417b6e3634381e,121211,375,500,calibration_v1_reuse,calibration_v1,83a80351f8ac65e89ea6124ac7de6d2cb6a3c68efc1f33eb3ecc2eca8c5f63c0,534,680581327,5d8fc529-ea09-4ca8-b97e-1651d2e5e18e,fe81c516d5dcf44734d4a1c0af6e81ebb0f070503836684cfa417b6e3634381e,1291025,Camponotus laevissimus,not_recorded_in_source,calibration_v1_reuse,local_copy_verified:data/calibration_v1,https://inaturalist-open-data.s3.amazonaws.com/photos/680581327/square.jpg
out_of_scope_ant,Camponotus japonicus,camponotus-japonicus,321673,n/a_fresh_row,cbe60bbd-0b5f-4cc7-b5d8-b3bdfdd5c86e,680575614,local_copy_verified:data/calibration_v1,cc-by-nc,"(c) megaminxing, some rights reserved (CC BY-NC)",87ff64ffaaf3a3beb195f9223efc174d889f4fa5700c48822ee75c4f8208bd23,18432,375,500,calibration_v1_reuse,calibration_v1,83a80351f8ac65e89ea6124ac7de6d2cb6a3c68efc1f33eb3ecc2eca8c5f63c0,536,680575614,cbe60bbd-0b5f-4cc7-b5d8-b3bdfdd5c86e,87ff64ffaaf3a3beb195f9223efc174d889f4fa5700c48822ee75c4f8208bd23,321673,Camponotus japonicus,not_recorded_in_source,calibration_v1_reuse,local_copy_verified:data/calibration_v1,https://inaturalist-open-data.s3.amazonaws.com/photos/680575614/square.jpg
out_of_scope_ant,Camponotus nigriceps,camponotus-nigriceps,625668,n/a_fresh_row,80b58b9d-1333-4890-b41e-8e0d07ab7bd5,680586072,local_copy_verified:data/calibration_v1,cc0,no rights reserved,22cd03a1d521b988e59780f874a7fa125c9398573344767079f28d9b4fd554b4,180012,369,500,calibration_v1_reuse,calibration_v1,83a80351f8ac65e89ea6124ac7de6d2cb6a3c68efc1f33eb3ecc2eca8c5f63c0,537,680586072,80b58b9d-1333-4890-b41e-8e0d07ab7bd5,22cd03a1d521b988e59780f874a7fa125c9398573344767079f28d9b4fd554b4,625668,Camponotus nigriceps,not_recorded_in_source,calibration_v1_reuse,local_copy_verified:data/calibration_v1,https://inaturalist-open-data.s3.amazonaws.com/photos/680586072/square.jpg
out_of_scope_ant,Camponotus sayi,camponotus-sayi,68960,n/a_fresh_row,41acc2da-2b02-417b-a8ba-6f6515506b24,680588175,local_copy_verified:data/calibration_v1,cc-by-nc,"(c) josephrlee, some rights reserved (CC BY-NC)",cb1fe4aa3c97125ccaf70c686df925965989076c0b594a908932ede01a2914a3,229187,500,375,calibration_v1_reuse,calibration_v1,83a80351f8ac65e89ea6124ac7de6d2cb6a3c68efc1f33eb3ecc2eca8c5f63c0,539,680588175,41acc2da-2b02-417b-a8ba-6f6515506b24,cb1fe4aa3c97125ccaf70c686df925965989076c0b594a908932ede01a2914a3,68960,Camponotus sayi,not_recorded_in_source,calibration_v1_reuse,local_copy_verified:data/calibration_v1,https://inaturalist-open-data.s3.amazonaws.com/photos/680588175/square.jpg
out_of_scope_ant,Camponotus herculeanus,camponotus-herculeanus,215974,n/a_fresh_row,57b67a31-bed9-431d-ad28-96dbe02d6ce9,680593928,local_copy_verified:data/calibration_v1,cc-by-nc,"(c) Jenna K, some rights reserved (CC BY-NC)",d2d662cfba8584b0f201ccb0c2e3c55759c31b3a2ea5b789e348d2083a8fd46d,184498,375,500,calibration_v1_reuse,calibration_v1,83a80351f8ac65e89ea6124ac7de6d2cb6a3c68efc1f33eb3ecc2eca8c5f63c0,540,680593928,57b67a31-bed9-431d-ad28-96dbe02d6ce9,d2d662cfba8584b0f201ccb0c2e3c55759c31b3a2ea5b789e348d2083a8fd46d,215974,Camponotus herculeanus,not_recorded_in_source,calibration_v1_reuse,local_copy_verified:data/calibration_v1,https://inaturalist-open-data.s3.amazonaws.com/photos/680593928/square.jpg
out_of_scope_ant,Polyrhachis ammon,polyrhachis-ammon,201988,n/a_fresh_row,ca608450-9308-4b92-b277-07bd92ee0da0,680600858,local_copy_verified:data/calibration_v1,cc-by-nc,"(c) Alexandra, some rights reserved (CC BY-NC)",0fa0bc5a66ce115b5e44c25cc3e9c836e2045ac66a88166d95b8295c69251500,132186,375,500,calibration_v1_reuse,calibration_v1,83a80351f8ac65e89ea6124ac7de6d2cb6a3c68efc1f33eb3ecc2eca8c5f63c0,545,680600858,ca608450-9308-4b92-b277-07bd92ee0da0,0fa0bc5a66ce115b5e44c25cc3e9c836e2045ac66a88166d95b8295c69251500,201988,Polyrhachis ammon,not_recorded_in_source,calibration_v1_reuse,local_copy_verified:data/calibration_v1,https://inaturalist-open-data.s3.amazonaws.com/photos/680600858/square.jpg
out_of_scope_ant,Atta cephalotes,atta-cephalotes,153974,n/a_fresh_row,48766dab-c8d6-46e7-a20e-1b96c8e3eeb6,680602663,local_copy_verified:data/calibration_v1,cc-by-nc,"(c) juan_88, some rights reserved (CC BY-NC)",870dbe7f6e0da524a8202e0b39e84e4ea4822bf6a4404009a1c58b0ef3ab6b76,103378,281,500,calibration_v1_reuse,calibration_v1,83a80351f8ac65e89ea6124ac7de6d2cb6a3c68efc1f33eb3ecc2eca8c5f63c0,546,680602663,48766dab-c8d6-46e7-a20e-1b96c8e3eeb6,870dbe7f6e0da524a8202e0b39e84e4ea4822bf6a4404009a1c58b0ef3ab6b76,153974,Atta cephalotes,not_recorded_in_source,calibration_v1_reuse,local_copy_verified:data/calibration_v1,https://inaturalist-open-data.s3.amazonaws.com/photos/680602663/square.jpg
out_of_scope_ant,Atta cephalotes,atta-cephalotes,153974,n/a_fresh_row,923a4c2c-6b27-4d5d-93ce-88e77213220e,680604102,local_copy_verified:data/calibration_v1,cc-by-nc,"(c) juan_88, some rights reserved (CC BY-NC)",7915b15efe246406b5ec3a847a9054e3f4f9206168ac3ad587b6d15326215c30,135882,500,281,calibration_v1_reuse,calibration_v1,83a80351f8ac65e89ea6124ac7de6d2cb6a3c68efc1f33eb3ecc2eca8c5f63c0,547,680604102,923a4c2c-6b27-4d5d-93ce-88e77213220e,7915b15efe246406b5ec3a847a9054e3f4f9206168ac3ad587b6d15326215c30,153974,Atta cephalotes,not_recorded_in_source,calibration_v1_reuse,local_copy_verified:data/calibration_v1,https://inaturalist-open-data.s3.amazonaws.com/photos/680604102/square.jpg
out_of_scope_ant,Trachymyrmex septentrionalis,trachymyrmex-septentrionalis,232771,n/a_fresh_row,b11bfbe8-3cc7-4d00-9ece-10c8441aafd8,680605302,local_copy_verified:data/calibration_v1,cc-by-nc,"(c) shatteredgod, some rights reserved (CC BY-NC)",7740f74fb282b1170a3387ee8c6d4c5076fc777b8a05a3b4625999e19bca9070,122302,375,500,calibration_v1_reuse,calibration_v1,83a80351f8ac65e89ea6124ac7de6d2cb6a3c68efc1f33eb3ecc2eca8c5f63c0,548,680605302,b11bfbe8-3cc7-4d00-9ece-10c8441aafd8,7740f74fb282b1170a3387ee8c6d4c5076fc777b8a05a3b4625999e19bca9070,232771,Trachymyrmex septentrionalis,not_recorded_in_source,calibration_v1_reuse,local_copy_verified:data/calibration_v1,https://inaturalist-open-data.s3.amazonaws.com/photos/680605302/square.jpg
out_of_scope_ant,Rhytidoponera chalybaea,rhytidoponera-chalybaea,396425,n/a_fresh_row,3b0f0e43-c5cd-4f67-afdd-8beac76f9dd0,680590888,local_copy_verified:data/calibration_v1,cc-by-nc,"(c) Thomas Simpson, some rights reserved (CC BY-NC)",e7e7202c9896cea2a0440f8092eb803b5ffe9d37cc4a75eadf792fed1ca0f9b0,132627,333,500,calibration_v1_reuse,calibration_v1,83a80351f8ac65e89ea6124ac7de6d2cb6a3c68efc1f33eb3ecc2eca8c5f63c0,549,680590888,3b0f0e43-c5cd-4f67-afdd-8beac76f9dd0,e7e7202c9896cea2a0440f8092eb803b5ffe9d37cc4a75eadf792fed1ca0f9b0,396425,Rhytidoponera chalybaea,not_recorded_in_source,calibration_v1_reuse,local_copy_verified:data/calibration_v1,https://inaturalist-open-data.s3.amazonaws.com/photos/680590888/square.jpg
out_of_scope_ant,Formica subsericea,formica-subsericea,133027,n/a_fresh_row,804f5461-6fdb-4145-9308-d539b30181a0,680610188,local_copy_verified:data/calibration_v1,cc-by,"(c) Christopher Zacharias, some rights reserved (CC BY)",0e5906ebe839278d38c13821bfbe7a32a58ea7fcc2bd8b0368ec17900151992c,104619,500,500,calibration_v1_reuse,calibration_v1,83a80351f8ac65e89ea6124ac7de6d2cb6a3c68efc1f33eb3ecc2eca8c5f63c0,551,680610188,804f5461-6fdb-4145-9308-d539b30181a0,0e5906ebe839278d38c13821bfbe7a32a58ea7fcc2bd8b0368ec17900151992c,133027,Formica subsericea,not_recorded_in_source,calibration_v1_reuse,local_copy_verified:data/calibration_v1,https://inaturalist-open-data.s3.amazonaws.com/photos/680610188/square.jpg
out_of_scope_ant,Crematogaster laeviuscula,crematogaster-laeviuscula,1368641,n/a_fresh_row,4abab137-48c5-41d1-8dc7-ba4817395091,680616103,local_copy_verified:data/calibration_v1,cc-by,"(c) shinylatias, some rights reserved (CC BY)",6cdbd12b2ffbd74c6cec0413829ced7221b6f74c27e1b1874fc98db897f2278b,121214,500,375,calibration_v1_reuse,calibration_v1,83a80351f8ac65e89ea6124ac7de6d2cb6a3c68efc1f33eb3ecc2eca8c5f63c0,552,680616103,4abab137-48c5-41d1-8dc7-ba4817395091,6cdbd12b2ffbd74c6cec0413829ced7221b6f74c27e1b1874fc98db897f2278b,1368641,Crematogaster laeviuscula,not_recorded_in_source,calibration_v1_reuse,local_copy_verified:data/calibration_v1,https://inaturalist-open-data.s3.amazonaws.com/photos/680616103/square.jpg
out_of_scope_ant,Aphaenogaster tennesseensis,aphaenogaster-tennesseensis,129277,n/a_fresh_row,efb18114-d6ca-42ae-8dc8-17126fb75820,680617168,local_copy_verified:data/calibration_v1,cc-by,"(c) Sawyer Hess, some rights reserved (CC BY)",d9533ed662ea31b568e83ad5669a595e403b2a94b3fec573fc26e0fb336e7768,104249,500,333,calibration_v1_reuse,calibration_v1,83a80351f8ac65e89ea6124ac7de6d2cb6a3c68efc1f33eb3ecc2eca8c5f63c0,553,680617168,efb18114-d6ca-42ae-8dc8-17126fb75820,d9533ed662ea31b568e83ad5669a595e403b2a94b3fec573fc26e0fb336e7768,129277,Aphaenogaster tennesseensis,not_recorded_in_source,calibration_v1_reuse,local_copy_verified:data/calibration_v1,https://inaturalist-open-data.s3.amazonaws.com/photos/680617168/square.jpg
out_of_scope_ant,Aphaenogaster texana,aphaenogaster-texana,300314,n/a_fresh_row,4288efd3-8d21-4b7f-abcb-fa4a1252c565,680628208,local_copy_verified:data/calibration_v1,cc-by-nc,"(c) Katie Potter, some rights reserved (CC BY-NC)",e3e3ee8237e07c410a93c9627a2065aa3efe2c0b1ec3126eeb11f31a92729dc6,86021,386,500,calibration_v1_reuse,calibration_v1,83a80351f8ac65e89ea6124ac7de6d2cb6a3c68efc1f33eb3ecc2eca8c5f63c0,556,680628208,4288efd3-8d21-4b7f-abcb-fa4a1252c565,e3e3ee8237e07c410a93c9627a2065aa3efe2c0b1ec3126eeb11f31a92729dc6,300314,Aphaenogaster texana,not_recorded_in_source,calibration_v1_reuse,local_copy_verified:data/calibration_v1,https://inaturalist-open-data.s3.amazonaws.com/photos/680628208/square.jpg
non_ant_insect,Chinoneides tasmaniensis,chinoneides-tasmaniensis,569766,n/a_fresh_row,4e991449-231e-4aad-a582-2d913ed10d5e,679640466,local_copy_verified:data/calibration_v1,cc-by-nc,"(c) Kerry Rainer, some rights reserved (CC BY-NC)",5851817b7081abe8c3a3900c2f1830e0f7443daf46b1eb5c638dbe17ae1c498f,74564,375,500,calibration_v1_reuse,calibration_v1,83a80351f8ac65e89ea6124ac7de6d2cb6a3c68efc1f33eb3ecc2eca8c5f63c0,557,679640466,4e991449-231e-4aad-a582-2d913ed10d5e,5851817b7081abe8c3a3900c2f1830e0f7443daf46b1eb5c638dbe17ae1c498f,569766,Chinoneides tasmaniensis,not_recorded_in_source,calibration_v1_reuse,local_copy_verified:data/calibration_v1,https://inaturalist-open-data.s3.amazonaws.com/photos/679640466/square.jpg
non_ant_insect,Monteithiella humeralis,monteithiella-humeralis,392922,n/a_fresh_row,68eb14bb-9744-44ed-9455-25569341e1e4,679645281,local_copy_verified:data/calibration_v1,cc-by-nc,"(c) Kerry Rainer, some rights reserved (CC BY-NC)",1f94bea1b6bc96201e63acef37e43e38466ca218e0ca3c06d08f96fd3e601560,72172,500,375,calibration_v1_reuse,calibration_v1,83a80351f8ac65e89ea6124ac7de6d2cb6a3c68efc1f33eb3ecc2eca8c5f63c0,558,679645281,68eb14bb-9744-44ed-9455-25569341e1e4,1f94bea1b6bc96201e63acef37e43e38466ca218e0ca3c06d08f96fd3e601560,392922,Monteithiella humeralis,not_recorded_in_source,calibration_v1_reuse,local_copy_verified:data/calibration_v1,https://inaturalist-open-data.s3.amazonaws.com/photos/679645281/square.jpg
non_ant_insect,Epyaxa lucidata,epyaxa-lucidata,209321,n/a_fresh_row,3450a2e1-a415-48a6-93c1-a4f9b873ca78,679652666,local_copy_verified:data/calibration_v1,cc-by-nc,"(c) njmcarthur, some rights reserved (CC BY-NC)",1a2e5a3c9046c76f6f99a4e06f66f38469b225e7171c27985ca3be4a0d384256,150573,500,323,calibration_v1_reuse,calibration_v1,83a80351f8ac65e89ea6124ac7de6d2cb6a3c68efc1f33eb3ecc2eca8c5f63c0,559,679652666,3450a2e1-a415-48a6-93c1-a4f9b873ca78,1a2e5a3c9046c76f6f99a4e06f66f38469b225e7171c27985ca3be4a0d384256,209321,Epyaxa lucidata,not_recorded_in_source,calibration_v1_reuse,local_copy_verified:data/calibration_v1,https://inaturalist-open-data.s3.amazonaws.com/photos/679652666/square.jpg
non_ant_insect,Leptocroca sanguinolenta,leptocroca-sanguinolenta,320920,n/a_fresh_row,15f1e3ab-3db7-461b-974b-55f01f13054b,679659166,local_copy_verified:data/calibration_v1,cc-by-nc,"(c) Nicholas John Fisher, some rights reserved (CC BY-NC)",cef4f0baa45a2d342d8624c9966a1400d0f9b0baa63faf2a65132239e718d338,122744,500,423,calibration_v1_reuse,calibration_v1,83a80351f8ac65e89ea6124ac7de6d2cb6a3c68efc1f33eb3ecc2eca8c5f63c0,560,679659166,15f1e3ab-3db7-461b-974b-55f01f13054b,cef4f0baa45a2d342d8624c9966a1400d0f9b0baa63faf2a65132239e718d338,320920,Leptocroca sanguinolenta,not_recorded_in_source,calibration_v1_reuse,local_copy_verified:data/calibration_v1,https://inaturalist-open-data.s3.amazonaws.com/photos/679659166/square.jpg
non_ant_insect,Gymnoscelis minima,gymnoscelis-minima,1274687,n/a_fresh_row,baa9742b-dbc9-4057-adec-801838b5f431,679659211,local_copy_verified:data/calibration_v1,cc-by-nc,"(c) Nicholas John Fisher, some rights reserved (CC BY-NC)",b53a91e9fb05c52e9f4a3ee7b34443da9fe1f89c9247cd180b3475327fc1854d,130139,500,316,calibration_v1_reuse,calibration_v1,83a80351f8ac65e89ea6124ac7de6d2cb6a3c68efc1f33eb3ecc2eca8c5f63c0,561,679659211,baa9742b-dbc9-4057-adec-801838b5f431,b53a91e9fb05c52e9f4a3ee7b34443da9fe1f89c9247cd180b3475327fc1854d,1274687,Gymnoscelis minima,not_recorded_in_source,calibration_v1_reuse,local_copy_verified:data/calibration_v1,https://inaturalist-open-data.s3.amazonaws.com/photos/679659211/square.jpg
non_ant_insect,Luxiaria ochrophara,luxiaria-ochrophara,563354,n/a_fresh_row,dd7165c9-12ab-4935-86c4-2e9229562675,679659253,local_copy_verified:data/calibration_v1,cc-by-nc,"(c) Nicholas John Fisher, some rights reserved (CC BY-NC)",7c2540d630917851e94d9b9dab6b5d394c07234fe2f095417774ba28be15438d,124527,500,321,calibration_v1_reuse,calibration_v1,83a80351f8ac65e89ea6124ac7de6d2cb6a3c68efc1f33eb3ecc2eca8c5f63c0,562,679659253,dd7165c9-12ab-4935-86c4-2e9229562675,7c2540d630917851e94d9b9dab6b5d394c07234fe2f095417774ba28be15438d,563354,Luxiaria ochrophara,not_recorded_in_source,calibration_v1_reuse,local_copy_verified:data/calibration_v1,https://inaturalist-open-data.s3.amazonaws.com/photos/679659253/square.jpg
non_ant_insect,Heliomystis electrica,heliomystis-electrica,355164,n/a_fresh_row,56b082c3-09f9-47ef-8493-742f2cd33f40,679659290,local_copy_verified:data/calibration_v1,cc-by-nc,"(c) Nicholas John Fisher, some rights reserved (CC BY-NC)",ed9d47970476314e2c21f8f228471a5a9a2846ffe9c42df943f0e92698c057d8,137258,500,380,calibration_v1_reuse,calibration_v1,83a80351f8ac65e89ea6124ac7de6d2cb6a3c68efc1f33eb3ecc2eca8c5f63c0,563,679659290,56b082c3-09f9-47ef-8493-742f2cd33f40,ed9d47970476314e2c21f8f228471a5a9a2846ffe9c42df943f0e92698c057d8,355164,Heliomystis electrica,not_recorded_in_source,calibration_v1_reuse,local_copy_verified:data/calibration_v1,https://inaturalist-open-data.s3.amazonaws.com/photos/679659290/square.jpg
non_ant_insect,Zeuctophlebia squalidata,zeuctophlebia-squalidata,545365,n/a_fresh_row,d856e56b-5b86-449f-92a1-91ccd0d44088,679659368,local_copy_verified:data/calibration_v1,cc-by-nc,"(c) Nicholas John Fisher, some rights reserved (CC BY-NC)",c87a012948230c2dd1204f19b4a20e9265bddf37b744b78e0f11529e0f0eaeb4,135801,500,321,calibration_v1_reuse,calibration_v1,83a80351f8ac65e89ea6124ac7de6d2cb6a3c68efc1f33eb3ecc2eca8c5f63c0,564,679659368,d856e56b-5b86-449f-92a1-91ccd0d44088,c87a012948230c2dd1204f19b4a20e9265bddf37b744b78e0f11529e0f0eaeb4,545365,Zeuctophlebia squalidata,not_recorded_in_source,calibration_v1_reuse,local_copy_verified:data/calibration_v1,https://inaturalist-open-data.s3.amazonaws.com/photos/679659368/square.jpg
non_ant_insect,Spoladea recurvalis,spoladea-recurvalis,52043,n/a_fresh_row,020e3db8-70f3-429c-be85-bfb04de18df9,679659423,local_copy_verified:data/calibration_v1,cc-by-nc,"(c) Nicholas John Fisher, some rights reserved (CC BY-NC)",78d37855b24ad855d49106c1c008275534e348a184d4335ccdad0413ba6797c7,140246,500,335,calibration_v1_reuse,calibration_v1,83a80351f8ac65e89ea6124ac7de6d2cb6a3c68efc1f33eb3ecc2eca8c5f63c0,565,679659423,020e3db8-70f3-429c-be85-bfb04de18df9,78d37855b24ad855d49106c1c008275534e348a184d4335ccdad0413ba6797c7,52043,Spoladea recurvalis,not_recorded_in_source,calibration_v1_reuse,local_copy_verified:data/calibration_v1,https://inaturalist-open-data.s3.amazonaws.com/photos/679659423/square.jpg
non_ant_insect,Mnesampela privata,mnesampela-privata,355134,n/a_fresh_row,2e212e2a-f4da-49db-991d-28c0060c734c,679659527,local_copy_verified:data/calibration_v1,cc-by-nc,"(c) Nicholas John Fisher, some rights reserved (CC BY-NC)",91f7c94d93e813275dd4b10579bf1f4da1a51b81c2bd5cc27b1700f43547653f,135853,500,395,calibration_v1_reuse,calibration_v1,83a80351f8ac65e89ea6124ac7de6d2cb6a3c68efc1f33eb3ecc2eca8c5f63c0,566,679659527,2e212e2a-f4da-49db-991d-28c0060c734c,91f7c94d93e813275dd4b10579bf1f4da1a51b81c2bd5cc27b1700f43547653f,355134,Mnesampela privata,not_recorded_in_source,calibration_v1_reuse,local_copy_verified:data/calibration_v1,https://inaturalist-open-data.s3.amazonaws.com/photos/679659527/square.jpg
non_ant_insect,Gymnoscelis lophopus,gymnoscelis-lophopus,551856,n/a_fresh_row,ec250447-e16b-4526-a1ec-2125b44b6b68,679659725,local_copy_verified:data/calibration_v1,cc-by-nc,"(c) Nicholas John Fisher, some rights reserved (CC BY-NC)",32a1725fb4cfd6ddbf62a333f6d5733541cddc6865691abce6ee204a2e904860,130118,500,317,calibration_v1_reuse,calibration_v1,83a80351f8ac65e89ea6124ac7de6d2cb6a3c68efc1f33eb3ecc2eca8c5f63c0,567,679659725,ec250447-e16b-4526-a1ec-2125b44b6b68,32a1725fb4cfd6ddbf62a333f6d5733541cddc6865691abce6ee204a2e904860,551856,Gymnoscelis lophopus,not_recorded_in_source,calibration_v1_reuse,local_copy_verified:data/calibration_v1,https://inaturalist-open-data.s3.amazonaws.com/photos/679659725/square.jpg
non_ant_insect,Epiphyas xylodes,epiphyas-xylodes,495709,n/a_fresh_row,2c936036-2b26-4fe0-8ef6-32f1753bc48d,679659821,local_copy_verified:data/calibration_v1,cc-by-nc,"(c) Nicholas John Fisher, some rights reserved (CC BY-NC)",c2237e57b4be012c1391ce9504d4a2116c9d4609281aa3c9439cadaeb3fe741c,152035,500,469,calibration_v1_reuse,calibration_v1,83a80351f8ac65e89ea6124ac7de6d2cb6a3c68efc1f33eb3ecc2eca8c5f63c0,568,679659821,2c936036-2b26-4fe0-8ef6-32f1753bc48d,c2237e57b4be012c1391ce9504d4a2116c9d4609281aa3c9439cadaeb3fe741c,495709,Epiphyas xylodes,not_recorded_in_source,calibration_v1_reuse,local_copy_verified:data/calibration_v1,https://inaturalist-open-data.s3.amazonaws.com/photos/679659821/square.jpg
non_ant_insect,Visiana incertata,visiana-incertata,905203,n/a_fresh_row,4532652d-21a8-4cf4-be2c-42958a0f4d02,679659857,local_copy_verified:data/calibration_v1,cc-by-nc,"(c) Nicholas John Fisher, some rights reserved (CC BY-NC)",db5d1a4df66706e489e20fdb131801a2d0d8feb9899bad769b035f8e82e2816e,233160,500,478,calibration_v1_reuse,calibration_v1,83a80351f8ac65e89ea6124ac7de6d2cb6a3c68efc1f33eb3ecc2eca8c5f63c0,569,679659857,4532652d-21a8-4cf4-be2c-42958a0f4d02,db5d1a4df66706e489e20fdb131801a2d0d8feb9899bad769b035f8e82e2816e,905203,Visiana incertata,not_recorded_in_source,calibration_v1_reuse,local_copy_verified:data/calibration_v1,https://inaturalist-open-data.s3.amazonaws.com/photos/679659857/square.jpg
non_ant_insect,Scoparia chiasta,scoparia-chiasta,1095729,n/a_fresh_row,e800832b-bc1c-457c-b472-8653c4e11a5e,679659890,local_copy_verified:data/calibration_v1,cc-by-nc,"(c) Nicholas John Fisher, some rights reserved (CC BY-NC)",e371df74bb7b183a9884e22bef2ab7084b7216c5b449cd0933542f9e6e43222a,129718,500,351,calibration_v1_reuse,calibration_v1,83a80351f8ac65e89ea6124ac7de6d2cb6a3c68efc1f33eb3ecc2eca8c5f63c0,570,679659890,e800832b-bc1c-457c-b472-8653c4e11a5e,e371df74bb7b183a9884e22bef2ab7084b7216c5b449cd0933542f9e6e43222a,1095729,Scoparia chiasta,not_recorded_in_source,calibration_v1_reuse,local_copy_verified:data/calibration_v1,https://inaturalist-open-data.s3.amazonaws.com/photos/679659890/square.jpg
non_ant_insect,Sauris melanosterna,sauris-melanosterna,907487,n/a_fresh_row,29cb8f53-1d58-426b-9b15-ea1647c369e1,679659994,local_copy_verified:data/calibration_v1,cc-by-nc,"(c) Nicholas John Fisher, some rights reserved (CC BY-NC)",775db93acf4b4a40c70a1761c004ee0ea6b0db533a885f4bffd6e96cc53a98b9,184160,500,476,calibration_v1_reuse,calibration_v1,83a80351f8ac65e89ea6124ac7de6d2cb6a3c68efc1f33eb3ecc2eca8c5f63c0,571,679659994,29cb8f53-1d58-426b-9b15-ea1647c369e1,775db93acf4b4a40c70a1761c004ee0ea6b0db533a885f4bffd6e96cc53a98b9,907487,Sauris melanosterna,not_recorded_in_source,calibration_v1_reuse,local_copy_verified:data/calibration_v1,https://inaturalist-open-data.s3.amazonaws.com/photos/679659994/square.jpg
non_ant_insect,Gonolabidura meteor,gonolabidura-meteor,1479894,n/a_fresh_row,dbf621d5-86ce-48fb-a89c-3d2b1d731ad7,679660153,local_copy_verified:data/calibration_v1,cc-by-nc,"(c) Nicholas John Fisher, some rights reserved (CC BY-NC)",cfb4ccf840dc94eb27b9ff3b67cf9ed2f7f0c50c4e5617a5b63b110b3e6948e6,216036,455,500,calibration_v1_reuse,calibration_v1,83a80351f8ac65e89ea6124ac7de6d2cb6a3c68efc1f33eb3ecc2eca8c5f63c0,572,679660153,dbf621d5-86ce-48fb-a89c-3d2b1d731ad7,cfb4ccf840dc94eb27b9ff3b67cf9ed2f7f0c50c4e5617a5b63b110b3e6948e6,1479894,Gonolabidura meteor,not_recorded_in_source,calibration_v1_reuse,local_copy_verified:data/calibration_v1,https://inaturalist-open-data.s3.amazonaws.com/photos/679660153/square.jpg
non_ant_insect,Tachystola thiasotis,tachystola-thiasotis,545880,n/a_fresh_row,9dd2c5b0-4f5d-43a0-8ec3-0623eb692101,679660308,local_copy_verified:data/calibration_v1,cc-by-nc,"(c) Nicholas John Fisher, some rights reserved (CC BY-NC)",201f33173678a231277930609f510c328cb4cff26f2a78fea23f0e1b766c795a,124670,500,357,calibration_v1_reuse,calibration_v1,83a80351f8ac65e89ea6124ac7de6d2cb6a3c68efc1f33eb3ecc2eca8c5f63c0,573,679660308,9dd2c5b0-4f5d-43a0-8ec3-0623eb692101,201f33173678a231277930609f510c328cb4cff26f2a78fea23f0e1b766c795a,545880,Tachystola thiasotis,not_recorded_in_source,calibration_v1_reuse,local_copy_verified:data/calibration_v1,https://inaturalist-open-data.s3.amazonaws.com/photos/679660308/square.jpg
non_ant_insect,Oxycanus beltista,oxycanus-beltista,858940,n/a_fresh_row,07fe70f2-cf78-4475-9cf2-35f44df3426d,679660342,local_copy_verified:data/calibration_v1,cc-by-nc,"(c) Nicholas John Fisher, some rights reserved (CC BY-NC)",4e262844e9881f92cc91622435b87cc3334804deed85e5d2ff0c9b9a768e7342,197127,498,500,calibration_v1_reuse,calibration_v1,83a80351f8ac65e89ea6124ac7de6d2cb6a3c68efc1f33eb3ecc2eca8c5f63c0,574,679660342,07fe70f2-cf78-4475-9cf2-35f44df3426d,4e262844e9881f92cc91622435b87cc3334804deed85e5d2ff0c9b9a768e7342,858940,Oxycanus beltista,not_recorded_in_source,calibration_v1_reuse,local_copy_verified:data/calibration_v1,https://inaturalist-open-data.s3.amazonaws.com/photos/679660342/square.jpg
non_ant_insect,Poecilasthena thalassias,poecilasthena-thalassias,553756,n/a_fresh_row,5423f390-d04f-4238-9097-2db920725bfa,679660439,local_copy_verified:data/calibration_v1,cc-by-nc,"(c) Nicholas John Fisher, some rights reserved (CC BY-NC)",54cce71b62bac33f4ab759ef6e4d8cb4908232f8775fcddcc4c4851f5486789b,231149,500,477,calibration_v1_reuse,calibration_v1,83a80351f8ac65e89ea6124ac7de6d2cb6a3c68efc1f33eb3ecc2eca8c5f63c0,575,679660439,5423f390-d04f-4238-9097-2db920725bfa,54cce71b62bac33f4ab759ef6e4d8cb4908232f8775fcddcc4c4851f5486789b,553756,Poecilasthena thalassias,not_recorded_in_source,calibration_v1_reuse,local_copy_verified:data/calibration_v1,https://inaturalist-open-data.s3.amazonaws.com/photos/679660439/square.jpg
non_ant_insect,Oxycanus beltista,oxycanus-beltista,858940,n/a_fresh_row,d1d7cb03-7ad0-4ee6-b5a3-f3bbeb03dcda,679660475,local_copy_verified:data/calibration_v1,cc-by-nc,"(c) Nicholas John Fisher, some rights reserved (CC BY-NC)",1ce344fece85062ce18d533d183bb864c5e9b766f1be3cbef9795606f3342ed1,146204,500,320,calibration_v1_reuse,calibration_v1,83a80351f8ac65e89ea6124ac7de6d2cb6a3c68efc1f33eb3ecc2eca8c5f63c0,576,679660475,d1d7cb03-7ad0-4ee6-b5a3-f3bbeb03dcda,1ce344fece85062ce18d533d183bb864c5e9b766f1be3cbef9795606f3342ed1,858940,Oxycanus beltista,not_recorded_in_source,calibration_v1_reuse,local_copy_verified:data/calibration_v1,https://inaturalist-open-data.s3.amazonaws.com/photos/679660475/square.jpg
non_ant_insect,Candovia granulosa,candovia-granulosa,566259,n/a_fresh_row,89aa6a99-a1b0-44a9-a569-5add5bf92ad4,679660591,local_copy_verified:data/calibration_v1,cc-by-nc,"(c) Nicholas John Fisher, some rights reserved (CC BY-NC)",7e87162cfcb131a231cfd9b03a78eac99b1c6f35f474f346beaf3ba9de1a2bf2,92531,500,334,calibration_v1_reuse,calibration_v1,83a80351f8ac65e89ea6124ac7de6d2cb6a3c68efc1f33eb3ecc2eca8c5f63c0,577,679660591,89aa6a99-a1b0-44a9-a569-5add5bf92ad4,7e87162cfcb131a231cfd9b03a78eac99b1c6f35f474f346beaf3ba9de1a2bf2,566259,Candovia granulosa,not_recorded_in_source,calibration_v1_reuse,local_copy_verified:data/calibration_v1,https://inaturalist-open-data.s3.amazonaws.com/photos/679660591/square.jpg
non_ant_insect,Urolitha bipunctifera,urolitha-bipunctifera,491090,n/a_fresh_row,d7adf474-ed75-4d76-ba51-037653681fd0,679660663,local_copy_verified:data/calibration_v1,cc-by-nc,"(c) Nicholas John Fisher, some rights reserved (CC BY-NC)",4959e89a426b7e1935f61779f65f65085da8d66015aa4219874cdb8282d8bd4d,126130,500,405,calibration_v1_reuse,calibration_v1,83a80351f8ac65e89ea6124ac7de6d2cb6a3c68efc1f33eb3ecc2eca8c5f63c0,578,679660663,d7adf474-ed75-4d76-ba51-037653681fd0,4959e89a426b7e1935f61779f65f65085da8d66015aa4219874cdb8282d8bd4d,491090,Urolitha bipunctifera,not_recorded_in_source,calibration_v1_reuse,local_copy_verified:data/calibration_v1,https://inaturalist-open-data.s3.amazonaws.com/photos/679660663/square.jpg
non_ant_insect,Oxycanus beltista,oxycanus-beltista,858940,n/a_fresh_row,55393a56-2f18-401a-9a32-e7950306420a,679660684,local_copy_verified:data/calibration_v1,cc-by-nc,"(c) Nicholas John Fisher, some rights reserved (CC BY-NC)",16211e99368d0c464b5eb04c045a0fca39f78b691e60d8c0cd1816f84c4dc885,192220,448,500,calibration_v1_reuse,calibration_v1,83a80351f8ac65e89ea6124ac7de6d2cb6a3c68efc1f33eb3ecc2eca8c5f63c0,579,679660684,55393a56-2f18-401a-9a32-e7950306420a,16211e99368d0c464b5eb04c045a0fca39f78b691e60d8c0cd1816f84c4dc885,858940,Oxycanus beltista,not_recorded_in_source,calibration_v1_reuse,local_copy_verified:data/calibration_v1,https://inaturalist-open-data.s3.amazonaws.com/photos/679660684/square.jpg
non_ant_insect,Hylaeus littleri,hylaeus-littleri,544366,n/a_fresh_row,2cb73036-6574-4d06-aae7-31564e2347bd,679664232,local_copy_verified:data/calibration_v1,cc-by-nc,"(c) Kerry Rainer, some rights reserved (CC BY-NC)",34d28c4ebd909ce9ff4c2ec2abbb5a266e9ff48284c2b9e85cd8e87196bcf8e7,57907,375,500,calibration_v1_reuse,calibration_v1,83a80351f8ac65e89ea6124ac7de6d2cb6a3c68efc1f33eb3ecc2eca8c5f63c0,580,679664232,2cb73036-6574-4d06-aae7-31564e2347bd,34d28c4ebd909ce9ff4c2ec2abbb5a266e9ff48284c2b9e85cd8e87196bcf8e7,544366,Hylaeus littleri,not_recorded_in_source,calibration_v1_reuse,local_copy_verified:data/calibration_v1,https://inaturalist-open-data.s3.amazonaws.com/photos/679664232/square.jpg
non_ant_insect,Calliphora vicina,calliphora-vicina,119115,n/a_fresh_row,a4ca358f-b858-4272-a18d-e23e263b4e3f,679666618,local_copy_verified:data/calibration_v1,cc-by-nc,"(c) Kerry Rainer, some rights reserved (CC BY-NC)",2050ba69eb04eb96fa75198b0061f04f08a0e064367f05ef7b7771ea13d221bd,62981,500,375,calibration_v1_reuse,calibration_v1,83a80351f8ac65e89ea6124ac7de6d2cb6a3c68efc1f33eb3ecc2eca8c5f63c0,581,679666618,a4ca358f-b858-4272-a18d-e23e263b4e3f,2050ba69eb04eb96fa75198b0061f04f08a0e064367f05ef7b7771ea13d221bd,119115,Calliphora vicina,not_recorded_in_source,calibration_v1_reuse,local_copy_verified:data/calibration_v1,https://inaturalist-open-data.s3.amazonaws.com/photos/679666618/square.jpg
non_ant_insect,Coccinella transversalis,coccinella-transversalis,349064,n/a_fresh_row,6102ef9e-03bf-40c1-84bd-b0088d9b28c0,679671392,local_copy_verified:data/calibration_v1,cc-by-nc,"(c) Nicole Dykes, some rights reserved (CC BY-NC)",fb4d726fc083785a5bb8ce3839b19190d8b2a02f90fafeaf07c61f55317389ac,356825,375,500,calibration_v1_reuse,calibration_v1,83a80351f8ac65e89ea6124ac7de6d2cb6a3c68efc1f33eb3ecc2eca8c5f63c0,582,679671392,6102ef9e-03bf-40c1-84bd-b0088d9b28c0,fb4d726fc083785a5bb8ce3839b19190d8b2a02f90fafeaf07c61f55317389ac,349064,Coccinella transversalis,not_recorded_in_source,calibration_v1_reuse,local_copy_verified:data/calibration_v1,https://inaturalist-open-data.s3.amazonaws.com/photos/679671392/square.jpg
non_ant_insect,Mallada traviatus,mallada-traviatus,966281,n/a_fresh_row,dc41d181-3137-435a-9ae4-a738de7823a5,679672386,local_copy_verified:data/calibration_v1,cc-by-nc,"(c) vuk, some rights reserved (CC BY-NC)",ddb81f87c017fbe36e8ff47f0ce2ce78131ec74e7fa11a9cc832665ad33aa1da,37165,500,318,calibration_v1_reuse,calibration_v1,83a80351f8ac65e89ea6124ac7de6d2cb6a3c68efc1f33eb3ecc2eca8c5f63c0,583,679672386,dc41d181-3137-435a-9ae4-a738de7823a5,ddb81f87c017fbe36e8ff47f0ce2ce78131ec74e7fa11a9cc832665ad33aa1da,966281,Mallada traviatus,not_recorded_in_source,calibration_v1_reuse,local_copy_verified:data/calibration_v1,https://inaturalist-open-data.s3.amazonaws.com/photos/679672386/square.jpg
non_ant_insect,Panolis japonica,panolis-japonica,963407,n/a_fresh_row,a40f44da-38a5-4015-b148-ce8ae6e88f21,679669560,local_copy_verified:data/calibration_v1,cc-by-nc,"(c) interstitial_human, some rights reserved (CC BY-NC)",7661b7a8eb7ea321129da547e4e83d94b98db1bf770be27a2cc045b83260060e,65229,500,375,calibration_v1_reuse,calibration_v1,83a80351f8ac65e89ea6124ac7de6d2cb6a3c68efc1f33eb3ecc2eca8c5f63c0,584,679669560,a40f44da-38a5-4015-b148-ce8ae6e88f21,7661b7a8eb7ea321129da547e4e83d94b98db1bf770be27a2cc045b83260060e,963407,Panolis japonica,not_recorded_in_source,calibration_v1_reuse,local_copy_verified:data/calibration_v1,https://inaturalist-open-data.s3.amazonaws.com/photos/679669560/square.jpg
non_ant_insect,Arcte coerula,arcte-coerula,356216,n/a_fresh_row,52ed900a-9e4f-49b8-8985-8fd3a63fc686,679670357,local_copy_verified:data/calibration_v1,cc-by-nc,"(c) interstitial_human, some rights reserved (CC BY-NC)",697cdf7fe69b8a64449bee61e374d7b72605c3c8a7cab6973f56a73206e28e7f,35394,500,375,calibration_v1_reuse,calibration_v1,83a80351f8ac65e89ea6124ac7de6d2cb6a3c68efc1f33eb3ecc2eca8c5f63c0,585,679670357,52ed900a-9e4f-49b8-8985-8fd3a63fc686,697cdf7fe69b8a64449bee61e374d7b72605c3c8a7cab6973f56a73206e28e7f,356216,Arcte coerula,not_recorded_in_source,calibration_v1_reuse,local_copy_verified:data/calibration_v1,https://inaturalist-open-data.s3.amazonaws.com/photos/679670357/square.jpg
non_ant_insect,Calliphora ochracea,calliphora-ochracea,557825,n/a_fresh_row,cafef293-45da-405d-aeae-f2a3e816b3cb,679674164,local_copy_verified:data/calibration_v1,cc-by-nc,"(c) Kerry Rainer, some rights reserved (CC BY-NC)",6a2f22adef483f0feb6461b4ad18f7830554378fa532848b34e1446d710578e3,59600,375,500,calibration_v1_reuse,calibration_v1,83a80351f8ac65e89ea6124ac7de6d2cb6a3c68efc1f33eb3ecc2eca8c5f63c0,586,679674164,cafef293-45da-405d-aeae-f2a3e816b3cb,6a2f22adef483f0feb6461b4ad18f7830554378fa532848b34e1446d710578e3,557825,Calliphora ochracea,not_recorded_in_source,calibration_v1_reuse,local_copy_verified:data/calibration_v1,https://inaturalist-open-data.s3.amazonaws.com/photos/679674164/square.jpg
non_ant_insect,Krananda semihyalina,krananda-semihyalina,244247,n/a_fresh_row,cb90ea35-a70a-4e90-a1f6-fbfc8dfcfdf6,679673609,local_copy_verified:data/calibration_v1,cc-by-nc,"(c) interstitial_human, some rights reserved (CC BY-NC)",f6cd228209da21de08b9f8ce512ee340cf7f6930e644ceff8172cab59c38b990,80772,500,375,calibration_v1_reuse,calibration_v1,83a80351f8ac65e89ea6124ac7de6d2cb6a3c68efc1f33eb3ecc2eca8c5f63c0,587,679673609,cb90ea35-a70a-4e90-a1f6-fbfc8dfcfdf6,f6cd228209da21de08b9f8ce512ee340cf7f6930e644ceff8172cab59c38b990,244247,Krananda semihyalina,not_recorded_in_source,calibration_v1_reuse,local_copy_verified:data/calibration_v1,https://inaturalist-open-data.s3.amazonaws.com/photos/679673609/square.jpg
non_ant_insect,Phyllosphingia dissimilis,phyllosphingia-dissimilis,356183,n/a_fresh_row,e0923682-e7ec-4b91-8fb7-cb15737b9ffc,679677694,local_copy_verified:data/calibration_v1,cc-by-nc,"(c) Vera Ting, some rights reserved (CC BY-NC)",bec2d6db25f737d486870073c088f749bd13dc17171c7e796e269e65892b9945,113702,448,500,calibration_v1_reuse,calibration_v1,83a80351f8ac65e89ea6124ac7de6d2cb6a3c68efc1f33eb3ecc2eca8c5f63c0,588,679677694,e0923682-e7ec-4b91-8fb7-cb15737b9ffc,bec2d6db25f737d486870073c088f749bd13dc17171c7e796e269e65892b9945,356183,Phyllosphingia dissimilis,not_recorded_in_source,calibration_v1_reuse,local_copy_verified:data/calibration_v1,https://inaturalist-open-data.s3.amazonaws.com/photos/679677694/square.jpg
non_ant_insect,Libellula quadrimaculata,libellula-quadrimaculata,57443,n/a_fresh_row,799228f6-27da-4a08-be73-fd9b3db6ba85,679684034,local_copy_verified:data/calibration_v1,cc-by-nc,"(c) naturalisttt, some rights reserved (CC BY-NC)",8511e8fc8dec82b163b9342e49462babfc13981d7cf6842fa7a6bd4c804e067d,96577,500,445,calibration_v1_reuse,calibration_v1,83a80351f8ac65e89ea6124ac7de6d2cb6a3c68efc1f33eb3ecc2eca8c5f63c0,589,679684034,799228f6-27da-4a08-be73-fd9b3db6ba85,8511e8fc8dec82b163b9342e49462babfc13981d7cf6842fa7a6bd4c804e067d,57443,Libellula quadrimaculata,not_recorded_in_source,calibration_v1_reuse,local_copy_verified:data/calibration_v1,https://inaturalist-open-data.s3.amazonaws.com/photos/679684034/square.jpg
non_ant_insect,Psectra nakaharai,psectra-nakaharai,395789,n/a_fresh_row,37899ad3-9c7b-468d-9ee0-176fd503e70d,679684943,local_copy_verified:data/calibration_v1,cc-by-nc,"(c) Kerry Rainer, some rights reserved (CC BY-NC)",2750ce1e225ca522f90518b137a1f394c0925b7ac96d3ae5d7572127a2bdeedf,65442,375,500,calibration_v1_reuse,calibration_v1,83a80351f8ac65e89ea6124ac7de6d2cb6a3c68efc1f33eb3ecc2eca8c5f63c0,590,679684943,37899ad3-9c7b-468d-9ee0-176fd503e70d,2750ce1e225ca522f90518b137a1f394c0925b7ac96d3ae5d7572127a2bdeedf,395789,Psectra nakaharai,not_recorded_in_source,calibration_v1_reuse,local_copy_verified:data/calibration_v1,https://inaturalist-open-data.s3.amazonaws.com/photos/679684943/square.jpg
non_ant_insect,Coniopteryx maculithorax,coniopteryx-maculithorax,892870,n/a_fresh_row,aca4a1b1-e2bf-4fda-b1db-e321371acb31,679685971,local_copy_verified:data/calibration_v1,cc-by-nc,"(c) Kerry Rainer, some rights reserved (CC BY-NC)",bb224cd1b1c10c0f81715d82a97e676e6abaeb27e273d8021b22223e8555670c,33567,375,500,calibration_v1_reuse,calibration_v1,83a80351f8ac65e89ea6124ac7de6d2cb6a3c68efc1f33eb3ecc2eca8c5f63c0,591,679685971,aca4a1b1-e2bf-4fda-b1db-e321371acb31,bb224cd1b1c10c0f81715d82a97e676e6abaeb27e273d8021b22223e8555670c,892870,Coniopteryx maculithorax,not_recorded_in_source,calibration_v1_reuse,local_copy_verified:data/calibration_v1,https://inaturalist-open-data.s3.amazonaws.com/photos/679685971/square.jpg
non_ant_insect,Mallada traviatus,mallada-traviatus,966281,n/a_fresh_row,179a97d3-81ed-490d-a7a4-cdff9e0cf67f,679687809,local_copy_verified:data/calibration_v1,cc-by-nc,"(c) Kerry Rainer, some rights reserved (CC BY-NC)",4005b6d1952dd54af184dc9f8d00194c5d939ff2ad5fa6eba287e1d6dfa7bec3,40160,375,500,calibration_v1_reuse,calibration_v1,83a80351f8ac65e89ea6124ac7de6d2cb6a3c68efc1f33eb3ecc2eca8c5f63c0,592,679687809,179a97d3-81ed-490d-a7a4-cdff9e0cf67f,4005b6d1952dd54af184dc9f8d00194c5d939ff2ad5fa6eba287e1d6dfa7bec3,966281,Mallada traviatus,not_recorded_in_source,calibration_v1_reuse,local_copy_verified:data/calibration_v1,https://inaturalist-open-data.s3.amazonaws.com/photos/679687809/square.jpg
non_ant_insect,Paropsides calypso,paropsides-calypso,583331,n/a_fresh_row,158c2bf0-9f4d-454a-8096-3c61e3534161,679694900,local_copy_verified:data/calibration_v1,cc-by-nc,"(c) d3wdr0p, some rights reserved (CC BY-NC)",484695ed8c0cafc33ca41c26af66f892fdf2a84acd03736e9556c8200e20d781,116149,500,375,calibration_v1_reuse,calibration_v1,83a80351f8ac65e89ea6124ac7de6d2cb6a3c68efc1f33eb3ecc2eca8c5f63c0,597,679694900,158c2bf0-9f4d-454a-8096-3c61e3534161,484695ed8c0cafc33ca41c26af66f892fdf2a84acd03736e9556c8200e20d781,583331,Paropsides calypso,not_recorded_in_source,calibration_v1_reuse,local_copy_verified:data/calibration_v1,https://inaturalist-open-data.s3.amazonaws.com/photos/679694900/square.jpg
non_ant_insect,Plesiophthalmus davidis,plesiophthalmus-davidis,545913,n/a_fresh_row,53226fe4-318b-4be1-8a28-d862a29720eb,679697206,local_copy_verified:data/calibration_v1,cc-by-nc,"(c) cheol, some rights reserved (CC BY-NC)",f0c0edd1646fe0f710ff9f0e07e7f462113bd824c3f1db856e85a77e0470a98d,201360,375,500,calibration_v1_reuse,calibration_v1,83a80351f8ac65e89ea6124ac7de6d2cb6a3c68efc1f33eb3ecc2eca8c5f63c0,598,679697206,53226fe4-318b-4be1-8a28-d862a29720eb,f0c0edd1646fe0f710ff9f0e07e7f462113bd824c3f1db856e85a77e0470a98d,545913,Plesiophthalmus davidis,not_recorded_in_source,calibration_v1_reuse,local_copy_verified:data/calibration_v1,https://inaturalist-open-data.s3.amazonaws.com/photos/679697206/square.jpg
non_ant_insect,Gasterocercus longipes,gasterocercus-longipes,1105942,n/a_fresh_row,a9b927ca-5d11-4ebf-b5fc-e34a88285ebc,679688727,local_copy_verified:data/calibration_v1,cc-by-nc,"(c) interstitial_human, some rights reserved (CC BY-NC)",538e0f2cd1936b66317b8cbbb02e3d05fa74f04bfa3af2bbfc04c80f6be81b90,51013,500,375,calibration_v1_reuse,calibration_v1,83a80351f8ac65e89ea6124ac7de6d2cb6a3c68efc1f33eb3ecc2eca8c5f63c0,599,679688727,a9b927ca-5d11-4ebf-b5fc-e34a88285ebc,538e0f2cd1936b66317b8cbbb02e3d05fa74f04bfa3af2bbfc04c80f6be81b90,1105942,Gasterocercus longipes,not_recorded_in_source,calibration_v1_reuse,local_copy_verified:data/calibration_v1,https://inaturalist-open-data.s3.amazonaws.com/photos/679688727/square.jpg
non_ant_insect,Xestophrys javanicus,xestophrys-javanicus,604589,n/a_fresh_row,50355b81-85b4-4155-8637-3aa7d4d04768,679688773,local_copy_verified:data/calibration_v1,cc-by-nc,"(c) interstitial_human, some rights reserved (CC BY-NC)",8679c784ccd564dace76bdb89d00225acc937362aaec657e1a89455d528ebf72,52720,500,375,calibration_v1_reuse,calibration_v1,83a80351f8ac65e89ea6124ac7de6d2cb6a3c68efc1f33eb3ecc2eca8c5f63c0,600,679688773,50355b81-85b4-4155-8637-3aa7d4d04768,8679c784ccd564dace76bdb89d00225acc937362aaec657e1a89455d528ebf72,604589,Xestophrys javanicus,not_recorded_in_source,calibration_v1_reuse,local_copy_verified:data/calibration_v1,https://inaturalist-open-data.s3.amazonaws.com/photos/679688773/square.jpg
non_ant_insect,Sarbanissa subflava,sarbanissa-subflava,445135,n/a_fresh_row,0694b7ec-b1c4-4b07-88d8-954c00543b89,679690107,local_copy_verified:data/calibration_v1,cc-by-nc,"(c) interstitial_human, some rights reserved (CC BY-NC)",b70f9555f55aace2750b2f730e592fe5023ac0cd55b74c4f4d3d25fa2cbe02e9,57758,500,375,calibration_v1_reuse,calibration_v1,83a80351f8ac65e89ea6124ac7de6d2cb6a3c68efc1f33eb3ecc2eca8c5f63c0,601,679690107,0694b7ec-b1c4-4b07-88d8-954c00543b89,b70f9555f55aace2750b2f730e592fe5023ac0cd55b74c4f4d3d25fa2cbe02e9,445135,Sarbanissa subflava,not_recorded_in_source,calibration_v1_reuse,local_copy_verified:data/calibration_v1,https://inaturalist-open-data.s3.amazonaws.com/photos/679690107/square.jpg
non_ant_insect,Loxoncus circumcinctus,loxoncus-circumcinctus,1236578,n/a_fresh_row,bc62decb-ca44-490c-beaf-ff2825604b5e,679690263,local_copy_verified:data/calibration_v1,cc-by-nc,"(c) interstitial_human, some rights reserved (CC BY-NC)",ad7d47bfe3d5466723987fa33b4bf57b7c199b674ccbc8c373f9f746a8fafd11,98214,500,375,calibration_v1_reuse,calibration_v1,83a80351f8ac65e89ea6124ac7de6d2cb6a3c68efc1f33eb3ecc2eca8c5f63c0,602,679690263,bc62decb-ca44-490c-beaf-ff2825604b5e,ad7d47bfe3d5466723987fa33b4bf57b7c199b674ccbc8c373f9f746a8fafd11,1236578,Loxoncus circumcinctus,not_recorded_in_source,calibration_v1_reuse,local_copy_verified:data/calibration_v1,https://inaturalist-open-data.s3.amazonaws.com/photos/679690263/square.jpg
non_ant_insect,Coccinella septempunctata,coccinella-septempunctata,51702,n/a_fresh_row,e0986a06-11a6-4644-bf6d-40bacbc4bb10,679700187,local_copy_verified:data/calibration_v1,cc-by-nc,"(c) 環境政策学研究室, some rights reserved (CC BY-NC)",0d4fe9ce28efa3fbc924851b23aff5b8569e422a3cebcae1dc539813e0b93fcd,255084,281,500,calibration_v1_reuse,calibration_v1,83a80351f8ac65e89ea6124ac7de6d2cb6a3c68efc1f33eb3ecc2eca8c5f63c0,603,679700187,e0986a06-11a6-4644-bf6d-40bacbc4bb10,0d4fe9ce28efa3fbc924851b23aff5b8569e422a3cebcae1dc539813e0b93fcd,51702,Coccinella septempunctata,not_recorded_in_source,calibration_v1_reuse,local_copy_verified:data/calibration_v1,https://inaturalist-open-data.s3.amazonaws.com/photos/679700187/square.jpg
non_ant_insect,Nacerdes luteipennis,nacerdes-luteipennis,552460,n/a_fresh_row,c4c3c19f-37c0-4408-82a2-a1d418b4ffef,679703136,local_copy_verified:data/calibration_v1,cc-by-nc,"(c) hyobin Seong, some rights reserved (CC BY-NC)",25bc477d64edd43d5e72d025d41b1cfb68bd398a6c0e7e9d6bdf5cb0ec81dd3c,86406,281,500,calibration_v1_reuse,calibration_v1,83a80351f8ac65e89ea6124ac7de6d2cb6a3c68efc1f33eb3ecc2eca8c5f63c0,604,679703136,c4c3c19f-37c0-4408-82a2-a1d418b4ffef,25bc477d64edd43d5e72d025d41b1cfb68bd398a6c0e7e9d6bdf5cb0ec81dd3c,552460,Nacerdes luteipennis,not_recorded_in_source,calibration_v1_reuse,local_copy_verified:data/calibration_v1,https://inaturalist-open-data.s3.amazonaws.com/photos/679703136/square.jpg
non_ant_insect,Eobiana engelhardti,eobiana-engelhardti,499206,n/a_fresh_row,aab152c2-0a27-4a31-bb32-cfb942ab35c0,679703451,local_copy_verified:data/calibration_v1,cc-by-nc,"(c) hyobin Seong, some rights reserved (CC BY-NC)",0528d94b9812d142ba35ae061cae0517b30d37874dbfe9b53a2487d81db23ea1,137110,281,500,calibration_v1_reuse,calibration_v1,83a80351f8ac65e89ea6124ac7de6d2cb6a3c68efc1f33eb3ecc2eca8c5f63c0,605,679703451,aab152c2-0a27-4a31-bb32-cfb942ab35c0,0528d94b9812d142ba35ae061cae0517b30d37874dbfe9b53a2487d81db23ea1,499206,Eobiana engelhardti,not_recorded_in_source,calibration_v1_reuse,local_copy_verified:data/calibration_v1,https://inaturalist-open-data.s3.amazonaws.com/photos/679703451/square.jpg
non_ant_insect,Asota egens,asota-egens,202254,n/a_fresh_row,9fbf60d8-2253-48f2-95f8-b850c9fcffb3,679705804,local_copy_verified:data/calibration_v1,cc-by-nc,"(c) 林峰名, some rights reserved (CC BY-NC)",6bf66bf434e80fd423ba539d024e5193240f3f6246047b78065dbfc0a4bde415,116495,281,500,calibration_v1_reuse,calibration_v1,83a80351f8ac65e89ea6124ac7de6d2cb6a3c68efc1f33eb3ecc2eca8c5f63c0,607,679705804,9fbf60d8-2253-48f2-95f8-b850c9fcffb3,6bf66bf434e80fd423ba539d024e5193240f3f6246047b78065dbfc0a4bde415,202254,Asota egens,not_recorded_in_source,calibration_v1_reuse,local_copy_verified:data/calibration_v1,https://inaturalist-open-data.s3.amazonaws.com/photos/679705804/square.jpg
non_ant_insect,Cyphonocerus ruficollis,cyphonocerus-ruficollis,349356,n/a_fresh_row,1315c49f-f1c9-4a9b-862a-a6479db22439,679699480,local_copy_verified:data/calibration_v1,cc-by-nc,"(c) interstitial_human, some rights reserved (CC BY-NC)",466b4f90d52ec9d60c13794efdcafc0a7c4c21972714a552e7909f736e71dd31,72920,500,375,calibration_v1_reuse,calibration_v1,83a80351f8ac65e89ea6124ac7de6d2cb6a3c68efc1f33eb3ecc2eca8c5f63c0,610,679699480,1315c49f-f1c9-4a9b-862a-a6479db22439,466b4f90d52ec9d60c13794efdcafc0a7c4c21972714a552e7909f736e71dd31,349356,Cyphonocerus ruficollis,not_recorded_in_source,calibration_v1_reuse,local_copy_verified:data/calibration_v1,https://inaturalist-open-data.s3.amazonaws.com/photos/679699480/square.jpg
non_ant_insect,Lebia calycophora,lebia-calycophora,1148361,n/a_fresh_row,757bf891-da4d-412a-be65-8e38b94b83de,679699750,local_copy_verified:data/calibration_v1,cc-by-nc,"(c) interstitial_human, some rights reserved (CC BY-NC)",86b5346845e04dfb44a31f70914100061a36962c80bf39a171101b247e512ae4,66433,500,375,calibration_v1_reuse,calibration_v1,83a80351f8ac65e89ea6124ac7de6d2cb6a3c68efc1f33eb3ecc2eca8c5f63c0,611,679699750,757bf891-da4d-412a-be65-8e38b94b83de,86b5346845e04dfb44a31f70914100061a36962c80bf39a171101b247e512ae4,1148361,Lebia calycophora,not_recorded_in_source,calibration_v1_reuse,local_copy_verified:data/calibration_v1,https://inaturalist-open-data.s3.amazonaws.com/photos/679699750/square.jpg
non_ant_insect,Adoretus tenuimaculatus,adoretus-tenuimaculatus,472098,n/a_fresh_row,21b7dfd6-2d67-4773-89e4-24428659513b,679700702,local_copy_verified:data/calibration_v1,cc-by-nc,"(c) interstitial_human, some rights reserved (CC BY-NC)",aee84c0508b83fbc8f413b9999a7f8b00862f726e1d49dd98e3c7ee965dd4a59,44764,500,375,calibration_v1_reuse,calibration_v1,83a80351f8ac65e89ea6124ac7de6d2cb6a3c68efc1f33eb3ecc2eca8c5f63c0,612,679700702,21b7dfd6-2d67-4773-89e4-24428659513b,aee84c0508b83fbc8f413b9999a7f8b00862f726e1d49dd98e3c7ee965dd4a59,472098,Adoretus tenuimaculatus,not_recorded_in_source,calibration_v1_reuse,local_copy_verified:data/calibration_v1,https://inaturalist-open-data.s3.amazonaws.com/photos/679700702/square.jpg
non_ant_insect,Opisthoplatia orientalis,opisthoplatia-orientalis,347785,n/a_fresh_row,905013d4-6844-4331-8a1a-c9e4050aae1e,679711124,local_copy_verified:data/calibration_v1,cc-by-nc,"(c) 王學哲, some rights reserved (CC BY-NC)",97e83f2395b6c85a29fc41822e2365cad6a7ed98608966a900b67624bd181063,230803,500,333,calibration_v1_reuse,calibration_v1,83a80351f8ac65e89ea6124ac7de6d2cb6a3c68efc1f33eb3ecc2eca8c5f63c0,614,679711124,905013d4-6844-4331-8a1a-c9e4050aae1e,97e83f2395b6c85a29fc41822e2365cad6a7ed98608966a900b67624bd181063,347785,Opisthoplatia orientalis,not_recorded_in_source,calibration_v1_reuse,local_copy_verified:data/calibration_v1,https://inaturalist-open-data.s3.amazonaws.com/photos/679711124/square.jpg
non_ant_insect,Lyssa zampa,lyssa-zampa,130846,n/a_fresh_row,c5637d85-0c6a-45ef-882f-80a61724818f,679714712,local_copy_verified:data/calibration_v1,cc-by-nc,"(c) 洪意凱, some rights reserved (CC BY-NC)",f84493b80f38f3b87e89c50b9d95547557d7778414b7a0a22b1e07034441688c,127418,375,500,calibration_v1_reuse,calibration_v1,83a80351f8ac65e89ea6124ac7de6d2cb6a3c68efc1f33eb3ecc2eca8c5f63c0,617,679714712,c5637d85-0c6a-45ef-882f-80a61724818f,f84493b80f38f3b87e89c50b9d95547557d7778414b7a0a22b1e07034441688c,130846,Lyssa zampa,not_recorded_in_source,calibration_v1_reuse,local_copy_verified:data/calibration_v1,https://inaturalist-open-data.s3.amazonaws.com/photos/679714712/square.jpg
non_ant_insect,Perixera illepidaria,perixera-illepidaria,203950,n/a_fresh_row,0f935cda-83b7-4fc6-9a83-38f0e5203c9a,679714205,local_copy_verified:data/calibration_v1,cc-by-nc,"(c) 王學哲, some rights reserved (CC BY-NC)",50ffc7b425351ed1a9c4c1741081db3ca6036af9c85c2135b71c572f39ba41b1,88373,500,333,calibration_v1_reuse,calibration_v1,83a80351f8ac65e89ea6124ac7de6d2cb6a3c68efc1f33eb3ecc2eca8c5f63c0,618,679714205,0f935cda-83b7-4fc6-9a83-38f0e5203c9a,50ffc7b425351ed1a9c4c1741081db3ca6036af9c85c2135b71c572f39ba41b1,203950,Perixera illepidaria,not_recorded_in_source,calibration_v1_reuse,local_copy_verified:data/calibration_v1,https://inaturalist-open-data.s3.amazonaws.com/photos/679714205/square.jpg
non_ant_insect,Lucanus formosanus,lucanus-formosanus,740844,n/a_fresh_row,01cd1366-a840-4453-a997-42cf2bf0413a,679715006,local_copy_verified:data/calibration_v1,cc-by-nc,"(c) 洪意凱, some rights reserved (CC BY-NC)",e5c84f407315e62695976398a71fb98bddc825ee16ba70a57af87d108713623e,94279,375,500,calibration_v1_reuse,calibration_v1,83a80351f8ac65e89ea6124ac7de6d2cb6a3c68efc1f33eb3ecc2eca8c5f63c0,619,679715006,01cd1366-a840-4453-a997-42cf2bf0413a,e5c84f407315e62695976398a71fb98bddc825ee16ba70a57af87d108713623e,740844,Lucanus formosanus,not_recorded_in_source,calibration_v1_reuse,local_copy_verified:data/calibration_v1,https://inaturalist-open-data.s3.amazonaws.com/photos/679715006/square.jpg
non_ant_insect,Lyssa zampa,lyssa-zampa,130846,n/a_fresh_row,8f9aa60c-d21d-4801-a360-334baf7a6333,679715159,local_copy_verified:data/calibration_v1,cc-by-nc,"(c) 洪意凱, some rights reserved (CC BY-NC)",570f32adac08a67d09ab61bb2bf88bc63601b23b7e6d17f781f80310954a1f38,103860,375,500,calibration_v1_reuse,calibration_v1,83a80351f8ac65e89ea6124ac7de6d2cb6a3c68efc1f33eb3ecc2eca8c5f63c0,620,679715159,8f9aa60c-d21d-4801-a360-334baf7a6333,570f32adac08a67d09ab61bb2bf88bc63601b23b7e6d17f781f80310954a1f38,130846,Lyssa zampa,not_recorded_in_source,calibration_v1_reuse,local_copy_verified:data/calibration_v1,https://inaturalist-open-data.s3.amazonaws.com/photos/679715159/square.jpg
non_ant_insect,Lyssa zampa,lyssa-zampa,130846,n/a_fresh_row,42a5e978-ed92-4a5b-a0a9-b47508051694,679715423,local_copy_verified:data/calibration_v1,cc-by-nc,"(c) 洪意凱, some rights reserved (CC BY-NC)",4b52d2e36a45c2343df7353820762b1eca1e69228f12dc891eabfe3a9407f403,225757,500,375,calibration_v1_reuse,calibration_v1,83a80351f8ac65e89ea6124ac7de6d2cb6a3c68efc1f33eb3ecc2eca8c5f63c0,621,679715423,42a5e978-ed92-4a5b-a0a9-b47508051694,4b52d2e36a45c2343df7353820762b1eca1e69228f12dc891eabfe3a9407f403,130846,Lyssa zampa,not_recorded_in_source,calibration_v1_reuse,local_copy_verified:data/calibration_v1,https://inaturalist-open-data.s3.amazonaws.com/photos/679715423/square.jpg
non_ant_insect,Acherontia lachesis,acherontia-lachesis,121837,n/a_fresh_row,f3dae582-bb65-40a6-9a5b-c80fbdc23707,679715955,local_copy_verified:data/calibration_v1,cc-by-nc,"(c) 洪意凱, some rights reserved (CC BY-NC)",f6ba0d353ca190aac726a6afc5581e885c1f6a7c8f80def1358dac76664388eb,120345,375,500,calibration_v1_reuse,calibration_v1,83a80351f8ac65e89ea6124ac7de6d2cb6a3c68efc1f33eb3ecc2eca8c5f63c0,622,679715955,f3dae582-bb65-40a6-9a5b-c80fbdc23707,f6ba0d353ca190aac726a6afc5581e885c1f6a7c8f80def1358dac76664388eb,121837,Acherontia lachesis,not_recorded_in_source,calibration_v1_reuse,local_copy_verified:data/calibration_v1,https://inaturalist-open-data.s3.amazonaws.com/photos/679715955/square.jpg
non_ant_insect,Lyssa zampa,lyssa-zampa,130846,n/a_fresh_row,d60732ba-a35b-4a0c-8728-a0f8319df9fc,679716329,local_copy_verified:data/calibration_v1,cc-by-nc,"(c) 洪意凱, some rights reserved (CC BY-NC)",b6abb97305c0f2211ff477aae882d7a6decf4ad10e46b1d99fbb27608eacac44,137867,375,500,calibration_v1_reuse,calibration_v1,83a80351f8ac65e89ea6124ac7de6d2cb6a3c68efc1f33eb3ecc2eca8c5f63c0,624,679716329,d60732ba-a35b-4a0c-8728-a0f8319df9fc,b6abb97305c0f2211ff477aae882d7a6decf4ad10e46b1d99fbb27608eacac44,130846,Lyssa zampa,not_recorded_in_source,calibration_v1_reuse,local_copy_verified:data/calibration_v1,https://inaturalist-open-data.s3.amazonaws.com/photos/679716329/square.jpg
non_ant_insect,Sastragala esakii,sastragala-esakii,545902,n/a_fresh_row,46258d0e-0970-4b66-813c-cde815867f34,679698839,local_copy_verified:data/calibration_v1,cc-by-nc,"(c) Ryo.T, some rights reserved (CC BY-NC)",ad0330fdd4b21b3e881997d301718b94ec80d4f3b2105ed7d7b4e7fcdddc52b3,47192,500,375,calibration_v1_reuse,calibration_v1,83a80351f8ac65e89ea6124ac7de6d2cb6a3c68efc1f33eb3ecc2eca8c5f63c0,625,679698839,46258d0e-0970-4b66-813c-cde815867f34,ad0330fdd4b21b3e881997d301718b94ec80d4f3b2105ed7d7b4e7fcdddc52b3,545902,Sastragala esakii,not_recorded_in_source,calibration_v1_reuse,local_copy_verified:data/calibration_v1,https://inaturalist-open-data.s3.amazonaws.com/photos/679698839/square.jpg
non_ant_insect,Sympetrum infuscatum,sympetrum-infuscatum,113513,n/a_fresh_row,ecb4a48f-094e-4ff1-88bc-91dedd9c3818,679698905,local_copy_verified:data/calibration_v1,cc-by-nc,"(c) Ryo.T, some rights reserved (CC BY-NC)",6f21c4e5009d620a2a2be4dc4339e5d599b23e7848bc29e530116b4935e7053a,33628,375,500,calibration_v1_reuse,calibration_v1,83a80351f8ac65e89ea6124ac7de6d2cb6a3c68efc1f33eb3ecc2eca8c5f63c0,626,679698905,ecb4a48f-094e-4ff1-88bc-91dedd9c3818,6f21c4e5009d620a2a2be4dc4339e5d599b23e7848bc29e530116b4935e7053a,113513,Sympetrum infuscatum,not_recorded_in_source,calibration_v1_reuse,local_copy_verified:data/calibration_v1,https://inaturalist-open-data.s3.amazonaws.com/photos/679698905/square.jpg
non_ant_insect,Davidius nanus,davidius-nanus,99137,n/a_fresh_row,66ecbeb8-b6ab-4f07-96ab-9af1cdedabb3,679699622,local_copy_verified:data/calibration_v1,cc-by-nc,"(c) Ryo.T, some rights reserved (CC BY-NC)",268ebb315f964b7be3f9a0bb5fba19ce7da1fefb60cb082e94a5ba300060a2ad,115890,500,375,calibration_v1_reuse,calibration_v1,83a80351f8ac65e89ea6124ac7de6d2cb6a3c68efc1f33eb3ecc2eca8c5f63c0,627,679699622,66ecbeb8-b6ab-4f07-96ab-9af1cdedabb3,268ebb315f964b7be3f9a0bb5fba19ce7da1fefb60cb082e94a5ba300060a2ad,99137,Davidius nanus,not_recorded_in_source,calibration_v1_reuse,local_copy_verified:data/calibration_v1,https://inaturalist-open-data.s3.amazonaws.com/photos/679699622/square.jpg
non_ant_insect,Brachydiplax chalybea,brachydiplax-chalybea,95964,n/a_fresh_row,0e3e932f-53a1-4a77-bfce-438bb4567071,679718409,local_copy_verified:data/calibration_v1,cc-by,"(c) Dan Osipov, some rights reserved (CC BY)",c5a09958e44b5043876d39964f50e83a3a3e1990d3a812243d9cd359e00092b8,22098,500,334,calibration_v1_reuse,calibration_v1,83a80351f8ac65e89ea6124ac7de6d2cb6a3c68efc1f33eb3ecc2eca8c5f63c0,628,679718409,0e3e932f-53a1-4a77-bfce-438bb4567071,c5a09958e44b5043876d39964f50e83a3a3e1990d3a812243d9cd359e00092b8,95964,Brachydiplax chalybea,not_recorded_in_source,calibration_v1_reuse,local_copy_verified:data/calibration_v1,https://inaturalist-open-data.s3.amazonaws.com/photos/679718409/square.jpg
non_ant_insect,Neurothemis fluctuans,neurothemis-fluctuans,107002,n/a_fresh_row,79c4f6aa-10eb-4723-bc3d-08fbfe59b98f,679718428,local_copy_verified:data/calibration_v1,cc-by,"(c) Dan Osipov, some rights reserved (CC BY)",62581d0c6ac065cf75ea809d29ec61a0da1ce7f54b04965fe6116c50f5a3af55,21659,500,334,calibration_v1_reuse,calibration_v1,83a80351f8ac65e89ea6124ac7de6d2cb6a3c68efc1f33eb3ecc2eca8c5f63c0,629,679718428,79c4f6aa-10eb-4723-bc3d-08fbfe59b98f,62581d0c6ac065cf75ea809d29ec61a0da1ce7f54b04965fe6116c50f5a3af55,107002,Neurothemis fluctuans,not_recorded_in_source,calibration_v1_reuse,local_copy_verified:data/calibration_v1,https://inaturalist-open-data.s3.amazonaws.com/photos/679718428/square.jpg
non_ant_insect,Traulia azureipennis,traulia-azureipennis,356154,n/a_fresh_row,9609323c-cf6d-4f08-b423-702912910da4,679718419,local_copy_verified:data/calibration_v1,cc-by,"(c) Dan Osipov, some rights reserved (CC BY)",9e2fff2ab078f3bb17a24ae7b305fd1f4208ab732dbfb5e8ec7136292c64dd84,22569,500,334,calibration_v1_reuse,calibration_v1,83a80351f8ac65e89ea6124ac7de6d2cb6a3c68efc1f33eb3ecc2eca8c5f63c0,630,679718419,9609323c-cf6d-4f08-b423-702912910da4,9e2fff2ab078f3bb17a24ae7b305fd1f4208ab732dbfb5e8ec7136292c64dd84,356154,Traulia azureipennis,not_recorded_in_source,calibration_v1_reuse,local_copy_verified:data/calibration_v1,https://inaturalist-open-data.s3.amazonaws.com/photos/679718419/square.jpg
non_ant_insect,Asianopleura hilpa,asianopleura-hilpa,1669874,n/a_fresh_row,7cdae3d3-9c53-4a0e-bcd5-633ee27f6a2b,679721751,local_copy_verified:data/calibration_v1,cc-by-nc,"(c) Ben In Guangdong, some rights reserved (CC BY-NC)",4fb67da3a37faa61f9286a88df0389a20aad307758d1569434111a436c88ba5b,104151,375,500,calibration_v1_reuse,calibration_v1,83a80351f8ac65e89ea6124ac7de6d2cb6a3c68efc1f33eb3ecc2eca8c5f63c0,631,679721751,7cdae3d3-9c53-4a0e-bcd5-633ee27f6a2b,4fb67da3a37faa61f9286a88df0389a20aad307758d1569434111a436c88ba5b,1669874,Asianopleura hilpa,not_recorded_in_source,calibration_v1_reuse,local_copy_verified:data/calibration_v1,https://inaturalist-open-data.s3.amazonaws.com/photos/679721751/square.jpg
non_ant_insect,Symmoracma minoralis,symmoracma-minoralis,462108,n/a_fresh_row,4f21702d-5808-4167-b1ab-ddb58dd0a7eb,679722318,local_copy_verified:data/calibration_v1,cc-by-nc,"(c) 王學哲, some rights reserved (CC BY-NC)",6cce4d43cec59c2f1c22fc6f6834993def47d795ab7c26905d286b042294d0e8,114601,500,333,calibration_v1_reuse,calibration_v1,83a80351f8ac65e89ea6124ac7de6d2cb6a3c68efc1f33eb3ecc2eca8c5f63c0,633,679722318,4f21702d-5808-4167-b1ab-ddb58dd0a7eb,6cce4d43cec59c2f1c22fc6f6834993def47d795ab7c26905d286b042294d0e8,462108,Symmoracma minoralis,not_recorded_in_source,calibration_v1_reuse,local_copy_verified:data/calibration_v1,https://inaturalist-open-data.s3.amazonaws.com/photos/679722318/square.jpg
non_ant_insect,Tanna ornatipennis,tanna-ornatipennis,902096,n/a_fresh_row,771a1a5b-e376-4cac-beea-c60e57087133,679725707,local_copy_verified:data/calibration_v1,cc-by-nc,"(c) Shang-Kwei Wang, some rights reserved (CC BY-NC)",113798a8189a0c1a7d7cbea947d9f468644af2367929ce27d3bcaa514945a0f0,233408,333,500,calibration_v1_reuse,calibration_v1,83a80351f8ac65e89ea6124ac7de6d2cb6a3c68efc1f33eb3ecc2eca8c5f63c0,634,679725707,771a1a5b-e376-4cac-beea-c60e57087133,113798a8189a0c1a7d7cbea947d9f468644af2367929ce27d3bcaa514945a0f0,902096,Tanna ornatipennis,not_recorded_in_source,calibration_v1_reuse,local_copy_verified:data/calibration_v1,https://inaturalist-open-data.s3.amazonaws.com/photos/679725707/square.jpg
non_ant_insect,Licinus setosus,licinus-setosus,1566232,n/a_fresh_row,107bf96c-9ade-4962-930d-c963eacc7854,679754737,local_copy_verified:data/calibration_v1,cc-by-nc,"(c) shikiiiiiiiii, some rights reserved (CC BY-NC)",e3f7ab73161f5e24100fa67b0309004a25801dfb7f2c159ed61c4c4c4f2d2e8f,131503,375,500,calibration_v1_reuse,calibration_v1,83a80351f8ac65e89ea6124ac7de6d2cb6a3c68efc1f33eb3ecc2eca8c5f63c0,668,679754737,107bf96c-9ade-4962-930d-c963eacc7854,e3f7ab73161f5e24100fa67b0309004a25801dfb7f2c159ed61c4c4c4f2d2e8f,1566232,Licinus setosus,not_recorded_in_source,calibration_v1_reuse,local_copy_verified:data/calibration_v1,https://inaturalist-open-data.s3.amazonaws.com/photos/679754737/square.jpg
non_ant_insect,Chremistica ochracea,chremistica-ochracea,338215,n/a_fresh_row,4a895f88-6e60-4001-a80c-23834d893131,679756852,local_copy_verified:data/calibration_v1,cc-by-nc,"(c) ccy1xn_, some rights reserved (CC BY-NC)",0ca1616a007b83ec26f9bf3bbed57bacda42a11c398d742d56cf0adfc71d8e8c,37844,375,500,calibration_v1_reuse,calibration_v1,83a80351f8ac65e89ea6124ac7de6d2cb6a3c68efc1f33eb3ecc2eca8c5f63c0,669,679756852,4a895f88-6e60-4001-a80c-23834d893131,0ca1616a007b83ec26f9bf3bbed57bacda42a11c398d742d56cf0adfc71d8e8c,338215,Chremistica ochracea,not_recorded_in_source,calibration_v1_reuse,local_copy_verified:data/calibration_v1,https://inaturalist-open-data.s3.amazonaws.com/photos/679756852/square.jpg
non_ant_insect,Junonia hierta,junonia-hierta,68423,n/a_fresh_row,64819019-8177-45e7-a272-cfc3bf931855,679757917,local_copy_verified:data/calibration_v1,cc-by-nc,"(c) elaterist, some rights reserved (CC BY-NC)",ba0d3e5e185bcf8ba781097fdf1b7a9bf67ffefc0a5670aa7d01357232721999,108691,231,500,calibration_v1_reuse,calibration_v1,83a80351f8ac65e89ea6124ac7de6d2cb6a3c68efc1f33eb3ecc2eca8c5f63c0,670,679757917,64819019-8177-45e7-a272-cfc3bf931855,ba0d3e5e185bcf8ba781097fdf1b7a9bf67ffefc0a5670aa7d01357232721999,68423,Junonia hierta,not_recorded_in_source,calibration_v1_reuse,local_copy_verified:data/calibration_v1,https://inaturalist-open-data.s3.amazonaws.com/photos/679757917/square.jpg
non_ant_insect,Cicindela campestris,cicindela-campestris,130143,n/a_fresh_row,67b72aa3-8f6b-478d-a4dd-4b66b9889ac0,679757850,local_copy_verified:data/calibration_v1,cc-by-nc,"(c) Павел Голяков, some rights reserved (CC BY-NC)",24c4b9d776304f2f4097a8bd9df603d9a48e08f990d80cdaa9bba96a5b858c67,57651,500,332,calibration_v1_reuse,calibration_v1,83a80351f8ac65e89ea6124ac7de6d2cb6a3c68efc1f33eb3ecc2eca8c5f63c0,671,679757850,67b72aa3-8f6b-478d-a4dd-4b66b9889ac0,24c4b9d776304f2f4097a8bd9df603d9a48e08f990d80cdaa9bba96a5b858c67,130143,Cicindela campestris,not_recorded_in_source,calibration_v1_reuse,local_copy_verified:data/calibration_v1,https://inaturalist-open-data.s3.amazonaws.com/photos/679757850/square.jpg
non_ant_insect,Aiolopus thalassinus,aiolopus-thalassinus,415621,n/a_fresh_row,ba8b7a76-8cdf-44bf-8092-2de238a33984,679764651,local_copy_verified:data/calibration_v1,cc-by-nc,"(c) shikiiiiiiiii, some rights reserved (CC BY-NC)",deb3952d576f967683f68f4b329d9c35162198ecc56748219842e7a6d32827f0,88966,500,384,calibration_v1_reuse,calibration_v1,83a80351f8ac65e89ea6124ac7de6d2cb6a3c68efc1f33eb3ecc2eca8c5f63c0,672,679764651,ba8b7a76-8cdf-44bf-8092-2de238a33984,deb3952d576f967683f68f4b329d9c35162198ecc56748219842e7a6d32827f0,415621,Aiolopus thalassinus,not_recorded_in_source,calibration_v1_reuse,local_copy_verified:data/calibration_v1,https://inaturalist-open-data.s3.amazonaws.com/photos/679764651/square.jpg
non_ant_insect,Lasiotrichius succinctus,lasiotrichius-succinctus,471165,n/a_fresh_row,3abc0eaf-d90b-4324-b9db-168a559fc04b,679767478,local_copy_verified:data/calibration_v1,cc-by-nc,"(c) 𝐊𝐀𝐓., some rights reserved (CC BY-NC)",97e96fd90d2160855086ef1a7c8105e4b185a91ed6b3f8567dd22d88d703a955,34213,500,333,calibration_v1_reuse,calibration_v1,83a80351f8ac65e89ea6124ac7de6d2cb6a3c68efc1f33eb3ecc2eca8c5f63c0,689,679767478,3abc0eaf-d90b-4324-b9db-168a559fc04b,97e96fd90d2160855086ef1a7c8105e4b185a91ed6b3f8567dd22d88d703a955,471165,Lasiotrichius succinctus,not_recorded_in_source,calibration_v1_reuse,local_copy_verified:data/calibration_v1,https://inaturalist-open-data.s3.amazonaws.com/photos/679767478/square.jpg
non_ant_insect,Leptura ochraceofasciata,leptura-ochraceofasciata,472721,n/a_fresh_row,a6a77230-b9eb-4645-84a2-c5384077528c,679771180,local_copy_verified:data/calibration_v1,cc-by-nc,"(c) 𝐊𝐀𝐓., some rights reserved (CC BY-NC)",ebe1eea79e4c5224339803d82a0a052800205efe552af2a4bb70940e8521e6bb,191770,500,333,calibration_v1_reuse,calibration_v1,83a80351f8ac65e89ea6124ac7de6d2cb6a3c68efc1f33eb3ecc2eca8c5f63c0,692,679771180,a6a77230-b9eb-4645-84a2-c5384077528c,ebe1eea79e4c5224339803d82a0a052800205efe552af2a4bb70940e8521e6bb,472721,Leptura ochraceofasciata,not_recorded_in_source,calibration_v1_reuse,local_copy_verified:data/calibration_v1,https://inaturalist-open-data.s3.amazonaws.com/photos/679771180/square.jpg
non_ant_insect,Trypanophora semihyalina,trypanophora-semihyalina,202778,n/a_fresh_row,c6cbaa5d-f0a5-4138-973d-3602283f7a97,679774571,local_copy_verified:data/calibration_v1,cc-by-nc,"(c) 林继伟, some rights reserved (CC BY-NC)",0301bcd20d5382778f92417fe9dc826c5117aeede0c5ffd43302a22a05ffd8ae,89069,500,335,calibration_v1_reuse,calibration_v1,83a80351f8ac65e89ea6124ac7de6d2cb6a3c68efc1f33eb3ecc2eca8c5f63c0,693,679774571,c6cbaa5d-f0a5-4138-973d-3602283f7a97,0301bcd20d5382778f92417fe9dc826c5117aeede0c5ffd43302a22a05ffd8ae,202778,Trypanophora semihyalina,not_recorded_in_source,calibration_v1_reuse,local_copy_verified:data/calibration_v1,https://inaturalist-open-data.s3.amazonaws.com/photos/679774571/square.jpg
non_ant_insect,Chlorophorus muscosus,chlorophorus-muscosus,502795,n/a_fresh_row,bc95c1e3-eb84-497b-b74a-2f2ed3af7056,679774600,local_copy_verified:data/calibration_v1,cc-by-nc,"(c) 𝐊𝐀𝐓., some rights reserved (CC BY-NC)",d2329274d325aca45f651420aac2401cf7865d60ec078c204b605aa257d47e18,34669,500,333,calibration_v1_reuse,calibration_v1,83a80351f8ac65e89ea6124ac7de6d2cb6a3c68efc1f33eb3ecc2eca8c5f63c0,694,679774600,bc95c1e3-eb84-497b-b74a-2f2ed3af7056,d2329274d325aca45f651420aac2401cf7865d60ec078c204b605aa257d47e18,502795,Chlorophorus muscosus,not_recorded_in_source,calibration_v1_reuse,local_copy_verified:data/calibration_v1,https://inaturalist-open-data.s3.amazonaws.com/photos/679774600/square.jpg
non_ant_insect,Xystrocera globosa,xystrocera-globosa,341622,n/a_fresh_row,17bdbf47-f001-4806-82f1-e4b5aa9f3065,679776447,local_copy_verified:data/calibration_v1,cc-by,"(c) げっとり, some rights reserved (CC BY)",08183ecf55f4409d85aca2a1c4c8190e701da8143452cfac3dd411f7ac80dbd3,135261,438,500,calibration_v1_reuse,calibration_v1,83a80351f8ac65e89ea6124ac7de6d2cb6a3c68efc1f33eb3ecc2eca8c5f63c0,695,679776447,17bdbf47-f001-4806-82f1-e4b5aa9f3065,08183ecf55f4409d85aca2a1c4c8190e701da8143452cfac3dd411f7ac80dbd3,341622,Xystrocera globosa,not_recorded_in_source,calibration_v1_reuse,local_copy_verified:data/calibration_v1,https://inaturalist-open-data.s3.amazonaws.com/photos/679776447/square.jpg
non_ant_insect,Cyclosia papilionaris,cyclosia-papilionaris,326018,n/a_fresh_row,de5b9337-f016-4f77-87a4-732acba54bee,679777329,local_copy_verified:data/calibration_v1,cc-by-nc,"(c) elaterist, some rights reserved (CC BY-NC)",29eeaa970f5032eafea5123f5b91427615857e9ed2e091c5600f079f4da12e87,102641,231,500,calibration_v1_reuse,calibration_v1,83a80351f8ac65e89ea6124ac7de6d2cb6a3c68efc1f33eb3ecc2eca8c5f63c0,696,679777329,de5b9337-f016-4f77-87a4-732acba54bee,29eeaa970f5032eafea5123f5b91427615857e9ed2e091c5600f079f4da12e87,326018,Cyclosia papilionaris,not_recorded_in_source,calibration_v1_reuse,local_copy_verified:data/calibration_v1,https://inaturalist-open-data.s3.amazonaws.com/photos/679777329/square.jpg
non_ant_insect,Chlorophorus quinquefasciatus,chlorophorus-quinquefasciatus,355999,n/a_fresh_row,061820ec-3887-4c07-b8a4-1cd3b9f23694,679777404,local_copy_verified:data/calibration_v1,cc-by-nc,"(c) 𝐊𝐀𝐓., some rights reserved (CC BY-NC)",d980648815aae1f6d2aa06dc4ae5f1a70d02fad74daf515c87f7c4547c04059c,35502,500,333,calibration_v1_reuse,calibration_v1,83a80351f8ac65e89ea6124ac7de6d2cb6a3c68efc1f33eb3ecc2eca8c5f63c0,697,679777404,061820ec-3887-4c07-b8a4-1cd3b9f23694,d980648815aae1f6d2aa06dc4ae5f1a70d02fad74daf515c87f7c4547c04059c,355999,Chlorophorus quinquefasciatus,not_recorded_in_source,calibration_v1_reuse,local_copy_verified:data/calibration_v1,https://inaturalist-open-data.s3.amazonaws.com/photos/679777404/square.jpg
non_ant_insect,Adoretus tenuimaculatus,adoretus-tenuimaculatus,472098,n/a_fresh_row,4fe3b04b-a68e-4c29-b00c-4dc3e5054e12,679732038,local_copy_verified:data/calibration_v1,cc-by-nc,"(c) Ryo.T, some rights reserved (CC BY-NC)",08d165161566dc20b2556736cc16b6b1fcd27970d5b1e74499e9a4869a276693,173756,500,375,calibration_v1_reuse,calibration_v1,83a80351f8ac65e89ea6124ac7de6d2cb6a3c68efc1f33eb3ecc2eca8c5f63c0,698,679732038,4fe3b04b-a68e-4c29-b00c-4dc3e5054e12,08d165161566dc20b2556736cc16b6b1fcd27970d5b1e74499e9a4869a276693,472098,Adoretus tenuimaculatus,not_recorded_in_source,calibration_v1_reuse,local_copy_verified:data/calibration_v1,https://inaturalist-open-data.s3.amazonaws.com/photos/679732038/square.jpg
non_ant_insect,Oides bowringii,oides-bowringii,348655,n/a_fresh_row,13fd46e5-2c6c-4c90-b94c-efc5e170b388,679781507,local_copy_verified:data/calibration_v1,cc-by-nc,"(c) 𝐊𝐀𝐓., some rights reserved (CC BY-NC)",4093cfa7ea7c165dde84d3733f76aefaede3bacf4da3b52c51d5c138d299941e,153320,500,333,calibration_v1_reuse,calibration_v1,83a80351f8ac65e89ea6124ac7de6d2cb6a3c68efc1f33eb3ecc2eca8c5f63c0,699,679781507,13fd46e5-2c6c-4c90-b94c-efc5e170b388,4093cfa7ea7c165dde84d3733f76aefaede3bacf4da3b52c51d5c138d299941e,348655,Oides bowringii,not_recorded_in_source,calibration_v1_reuse,local_copy_verified:data/calibration_v1,https://inaturalist-open-data.s3.amazonaws.com/photos/679781507/square.jpg
non_ant_insect,Formosemia apicalis,formosemia-apicalis,740609,n/a_fresh_row,791fd7b1-80f1-49f4-b049-e9bfb1efe747,679677669,local_copy_verified:data/calibration_v1,cc-by-nc,"(c) Felix Wu, some rights reserved (CC BY-NC)",9f45ae9e47e446a8ea495a5a13699b31b0a5ac18439c1bcb1d0d3ec7817ce25e,68009,500,333,calibration_v1_reuse,calibration_v1,83a80351f8ac65e89ea6124ac7de6d2cb6a3c68efc1f33eb3ecc2eca8c5f63c0,700,679677669,791fd7b1-80f1-49f4-b049-e9bfb1efe747,9f45ae9e47e446a8ea495a5a13699b31b0a5ac18439c1bcb1d0d3ec7817ce25e,740609,Formosemia apicalis,not_recorded_in_source,calibration_v1_reuse,local_copy_verified:data/calibration_v1,https://inaturalist-open-data.s3.amazonaws.com/photos/679677669/square.jpg
non_ant_insect,Conocephalus melaenus,conocephalus-melaenus,372673,n/a_fresh_row,92c393d6-dcb4-4b5a-8231-d1763acb08cd,679679866,local_copy_verified:data/calibration_v1,cc-by-nc,"(c) Felix Wu, some rights reserved (CC BY-NC)",6bf3961cfe36fdde19779c300f85bba31d49713be9fef0306d778af64c95442f,45914,500,333,calibration_v1_reuse,calibration_v1,83a80351f8ac65e89ea6124ac7de6d2cb6a3c68efc1f33eb3ecc2eca8c5f63c0,701,679679866,92c393d6-dcb4-4b5a-8231-d1763acb08cd,6bf3961cfe36fdde19779c300f85bba31d49713be9fef0306d778af64c95442f,372673,Conocephalus melaenus,not_recorded_in_source,calibration_v1_reuse,local_copy_verified:data/calibration_v1,https://inaturalist-open-data.s3.amazonaws.com/photos/679679866/square.jpg
non_ant_insect,Formosemia apicalis,formosemia-apicalis,740609,n/a_fresh_row,65e98097-bec3-4162-84c1-1b689a928a8e,679684937,local_copy_verified:data/calibration_v1,cc-by-nc,"(c) Felix Wu, some rights reserved (CC BY-NC)",c0ab4603f268b237fd70451534fd7dc4eb226f879e100603d709196296df18be,43831,500,328,calibration_v1_reuse,calibration_v1,83a80351f8ac65e89ea6124ac7de6d2cb6a3c68efc1f33eb3ecc2eca8c5f63c0,702,679684937,65e98097-bec3-4162-84c1-1b689a928a8e,c0ab4603f268b237fd70451534fd7dc4eb226f879e100603d709196296df18be,740609,Formosemia apicalis,not_recorded_in_source,calibration_v1_reuse,local_copy_verified:data/calibration_v1,https://inaturalist-open-data.s3.amazonaws.com/photos/679684937/square.jpg
non_ant_insect,Psilogramma increta,psilogramma-increta,84253,n/a_fresh_row,63588fdf-7aee-4b95-9a14-abbc82f2c419,679690526,local_copy_verified:data/calibration_v1,cc-by-nc,"(c) Felix Wu, some rights reserved (CC BY-NC)",14cacea97baa02f280c33ffb88db095a122c4f83e38c7cf6dea15489f3749e88,50670,500,333,calibration_v1_reuse,calibration_v1,83a80351f8ac65e89ea6124ac7de6d2cb6a3c68efc1f33eb3ecc2eca8c5f63c0,703,679690526,63588fdf-7aee-4b95-9a14-abbc82f2c419,14cacea97baa02f280c33ffb88db095a122c4f83e38c7cf6dea15489f3749e88,84253,Psilogramma increta,not_recorded_in_source,calibration_v1_reuse,local_copy_verified:data/calibration_v1,https://inaturalist-open-data.s3.amazonaws.com/photos/679690526/square.jpg
non_ant_insect,Polistes takasagonus,polistes-takasagonus,717846,n/a_fresh_row,bd3cdaf1-f13c-48f0-b066-7bd21128fd83,679712091,local_copy_verified:data/calibration_v1,cc-by-nc,"(c) Felix Wu, some rights reserved (CC BY-NC)",34f0b8c183a3bc1e6fce1839929fa6e31927a256223591c5a821b61c9d98fb01,32376,500,333,calibration_v1_reuse,calibration_v1,83a80351f8ac65e89ea6124ac7de6d2cb6a3c68efc1f33eb3ecc2eca8c5f63c0,704,679712091,bd3cdaf1-f13c-48f0-b066-7bd21128fd83,34f0b8c183a3bc1e6fce1839929fa6e31927a256223591c5a821b61c9d98fb01,717846,Polistes takasagonus,not_recorded_in_source,calibration_v1_reuse,local_copy_verified:data/calibration_v1,https://inaturalist-open-data.s3.amazonaws.com/photos/679712091/square.jpg
non_ant_insect,Mogannia formosana,mogannia-formosana,358847,n/a_fresh_row,7fca8853-1387-4ae5-adae-56b7c620d7aa,679747811,local_copy_verified:data/calibration_v1,cc-by-nc,"(c) Felix Wu, some rights reserved (CC BY-NC)",08e56325bfb2a6d36dfb7720cefbbf103565903260203e7bd2d26e6b93d74c23,46906,500,333,calibration_v1_reuse,calibration_v1,83a80351f8ac65e89ea6124ac7de6d2cb6a3c68efc1f33eb3ecc2eca8c5f63c0,705,679747811,7fca8853-1387-4ae5-adae-56b7c620d7aa,08e56325bfb2a6d36dfb7720cefbbf103565903260203e7bd2d26e6b93d74c23,358847,Mogannia formosana,not_recorded_in_source,calibration_v1_reuse,local_copy_verified:data/calibration_v1,https://inaturalist-open-data.s3.amazonaws.com/photos/679747811/square.jpg
non_ant_insect,Mogannia formosana,mogannia-formosana,358847,n/a_fresh_row,63e5a380-580a-485c-86cb-51585a20b603,679756026,local_copy_verified:data/calibration_v1,cc-by-nc,"(c) Felix Wu, some rights reserved (CC BY-NC)",250878b3f440590249063f5ae09346a06222f069c8c74314267c8ac887d33d8b,51498,500,333,calibration_v1_reuse,calibration_v1,83a80351f8ac65e89ea6124ac7de6d2cb6a3c68efc1f33eb3ecc2eca8c5f63c0,706,679756026,63e5a380-580a-485c-86cb-51585a20b603,250878b3f440590249063f5ae09346a06222f069c8c74314267c8ac887d33d8b,358847,Mogannia formosana,not_recorded_in_source,calibration_v1_reuse,local_copy_verified:data/calibration_v1,https://inaturalist-open-data.s3.amazonaws.com/photos/679756026/square.jpg
unrelated,Anthus novaeseelandiae,anthus-novaeseelandiae,204462,n/a_fresh_row,55a2e770-03ce-44cd-98de-e384a789ce4a,679608184,local_copy_verified:data/calibration_v1,cc-by-nc,"(c) glinks, some rights reserved (CC BY-NC)",f087a93832c7f4146778e24d454a731f7cbd81140e93e0f32e31ff77e6d3f547,133409,500,375,calibration_v1_reuse,calibration_v1,83a80351f8ac65e89ea6124ac7de6d2cb6a3c68efc1f33eb3ecc2eca8c5f63c0,707,679608184,55a2e770-03ce-44cd-98de-e384a789ce4a,f087a93832c7f4146778e24d454a731f7cbd81140e93e0f32e31ff77e6d3f547,204462,Anthus novaeseelandiae,not_recorded_in_source,calibration_v1_reuse,local_copy_verified:data/calibration_v1,https://inaturalist-open-data.s3.amazonaws.com/photos/679608184/square.jpg
unrelated,Dendrocopos major,dendrocopos-major,17871,n/a_fresh_row,2b506d6e-080c-499d-9789-4e153238451e,679619871,local_copy_verified:data/calibration_v1,cc-by-nc,"(c) Raspfile, some rights reserved (CC BY-NC)",0b8251402878d54fe5e28f8df0e30e4c26074a4629987b072dbe4602d50e3827,71612,500,432,calibration_v1_reuse,calibration_v1,83a80351f8ac65e89ea6124ac7de6d2cb6a3c68efc1f33eb3ecc2eca8c5f63c0,708,679619871,2b506d6e-080c-499d-9789-4e153238451e,0b8251402878d54fe5e28f8df0e30e4c26074a4629987b072dbe4602d50e3827,17871,Dendrocopos major,not_recorded_in_source,calibration_v1_reuse,local_copy_verified:data/calibration_v1,https://inaturalist-open-data.s3.amazonaws.com/photos/679619871/square.jpg
unrelated,Saxicola stejnegeri,saxicola-stejnegeri,1286913,n/a_fresh_row,33cb1ac9-369c-42db-a9f3-5ac7079768f5,679620476,local_copy_verified:data/calibration_v1,cc-by-nc,"(c) Raspfile, some rights reserved (CC BY-NC)",a8be62be53fe0f4604016f5834d44fdce1f9b84aee952bf56bc72c9a1f649daf,42958,441,500,calibration_v1_reuse,calibration_v1,83a80351f8ac65e89ea6124ac7de6d2cb6a3c68efc1f33eb3ecc2eca8c5f63c0,709,679620476,33cb1ac9-369c-42db-a9f3-5ac7079768f5,a8be62be53fe0f4604016f5834d44fdce1f9b84aee952bf56bc72c9a1f649daf,1286913,Saxicola stejnegeri,not_recorded_in_source,calibration_v1_reuse,local_copy_verified:data/calibration_v1,https://inaturalist-open-data.s3.amazonaws.com/photos/679620476/square.jpg
unrelated,Acrocephalus bistrigiceps,acrocephalus-bistrigiceps,116795,n/a_fresh_row,710ffe59-1c40-4919-8b81-e7fb30178f76,679620872,local_copy_verified:data/calibration_v1,cc-by-nc,"(c) Raspfile, some rights reserved (CC BY-NC)",9dc2f83d0cfad497fba737836c2b3ab42203c4b0ff1b495f0ed78476a3978b6e,42059,500,395,calibration_v1_reuse,calibration_v1,83a80351f8ac65e89ea6124ac7de6d2cb6a3c68efc1f33eb3ecc2eca8c5f63c0,710,679620872,710ffe59-1c40-4919-8b81-e7fb30178f76,9dc2f83d0cfad497fba737836c2b3ab42203c4b0ff1b495f0ed78476a3978b6e,116795,Acrocephalus bistrigiceps,not_recorded_in_source,calibration_v1_reuse,local_copy_verified:data/calibration_v1,https://inaturalist-open-data.s3.amazonaws.com/photos/679620872/square.jpg
unrelated,Cerorhinca monocerata,cerorhinca-monocerata,4553,n/a_fresh_row,27665e8c-9cd9-46fb-a813-a97a0e8ebede,679629889,local_copy_verified:data/calibration_v1,cc-by,"(c) Griha Hasanov, some rights reserved (CC BY)",d6f2e47a471a4f78339390583968568bf1a41ad8fed8adea88442500c569b940,218351,500,362,calibration_v1_reuse,calibration_v1,83a80351f8ac65e89ea6124ac7de6d2cb6a3c68efc1f33eb3ecc2eca8c5f63c0,711,679629889,27665e8c-9cd9-46fb-a813-a97a0e8ebede,d6f2e47a471a4f78339390583968568bf1a41ad8fed8adea88442500c569b940,4553,Cerorhinca monocerata,not_recorded_in_source,calibration_v1_reuse,local_copy_verified:data/calibration_v1,https://inaturalist-open-data.s3.amazonaws.com/photos/679629889/square.jpg
unrelated,Larus schistisagus,larus-schistisagus,4366,n/a_fresh_row,929cacf8-803f-4eb0-a921-0e91758450c7,679639132,local_copy_verified:data/calibration_v1,cc-by,"(c) Griha Hasanov, some rights reserved (CC BY)",c1a68d2249e190d0866a0026da6054acdd60b7173c0f7138fc9df2fa72352482,121945,500,350,calibration_v1_reuse,calibration_v1,83a80351f8ac65e89ea6124ac7de6d2cb6a3c68efc1f33eb3ecc2eca8c5f63c0,712,679639132,929cacf8-803f-4eb0-a921-0e91758450c7,c1a68d2249e190d0866a0026da6054acdd60b7173c0f7138fc9df2fa72352482,4366,Larus schistisagus,not_recorded_in_source,calibration_v1_reuse,local_copy_verified:data/calibration_v1,https://inaturalist-open-data.s3.amazonaws.com/photos/679639132/square.jpg
unrelated,Fratercula cirrhata,fratercula-cirrhata,4509,n/a_fresh_row,d04c145a-27d8-441d-b086-2c9260359651,679639852,local_copy_verified:data/calibration_v1,cc-by,"(c) Griha Hasanov, some rights reserved (CC BY)",b1cf65614edb44a158adcb1bc657e5294f0642e2511384926cf8887ec29d5fc6,90641,500,361,calibration_v1_reuse,calibration_v1,83a80351f8ac65e89ea6124ac7de6d2cb6a3c68efc1f33eb3ecc2eca8c5f63c0,713,679639852,d04c145a-27d8-441d-b086-2c9260359651,b1cf65614edb44a158adcb1bc657e5294f0642e2511384926cf8887ec29d5fc6,4509,Fratercula cirrhata,not_recorded_in_source,calibration_v1_reuse,local_copy_verified:data/calibration_v1,https://inaturalist-open-data.s3.amazonaws.com/photos/679639852/square.jpg
unrelated,Tachybaptus novaehollandiae,tachybaptus-novaehollandiae,4243,n/a_fresh_row,f2b6ed20-5012-438d-802a-7fa73f68af7f,679639953,local_copy_verified:data/calibration_v1,cc-by-nc,"(c) deborod, some rights reserved (CC BY-NC)",f3c195803909ff5feefde6940b0c3fdb00ccd789bc8340ad83e4632c4181eb30,33339,500,333,calibration_v1_reuse,calibration_v1,83a80351f8ac65e89ea6124ac7de6d2cb6a3c68efc1f33eb3ecc2eca8c5f63c0,714,679639953,f2b6ed20-5012-438d-802a-7fa73f68af7f,f3c195803909ff5feefde6940b0c3fdb00ccd789bc8340ad83e4632c4181eb30,4243,Tachybaptus novaehollandiae,not_recorded_in_source,calibration_v1_reuse,local_copy_verified:data/calibration_v1,https://inaturalist-open-data.s3.amazonaws.com/photos/679639953/square.jpg
unrelated,Thinornis melanops,thinornis-melanops,1580333,n/a_fresh_row,f7fc2ea8-ea54-44b8-bc1e-737620bc4dd3,679639949,local_copy_verified:data/calibration_v1,cc-by-nc,"(c) deborod, some rights reserved (CC BY-NC)",b885f026b741934f07de39aaddd997238c3ec947cf236cb394e1bf4aa1ff0cf0,38134,500,333,calibration_v1_reuse,calibration_v1,83a80351f8ac65e89ea6124ac7de6d2cb6a3c68efc1f33eb3ecc2eca8c5f63c0,715,679639949,f7fc2ea8-ea54-44b8-bc1e-737620bc4dd3,b885f026b741934f07de39aaddd997238c3ec947cf236cb394e1bf4aa1ff0cf0,1580333,Thinornis melanops,not_recorded_in_source,calibration_v1_reuse,local_copy_verified:data/calibration_v1,https://inaturalist-open-data.s3.amazonaws.com/photos/679639949/square.jpg
unrelated,Anas gracilis,anas-gracilis,6969,n/a_fresh_row,b3de3e8a-e4cd-4778-bda6-c49ef5352b6d,679639996,local_copy_verified:data/calibration_v1,cc-by-nc,"(c) deborod, some rights reserved (CC BY-NC)",0c364387ad188fa17433809fe7adbd3bafa0da536de0f1c037de10c56b912531,52539,500,333,calibration_v1_reuse,calibration_v1,83a80351f8ac65e89ea6124ac7de6d2cb6a3c68efc1f33eb3ecc2eca8c5f63c0,716,679639996,b3de3e8a-e4cd-4778-bda6-c49ef5352b6d,0c364387ad188fa17433809fe7adbd3bafa0da536de0f1c037de10c56b912531,6969,Anas gracilis,not_recorded_in_source,calibration_v1_reuse,local_copy_verified:data/calibration_v1,https://inaturalist-open-data.s3.amazonaws.com/photos/679639996/square.jpg
unrelated,Grallina cyanoleuca,grallina-cyanoleuca,8583,n/a_fresh_row,20069a3e-83e3-44e0-8740-7f1fdda3c21f,679640025,local_copy_verified:data/calibration_v1,cc-by-nc,"(c) deborod, some rights reserved (CC BY-NC)",2cd27525fe4689182999760ab5ea168926bf61409c5733e307eb686f888189fb,78023,500,333,calibration_v1_reuse,calibration_v1,83a80351f8ac65e89ea6124ac7de6d2cb6a3c68efc1f33eb3ecc2eca8c5f63c0,717,679640025,20069a3e-83e3-44e0-8740-7f1fdda3c21f,2cd27525fe4689182999760ab5ea168926bf61409c5733e307eb686f888189fb,8583,Grallina cyanoleuca,not_recorded_in_source,calibration_v1_reuse,local_copy_verified:data/calibration_v1,https://inaturalist-open-data.s3.amazonaws.com/photos/679640025/square.jpg
unrelated,Cepphus carbo,cepphus-carbo,4414,n/a_fresh_row,40ebd864-1336-48f3-9c13-badf1e590a13,679643874,local_copy_verified:data/calibration_v1,cc-by,"(c) Griha Hasanov, some rights reserved (CC BY)",01f38c37fa85748430246996c62977242b4fcff27c9bd423e249a880ad02d299,202184,500,360,calibration_v1_reuse,calibration_v1,83a80351f8ac65e89ea6124ac7de6d2cb6a3c68efc1f33eb3ecc2eca8c5f63c0,719,679643874,40ebd864-1336-48f3-9c13-badf1e590a13,01f38c37fa85748430246996c62977242b4fcff27c9bd423e249a880ad02d299,4414,Cepphus carbo,not_recorded_in_source,calibration_v1_reuse,local_copy_verified:data/calibration_v1,https://inaturalist-open-data.s3.amazonaws.com/photos/679643874/square.jpg
unrelated,Chenonetta jubata,chenonetta-jubata,7176,n/a_fresh_row,ad1fca7d-f69b-4d39-a77e-65a8a8a8a785,679641415,local_copy_verified:data/calibration_v1,cc-by-nc,"(c) deborod, some rights reserved (CC BY-NC)",0c207327bfe5104e40bfd8c28b8d380499cd26bce25c29e2006d20dc4991167f,56307,500,333,calibration_v1_reuse,calibration_v1,83a80351f8ac65e89ea6124ac7de6d2cb6a3c68efc1f33eb3ecc2eca8c5f63c0,720,679641415,ad1fca7d-f69b-4d39-a77e-65a8a8a8a785,0c207327bfe5104e40bfd8c28b8d380499cd26bce25c29e2006d20dc4991167f,7176,Chenonetta jubata,not_recorded_in_source,calibration_v1_reuse,local_copy_verified:data/calibration_v1,https://inaturalist-open-data.s3.amazonaws.com/photos/679641415/square.jpg
unrelated,Anas superciliosa,anas-superciliosa,6987,n/a_fresh_row,8da87470-5411-433a-abf5-e195df08e3ff,679641625,local_copy_verified:data/calibration_v1,cc-by-nc,"(c) deborod, some rights reserved (CC BY-NC)",a70fde249d2b9aa2568439eb4081abdb97dfd81ba3173a0ce805443e0e8da458,45455,500,333,calibration_v1_reuse,calibration_v1,83a80351f8ac65e89ea6124ac7de6d2cb6a3c68efc1f33eb3ecc2eca8c5f63c0,721,679641625,8da87470-5411-433a-abf5-e195df08e3ff,a70fde249d2b9aa2568439eb4081abdb97dfd81ba3173a0ce805443e0e8da458,6987,Anas superciliosa,not_recorded_in_source,calibration_v1_reuse,local_copy_verified:data/calibration_v1,https://inaturalist-open-data.s3.amazonaws.com/photos/679641625/square.jpg
unrelated,Egretta novaehollandiae,egretta-novaehollandiae,4936,n/a_fresh_row,34783410-f0ea-40d9-b2cd-fd111b1d7ebf,679641650,local_copy_verified:data/calibration_v1,cc-by-nc,"(c) deborod, some rights reserved (CC BY-NC)",1e377858d7666d9f570d6108a658c858a2f6ea39c6caa50f2bae488eb842f8d6,55025,500,333,calibration_v1_reuse,calibration_v1,83a80351f8ac65e89ea6124ac7de6d2cb6a3c68efc1f33eb3ecc2eca8c5f63c0,722,679641650,34783410-f0ea-40d9-b2cd-fd111b1d7ebf,1e377858d7666d9f570d6108a658c858a2f6ea39c6caa50f2bae488eb842f8d6,4936,Egretta novaehollandiae,not_recorded_in_source,calibration_v1_reuse,local_copy_verified:data/calibration_v1,https://inaturalist-open-data.s3.amazonaws.com/photos/679641650/square.jpg
unrelated,Zanda funerea,zanda-funerea,1432688,n/a_fresh_row,fd1d6fc6-afb6-4f40-aea3-14cbade46647,679641748,local_copy_verified:data/calibration_v1,cc-by-nc,"(c) deborod, some rights reserved (CC BY-NC)",757f7a2840deea9aca6c6300685d821adaa6482a499db97ac3bddf4a9d3b4d01,5936,500,333,calibration_v1_reuse,calibration_v1,83a80351f8ac65e89ea6124ac7de6d2cb6a3c68efc1f33eb3ecc2eca8c5f63c0,723,679641748,fd1d6fc6-afb6-4f40-aea3-14cbade46647,757f7a2840deea9aca6c6300685d821adaa6482a499db97ac3bddf4a9d3b4d01,1432688,Zanda funerea,not_recorded_in_source,calibration_v1_reuse,local_copy_verified:data/calibration_v1,https://inaturalist-open-data.s3.amazonaws.com/photos/679641748/square.jpg
unrelated,Gymnorhina tibicen,gymnorhina-tibicen,8575,n/a_fresh_row,f3be71b4-5faf-4898-ba7b-f8d141425855,679646023,local_copy_verified:data/calibration_v1,cc-by-nc,"(c) deborod, some rights reserved (CC BY-NC)",b235dc229c5284b143eb3b2d6b3e5b35cbb300c30fb5d35289836718256ee493,41737,500,333,calibration_v1_reuse,calibration_v1,83a80351f8ac65e89ea6124ac7de6d2cb6a3c68efc1f33eb3ecc2eca8c5f63c0,724,679646023,f3be71b4-5faf-4898-ba7b-f8d141425855,b235dc229c5284b143eb3b2d6b3e5b35cbb300c30fb5d35289836718256ee493,8575,Gymnorhina tibicen,not_recorded_in_source,calibration_v1_reuse,local_copy_verified:data/calibration_v1,https://inaturalist-open-data.s3.amazonaws.com/photos/679646023/square.jpg
unrelated,Manorina melanocephala,manorina-melanocephala,12231,n/a_fresh_row,dda4e5c1-9f36-4b17-8610-4cc4eba9e0ed,679646039,local_copy_verified:data/calibration_v1,cc-by-nc,"(c) deborod, some rights reserved (CC BY-NC)",ac2d4bd3ae3081947748018ad5ddb8ca1d3e46fc0357b968f4b17df13d82afc3,71102,500,333,calibration_v1_reuse,calibration_v1,83a80351f8ac65e89ea6124ac7de6d2cb6a3c68efc1f33eb3ecc2eca8c5f63c0,725,679646039,dda4e5c1-9f36-4b17-8610-4cc4eba9e0ed,ac2d4bd3ae3081947748018ad5ddb8ca1d3e46fc0357b968f4b17df13d82afc3,12231,Manorina melanocephala,not_recorded_in_source,calibration_v1_reuse,local_copy_verified:data/calibration_v1,https://inaturalist-open-data.s3.amazonaws.com/photos/679646039/square.jpg
unrelated,Trichoglossus moluccanus,trichoglossus-moluccanus,980095,n/a_fresh_row,87707210-f902-45dc-9491-00783209ba12,679646094,local_copy_verified:data/calibration_v1,cc-by-nc,"(c) deborod, some rights reserved (CC BY-NC)",569313b171a9d751c98cf9d7d120bac126a98b648fca41f7799048cdfc3b516e,45957,500,333,calibration_v1_reuse,calibration_v1,83a80351f8ac65e89ea6124ac7de6d2cb6a3c68efc1f33eb3ecc2eca8c5f63c0,726,679646094,87707210-f902-45dc-9491-00783209ba12,569313b171a9d751c98cf9d7d120bac126a98b648fca41f7799048cdfc3b516e,980095,Trichoglossus moluccanus,not_recorded_in_source,calibration_v1_reuse,local_copy_verified:data/calibration_v1,https://inaturalist-open-data.s3.amazonaws.com/photos/679646094/square.jpg
unrelated,Psephotus haematonotus,psephotus-haematonotus,19009,n/a_fresh_row,62ddaa30-402d-41aa-b1b9-1bc8617a95de,679646130,local_copy_verified:data/calibration_v1,cc-by-nc,"(c) deborod, some rights reserved (CC BY-NC)",97bd9f7cc815155dd7cd90681133f5efb91291be61b7e40424e2da5b7dc48ea8,22993,500,333,calibration_v1_reuse,calibration_v1,83a80351f8ac65e89ea6124ac7de6d2cb6a3c68efc1f33eb3ecc2eca8c5f63c0,727,679646130,62ddaa30-402d-41aa-b1b9-1bc8617a95de,97bd9f7cc815155dd7cd90681133f5efb91291be61b7e40424e2da5b7dc48ea8,19009,Psephotus haematonotus,not_recorded_in_source,calibration_v1_reuse,local_copy_verified:data/calibration_v1,https://inaturalist-open-data.s3.amazonaws.com/photos/679646130/square.jpg
unrelated,Ficedula narcissina,ficedula-narcissina,13128,n/a_fresh_row,fe693ae7-c7ac-455d-9966-e9b93ba09299,679647204,local_copy_verified:data/calibration_v1,cc-by,"(c) Griha Hasanov, some rights reserved (CC BY)",181844bab99f38d08394e999e66273cc4194e1786b640cc04daaa78f9fd730c4,124459,500,358,calibration_v1_reuse,calibration_v1,83a80351f8ac65e89ea6124ac7de6d2cb6a3c68efc1f33eb3ecc2eca8c5f63c0,728,679647204,fe693ae7-c7ac-455d-9966-e9b93ba09299,181844bab99f38d08394e999e66273cc4194e1786b640cc04daaa78f9fd730c4,13128,Ficedula narcissina,not_recorded_in_source,calibration_v1_reuse,local_copy_verified:data/calibration_v1,https://inaturalist-open-data.s3.amazonaws.com/photos/679647204/square.jpg
unrelated,Pardalotus punctatus,pardalotus-punctatus,13531,n/a_fresh_row,aa18c740-ed85-44b6-9f20-b84c411b114c,679647991,local_copy_verified:data/calibration_v1,cc-by-nc,"(c) R.Rodrigues, some rights reserved (CC BY-NC)",4f95b2e4da825ac24f3de3374133d14a083ef63f10c9618d5814b125c48590f1,169101,500,313,calibration_v1_reuse,calibration_v1,83a80351f8ac65e89ea6124ac7de6d2cb6a3c68efc1f33eb3ecc2eca8c5f63c0,729,679647991,aa18c740-ed85-44b6-9f20-b84c411b114c,4f95b2e4da825ac24f3de3374133d14a083ef63f10c9618d5814b125c48590f1,13531,Pardalotus punctatus,not_recorded_in_source,calibration_v1_reuse,local_copy_verified:data/calibration_v1,https://inaturalist-open-data.s3.amazonaws.com/photos/679647991/square.jpg
unrelated,Helopsaltes amnicola,helopsaltes-amnicola,1289503,n/a_fresh_row,a8a09119-645e-48d1-ae16-be577e167eaa,679648822,local_copy_verified:data/calibration_v1,cc-by,"(c) Griha Hasanov, some rights reserved (CC BY)",cdb5614cb70dbfb53d0feb469a58f80717b8c6482a365211d8cf4738b528b65e,151026,500,357,calibration_v1_reuse,calibration_v1,83a80351f8ac65e89ea6124ac7de6d2cb6a3c68efc1f33eb3ecc2eca8c5f63c0,730,679648822,a8a09119-645e-48d1-ae16-be577e167eaa,cdb5614cb70dbfb53d0feb469a58f80717b8c6482a365211d8cf4738b528b65e,1289503,Helopsaltes amnicola,not_recorded_in_source,calibration_v1_reuse,local_copy_verified:data/calibration_v1,https://inaturalist-open-data.s3.amazonaws.com/photos/679648822/square.jpg
unrelated,Emberiza fucata,emberiza-fucata,9198,n/a_fresh_row,81945894-afbc-41c3-8525-26d806870290,679649450,local_copy_verified:data/calibration_v1,cc-by-nc,"(c) Игорь Двуреков, some rights reserved (CC BY-NC)",3993fdd92935387ba1e491442bbb3caa93d461cf3ce605a4892afe21b6d40158,163511,500,333,calibration_v1_reuse,calibration_v1,83a80351f8ac65e89ea6124ac7de6d2cb6a3c68efc1f33eb3ecc2eca8c5f63c0,731,679649450,81945894-afbc-41c3-8525-26d806870290,3993fdd92935387ba1e491442bbb3caa93d461cf3ce605a4892afe21b6d40158,9198,Emberiza fucata,not_recorded_in_source,calibration_v1_reuse,local_copy_verified:data/calibration_v1,https://inaturalist-open-data.s3.amazonaws.com/photos/679649450/square.jpg
unrelated,Rallus indicus,rallus-indicus,144477,n/a_fresh_row,9d63bfa8-a210-43b6-911e-742855a40251,679650104,local_copy_verified:data/calibration_v1,cc-by,"(c) Griha Hasanov, some rights reserved (CC BY)",00527ff3181308a1f0031252547f9b00876a1139fc3dddafb4bd512720e84c93,115869,500,379,calibration_v1_reuse,calibration_v1,83a80351f8ac65e89ea6124ac7de6d2cb6a3c68efc1f33eb3ecc2eca8c5f63c0,732,679650104,9d63bfa8-a210-43b6-911e-742855a40251,00527ff3181308a1f0031252547f9b00876a1139fc3dddafb4bd512720e84c93,144477,Rallus indicus,not_recorded_in_source,calibration_v1_reuse,local_copy_verified:data/calibration_v1,https://inaturalist-open-data.s3.amazonaws.com/photos/679650104/square.jpg
unrelated,Acrocephalus bistrigiceps,acrocephalus-bistrigiceps,116795,n/a_fresh_row,cf6f38c1-f3d1-424a-b63c-77edabf67271,679649969,local_copy_verified:data/calibration_v1,cc-by,"(c) Griha Hasanov, some rights reserved (CC BY)",7a9f84c68b6baf07a4fba9eeb0ee2ea1a66c4e4165ae67de2eb5feda0c2a14de,119321,500,353,calibration_v1_reuse,calibration_v1,83a80351f8ac65e89ea6124ac7de6d2cb6a3c68efc1f33eb3ecc2eca8c5f63c0,733,679649969,cf6f38c1-f3d1-424a-b63c-77edabf67271,7a9f84c68b6baf07a4fba9eeb0ee2ea1a66c4e4165ae67de2eb5feda0c2a14de,116795,Acrocephalus bistrigiceps,not_recorded_in_source,calibration_v1_reuse,local_copy_verified:data/calibration_v1,https://inaturalist-open-data.s3.amazonaws.com/photos/679649969/square.jpg
unrelated,Cuculus optatus,cuculus-optatus,1927,n/a_fresh_row,af5e99c5-77b5-47c4-a5dd-2333676c5355,679651331,local_copy_verified:data/calibration_v1,cc-by,"(c) Griha Hasanov, some rights reserved (CC BY)",b7587998f505e137af66b557511a0632e33ef8879336403063189c3ae2e583c7,123672,500,354,calibration_v1_reuse,calibration_v1,83a80351f8ac65e89ea6124ac7de6d2cb6a3c68efc1f33eb3ecc2eca8c5f63c0,734,679651331,af5e99c5-77b5-47c4-a5dd-2333676c5355,b7587998f505e137af66b557511a0632e33ef8879336403063189c3ae2e583c7,1927,Cuculus optatus,not_recorded_in_source,calibration_v1_reuse,local_copy_verified:data/calibration_v1,https://inaturalist-open-data.s3.amazonaws.com/photos/679651331/square.jpg
unrelated,Aegithalos caudatus,aegithalos-caudatus,7278,n/a_fresh_row,f39fca44-fde7-4ce2-a0d3-4b73523cc15e,679652615,local_copy_verified:data/calibration_v1,cc-by,"(c) Griha Hasanov, some rights reserved (CC BY)",fa37876fe048f035d54c9914b0a64809e3bdbfc3db1be907faedbace65107340,140257,500,339,calibration_v1_reuse,calibration_v1,83a80351f8ac65e89ea6124ac7de6d2cb6a3c68efc1f33eb3ecc2eca8c5f63c0,735,679652615,f39fca44-fde7-4ce2-a0d3-4b73523cc15e,fa37876fe048f035d54c9914b0a64809e3bdbfc3db1be907faedbace65107340,7278,Aegithalos caudatus,not_recorded_in_source,calibration_v1_reuse,local_copy_verified:data/calibration_v1,https://inaturalist-open-data.s3.amazonaws.com/photos/679652615/square.jpg
unrelated,Pardalotus striatus,pardalotus-striatus,13532,n/a_fresh_row,3fad4a61-669d-4bb4-9cc0-97ef10838417,679653054,local_copy_verified:data/calibration_v1,cc-by-nc,"(c) R.Rodrigues, some rights reserved (CC BY-NC)",35ae7bb9c4053c76a3c9f28928b7a09cba25565a4830380a380118d05c58bf69,116091,500,375,calibration_v1_reuse,calibration_v1,83a80351f8ac65e89ea6124ac7de6d2cb6a3c68efc1f33eb3ecc2eca8c5f63c0,736,679653054,3fad4a61-669d-4bb4-9cc0-97ef10838417,35ae7bb9c4053c76a3c9f28928b7a09cba25565a4830380a380118d05c58bf69,13532,Pardalotus striatus,not_recorded_in_source,calibration_v1_reuse,local_copy_verified:data/calibration_v1,https://inaturalist-open-data.s3.amazonaws.com/photos/679653054/square.jpg
unrelated,Podiceps cristatus,podiceps-cristatus,4208,n/a_fresh_row,b41dd7c1-f76b-4897-a9a1-8af899a1a52c,679660596,local_copy_verified:data/calibration_v1,cc-by-nc,"(c) Игорь Двуреков, some rights reserved (CC BY-NC)",aee3d6bc8a47aaa6baae9392ca9a0f4cfc36afd7fe35faf06a6db61882a1a76c,111312,500,333,calibration_v1_reuse,calibration_v1,83a80351f8ac65e89ea6124ac7de6d2cb6a3c68efc1f33eb3ecc2eca8c5f63c0,740,679660596,b41dd7c1-f76b-4897-a9a1-8af899a1a52c,aee3d6bc8a47aaa6baae9392ca9a0f4cfc36afd7fe35faf06a6db61882a1a76c,4208,Podiceps cristatus,not_recorded_in_source,calibration_v1_reuse,local_copy_verified:data/calibration_v1,https://inaturalist-open-data.s3.amazonaws.com/photos/679660596/square.jpg
unrelated,Carduelis carduelis,carduelis-carduelis,9398,n/a_fresh_row,6d68cb74-8b21-4808-ae6c-8ed0142b9008,679660669,local_copy_verified:data/calibration_v1,cc-by-nc,"(c) R.Rodrigues, some rights reserved (CC BY-NC)",a86de2c8c859cfe83e3b35e152f5ffb7cf4392bbdf9c1e62e323b5c34e0f3600,95973,500,312,calibration_v1_reuse,calibration_v1,83a80351f8ac65e89ea6124ac7de6d2cb6a3c68efc1f33eb3ecc2eca8c5f63c0,741,679660669,6d68cb74-8b21-4808-ae6c-8ed0142b9008,a86de2c8c859cfe83e3b35e152f5ffb7cf4392bbdf9c1e62e323b5c34e0f3600,9398,Carduelis carduelis,not_recorded_in_source,calibration_v1_reuse,local_copy_verified:data/calibration_v1,https://inaturalist-open-data.s3.amazonaws.com/photos/679660669/square.jpg
unrelated,Fulica atra,fulica-atra,482,n/a_fresh_row,a06b33b0-bc34-4fe2-a3a3-bb22bc0293a6,679665784,local_copy_verified:data/calibration_v1,cc-by-nc,"(c) Игорь Двуреков, some rights reserved (CC BY-NC)",b208a9a4063e35577ef87976ecc6c6fb7a23b15f82c0b727738fb8b9e8669e38,198769,500,333,calibration_v1_reuse,calibration_v1,83a80351f8ac65e89ea6124ac7de6d2cb6a3c68efc1f33eb3ecc2eca8c5f63c0,751,679665784,a06b33b0-bc34-4fe2-a3a3-bb22bc0293a6,b208a9a4063e35577ef87976ecc6c6fb7a23b15f82c0b727738fb8b9e8669e38,482,Fulica atra,not_recorded_in_source,calibration_v1_reuse,local_copy_verified:data/calibration_v1,https://inaturalist-open-data.s3.amazonaws.com/photos/679665784/square.jpg
unrelated,Malurus cyaneus,malurus-cyaneus,12065,n/a_fresh_row,b738b46b-2a62-4158-a693-7d0589126a94,679668512,local_copy_verified:data/calibration_v1,cc-by-nc,"(c) jg001, some rights reserved (CC BY-NC)",db563a0b3aa1948d615f5fa4a9b6acd6450d33bc891d6242ae3c801f5b2cfd67,161982,375,500,calibration_v1_reuse,calibration_v1,83a80351f8ac65e89ea6124ac7de6d2cb6a3c68efc1f33eb3ecc2eca8c5f63c0,754,679668512,b738b46b-2a62-4158-a693-7d0589126a94,db563a0b3aa1948d615f5fa4a9b6acd6450d33bc891d6242ae3c801f5b2cfd67,12065,Malurus cyaneus,not_recorded_in_source,calibration_v1_reuse,local_copy_verified:data/calibration_v1,https://inaturalist-open-data.s3.amazonaws.com/photos/679668512/square.jpg
unrelated,Dacelo novaeguineae,dacelo-novaeguineae,2413,n/a_fresh_row,29df7168-e721-4d68-8571-8e2a826cf321,679668657,local_copy_verified:data/calibration_v1,cc-by-nc,"(c) jg001, some rights reserved (CC BY-NC)",8bb110ffd5c509c80c2cd3ee14137055ba9e370e932b175c47785511c811b517,207607,375,500,calibration_v1_reuse,calibration_v1,83a80351f8ac65e89ea6124ac7de6d2cb6a3c68efc1f33eb3ecc2eca8c5f63c0,755,679668657,29df7168-e721-4d68-8571-8e2a826cf321,8bb110ffd5c509c80c2cd3ee14137055ba9e370e932b175c47785511c811b517,2413,Dacelo novaeguineae,not_recorded_in_source,calibration_v1_reuse,local_copy_verified:data/calibration_v1,https://inaturalist-open-data.s3.amazonaws.com/photos/679668657/square.jpg
unrelated,Dacelo novaeguineae,dacelo-novaeguineae,2413,n/a_fresh_row,0f87d082-569e-4456-b880-27bcbdc3055d,679668735,local_copy_verified:data/calibration_v1,cc-by-nc,"(c) jg001, some rights reserved (CC BY-NC)",6e235f4c52292fc75d4a6f133693d90d70340095493ef695590631c590018540,204861,375,500,calibration_v1_reuse,calibration_v1,83a80351f8ac65e89ea6124ac7de6d2cb6a3c68efc1f33eb3ecc2eca8c5f63c0,756,679668735,0f87d082-569e-4456-b880-27bcbdc3055d,6e235f4c52292fc75d4a6f133693d90d70340095493ef695590631c590018540,2413,Dacelo novaeguineae,not_recorded_in_source,calibration_v1_reuse,local_copy_verified:data/calibration_v1,https://inaturalist-open-data.s3.amazonaws.com/photos/679668735/square.jpg
unrelated,Passiflora tripartita,passiflora-tripartita,133169,n/a_fresh_row,98ab1a20-5601-4cd9-9666-12ae9ca50bd8,679592093,local_copy_verified:data/calibration_v1,cc-by-nc,"(c) chanleigh, some rights reserved (CC BY-NC)",844c15d6d458429cbc23b7818786ce01f225d6d22f1125e4ae5c343eea370e9b,315263,375,500,calibration_v1_reuse,calibration_v1,83a80351f8ac65e89ea6124ac7de6d2cb6a3c68efc1f33eb3ecc2eca8c5f63c0,757,679592093,98ab1a20-5601-4cd9-9666-12ae9ca50bd8,844c15d6d458429cbc23b7818786ce01f225d6d22f1125e4ae5c343eea370e9b,133169,Passiflora tripartita,not_recorded_in_source,calibration_v1_reuse,local_copy_verified:data/calibration_v1,https://inaturalist-open-data.s3.amazonaws.com/photos/679592093/square.jpg
unrelated,Euonymus europaeus,euonymus-europaeus,55847,n/a_fresh_row,e4b86359-0f35-4446-be12-ef2907390a22,679624485,local_copy_verified:data/calibration_v1,cc-by-nc,"(c) chanleigh, some rights reserved (CC BY-NC)",527b5dcb5aa40885043966f72c6950fe8defa46799267b872c19593eb5424a71,314454,375,500,calibration_v1_reuse,calibration_v1,83a80351f8ac65e89ea6124ac7de6d2cb6a3c68efc1f33eb3ecc2eca8c5f63c0,758,679624485,e4b86359-0f35-4446-be12-ef2907390a22,527b5dcb5aa40885043966f72c6950fe8defa46799267b872c19593eb5424a71,55847,Euonymus europaeus,not_recorded_in_source,calibration_v1_reuse,local_copy_verified:data/calibration_v1,https://inaturalist-open-data.s3.amazonaws.com/photos/679624485/square.jpg
unrelated,Bacopa monnieri,bacopa-monnieri,75732,n/a_fresh_row,7c1cf0f2-ffd4-477b-ad6e-a06ab5bc0d10,679638607,local_copy_verified:data/calibration_v1,cc-by-nc-sa,"(c) Nick Lambert, some rights reserved (CC BY-NC-SA)",d117ca353e1c4c3ee1fbff8b280cc6a44cd00c45a6b0aef5c885105a083a548f,89519,500,339,calibration_v1_reuse,calibration_v1,83a80351f8ac65e89ea6124ac7de6d2cb6a3c68efc1f33eb3ecc2eca8c5f63c0,759,679638607,7c1cf0f2-ffd4-477b-ad6e-a06ab5bc0d10,d117ca353e1c4c3ee1fbff8b280cc6a44cd00c45a6b0aef5c885105a083a548f,75732,Bacopa monnieri,not_recorded_in_source,calibration_v1_reuse,local_copy_verified:data/calibration_v1,https://inaturalist-open-data.s3.amazonaws.com/photos/679638607/square.jpg
unrelated,Anthocercis angustifolia,anthocercis-angustifolia,153182,n/a_fresh_row,8c2454fc-85a6-4692-8e64-a1fcbb0e62d9,679655833,local_copy_verified:data/calibration_v1,cc-by-nc,"(c) jg001, some rights reserved (CC BY-NC)",10450c9252baf2377f5f6f3135151fc0b722d0be23984189afdbb5823e9d2a5f,153535,375,500,calibration_v1_reuse,calibration_v1,83a80351f8ac65e89ea6124ac7de6d2cb6a3c68efc1f33eb3ecc2eca8c5f63c0,760,679655833,8c2454fc-85a6-4692-8e64-a1fcbb0e62d9,10450c9252baf2377f5f6f3135151fc0b722d0be23984189afdbb5823e9d2a5f,153182,Anthocercis angustifolia,not_recorded_in_source,calibration_v1_reuse,local_copy_verified:data/calibration_v1,https://inaturalist-open-data.s3.amazonaws.com/photos/679655833/square.jpg
unrelated,Leptocarpus tenax,leptocarpus-tenax,323479,n/a_fresh_row,bc222586-b276-44a2-9d78-0c4c711a3f2b,679653570,local_copy_verified:data/calibration_v1,cc-by-nc-sa,"(c) Nick Lambert, some rights reserved (CC BY-NC-SA)",fbdd502e76a38bcda050fc304d4efdd30c400e1a29a9f8658df80555a78a525b,37408,500,500,calibration_v1_reuse,calibration_v1,83a80351f8ac65e89ea6124ac7de6d2cb6a3c68efc1f33eb3ecc2eca8c5f63c0,761,679653570,bc222586-b276-44a2-9d78-0c4c711a3f2b,fbdd502e76a38bcda050fc304d4efdd30c400e1a29a9f8658df80555a78a525b,323479,Leptocarpus tenax,not_recorded_in_source,calibration_v1_reuse,local_copy_verified:data/calibration_v1,https://inaturalist-open-data.s3.amazonaws.com/photos/679653570/square.jpg
unrelated,Ageratum houstonianum,ageratum-houstonianum,120944,n/a_fresh_row,66b3a2ce-5c9f-410b-9622-b66342ba1204,679653665,local_copy_verified:data/calibration_v1,cc-by-nc-sa,"(c) Nick Lambert, some rights reserved (CC BY-NC-SA)",3cfa18216d7a35a69e836a15f1a324777758dad2296e9be966cb63e89242ee99,34674,500,333,calibration_v1_reuse,calibration_v1,83a80351f8ac65e89ea6124ac7de6d2cb6a3c68efc1f33eb3ecc2eca8c5f63c0,762,679653665,66b3a2ce-5c9f-410b-9622-b66342ba1204,3cfa18216d7a35a69e836a15f1a324777758dad2296e9be966cb63e89242ee99,120944,Ageratum houstonianum,not_recorded_in_source,calibration_v1_reuse,local_copy_verified:data/calibration_v1,https://inaturalist-open-data.s3.amazonaws.com/photos/679653665/square.jpg
unrelated,Anthocercis angustifolia,anthocercis-angustifolia,153182,n/a_fresh_row,6bb2669f-7cf0-4e92-ba36-e9c7a54aaa43,679655933,local_copy_verified:data/calibration_v1,cc-by-nc,"(c) jg001, some rights reserved (CC BY-NC)",b6d8a6e7038dc1da2a1167e1c9d3a4ae8a66aa03b4c3d27ea5584d25f44aac79,147139,375,500,calibration_v1_reuse,calibration_v1,83a80351f8ac65e89ea6124ac7de6d2cb6a3c68efc1f33eb3ecc2eca8c5f63c0,763,679655933,6bb2669f-7cf0-4e92-ba36-e9c7a54aaa43,b6d8a6e7038dc1da2a1167e1c9d3a4ae8a66aa03b4c3d27ea5584d25f44aac79,153182,Anthocercis angustifolia,not_recorded_in_source,calibration_v1_reuse,local_copy_verified:data/calibration_v1,https://inaturalist-open-data.s3.amazonaws.com/photos/679655933/square.jpg
unrelated,Fumaria capreolata,fumaria-capreolata,57852,n/a_fresh_row,d99557f7-3974-467c-a1d4-2916faa64efd,679657612,local_copy_verified:data/calibration_v1,cc-by-nc,"(c) jg001, some rights reserved (CC BY-NC)",465959277576e02d66b4741ac0b7331c69a50234d1044b9e7a4f10d1d99e4915,136207,375,500,calibration_v1_reuse,calibration_v1,83a80351f8ac65e89ea6124ac7de6d2cb6a3c68efc1f33eb3ecc2eca8c5f63c0,764,679657612,d99557f7-3974-467c-a1d4-2916faa64efd,465959277576e02d66b4741ac0b7331c69a50234d1044b9e7a4f10d1d99e4915,57852,Fumaria capreolata,not_recorded_in_source,calibration_v1_reuse,local_copy_verified:data/calibration_v1,https://inaturalist-open-data.s3.amazonaws.com/photos/679657612/square.jpg
unrelated,Solanum nigrum,solanum-nigrum,79141,n/a_fresh_row,7b5c4fc5-fceb-434f-9003-21745e49720a,679658340,local_copy_verified:data/calibration_v1,cc-by-nc,"(c) jg001, some rights reserved (CC BY-NC)",519603cbddfe7e0914dcd3a792e8923a892b94b3ed88828375f9a3bf15e31d00,204200,500,459,calibration_v1_reuse,calibration_v1,83a80351f8ac65e89ea6124ac7de6d2cb6a3c68efc1f33eb3ecc2eca8c5f63c0,765,679658340,7b5c4fc5-fceb-434f-9003-21745e49720a,519603cbddfe7e0914dcd3a792e8923a892b94b3ed88828375f9a3bf15e31d00,79141,Solanum nigrum,not_recorded_in_source,calibration_v1_reuse,local_copy_verified:data/calibration_v1,https://inaturalist-open-data.s3.amazonaws.com/photos/679658340/square.jpg
unrelated,Olea europaea,olea-europaea,57140,n/a_fresh_row,1ce4d353-db79-459e-88cb-2437fd55f6d0,679660969,local_copy_verified:data/calibration_v1,cc-by-nc,"(c) jg001, some rights reserved (CC BY-NC)",01d1e1dc4450501e04de06b0a6c35961a623e91da5421eab46a3cf056f9e1f35,181777,369,500,calibration_v1_reuse,calibration_v1,83a80351f8ac65e89ea6124ac7de6d2cb6a3c68efc1f33eb3ecc2eca8c5f63c0,766,679660969,1ce4d353-db79-459e-88cb-2437fd55f6d0,01d1e1dc4450501e04de06b0a6c35961a623e91da5421eab46a3cf056f9e1f35,57140,Olea europaea,not_recorded_in_source,calibration_v1_reuse,local_copy_verified:data/calibration_v1,https://inaturalist-open-data.s3.amazonaws.com/photos/679660969/square.jpg
unrelated,Allocasuarina verticillata,allocasuarina-verticillata,122323,n/a_fresh_row,3ef4ab6c-8bd2-4d63-8058-c1c4c9063efe,679661314,local_copy_verified:data/calibration_v1,cc-by-nc,"(c) jg001, some rights reserved (CC BY-NC)",9c324b8f5fcf0f361286d454fb3d5fe6d7af3292b496eae65d5e76bb257c585a,222745,375,500,calibration_v1_reuse,calibration_v1,83a80351f8ac65e89ea6124ac7de6d2cb6a3c68efc1f33eb3ecc2eca8c5f63c0,767,679661314,3ef4ab6c-8bd2-4d63-8058-c1c4c9063efe,9c324b8f5fcf0f361286d454fb3d5fe6d7af3292b496eae65d5e76bb257c585a,122323,Allocasuarina verticillata,not_recorded_in_source,calibration_v1_reuse,local_copy_verified:data/calibration_v1,https://inaturalist-open-data.s3.amazonaws.com/photos/679661314/square.jpg
unrelated,Acacia rupicola,acacia-rupicola,481938,n/a_fresh_row,9b4c6825-2c47-4136-9685-1fbfc0eb4daf,679661710,local_copy_verified:data/calibration_v1,cc-by-nc,"(c) jg001, some rights reserved (CC BY-NC)",f48c2b29bef5cba05aa545c8bac6bcd28b98c48b161bc2b6562bf78d05bf172f,169065,375,500,calibration_v1_reuse,calibration_v1,83a80351f8ac65e89ea6124ac7de6d2cb6a3c68efc1f33eb3ecc2eca8c5f63c0,768,679661710,9b4c6825-2c47-4136-9685-1fbfc0eb4daf,f48c2b29bef5cba05aa545c8bac6bcd28b98c48b161bc2b6562bf78d05bf172f,481938,Acacia rupicola,not_recorded_in_source,calibration_v1_reuse,local_copy_verified:data/calibration_v1,https://inaturalist-open-data.s3.amazonaws.com/photos/679661710/square.jpg
unrelated,Asplenium subglandulosum,asplenium-subglandulosum,520269,n/a_fresh_row,ce42269f-b2ca-483a-899d-c87f0ce2011c,679661869,local_copy_verified:data/calibration_v1,cc-by-nc,"(c) jg001, some rights reserved (CC BY-NC)",899263fa170c03383ed1df2ef7436af07e53f0984e1b7999d0a4710fe6bb605c,221337,375,500,calibration_v1_reuse,calibration_v1,83a80351f8ac65e89ea6124ac7de6d2cb6a3c68efc1f33eb3ecc2eca8c5f63c0,769,679661869,ce42269f-b2ca-483a-899d-c87f0ce2011c,899263fa170c03383ed1df2ef7436af07e53f0984e1b7999d0a4710fe6bb605c,520269,Asplenium subglandulosum,not_recorded_in_source,calibration_v1_reuse,local_copy_verified:data/calibration_v1,https://inaturalist-open-data.s3.amazonaws.com/photos/679661869/square.jpg
unrelated,Dodonaea viscosa,dodonaea-viscosa,122711,n/a_fresh_row,bc876285-3e71-4eb7-ad3a-4ed07437b278,679662561,local_copy_verified:data/calibration_v1,cc-by-nc,"(c) jg001, some rights reserved (CC BY-NC)",4cada6fdb10c39af803ec2464460b1a8f4eaa6f5706d8a9251c59a455b18bcf0,231465,375,500,calibration_v1_reuse,calibration_v1,83a80351f8ac65e89ea6124ac7de6d2cb6a3c68efc1f33eb3ecc2eca8c5f63c0,770,679662561,bc876285-3e71-4eb7-ad3a-4ed07437b278,4cada6fdb10c39af803ec2464460b1a8f4eaa6f5706d8a9251c59a455b18bcf0,122711,Dodonaea viscosa,not_recorded_in_source,calibration_v1_reuse,local_copy_verified:data/calibration_v1,https://inaturalist-open-data.s3.amazonaws.com/photos/679662561/square.jpg
unrelated,Spyridium daphnoides,spyridium-daphnoides,1473169,n/a_fresh_row,311d8149-8477-4717-832d-a6b950fdadae,679664783,local_copy_verified:data/calibration_v1,cc-by-nc,"(c) jg001, some rights reserved (CC BY-NC)",c68f02f21aa0f6aed02a9f73b85b4f332e71eca583227ff81bebb5e724fdb240,188906,500,375,calibration_v1_reuse,calibration_v1,83a80351f8ac65e89ea6124ac7de6d2cb6a3c68efc1f33eb3ecc2eca8c5f63c0,771,679664783,311d8149-8477-4717-832d-a6b950fdadae,c68f02f21aa0f6aed02a9f73b85b4f332e71eca583227ff81bebb5e724fdb240,1473169,Spyridium daphnoides,not_recorded_in_source,calibration_v1_reuse,local_copy_verified:data/calibration_v1,https://inaturalist-open-data.s3.amazonaws.com/photos/679664783/square.jpg
unrelated,Gomphocarpus cancellatus,gomphocarpus-cancellatus,481919,n/a_fresh_row,e582987b-59e0-4aba-a464-0451720651e4,679665040,local_copy_verified:data/calibration_v1,cc-by-nc,"(c) jg001, some rights reserved (CC BY-NC)",7c86feb51cd95311ccbff49a0d74647b2a54db5aabcbda568ece4645f3ff11e7,224652,392,500,calibration_v1_reuse,calibration_v1,83a80351f8ac65e89ea6124ac7de6d2cb6a3c68efc1f33eb3ecc2eca8c5f63c0,772,679665040,e582987b-59e0-4aba-a464-0451720651e4,7c86feb51cd95311ccbff49a0d74647b2a54db5aabcbda568ece4645f3ff11e7,481919,Gomphocarpus cancellatus,not_recorded_in_source,calibration_v1_reuse,local_copy_verified:data/calibration_v1,https://inaturalist-open-data.s3.amazonaws.com/photos/679665040/square.jpg
unrelated,Logania saxatilis,logania-saxatilis,555941,n/a_fresh_row,894bafb1-e98b-482e-9e7b-56a588d83f85,679665096,local_copy_verified:data/calibration_v1,cc-by-nc,"(c) jg001, some rights reserved (CC BY-NC)",88c7c3fb0953214844e34816f75d477590a1f2639aa23bb6901056a06f9e74b2,139827,375,500,calibration_v1_reuse,calibration_v1,83a80351f8ac65e89ea6124ac7de6d2cb6a3c68efc1f33eb3ecc2eca8c5f63c0,773,679665096,894bafb1-e98b-482e-9e7b-56a588d83f85,88c7c3fb0953214844e34816f75d477590a1f2639aa23bb6901056a06f9e74b2,555941,Logania saxatilis,not_recorded_in_source,calibration_v1_reuse,local_copy_verified:data/calibration_v1,https://inaturalist-open-data.s3.amazonaws.com/photos/679665096/square.jpg
unrelated,Solanum nigrum,solanum-nigrum,79141,n/a_fresh_row,a06f1b4f-ab8b-44f2-b41b-f71f635c080e,679665623,local_copy_verified:data/calibration_v1,cc-by-nc,"(c) jg001, some rights reserved (CC BY-NC)",6e99a40274d2103b5ca51f7673c9fc0cb5c680e95acdf07b491d292d7cc05524,230798,500,417,calibration_v1_reuse,calibration_v1,83a80351f8ac65e89ea6124ac7de6d2cb6a3c68efc1f33eb3ecc2eca8c5f63c0,774,679665623,a06f1b4f-ab8b-44f2-b41b-f71f635c080e,6e99a40274d2103b5ca51f7673c9fc0cb5c680e95acdf07b491d292d7cc05524,79141,Solanum nigrum,not_recorded_in_source,calibration_v1_reuse,local_copy_verified:data/calibration_v1,https://inaturalist-open-data.s3.amazonaws.com/photos/679665623/square.jpg
unrelated,Cheilanthes austrotenuifolia,cheilanthes-austrotenuifolia,323950,n/a_fresh_row,565b1e91-d26c-4aa8-b97d-6d1b521fd93a,679665987,local_copy_verified:data/calibration_v1,cc-by-nc,"(c) jg001, some rights reserved (CC BY-NC)",6a966642db319ff090966702cb57f1635e3aeb0ca73794bd6e272791fa367bae,218222,375,500,calibration_v1_reuse,calibration_v1,83a80351f8ac65e89ea6124ac7de6d2cb6a3c68efc1f33eb3ecc2eca8c5f63c0,775,679665987,565b1e91-d26c-4aa8-b97d-6d1b521fd93a,6a966642db319ff090966702cb57f1635e3aeb0ca73794bd6e272791fa367bae,323950,Cheilanthes austrotenuifolia,not_recorded_in_source,calibration_v1_reuse,local_copy_verified:data/calibration_v1,https://inaturalist-open-data.s3.amazonaws.com/photos/679665987/square.jpg
unrelated,Acacia rupicola,acacia-rupicola,481938,n/a_fresh_row,c943500f-79f2-4c54-8984-a015f540fd19,679666093,local_copy_verified:data/calibration_v1,cc-by-nc,"(c) jg001, some rights reserved (CC BY-NC)",14c6c6b8f95221b35d4264b23fcf4096481dd7e05c06751154bfa46682d786a2,197921,500,443,calibration_v1_reuse,calibration_v1,83a80351f8ac65e89ea6124ac7de6d2cb6a3c68efc1f33eb3ecc2eca8c5f63c0,776,679666093,c943500f-79f2-4c54-8984-a015f540fd19,14c6c6b8f95221b35d4264b23fcf4096481dd7e05c06751154bfa46682d786a2,481938,Acacia rupicola,not_recorded_in_source,calibration_v1_reuse,local_copy_verified:data/calibration_v1,https://inaturalist-open-data.s3.amazonaws.com/photos/679666093/square.jpg
unrelated,Xanthorrhoea quadrangulata,xanthorrhoea-quadrangulata,135328,n/a_fresh_row,3e01c89b-b56c-4da7-a9d8-92bd2aac0b6e,679666179,local_copy_verified:data/calibration_v1,cc-by-nc,"(c) jg001, some rights reserved (CC BY-NC)",c695813d7d28c5e645f9de922218656880c38e898527fd5f57c05c463544b310,227256,375,500,calibration_v1_reuse,calibration_v1,83a80351f8ac65e89ea6124ac7de6d2cb6a3c68efc1f33eb3ecc2eca8c5f63c0,777,679666179,3e01c89b-b56c-4da7-a9d8-92bd2aac0b6e,c695813d7d28c5e645f9de922218656880c38e898527fd5f57c05c463544b310,135328,Xanthorrhoea quadrangulata,not_recorded_in_source,calibration_v1_reuse,local_copy_verified:data/calibration_v1,https://inaturalist-open-data.s3.amazonaws.com/photos/679666179/square.jpg
unrelated,Allocasuarina verticillata,allocasuarina-verticillata,122323,n/a_fresh_row,bf378fa5-deca-45d0-b895-206704196ebc,679666441,local_copy_verified:data/calibration_v1,cc-by-nc,"(c) jg001, some rights reserved (CC BY-NC)",401ca97683f60a78acf9b7f1bf0ed3c79c0b96f22ec88f713f398f8470f1f249,214756,375,500,calibration_v1_reuse,calibration_v1,83a80351f8ac65e89ea6124ac7de6d2cb6a3c68efc1f33eb3ecc2eca8c5f63c0,778,679666441,bf378fa5-deca-45d0-b895-206704196ebc,401ca97683f60a78acf9b7f1bf0ed3c79c0b96f22ec88f713f398f8470f1f249,122323,Allocasuarina verticillata,not_recorded_in_source,calibration_v1_reuse,local_copy_verified:data/calibration_v1,https://inaturalist-open-data.s3.amazonaws.com/photos/679666441/square.jpg
unrelated,Olearia ramulosa,olearia-ramulosa,465914,n/a_fresh_row,45040b66-abc2-46fb-9e0d-796c75a22af7,679666526,local_copy_verified:data/calibration_v1,cc-by-nc,"(c) jg001, some rights reserved (CC BY-NC)",c5af36d52a61eeb706ce40c9b4159c09f97f2b559b39248ce9616640825f26c6,201796,500,375,calibration_v1_reuse,calibration_v1,83a80351f8ac65e89ea6124ac7de6d2cb6a3c68efc1f33eb3ecc2eca8c5f63c0,779,679666526,45040b66-abc2-46fb-9e0d-796c75a22af7,c5af36d52a61eeb706ce40c9b4159c09f97f2b559b39248ce9616640825f26c6,465914,Olearia ramulosa,not_recorded_in_source,calibration_v1_reuse,local_copy_verified:data/calibration_v1,https://inaturalist-open-data.s3.amazonaws.com/photos/679666526/square.jpg
unrelated,Stenanthera conostephioides,stenanthera-conostephioides,1391984,n/a_fresh_row,5e2429ff-c460-4c3f-82c7-f0934f812e91,679666777,local_copy_verified:data/calibration_v1,cc-by-nc,"(c) jg001, some rights reserved (CC BY-NC)",609faac2879424fb07b5954da7a7f2f72071eeb4365710e1ab38aa76a76c26e0,223428,500,375,calibration_v1_reuse,calibration_v1,83a80351f8ac65e89ea6124ac7de6d2cb6a3c68efc1f33eb3ecc2eca8c5f63c0,780,679666777,5e2429ff-c460-4c3f-82c7-f0934f812e91,609faac2879424fb07b5954da7a7f2f72071eeb4365710e1ab38aa76a76c26e0,1391984,Stenanthera conostephioides,not_recorded_in_source,calibration_v1_reuse,local_copy_verified:data/calibration_v1,https://inaturalist-open-data.s3.amazonaws.com/photos/679666777/square.jpg
unrelated,Spyridium daphnoides,spyridium-daphnoides,1473169,n/a_fresh_row,be80e8b5-7277-4cee-91f7-ed2ac664e358,679667021,local_copy_verified:data/calibration_v1,cc-by-nc,"(c) jg001, some rights reserved (CC BY-NC)",f058fc2e02f1e1f85306ebc8bc3c304627cf83cc14485cb8d9278394a2358e4d,173823,500,375,calibration_v1_reuse,calibration_v1,83a80351f8ac65e89ea6124ac7de6d2cb6a3c68efc1f33eb3ecc2eca8c5f63c0,781,679667021,be80e8b5-7277-4cee-91f7-ed2ac664e358,f058fc2e02f1e1f85306ebc8bc3c304627cf83cc14485cb8d9278394a2358e4d,1473169,Spyridium daphnoides,not_recorded_in_source,calibration_v1_reuse,local_copy_verified:data/calibration_v1,https://inaturalist-open-data.s3.amazonaws.com/photos/679667021/square.jpg
unrelated,Gomphocarpus cancellatus,gomphocarpus-cancellatus,481919,n/a_fresh_row,7cb6daa7-f24a-4b38-a91c-6cb042f0e98e,679667114,local_copy_verified:data/calibration_v1,cc-by-nc,"(c) jg001, some rights reserved (CC BY-NC)",f26b1db7fe1358983a76e9981161126235c50ed3cef29677354af01ed3e9cbd6,186744,375,500,calibration_v1_reuse,calibration_v1,83a80351f8ac65e89ea6124ac7de6d2cb6a3c68efc1f33eb3ecc2eca8c5f63c0,782,679667114,7cb6daa7-f24a-4b38-a91c-6cb042f0e98e,f26b1db7fe1358983a76e9981161126235c50ed3cef29677354af01ed3e9cbd6,481919,Gomphocarpus cancellatus,not_recorded_in_source,calibration_v1_reuse,local_copy_verified:data/calibration_v1,https://inaturalist-open-data.s3.amazonaws.com/photos/679667114/square.jpg
unrelated,Cheilanthes austrotenuifolia,cheilanthes-austrotenuifolia,323950,n/a_fresh_row,4620e8a1-72b2-42eb-b868-e25778bd4e10,679667364,local_copy_verified:data/calibration_v1,cc-by-nc,"(c) jg001, some rights reserved (CC BY-NC)",006b88fcfbbe20a50190e892f247b0b6b388720af39d0235254656569db30c54,227016,500,406,calibration_v1_reuse,calibration_v1,83a80351f8ac65e89ea6124ac7de6d2cb6a3c68efc1f33eb3ecc2eca8c5f63c0,783,679667364,4620e8a1-72b2-42eb-b868-e25778bd4e10,006b88fcfbbe20a50190e892f247b0b6b388720af39d0235254656569db30c54,323950,Cheilanthes austrotenuifolia,not_recorded_in_source,calibration_v1_reuse,local_copy_verified:data/calibration_v1,https://inaturalist-open-data.s3.amazonaws.com/photos/679667364/square.jpg
unrelated,Pteridium esculentum,pteridium-esculentum,194768,n/a_fresh_row,414d9c38-be54-4c55-9339-38328447dc56,679667471,local_copy_verified:data/calibration_v1,cc-by-nc,"(c) jg001, some rights reserved (CC BY-NC)",32ae5eaffb31d5e7cada9f3be5a2c319d756b9d9618f52ec2a8146f66407cb21,218174,500,375,calibration_v1_reuse,calibration_v1,83a80351f8ac65e89ea6124ac7de6d2cb6a3c68efc1f33eb3ecc2eca8c5f63c0,784,679667471,414d9c38-be54-4c55-9339-38328447dc56,32ae5eaffb31d5e7cada9f3be5a2c319d756b9d9618f52ec2a8146f66407cb21,194768,Pteridium esculentum,not_recorded_in_source,calibration_v1_reuse,local_copy_verified:data/calibration_v1,https://inaturalist-open-data.s3.amazonaws.com/photos/679667471/square.jpg
unrelated,Phragmites australis,phragmites-australis,64237,n/a_fresh_row,afa0ff17-73d4-4120-bc93-cf11d2aea549,679667613,local_copy_verified:data/calibration_v1,cc-by-nc,"(c) jg001, some rights reserved (CC BY-NC)",11e49ba10aba7e9cb59cb5b096099acbeba6d6863d7a74d5f89f2dd9c52eca3e,218765,375,500,calibration_v1_reuse,calibration_v1,83a80351f8ac65e89ea6124ac7de6d2cb6a3c68efc1f33eb3ecc2eca8c5f63c0,785,679667613,afa0ff17-73d4-4120-bc93-cf11d2aea549,11e49ba10aba7e9cb59cb5b096099acbeba6d6863d7a74d5f89f2dd9c52eca3e,64237,Phragmites australis,not_recorded_in_source,calibration_v1_reuse,local_copy_verified:data/calibration_v1,https://inaturalist-open-data.s3.amazonaws.com/photos/679667613/square.jpg
unrelated,Olea europaea,olea-europaea,57140,n/a_fresh_row,f18f7d32-bfc8-4e24-b0e8-82e621ee072f,679667895,local_copy_verified:data/calibration_v1,cc-by-nc,"(c) jg001, some rights reserved (CC BY-NC)",cab32dea8c9efb974fae32ac54d54f9c20a1904907cd022b9fdacb77f12c4869,205918,500,375,calibration_v1_reuse,calibration_v1,83a80351f8ac65e89ea6124ac7de6d2cb6a3c68efc1f33eb3ecc2eca8c5f63c0,786,679667895,f18f7d32-bfc8-4e24-b0e8-82e621ee072f,cab32dea8c9efb974fae32ac54d54f9c20a1904907cd022b9fdacb77f12c4869,57140,Olea europaea,not_recorded_in_source,calibration_v1_reuse,local_copy_verified:data/calibration_v1,https://inaturalist-open-data.s3.amazonaws.com/photos/679667895/square.jpg
unrelated,Banksia marginata,banksia-marginata,133274,n/a_fresh_row,0da19ccb-0df4-4824-9246-cef53f57c7f1,679667976,local_copy_verified:data/calibration_v1,cc-by-nc,"(c) jg001, some rights reserved (CC BY-NC)",f35e2376b6e7ea16263fd19c901a52332f72d2a37571e04350eaaeb7ef7214ba,215036,375,500,calibration_v1_reuse,calibration_v1,83a80351f8ac65e89ea6124ac7de6d2cb6a3c68efc1f33eb3ecc2eca8c5f63c0,787,679667976,0da19ccb-0df4-4824-9246-cef53f57c7f1,f35e2376b6e7ea16263fd19c901a52332f72d2a37571e04350eaaeb7ef7214ba,133274,Banksia marginata,not_recorded_in_source,calibration_v1_reuse,local_copy_verified:data/calibration_v1,https://inaturalist-open-data.s3.amazonaws.com/photos/679667976/square.jpg
unrelated,Xanthorrhoea semiplana,xanthorrhoea-semiplana,481616,n/a_fresh_row,0b108424-871d-4d6a-8148-bf18cef92d92,679668057,local_copy_verified:data/calibration_v1,cc-by-nc,"(c) jg001, some rights reserved (CC BY-NC)",0c0b58dd807c8faa1402c8160beaa94a7486101ef6a8f00da1a5ae7b67403910,215795,375,500,calibration_v1_reuse,calibration_v1,83a80351f8ac65e89ea6124ac7de6d2cb6a3c68efc1f33eb3ecc2eca8c5f63c0,788,679668057,0b108424-871d-4d6a-8148-bf18cef92d92,0c0b58dd807c8faa1402c8160beaa94a7486101ef6a8f00da1a5ae7b67403910,481616,Xanthorrhoea semiplana,not_recorded_in_source,calibration_v1_reuse,local_copy_verified:data/calibration_v1,https://inaturalist-open-data.s3.amazonaws.com/photos/679668057/square.jpg
unrelated,Dodonaea viscosa,dodonaea-viscosa,122711,n/a_fresh_row,e62c8881-039e-4d8a-80ab-0aa8c9fcf018,679668258,local_copy_verified:data/calibration_v1,cc-by-nc,"(c) jg001, some rights reserved (CC BY-NC)",32c226aa1d18629ba93593f934648be0f3d74f30516dcc94bde67b00f564f320,175565,375,500,calibration_v1_reuse,calibration_v1,83a80351f8ac65e89ea6124ac7de6d2cb6a3c68efc1f33eb3ecc2eca8c5f63c0,789,679668258,e62c8881-039e-4d8a-80ab-0aa8c9fcf018,32c226aa1d18629ba93593f934648be0f3d74f30516dcc94bde67b00f564f320,122711,Dodonaea viscosa,not_recorded_in_source,calibration_v1_reuse,local_copy_verified:data/calibration_v1,https://inaturalist-open-data.s3.amazonaws.com/photos/679668258/square.jpg
unrelated,Pultenaea daphnoides,pultenaea-daphnoides,321215,n/a_fresh_row,2a5b4447-8b7e-4db6-b8b0-be3aa9767e13,679668324,local_copy_verified:data/calibration_v1,cc-by-nc,"(c) jg001, some rights reserved (CC BY-NC)",3f9e25c613ce096cfb12f2b53fb5f674c0b777f47a739f9d1d8810322ea946f0,180766,375,500,calibration_v1_reuse,calibration_v1,83a80351f8ac65e89ea6124ac7de6d2cb6a3c68efc1f33eb3ecc2eca8c5f63c0,790,679668324,2a5b4447-8b7e-4db6-b8b0-be3aa9767e13,3f9e25c613ce096cfb12f2b53fb5f674c0b777f47a739f9d1d8810322ea946f0,321215,Pultenaea daphnoides,not_recorded_in_source,calibration_v1_reuse,local_copy_verified:data/calibration_v1,https://inaturalist-open-data.s3.amazonaws.com/photos/679668324/square.jpg
unrelated,Chamaenerion angustifolium,chamaenerion-angustifolium,564969,n/a_fresh_row,ad77042c-7c3b-4c88-9190-6dd0eb6457e7,679682078,local_copy_verified:data/calibration_v1,cc-by-nc,"(c) syoshinsyalv35, some rights reserved (CC BY-NC)",795dfaf004b4ea54fdcdc40265961d73701c67c012f4e0f1641a5f0ac17e3c24,357421,375,500,calibration_v1_reuse,calibration_v1,83a80351f8ac65e89ea6124ac7de6d2cb6a3c68efc1f33eb3ecc2eca8c5f63c0,792,679682078,ad77042c-7c3b-4c88-9190-6dd0eb6457e7,795dfaf004b4ea54fdcdc40265961d73701c67c012f4e0f1641a5f0ac17e3c24,564969,Chamaenerion angustifolium,not_recorded_in_source,calibration_v1_reuse,local_copy_verified:data/calibration_v1,https://inaturalist-open-data.s3.amazonaws.com/photos/679682078/square.jpg
unrelated,Delonix regia,delonix-regia,62839,n/a_fresh_row,b68414f8-2b9b-48a3-abb7-8aaa277b9285,679678315,local_copy_verified:data/calibration_v1,cc-by-nc,"(c) Mike Yan, some rights reserved (CC BY-NC)",dd0554ad049244164ed0eb2a6cc67b2017da32cd88ab3ad9017bbb2be78eedbb,114101,500,375,calibration_v1_reuse,calibration_v1,83a80351f8ac65e89ea6124ac7de6d2cb6a3c68efc1f33eb3ecc2eca8c5f63c0,793,679678315,b68414f8-2b9b-48a3-abb7-8aaa277b9285,dd0554ad049244164ed0eb2a6cc67b2017da32cd88ab3ad9017bbb2be78eedbb,62839,Delonix regia,not_recorded_in_source,calibration_v1_reuse,local_copy_verified:data/calibration_v1,https://inaturalist-open-data.s3.amazonaws.com/photos/679678315/square.jpg
unrelated,Calophyllum inophyllum,calophyllum-inophyllum,159698,n/a_fresh_row,1fa17660-fb78-4e90-a980-a04d42190d5a,679678435,local_copy_verified:data/calibration_v1,cc-by-nc,"(c) Mike Yan, some rights reserved (CC BY-NC)",8c411423bf095fbb80bbbb316f69790273b59873378f7b0f7178e525eea238b1,75073,500,375,calibration_v1_reuse,calibration_v1,83a80351f8ac65e89ea6124ac7de6d2cb6a3c68efc1f33eb3ecc2eca8c5f63c0,794,679678435,1fa17660-fb78-4e90-a980-a04d42190d5a,8c411423bf095fbb80bbbb316f69790273b59873378f7b0f7178e525eea238b1,159698,Calophyllum inophyllum,not_recorded_in_source,calibration_v1_reuse,local_copy_verified:data/calibration_v1,https://inaturalist-open-data.s3.amazonaws.com/photos/679678435/square.jpg
unrelated,Macaranga thompsonii,macaranga-thompsonii,552070,n/a_fresh_row,28fd591e-0a73-4ffc-a68d-4dc4a6b175d1,679678583,local_copy_verified:data/calibration_v1,cc-by-nc,"(c) Mike Yan, some rights reserved (CC BY-NC)",81c2c6d5d7820a2db7a546e9ae1e7c0f2aaa2ec9c9c00ed8dd76ae18f44d2397,114596,500,375,calibration_v1_reuse,calibration_v1,83a80351f8ac65e89ea6124ac7de6d2cb6a3c68efc1f33eb3ecc2eca8c5f63c0,795,679678583,28fd591e-0a73-4ffc-a68d-4dc4a6b175d1,81c2c6d5d7820a2db7a546e9ae1e7c0f2aaa2ec9c9c00ed8dd76ae18f44d2397,552070,Macaranga thompsonii,not_recorded_in_source,calibration_v1_reuse,local_copy_verified:data/calibration_v1,https://inaturalist-open-data.s3.amazonaws.com/photos/679678583/square.jpg
unrelated,Caesalpinia pulcherrima,caesalpinia-pulcherrima,60439,n/a_fresh_row,499225e3-e683-41bd-8162-d66ec42322ce,679678947,local_copy_verified:data/calibration_v1,cc-by-nc,"(c) Mike Yan, some rights reserved (CC BY-NC)",3e38b91f4b0651a9e37a476460277f88408787aa51bbfe6286e2405711264939,127683,500,375,calibration_v1_reuse,calibration_v1,83a80351f8ac65e89ea6124ac7de6d2cb6a3c68efc1f33eb3ecc2eca8c5f63c0,796,679678947,499225e3-e683-41bd-8162-d66ec42322ce,3e38b91f4b0651a9e37a476460277f88408787aa51bbfe6286e2405711264939,60439,Caesalpinia pulcherrima,not_recorded_in_source,calibration_v1_reuse,local_copy_verified:data/calibration_v1,https://inaturalist-open-data.s3.amazonaws.com/photos/679678947/square.jpg
unrelated,Ipomoea pes-caprae,ipomoea-pes-caprae,60879,n/a_fresh_row,354ce7d2-27fa-4270-8caa-c454660f33b5,679678977,local_copy_verified:data/calibration_v1,cc-by-nc,"(c) Mike Yan, some rights reserved (CC BY-NC)",c06941447072f44637f31a4f2ccb7d44eb8d270d6ece60bcce5811c3639cd4b9,106736,500,375,calibration_v1_reuse,calibration_v1,83a80351f8ac65e89ea6124ac7de6d2cb6a3c68efc1f33eb3ecc2eca8c5f63c0,797,679678977,354ce7d2-27fa-4270-8caa-c454660f33b5,c06941447072f44637f31a4f2ccb7d44eb8d270d6ece60bcce5811c3639cd4b9,60879,Ipomoea pes-caprae,not_recorded_in_source,calibration_v1_reuse,local_copy_verified:data/calibration_v1,https://inaturalist-open-data.s3.amazonaws.com/photos/679678977/square.jpg
unrelated,Artocarpus altilis,artocarpus-altilis,70027,n/a_fresh_row,aa0a2c72-724c-4d6e-b57d-e78567373c02,679679157,local_copy_verified:data/calibration_v1,cc-by-nc,"(c) Mike Yan, some rights reserved (CC BY-NC)",cd39b190bd061d524297694eec3ca356e52db3c21868f30d17abbfbb8fdd9c35,115168,500,375,calibration_v1_reuse,calibration_v1,83a80351f8ac65e89ea6124ac7de6d2cb6a3c68efc1f33eb3ecc2eca8c5f63c0,798,679679157,aa0a2c72-724c-4d6e-b57d-e78567373c02,cd39b190bd061d524297694eec3ca356e52db3c21868f30d17abbfbb8fdd9c35,70027,Artocarpus altilis,not_recorded_in_source,calibration_v1_reuse,local_copy_verified:data/calibration_v1,https://inaturalist-open-data.s3.amazonaws.com/photos/679679157/square.jpg
unrelated,Ixora coccinea,ixora-coccinea,133309,n/a_fresh_row,6ac07d40-94fb-45ce-a37a-69ace3b8bb8d,679679201,local_copy_verified:data/calibration_v1,cc-by-nc,"(c) Mike Yan, some rights reserved (CC BY-NC)",5da1acfd3671f77116eb361761bfe472abf258bf62d37c779cd904eb8f8060d2,85616,500,375,calibration_v1_reuse,calibration_v1,83a80351f8ac65e89ea6124ac7de6d2cb6a3c68efc1f33eb3ecc2eca8c5f63c0,799,679679201,6ac07d40-94fb-45ce-a37a-69ace3b8bb8d,5da1acfd3671f77116eb361761bfe472abf258bf62d37c779cd904eb8f8060d2,133309,Ixora coccinea,not_recorded_in_source,calibration_v1_reuse,local_copy_verified:data/calibration_v1,https://inaturalist-open-data.s3.amazonaws.com/photos/679679201/square.jpg
unrelated,Barringtonia asiatica,barringtonia-asiatica,189657,n/a_fresh_row,9150ef25-a747-4b0d-b72c-5022f0d5360a,679679213,local_copy_verified:data/calibration_v1,cc-by-nc,"(c) Mike Yan, some rights reserved (CC BY-NC)",4d9464e193d048c36df6713d150cdea0fdf3c3ba03ff404ecf647e52a6762ad3,107747,500,375,calibration_v1_reuse,calibration_v1,83a80351f8ac65e89ea6124ac7de6d2cb6a3c68efc1f33eb3ecc2eca8c5f63c0,800,679679213,9150ef25-a747-4b0d-b72c-5022f0d5360a,4d9464e193d048c36df6713d150cdea0fdf3c3ba03ff404ecf647e52a6762ad3,189657,Barringtonia asiatica,not_recorded_in_source,calibration_v1_reuse,local_copy_verified:data/calibration_v1,https://inaturalist-open-data.s3.amazonaws.com/photos/679679213/square.jpg
unrelated,Erythronium japonicum,erythronium-japonicum,321527,n/a_fresh_row,97e184c8-980a-4a86-ab80-a42c4b045705,679689659,local_copy_verified:data/calibration_v1,cc-by-nc,"(c) syoshinsyalv35, some rights reserved (CC BY-NC)",5bb7899a026ab657428bf9a24af1e25075df1fea62a1bb00310c8235cfa91967,362772,375,500,calibration_v1_reuse,calibration_v1,83a80351f8ac65e89ea6124ac7de6d2cb6a3c68efc1f33eb3ecc2eca8c5f63c0,801,679689659,97e184c8-980a-4a86-ab80-a42c4b045705,5bb7899a026ab657428bf9a24af1e25075df1fea62a1bb00310c8235cfa91967,321527,Erythronium japonicum,not_recorded_in_source,calibration_v1_reuse,local_copy_verified:data/calibration_v1,https://inaturalist-open-data.s3.amazonaws.com/photos/679689659/square.jpg
unrelated,Disporum smilacinum,disporum-smilacinum,447617,n/a_fresh_row,9884bc79-9d6e-42dd-99e6-c1142931a81c,679690298,local_copy_verified:data/calibration_v1,cc-by-nc,"(c) syoshinsyalv35, some rights reserved (CC BY-NC)",8d545a8158577d619a968b489f561655c5a3850cc00f9b7c517ebba00fc6ca50,261252,500,375,calibration_v1_reuse,calibration_v1,83a80351f8ac65e89ea6124ac7de6d2cb6a3c68efc1f33eb3ecc2eca8c5f63c0,802,679690298,9884bc79-9d6e-42dd-99e6-c1142931a81c,8d545a8158577d619a968b489f561655c5a3850cc00f9b7c517ebba00fc6ca50,447617,Disporum smilacinum,not_recorded_in_source,calibration_v1_reuse,local_copy_verified:data/calibration_v1,https://inaturalist-open-data.s3.amazonaws.com/photos/679690298/square.jpg
unrelated,Dianthus longicalyx,dianthus-longicalyx,486210,n/a_fresh_row,b15d5ffa-4215-4e26-8d78-5f554acd646b,679699922,local_copy_verified:data/calibration_v1,cc-by-nc,"(c) 環境政策学研究室, some rights reserved (CC BY-NC)",171b8afa033f3da6ed9629c56d7786a38aac9ba6c13f7d5626e3bedd1d4571f8,277104,281,500,calibration_v1_reuse,calibration_v1,83a80351f8ac65e89ea6124ac7de6d2cb6a3c68efc1f33eb3ecc2eca8c5f63c0,804,679699922,b15d5ffa-4215-4e26-8d78-5f554acd646b,171b8afa033f3da6ed9629c56d7786a38aac9ba6c13f7d5626e3bedd1d4571f8,486210,Dianthus longicalyx,not_recorded_in_source,calibration_v1_reuse,local_copy_verified:data/calibration_v1,https://inaturalist-open-data.s3.amazonaws.com/photos/679699922/square.jpg
unrelated,Oxalis corniculata,oxalis-corniculata,53168,n/a_fresh_row,5cd9af90-dbd4-4d12-9b8a-29b58c1862a1,679700111,local_copy_verified:data/calibration_v1,cc-by-nc,"(c) 環境政策学研究室, some rights reserved (CC BY-NC)",49e14133e4b456c7aa7db3b80985e703b8367139709d73ef06117e923d8f9033,274559,281,500,calibration_v1_reuse,calibration_v1,83a80351f8ac65e89ea6124ac7de6d2cb6a3c68efc1f33eb3ecc2eca8c5f63c0,805,679700111,5cd9af90-dbd4-4d12-9b8a-29b58c1862a1,49e14133e4b456c7aa7db3b80985e703b8367139709d73ef06117e923d8f9033,53168,Oxalis corniculata,not_recorded_in_source,calibration_v1_reuse,local_copy_verified:data/calibration_v1,https://inaturalist-open-data.s3.amazonaws.com/photos/679700111/square.jpg
unrelated,Lysimachia japonica,lysimachia-japonica,165004,n/a_fresh_row,14ec5d88-0113-4cd9-8dcf-6faabc916833,679700754,local_copy_verified:data/calibration_v1,cc-by-nc,"(c) 環境政策学研究室, some rights reserved (CC BY-NC)",c4d74452e4db733d44ad5c92849822018d7979d65a82891467147aa2e89ecff9,242970,281,500,calibration_v1_reuse,calibration_v1,83a80351f8ac65e89ea6124ac7de6d2cb6a3c68efc1f33eb3ecc2eca8c5f63c0,806,679700754,14ec5d88-0113-4cd9-8dcf-6faabc916833,c4d74452e4db733d44ad5c92849822018d7979d65a82891467147aa2e89ecff9,165004,Lysimachia japonica,not_recorded_in_source,calibration_v1_reuse,local_copy_verified:data/calibration_v1,https://inaturalist-open-data.s3.amazonaws.com/photos/679700754/square.jpg
unrelated,Phascolarctos cinereus,phascolarctos-cinereus,42983,n/a_fresh_row,c88810c0-9655-4808-a0ad-083f65421517,679668796,local_copy_verified:data/calibration_v1,cc-by-nc,"(c) jg001, some rights reserved (CC BY-NC)",d0c600022eefaf0922652edc9f8f43156a2f32514e4f095bc2e94a0239eb3e01,203820,375,500,calibration_v1_reuse,calibration_v1,83a80351f8ac65e89ea6124ac7de6d2cb6a3c68efc1f33eb3ecc2eca8c5f63c0,812,679668796,c88810c0-9655-4808-a0ad-083f65421517,d0c600022eefaf0922652edc9f8f43156a2f32514e4f095bc2e94a0239eb3e01,42983,Phascolarctos cinereus,not_recorded_in_source,calibration_v1_reuse,local_copy_verified:data/calibration_v1,https://inaturalist-open-data.s3.amazonaws.com/photos/679668796/square.jpg
unrelated,Tursiops aduncus,tursiops-aduncus,41481,n/a_fresh_row,137de0af-2305-4d5c-8527-83024047b0fb,679712598,local_copy_verified:data/calibration_v1,cc-by-nc,"(c) Samuel Beerkens, some rights reserved (CC BY-NC)",e5e374a28c58588a11260f2eaa8c21e6bcee6b966cf944277ae7f8fee2536b98,145980,500,375,calibration_v1_reuse,calibration_v1,83a80351f8ac65e89ea6124ac7de6d2cb6a3c68efc1f33eb3ecc2eca8c5f63c0,814,679712598,137de0af-2305-4d5c-8527-83024047b0fb,e5e374a28c58588a11260f2eaa8c21e6bcee6b966cf944277ae7f8fee2536b98,41481,Tursiops aduncus,not_recorded_in_source,calibration_v1_reuse,local_copy_verified:data/calibration_v1,https://inaturalist-open-data.s3.amazonaws.com/photos/679712598/square.jpg
unrelated,Arctonyx albogularis,arctonyx-albogularis,569410,n/a_fresh_row,1e757556-a19a-438d-beab-0f50a2fd0adb,679758325,local_copy_verified:data/calibration_v1,cc-by-nc,"(c) Zhang Xiaojie, some rights reserved (CC BY-NC)",19b6de1fce05c4feb0a650ed625fda5065bd0c69ccc2e076003914b4e0fb6476,38409,281,500,calibration_v1_reuse,calibration_v1,83a80351f8ac65e89ea6124ac7de6d2cb6a3c68efc1f33eb3ecc2eca8c5f63c0,816,679758325,1e757556-a19a-438d-beab-0f50a2fd0adb,19b6de1fce05c4feb0a650ed625fda5065bd0c69ccc2e076003914b4e0fb6476,569410,Arctonyx albogularis,not_recorded_in_source,calibration_v1_reuse,local_copy_verified:data/calibration_v1,https://inaturalist-open-data.s3.amazonaws.com/photos/679758325/square.jpg
unrelated,Callosciurus notatus,callosciurus-notatus,45945,n/a_fresh_row,51eb3265-69c6-4dc2-9c44-70bf65d3f378,679756967,local_copy_verified:data/calibration_v1,cc-by-nc,"(c) rosarionixon, some rights reserved (CC BY-NC)",3b4b12ff1e44030eb5db1d92a25b8abb4dde0cffdd3ad5c5a7c2de3525651994,42706,500,281,calibration_v1_reuse,calibration_v1,83a80351f8ac65e89ea6124ac7de6d2cb6a3c68efc1f33eb3ecc2eca8c5f63c0,817,679756967,51eb3265-69c6-4dc2-9c44-70bf65d3f378,3b4b12ff1e44030eb5db1d92a25b8abb4dde0cffdd3ad5c5a7c2de3525651994,45945,Callosciurus notatus,not_recorded_in_source,calibration_v1_reuse,local_copy_verified:data/calibration_v1,https://inaturalist-open-data.s3.amazonaws.com/photos/679756967/square.jpg
unrelated,Macropus giganteus,macropus-giganteus,42888,n/a_fresh_row,5c5a3f62-502e-4ccb-bd9c-ae6e54b67af0,679803053,local_copy_verified:data/calibration_v1,cc-by-nc,"(c) amg9269, some rights reserved (CC BY-NC)",fb8ab6686b530431b04feec849a70dba5488db4b19d95b7432f030e917657f6c,204490,376,500,calibration_v1_reuse,calibration_v1,83a80351f8ac65e89ea6124ac7de6d2cb6a3c68efc1f33eb3ecc2eca8c5f63c0,819,679803053,5c5a3f62-502e-4ccb-bd9c-ae6e54b67af0,fb8ab6686b530431b04feec849a70dba5488db4b19d95b7432f030e917657f6c,42888,Macropus giganteus,not_recorded_in_source,calibration_v1_reuse,local_copy_verified:data/calibration_v1,https://inaturalist-open-data.s3.amazonaws.com/photos/679803053/square.jpg
unrelated,Sus scrofa,sus-scrofa,42134,n/a_fresh_row,dd3698cc-4019-4b6d-b4a7-ded44694076a,679800871,local_copy_verified:data/calibration_v1,cc-by-nc,"(c) marina_selezneva, some rights reserved (CC BY-NC)",c912b57d749da9210539fbf882b2232f8a603bcd728b7ab415dbb193d2da4b15,143014,375,500,calibration_v1_reuse,calibration_v1,83a80351f8ac65e89ea6124ac7de6d2cb6a3c68efc1f33eb3ecc2eca8c5f63c0,820,679800871,dd3698cc-4019-4b6d-b4a7-ded44694076a,c912b57d749da9210539fbf882b2232f8a603bcd728b7ab415dbb193d2da4b15,42134,Sus scrofa,not_recorded_in_source,calibration_v1_reuse,local_copy_verified:data/calibration_v1,https://inaturalist-open-data.s3.amazonaws.com/photos/679800871/square.jpg
unrelated,Notamacropus dorsalis,notamacropus-dorsalis,1453433,n/a_fresh_row,a3b5ae91-bf87-4fc8-8268-a18728ef66a5,679805201,local_copy_verified:data/calibration_v1,cc-by-nc,"(c) amg9269, some rights reserved (CC BY-NC)",6e1717aa1941d7610c19acae6e11b32eb0c7fa21d6946222a13f3d7825da2ec2,157542,376,500,calibration_v1_reuse,calibration_v1,83a80351f8ac65e89ea6124ac7de6d2cb6a3c68efc1f33eb3ecc2eca8c5f63c0,821,679805201,a3b5ae91-bf87-4fc8-8268-a18728ef66a5,6e1717aa1941d7610c19acae6e11b32eb0c7fa21d6946222a13f3d7825da2ec2,1453433,Notamacropus dorsalis,not_recorded_in_source,calibration_v1_reuse,local_copy_verified:data/calibration_v1,https://inaturalist-open-data.s3.amazonaws.com/photos/679805201/square.jpg
unrelated,Macropus giganteus,macropus-giganteus,42888,n/a_fresh_row,b70f5459-270c-4681-8305-358bceee113b,679807524,local_copy_verified:data/calibration_v1,cc-by-nc,"(c) amg9269, some rights reserved (CC BY-NC)",b1b3b4b10f3a0775984fbef392dace08f8be90ef285dfa42458f5401fe75969f,147324,500,376,calibration_v1_reuse,calibration_v1,83a80351f8ac65e89ea6124ac7de6d2cb6a3c68efc1f33eb3ecc2eca8c5f63c0,822,679807524,b70f5459-270c-4681-8305-358bceee113b,b1b3b4b10f3a0775984fbef392dace08f8be90ef285dfa42458f5401fe75969f,42888,Macropus giganteus,not_recorded_in_source,calibration_v1_reuse,local_copy_verified:data/calibration_v1,https://inaturalist-open-data.s3.amazonaws.com/photos/679807524/square.jpg
unrelated,Phalanger breviceps,phalanger-breviceps,1642037,n/a_fresh_row,d9758359-43e4-49fd-abb8-30a7016e6214,679808801,local_copy_verified:data/calibration_v1,cc-by-nc,"(c) Bird Explorers, some rights reserved (CC BY-NC)",066d236342ccabda27876595e1f60b9f8d9ac5c831a02c706e28e0866b3ff04b,31177,333,500,calibration_v1_reuse,calibration_v1,83a80351f8ac65e89ea6124ac7de6d2cb6a3c68efc1f33eb3ecc2eca8c5f63c0,823,679808801,d9758359-43e4-49fd-abb8-30a7016e6214,066d236342ccabda27876595e1f60b9f8d9ac5c831a02c706e28e0866b3ff04b,1642037,Phalanger breviceps,not_recorded_in_source,calibration_v1_reuse,local_copy_verified:data/calibration_v1,https://inaturalist-open-data.s3.amazonaws.com/photos/679808801/square.jpg
unrelated,Bandicota indica,bandicota-indica,45664,n/a_fresh_row,f64b86ba-bb7f-473e-9d7c-78bc5570c543,679830374,local_copy_verified:data/calibration_v1,cc-by-nc,"(c) ZEPHYNE, some rights reserved (CC BY-NC)",07c42d4e26ab2572fdc4832982b56dd339026a5115e88d16a77de951c9dada01,62566,500,375,calibration_v1_reuse,calibration_v1,83a80351f8ac65e89ea6124ac7de6d2cb6a3c68efc1f33eb3ecc2eca8c5f63c0,830,679830374,f64b86ba-bb7f-473e-9d7c-78bc5570c543,07c42d4e26ab2572fdc4832982b56dd339026a5115e88d16a77de951c9dada01,45664,Bandicota indica,not_recorded_in_source,calibration_v1_reuse,local_copy_verified:data/calibration_v1,https://inaturalist-open-data.s3.amazonaws.com/photos/679830374/square.jpg
unrelated,Phascolarctos cinereus,phascolarctos-cinereus,42983,n/a_fresh_row,a9a39ef7-a9d3-48bf-9dd4-92b9665b6eb3,679850792,local_copy_verified:data/calibration_v1,cc-by,"(c) Emily Nyenyedzi Davies, some rights reserved (CC BY)",d3ed3ef8ba801acdee3df1d27f36d662636665c4f7688ea2a0eb35bc835daadb,113083,394,400,calibration_v1_reuse,calibration_v1,83a80351f8ac65e89ea6124ac7de6d2cb6a3c68efc1f33eb3ecc2eca8c5f63c0,831,679850792,a9a39ef7-a9d3-48bf-9dd4-92b9665b6eb3,d3ed3ef8ba801acdee3df1d27f36d662636665c4f7688ea2a0eb35bc835daadb,42983,Phascolarctos cinereus,not_recorded_in_source,calibration_v1_reuse,local_copy_verified:data/calibration_v1,https://inaturalist-open-data.s3.amazonaws.com/photos/679850792/square.jpg
unrelated,Orcinus orca,orcinus-orca,41521,n/a_fresh_row,3d2987c3-ce4e-4a4c-9a94-6bc39d492d61,679858866,local_copy_verified:data/calibration_v1,cc-by-nc,"(c) andydyson, some rights reserved (CC BY-NC)",b731a17bde893b15cdecae021bebfa37db004cadab7852b6cdb0289eb967fa1d,259632,500,375,calibration_v1_reuse,calibration_v1,83a80351f8ac65e89ea6124ac7de6d2cb6a3c68efc1f33eb3ecc2eca8c5f63c0,832,679858866,3d2987c3-ce4e-4a4c-9a94-6bc39d492d61,b731a17bde893b15cdecae021bebfa37db004cadab7852b6cdb0289eb967fa1d,41521,Orcinus orca,not_recorded_in_source,calibration_v1_reuse,local_copy_verified:data/calibration_v1,https://inaturalist-open-data.s3.amazonaws.com/photos/679858866/square.jpg
unrelated,Macaca fascicularis,macaca-fascicularis,43459,n/a_fresh_row,8085df5b-1a53-4c84-9e8f-d2950e62eebc,679862875,local_copy_verified:data/calibration_v1,cc-by-nc,"(c) Mateusz Ciechanowski, some rights reserved (CC BY-NC)",d55ad90b1ec66fe1c2028b03e94498e71edb5d9f43869c160001661ae450c8d1,77916,500,333,calibration_v1_reuse,calibration_v1,83a80351f8ac65e89ea6124ac7de6d2cb6a3c68efc1f33eb3ecc2eca8c5f63c0,833,679862875,8085df5b-1a53-4c84-9e8f-d2950e62eebc,d55ad90b1ec66fe1c2028b03e94498e71edb5d9f43869c160001661ae450c8d1,43459,Macaca fascicularis,not_recorded_in_source,calibration_v1_reuse,local_copy_verified:data/calibration_v1,https://inaturalist-open-data.s3.amazonaws.com/photos/679862875/square.jpg
unrelated,Felis catus,felis-catus,118552,n/a_fresh_row,a552f05c-68a3-41f4-abe1-e3999ad2a4e1,679869491,local_copy_verified:data/calibration_v1,cc-by-nc,"(c) Sharang Sharma, some rights reserved (CC BY-NC)",80eccc8db8675f4f634191a7fed4e964318e83fa59ff43b9a142f1ada2ba7ae3,182321,500,455,calibration_v1_reuse,calibration_v1,83a80351f8ac65e89ea6124ac7de6d2cb6a3c68efc1f33eb3ecc2eca8c5f63c0,834,679869491,a552f05c-68a3-41f4-abe1-e3999ad2a4e1,80eccc8db8675f4f634191a7fed4e964318e83fa59ff43b9a142f1ada2ba7ae3,118552,Felis catus,not_recorded_in_source,calibration_v1_reuse,local_copy_verified:data/calibration_v1,https://inaturalist-open-data.s3.amazonaws.com/photos/679869491/square.jpg
unrelated,Suncus murinus,suncus-murinus,46531,n/a_fresh_row,ca26c0db-2c47-4ef0-a292-b0b457ffd4bb,679870130,local_copy_verified:data/calibration_v1,cc-by-nc,"(c) Sharang Sharma, some rights reserved (CC BY-NC)",a12228c3ded145eff1344c4c4f26df451e00b15065c9622863d088f7b0b18b9e,132796,375,500,calibration_v1_reuse,calibration_v1,83a80351f8ac65e89ea6124ac7de6d2cb6a3c68efc1f33eb3ecc2eca8c5f63c0,835,679870130,ca26c0db-2c47-4ef0-a292-b0b457ffd4bb,a12228c3ded145eff1344c4c4f26df451e00b15065c9622863d088f7b0b18b9e,46531,Suncus murinus,not_recorded_in_source,calibration_v1_reuse,local_copy_verified:data/calibration_v1,https://inaturalist-open-data.s3.amazonaws.com/photos/679870130/square.jpg
unrelated,Macropus giganteus,macropus-giganteus,42888,n/a_fresh_row,7cacee4b-937e-43c1-b1cc-6323ad5f1554,679879364,local_copy_verified:data/calibration_v1,cc-by-nc,"(c) cassiewilliams_, some rights reserved (CC BY-NC)",05b34acb70ec380fcf258fdc4323ef0426fa4926cd270d7ebc6f3285ff7ebce6,143374,375,500,calibration_v1_reuse,calibration_v1,83a80351f8ac65e89ea6124ac7de6d2cb6a3c68efc1f33eb3ecc2eca8c5f63c0,836,679879364,7cacee4b-937e-43c1-b1cc-6323ad5f1554,05b34acb70ec380fcf258fdc4323ef0426fa4926cd270d7ebc6f3285ff7ebce6,42888,Macropus giganteus,not_recorded_in_source,calibration_v1_reuse,local_copy_verified:data/calibration_v1,https://inaturalist-open-data.s3.amazonaws.com/photos/679879364/square.jpg
unrelated,Mus musculus,mus-musculus,44705,n/a_fresh_row,19148490-ac16-4cd2-b902-d1469e9e7250,679882315,local_copy_verified:data/calibration_v1,cc-by,"(c) eyrezer, some rights reserved (CC BY)",7af59b0e35672c6e32c4dfab8a8cb8c546e05be35433db646630a1201a161490,157158,375,500,calibration_v1_reuse,calibration_v1,83a80351f8ac65e89ea6124ac7de6d2cb6a3c68efc1f33eb3ecc2eca8c5f63c0,837,679882315,19148490-ac16-4cd2-b902-d1469e9e7250,7af59b0e35672c6e32c4dfab8a8cb8c546e05be35433db646630a1201a161490,44705,Mus musculus,not_recorded_in_source,calibration_v1_reuse,local_copy_verified:data/calibration_v1,https://inaturalist-open-data.s3.amazonaws.com/photos/679882315/square.jpg
unrelated,Isoodon macrourus,isoodon-macrourus,43301,n/a_fresh_row,b7b437b2-b827-40b6-897a-2803ed1da0f8,679884436,local_copy_verified:data/calibration_v1,cc-by-nc,"(c) Leo Carins, some rights reserved (CC BY-NC)",0172605a5a230fbf4892b20a8d895c17aca80b58620e575c6cb60a6a18f8228f,153600,375,500,calibration_v1_reuse,calibration_v1,83a80351f8ac65e89ea6124ac7de6d2cb6a3c68efc1f33eb3ecc2eca8c5f63c0,838,679884436,b7b437b2-b827-40b6-897a-2803ed1da0f8,0172605a5a230fbf4892b20a8d895c17aca80b58620e575c6cb60a6a18f8228f,43301,Isoodon macrourus,not_recorded_in_source,calibration_v1_reuse,local_copy_verified:data/calibration_v1,https://inaturalist-open-data.s3.amazonaws.com/photos/679884436/square.jpg
unrelated,Macropus giganteus,macropus-giganteus,42888,n/a_fresh_row,843a4fa9-0cc0-4af8-b7cc-04b0371d747a,679885074,local_copy_verified:data/calibration_v1,cc-by-nc,"(c) grinnin, some rights reserved (CC BY-NC)",396f02deb9b01919c69a4da29def17e6e14a3c773cb67488acd972fca6275615,111925,500,444,calibration_v1_reuse,calibration_v1,83a80351f8ac65e89ea6124ac7de6d2cb6a3c68efc1f33eb3ecc2eca8c5f63c0,839,679885074,843a4fa9-0cc0-4af8-b7cc-04b0371d747a,396f02deb9b01919c69a4da29def17e6e14a3c773cb67488acd972fca6275615,42888,Macropus giganteus,not_recorded_in_source,calibration_v1_reuse,local_copy_verified:data/calibration_v1,https://inaturalist-open-data.s3.amazonaws.com/photos/679885074/square.jpg
unrelated,Phascolarctos cinereus,phascolarctos-cinereus,42983,n/a_fresh_row,ed1f1fda-cc47-4f34-a3bb-296191530c8c,679998611,local_copy_verified:data/calibration_v1,cc-by-nc,"(c) Bev Millican, some rights reserved (CC BY-NC)",4fe4edfca46597f550b0f9e6d36adc22588a04a0de50ed8920801f28375e72e9,217869,500,342,calibration_v1_reuse,calibration_v1,83a80351f8ac65e89ea6124ac7de6d2cb6a3c68efc1f33eb3ecc2eca8c5f63c0,840,679998611,ed1f1fda-cc47-4f34-a3bb-296191530c8c,4fe4edfca46597f550b0f9e6d36adc22588a04a0de50ed8920801f28375e72e9,42983,Phascolarctos cinereus,not_recorded_in_source,calibration_v1_reuse,local_copy_verified:data/calibration_v1,https://inaturalist-open-data.s3.amazonaws.com/photos/679998611/square.jpg
unrelated,Procavia capensis,procavia-capensis,43086,n/a_fresh_row,3169e0c8-ff05-4198-adc5-e36404c04e6d,679897591,local_copy_verified:data/calibration_v1,cc-by-nc,"(c) ayesh708, some rights reserved (CC BY-NC)",377e28e60701a00c6ebf70975b073d3ebfa0bfc0a974c4d95ae2f6927153e4d3,121544,500,333,calibration_v1_reuse,calibration_v1,83a80351f8ac65e89ea6124ac7de6d2cb6a3c68efc1f33eb3ecc2eca8c5f63c0,841,679897591,3169e0c8-ff05-4198-adc5-e36404c04e6d,377e28e60701a00c6ebf70975b073d3ebfa0bfc0a974c4d95ae2f6927153e4d3,43086,Procavia capensis,not_recorded_in_source,calibration_v1_reuse,local_copy_verified:data/calibration_v1,https://inaturalist-open-data.s3.amazonaws.com/photos/679897591/square.jpg
unrelated,Notamacropus rufogriseus,notamacropus-rufogriseus,1453431,n/a_fresh_row,30c1788d-4eb1-4838-aa5b-26c0241b4623,679901144,local_copy_verified:data/calibration_v1,cc-by-nc,"(c) matthewlh, some rights reserved (CC BY-NC)",5117a8bbcd14853c8aefba1f9c0874424db00fe024943d47d8bd96ec8fee3545,27621,500,281,calibration_v1_reuse,calibration_v1,83a80351f8ac65e89ea6124ac7de6d2cb6a3c68efc1f33eb3ecc2eca8c5f63c0,842,679901144,30c1788d-4eb1-4838-aa5b-26c0241b4623,5117a8bbcd14853c8aefba1f9c0874424db00fe024943d47d8bd96ec8fee3545,1453431,Notamacropus rufogriseus,not_recorded_in_source,calibration_v1_reuse,local_copy_verified:data/calibration_v1,https://inaturalist-open-data.s3.amazonaws.com/photos/679901144/square.jpg
unrelated,Colobus guereza,colobus-guereza,1075514,n/a_fresh_row,aa4e9bfe-c93e-45c6-9cb6-5a5909b3141e,679903824,local_copy_verified:data/calibration_v1,cc-by-nc,"(c) Antje Tousseyn, some rights reserved (CC BY-NC)",d1d55ba0fcd28ecdf1eb8d09cb8ca55c88c738a1290cc604f7a69eed6aac1bc3,227295,500,375,calibration_v1_reuse,calibration_v1,83a80351f8ac65e89ea6124ac7de6d2cb6a3c68efc1f33eb3ecc2eca8c5f63c0,843,679903824,aa4e9bfe-c93e-45c6-9cb6-5a5909b3141e,d1d55ba0fcd28ecdf1eb8d09cb8ca55c88c738a1290cc604f7a69eed6aac1bc3,1075514,Colobus guereza,not_recorded_in_source,calibration_v1_reuse,local_copy_verified:data/calibration_v1,https://inaturalist-open-data.s3.amazonaws.com/photos/679903824/square.jpg
unrelated,Dendrohyrax arboreus,dendrohyrax-arboreus,43092,n/a_fresh_row,a7b2e109-78e9-42aa-b23f-81dd5d624065,679904914,local_copy_verified:data/calibration_v1,cc-by-nc,"(c) Antje Tousseyn, some rights reserved (CC BY-NC)",0eb4c2f1957ea3330e586b940e46bd698fb5deb8c803a83801c25d6d807dc4ec,213557,375,500,calibration_v1_reuse,calibration_v1,83a80351f8ac65e89ea6124ac7de6d2cb6a3c68efc1f33eb3ecc2eca8c5f63c0,844,679904914,a7b2e109-78e9-42aa-b23f-81dd5d624065,0eb4c2f1957ea3330e586b940e46bd698fb5deb8c803a83801c25d6d807dc4ec,43092,Dendrohyrax arboreus,not_recorded_in_source,calibration_v1_reuse,local_copy_verified:data/calibration_v1,https://inaturalist-open-data.s3.amazonaws.com/photos/679904914/square.jpg
unrelated,Alcelaphus buselaphus,alcelaphus-buselaphus,42418,n/a_fresh_row,29162da4-1861-4e9f-a2b0-d26a53132b14,679907789,local_copy_verified:data/calibration_v1,cc-by-nc,"(c) Antje Tousseyn, some rights reserved (CC BY-NC)",b1ec700480dbed1b56aa612c3699739b11cdee1bd21aea3bfc691954f60f2caf,155337,500,375,calibration_v1_reuse,calibration_v1,83a80351f8ac65e89ea6124ac7de6d2cb6a3c68efc1f33eb3ecc2eca8c5f63c0,845,679907789,29162da4-1861-4e9f-a2b0-d26a53132b14,b1ec700480dbed1b56aa612c3699739b11cdee1bd21aea3bfc691954f60f2caf,42418,Alcelaphus buselaphus,not_recorded_in_source,calibration_v1_reuse,local_copy_verified:data/calibration_v1,https://inaturalist-open-data.s3.amazonaws.com/photos/679907789/square.jpg
unrelated,Oreotragus oreotragus,oreotragus-oreotragus,42384,n/a_fresh_row,dc97ff46-f85e-4a2a-8304-34b5cb98ccc9,679909353,local_copy_verified:data/calibration_v1,cc-by-nc,"(c) Antje Tousseyn, some rights reserved (CC BY-NC)",c477204a5d42b917b3ca81b722045043e661644c283f5608f80299edc80de8f6,281143,500,375,calibration_v1_reuse,calibration_v1,83a80351f8ac65e89ea6124ac7de6d2cb6a3c68efc1f33eb3ecc2eca8c5f63c0,846,679909353,dc97ff46-f85e-4a2a-8304-34b5cb98ccc9,c477204a5d42b917b3ca81b722045043e661644c283f5608f80299edc80de8f6,42384,Oreotragus oreotragus,not_recorded_in_source,calibration_v1_reuse,local_copy_verified:data/calibration_v1,https://inaturalist-open-data.s3.amazonaws.com/photos/679909353/square.jpg
unrelated,Equus grevyi,equus-grevyi,43339,n/a_fresh_row,b64b5a9a-35c1-4a0b-b7f7-19340d96c614,679909810,local_copy_verified:data/calibration_v1,cc-by-nc,"(c) Antje Tousseyn, some rights reserved (CC BY-NC)",02a5fc1206ec6c5a431c9c10f0648dc55ab8be957d608b600dae97eb0bafe884,237075,500,375,calibration_v1_reuse,calibration_v1,83a80351f8ac65e89ea6124ac7de6d2cb6a3c68efc1f33eb3ecc2eca8c5f63c0,847,679909810,b64b5a9a-35c1-4a0b-b7f7-19340d96c614,02a5fc1206ec6c5a431c9c10f0648dc55ab8be957d608b600dae97eb0bafe884,43339,Equus grevyi,not_recorded_in_source,calibration_v1_reuse,local_copy_verified:data/calibration_v1,https://inaturalist-open-data.s3.amazonaws.com/photos/679909810/square.jpg
unrelated,Mus musculus,mus-musculus,44705,n/a_fresh_row,36efdb33-bfce-44a9-b1f4-6687d2ba58ee,679909840,local_copy_verified:data/calibration_v1,cc-by-nc,"(c) Timothy Van strijp, some rights reserved (CC BY-NC)",a88de8c0c596d87881d102aae12faec5bb798b94af8720b1b6e234283a0ab98b,188211,375,500,calibration_v1_reuse,calibration_v1,83a80351f8ac65e89ea6124ac7de6d2cb6a3c68efc1f33eb3ecc2eca8c5f63c0,848,679909840,36efdb33-bfce-44a9-b1f4-6687d2ba58ee,a88de8c0c596d87881d102aae12faec5bb798b94af8720b1b6e234283a0ab98b,44705,Mus musculus,not_recorded_in_source,calibration_v1_reuse,local_copy_verified:data/calibration_v1,https://inaturalist-open-data.s3.amazonaws.com/photos/679909840/square.jpg
unrelated,Loxodonta africana,loxodonta-africana,43694,n/a_fresh_row,3f0dd381-307b-4740-8363-e3a71bca2f12,679910945,local_copy_verified:data/calibration_v1,cc-by-nc,"(c) Antje Tousseyn, some rights reserved (CC BY-NC)",a79c7f5b2bafed8ad984d15e17bc21e599129da0f543fb2e8dd403fe82425b8d,305280,500,375,calibration_v1_reuse,calibration_v1,83a80351f8ac65e89ea6124ac7de6d2cb6a3c68efc1f33eb3ecc2eca8c5f63c0,849,679910945,3f0dd381-307b-4740-8363-e3a71bca2f12,a79c7f5b2bafed8ad984d15e17bc21e599129da0f543fb2e8dd403fe82425b8d,43694,Loxodonta africana,not_recorded_in_source,calibration_v1_reuse,local_copy_verified:data/calibration_v1,https://inaturalist-open-data.s3.amazonaws.com/photos/679910945/square.jpg
unrelated,Megaptera novaeangliae,megaptera-novaeangliae,41566,n/a_fresh_row,d8bcd99c-8e25-4421-95be-2c7d02834719,679911313,local_copy_verified:data/calibration_v1,cc-by-nc,"(c) Jeff Giddins, some rights reserved (CC BY-NC)",9ca8960833d381223b461bab255514be30dd759b05c636ee1ea5957b9240dce7,48352,500,280,calibration_v1_reuse,calibration_v1,83a80351f8ac65e89ea6124ac7de6d2cb6a3c68efc1f33eb3ecc2eca8c5f63c0,850,679911313,d8bcd99c-8e25-4421-95be-2c7d02834719,9ca8960833d381223b461bab255514be30dd759b05c636ee1ea5957b9240dce7,41566,Megaptera novaeangliae,not_recorded_in_source,calibration_v1_reuse,local_copy_verified:data/calibration_v1,https://inaturalist-open-data.s3.amazonaws.com/photos/679911313/square.jpg
unrelated,Phascolarctos cinereus,phascolarctos-cinereus,42983,n/a_fresh_row,24027fb0-2ffc-4061-b45a-ab5e1ae2c6ee,679915253,local_copy_verified:data/calibration_v1,cc-by-nc,"(c) Patrick Strötzel, some rights reserved (CC BY-NC)",4bd406e1451b3d2df0744adb7d884b004d2dcc48197b4ef22d80da67588406d8,300368,400,500,calibration_v1_reuse,calibration_v1,83a80351f8ac65e89ea6124ac7de6d2cb6a3c68efc1f33eb3ecc2eca8c5f63c0,851,679915253,24027fb0-2ffc-4061-b45a-ab5e1ae2c6ee,4bd406e1451b3d2df0744adb7d884b004d2dcc48197b4ef22d80da67588406d8,42983,Phascolarctos cinereus,not_recorded_in_source,calibration_v1_reuse,local_copy_verified:data/calibration_v1,https://inaturalist-open-data.s3.amazonaws.com/photos/679915253/square.jpg
unrelated,Talpa europaea,talpa-europaea,46970,n/a_fresh_row,16db9fd7-9ded-41b0-aaf3-0c1ad0be37c3,679908414,local_copy_verified:data/calibration_v1,cc-by-nc,"(c) er_chiocciola, some rights reserved (CC BY-NC)",c15e6ece18364bf6f1fa4e654844f7041b95c040fcdf61d85da998ef15299603,109506,375,500,calibration_v1_reuse,calibration_v1,83a80351f8ac65e89ea6124ac7de6d2cb6a3c68efc1f33eb3ecc2eca8c5f63c0,852,679908414,16db9fd7-9ded-41b0-aaf3-0c1ad0be37c3,c15e6ece18364bf6f1fa4e654844f7041b95c040fcdf61d85da998ef15299603,46970,Talpa europaea,not_recorded_in_source,calibration_v1_reuse,local_copy_verified:data/calibration_v1,https://inaturalist-open-data.s3.amazonaws.com/photos/679908414/square.jpg
unrelated,Capreolus capreolus,capreolus-capreolus,42184,n/a_fresh_row,bc58d6f3-de66-441c-b818-c0b5fad53bf3,679911266,local_copy_verified:data/calibration_v1,cc-by-nc,"(c) er_chiocciola, some rights reserved (CC BY-NC)",88bbafc0927253981ea6e159e8e2a27c4a4c7ba1533dcb6353670858f84828d3,260647,500,333,calibration_v1_reuse,calibration_v1,83a80351f8ac65e89ea6124ac7de6d2cb6a3c68efc1f33eb3ecc2eca8c5f63c0,853,679911266,bc58d6f3-de66-441c-b818-c0b5fad53bf3,88bbafc0927253981ea6e159e8e2a27c4a4c7ba1533dcb6353670858f84828d3,42184,Capreolus capreolus,not_recorded_in_source,calibration_v1_reuse,local_copy_verified:data/calibration_v1,https://inaturalist-open-data.s3.amazonaws.com/photos/679911266/square.jpg
unrelated,Cervus elaphus,cervus-elaphus,204113,n/a_fresh_row,21718b93-5fe3-41dc-a11e-7e139ea587b3,679911300,local_copy_verified:data/calibration_v1,cc-by-nc,"(c) er_chiocciola, some rights reserved (CC BY-NC)",cda2b0cae82660a462c3e7087b2035dac173084381a3613d6965c6603b54cf22,286019,500,333,calibration_v1_reuse,calibration_v1,83a80351f8ac65e89ea6124ac7de6d2cb6a3c68efc1f33eb3ecc2eca8c5f63c0,854,679911300,21718b93-5fe3-41dc-a11e-7e139ea587b3,cda2b0cae82660a462c3e7087b2035dac173084381a3613d6965c6603b54cf22,204113,Cervus elaphus,not_recorded_in_source,calibration_v1_reuse,local_copy_verified:data/calibration_v1,https://inaturalist-open-data.s3.amazonaws.com/photos/679911300/square.jpg
unrelated,Capreolus capreolus,capreolus-capreolus,42184,n/a_fresh_row,97ec5363-f007-4fc7-be34-d3df9ec9a9e0,679911327,local_copy_verified:data/calibration_v1,cc-by-nc,"(c) er_chiocciola, some rights reserved (CC BY-NC)",df1c704a7b2e9e0f5647ab4983cd2428fe9f08f873f7b4e6fe44c3caa5e8628e,187489,500,333,calibration_v1_reuse,calibration_v1,83a80351f8ac65e89ea6124ac7de6d2cb6a3c68efc1f33eb3ecc2eca8c5f63c0,855,679911327,97ec5363-f007-4fc7-be34-d3df9ec9a9e0,df1c704a7b2e9e0f5647ab4983cd2428fe9f08f873f7b4e6fe44c3caa5e8628e,42184,Capreolus capreolus,not_recorded_in_source,calibration_v1_reuse,local_copy_verified:data/calibration_v1,https://inaturalist-open-data.s3.amazonaws.com/photos/679911327/square.jpg
unrelated,Sus scrofa,sus-scrofa,42134,n/a_fresh_row,e9b24ff1-fbf1-48a1-9074-fa0804784bad,679911740,local_copy_verified:data/calibration_v1,cc-by-nc,"(c) er_chiocciola, some rights reserved (CC BY-NC)",ae1dd94264d2963fafec48cab637610043f718662d4a49bb4b5547a59ca84a5d,267713,500,333,calibration_v1_reuse,calibration_v1,83a80351f8ac65e89ea6124ac7de6d2cb6a3c68efc1f33eb3ecc2eca8c5f63c0,856,679911740,e9b24ff1-fbf1-48a1-9074-fa0804784bad,ae1dd94264d2963fafec48cab637610043f718662d4a49bb4b5547a59ca84a5d,42134,Sus scrofa,not_recorded_in_source,calibration_v1_reuse,local_copy_verified:data/calibration_v1,https://inaturalist-open-data.s3.amazonaws.com/photos/679911740/square.jpg
known_holdout,Anoplolepis custodiens,anoplolepis-custodiens,426275,9432025,d931fdfd-3905-4fc2-93b9-e2842e2562f8,12820494,https://inaturalist-open-data.s3.amazonaws.com/photos/12820494/large.jpeg,cc-by,"(c) Shaun Swanepoel, some rights reserved (CC BY)",6f0c6105fae2c36ca7c28c0c1cd50416cfe0348eb4738b55fed88452fe6ba9f0,176203,1024,577,inat_api_gate_v2_readiness,n/a_fresh_row,n/a_fresh_row,n/a_fresh_row,n/a_fresh_row,n/a_fresh_row,n/a_fresh_row,426275,Anoplolepis custodiens,species,network,https://inaturalist-open-data.s3.amazonaws.com/photos/12820494/square.jpeg,n/a_fresh_row
known_holdout,Anoplolepis custodiens,anoplolepis-custodiens,426275,10803199,82991eab-fe1b-49e0-a354-90f6f4419f9a,15124129,https://inaturalist-open-data.s3.amazonaws.com/photos/15124129/large.jpg,cc-by-sa,"(c) Charles Stirton, some rights reserved (CC BY-SA)",d55bd72c106b1fce9286eafbeb66660c1f93640b93023d99442f84149f6958a8,395213,1024,681,inat_api_gate_v2_readiness,n/a_fresh_row,n/a_fresh_row,n/a_fresh_row,n/a_fresh_row,n/a_fresh_row,n/a_fresh_row,426275,Anoplolepis custodiens,species,network,https://inaturalist-open-data.s3.amazonaws.com/photos/15124129/square.jpg,n/a_fresh_row
known_holdout,Anoplolepis custodiens,anoplolepis-custodiens,426275,9519913,9f4ad478-a4e1-4a1a-84da-6f169095cbb0,12978494,https://inaturalist-open-data.s3.amazonaws.com/photos/12978494/large.jpg,cc-by-nc,"(c) Johan Pretorius, some rights reserved (CC BY-NC)",1215f03c775325cd356a01a79e7d6569bcdd330bf7be1f74389e7b3d7f63dea3,825068,1024,683,inat_api_gate_v2_readiness,n/a_fresh_row,n/a_fresh_row,n/a_fresh_row,n/a_fresh_row,n/a_fresh_row,n/a_fresh_row,426275,Anoplolepis custodiens,species,network,https://inaturalist-open-data.s3.amazonaws.com/photos/12978494/square.jpg,n/a_fresh_row
known_holdout,Anoplolepis custodiens,anoplolepis-custodiens,426275,10818141,3bd32e89-6ac6-4e0d-a1b0-57be6bece943,15153511,https://inaturalist-open-data.s3.amazonaws.com/photos/15153511/large.jpg,cc-by-sa,"(c) magriet b, some rights reserved (CC BY-SA)",5b80f70c5387721db4a57bdd7328cc135e700231ff91d89545692853fb5a4698,551005,1024,819,inat_api_gate_v2_readiness,n/a_fresh_row,n/a_fresh_row,n/a_fresh_row,n/a_fresh_row,n/a_fresh_row,n/a_fresh_row,426275,Anoplolepis custodiens,species,network,https://inaturalist-open-data.s3.amazonaws.com/photos/15153511/square.jpg,n/a_fresh_row
known_holdout,Anoplolepis custodiens,anoplolepis-custodiens,426275,768012,cb1f8e5e-aad9-4b01-b207-28cb2f6b90d0,965258,https://inaturalist-open-data.s3.amazonaws.com/photos/965258/large.jpg,cc-by,"(c) i_c_riddell, some rights reserved (CC BY)",fe6f4e3e0e345ac4e860022562e30fe0831e90d4445af58717b3e34ee92aaa59,423254,864,864,inat_api_gate_v2_readiness,n/a_fresh_row,n/a_fresh_row,n/a_fresh_row,n/a_fresh_row,n/a_fresh_row,n/a_fresh_row,426275,Anoplolepis custodiens,species,network,https://inaturalist-open-data.s3.amazonaws.com/photos/965258/square.jpg,n/a_fresh_row
known_holdout,Anoplolepis custodiens,anoplolepis-custodiens,426275,9519934,4ed74f29-48a2-4024-8c09-fd3e6720b1cd,12978532,https://inaturalist-open-data.s3.amazonaws.com/photos/12978532/large.jpg,cc-by-nc,"(c) Johan Pretorius, some rights reserved (CC BY-NC)",3340ca7e001f92a90261c7fd625df6a634742777ff9e74b9a409779c9bcc6e3b,807934,1024,683,inat_api_gate_v2_readiness,n/a_fresh_row,n/a_fresh_row,n/a_fresh_row,n/a_fresh_row,n/a_fresh_row,n/a_fresh_row,426275,Anoplolepis custodiens,species,network,https://inaturalist-open-data.s3.amazonaws.com/photos/12978532/square.jpg,n/a_fresh_row
known_holdout,Anoplolepis custodiens,anoplolepis-custodiens,426275,10870927,c96d9be2-199e-43d8-91d9-74c1cde29092,15259947,https://inaturalist-open-data.s3.amazonaws.com/photos/15259947/large.jpg,cc-by-sa,"(c) Tony Rebelo, some rights reserved (CC BY-SA)",7a0f013d8424d75074ed08e0b94ccd50cde5664daaf1297d1fb9d7d8ac358038,155616,1024,794,inat_api_gate_v2_readiness,n/a_fresh_row,n/a_fresh_row,n/a_fresh_row,n/a_fresh_row,n/a_fresh_row,n/a_fresh_row,426275,Anoplolepis custodiens,species,network,https://inaturalist-open-data.s3.amazonaws.com/photos/15259947/square.jpg,n/a_fresh_row
known_holdout,Anoplolepis custodiens,anoplolepis-custodiens,426275,10702947,9c493fe5-b213-445c-b7a1-0ce8f33b60e2,14948429,https://inaturalist-open-data.s3.amazonaws.com/photos/14948429/large.jpg,cc-by-nc,"(c) Johan Pretorius, some rights reserved (CC BY-NC)",da15d9a073064b219e86548682163cb47f0a0e14504ea4224cad9113010509b5,728807,1024,683,inat_api_gate_v2_readiness,n/a_fresh_row,n/a_fresh_row,n/a_fresh_row,n/a_fresh_row,n/a_fresh_row,n/a_fresh_row,426275,Anoplolepis custodiens,species,network,https://inaturalist-open-data.s3.amazonaws.com/photos/14948429/square.jpg,n/a_fresh_row
known_holdout,Anoplolepis custodiens,anoplolepis-custodiens,426275,8977581,e8cf421a-e703-4c39-8ebd-3c6c41b81d58,12108058,https://inaturalist-open-data.s3.amazonaws.com/photos/12108058/large.jpg,cc-by-nc,"(c) Peter Slingsby, some rights reserved (CC BY-NC)",c094482c8a5cbf643183e9a215bbc10f083ab1af87f6570e02b91c15e904daa8,734657,800,600,inat_api_gate_v2_readiness,n/a_fresh_row,n/a_fresh_row,n/a_fresh_row,n/a_fresh_row,n/a_fresh_row,n/a_fresh_row,426275,Anoplolepis custodiens,species,network,https://inaturalist-open-data.s3.amazonaws.com/photos/12108058/square.jpg,n/a_fresh_row
known_holdout,Anoplolepis custodiens,anoplolepis-custodiens,426275,9903896,c7dcbe4a-efaa-4f4b-a90d-02e26f7a2e5d,13581819,https://inaturalist-open-data.s3.amazonaws.com/photos/13581819/large.jpeg,cc-by-nc,"(c) Andrew Massyn, some rights reserved (CC BY-NC)",e0958b7cc0f6fea6296ec5915413a7e4c762ac7de96057340c0f7793e3b7b995,291899,892,689,inat_api_gate_v2_readiness,n/a_fresh_row,n/a_fresh_row,n/a_fresh_row,n/a_fresh_row,n/a_fresh_row,n/a_fresh_row,426275,Anoplolepis custodiens,species,network,https://inaturalist-open-data.s3.amazonaws.com/photos/13581819/square.jpeg,n/a_fresh_row
known_holdout,Anoplolepis gracilipes,anoplolepis-gracilipes,123386,1992682,99316cfa-53b1-43c1-8920-16e89cdc2bb4,2428664,https://inaturalist-open-data.s3.amazonaws.com/photos/2428664/large.jpg,cc-by-nc,"(c) amiyasu_mj, some rights reserved (CC BY-NC)",1ea99dcca0e0b76e2ce5d0aa2e89df8f3441cb38f2c9a98708db00838f7de3e0,430295,768,1024,inat_api_gate_v2_readiness,n/a_fresh_row,n/a_fresh_row,n/a_fresh_row,n/a_fresh_row,n/a_fresh_row,n/a_fresh_row,123386,Anoplolepis gracilipes,species,network,https://inaturalist-open-data.s3.amazonaws.com/photos/2428664/square.jpg,n/a_fresh_row
known_holdout,Anoplolepis gracilipes,anoplolepis-gracilipes,123386,2732310,8c9d1b80-0b0d-4fa9-a9c8-a52ce0e39543,3082564,https://inaturalist-open-data.s3.amazonaws.com/photos/3082564/large.jpg,cc-by,"(c) Justin Johnsen, some rights reserved (CC BY)",5d13414aee438c01c883b861dcf245805e29f3b68435c9e849014667d60667a4,271451,1024,553,inat_api_gate_v2_readiness,n/a_fresh_row,n/a_fresh_row,n/a_fresh_row,n/a_fresh_row,n/a_fresh_row,n/a_fresh_row,123386,Anoplolepis gracilipes,species,network,https://inaturalist-open-data.s3.amazonaws.com/photos/3082564/square.jpg,n/a_fresh_row
known_holdout,Anoplolepis gracilipes,anoplolepis-gracilipes,123386,1992907,b83710b6-86b3-4bb3-9466-8bce4cb6a540,2428904,https://inaturalist-open-data.s3.amazonaws.com/photos/2428904/large.jpg,cc-by-nc,"(c) Charlotte Chan, some rights reserved (CC BY-NC)",0ea33ead547b310473fecd051e894751677fda9ff85deaaa2f0c24df5b7adb2b,862669,768,1024,inat_api_gate_v2_readiness,n/a_fresh_row,n/a_fresh_row,n/a_fresh_row,n/a_fresh_row,n/a_fresh_row,n/a_fresh_row,123386,Anoplolepis gracilipes,species,network,https://inaturalist-open-data.s3.amazonaws.com/photos/2428904/square.jpg,n/a_fresh_row
known_holdout,Anoplolepis gracilipes,anoplolepis-gracilipes,123386,2777724,2f9c3cf4-12fe-4a02-b200-a0a4c149fc21,3147359,https://inaturalist-open-data.s3.amazonaws.com/photos/3147359/large.jpg,cc-by-nc,"(c) Robin Gwen Agarwal, some rights reserved (CC BY-NC)",aca8fadc51b9ba4bfaa3a0c8428ec04c5484c48749030579a12893ae000b9d08,740662,775,1024,inat_api_gate_v2_readiness,n/a_fresh_row,n/a_fresh_row,n/a_fresh_row,n/a_fresh_row,n/a_fresh_row,n/a_fresh_row,123386,Anoplolepis gracilipes,species,network,https://inaturalist-open-data.s3.amazonaws.com/photos/3147359/square.jpg,n/a_fresh_row
known_holdout,Anoplolepis gracilipes,anoplolepis-gracilipes,123386,3076,b437c18d-a98e-4583-9d36-fb5f17b8b6a0,4436,https://inaturalist-open-data.s3.amazonaws.com/photos/4436/large.jpg,cc-by-nc-sa,"(c) Vishal Bhave, some rights reserved (CC BY-NC-SA)",586aed3edb438a0692f037d5f64fa035e7ec9565faadf6f27be97511ebf1441b,202250,1024,685,inat_api_gate_v2_readiness,n/a_fresh_row,n/a_fresh_row,n/a_fresh_row,n/a_fresh_row,n/a_fresh_row,n/a_fresh_row,123386,Anoplolepis gracilipes,species,network,https://inaturalist-open-data.s3.amazonaws.com/photos/4436/square.jpg,n/a_fresh_row
known_holdout,Anoplolepis gracilipes,anoplolepis-gracilipes,123386,2019094,636aae9c-2ec0-4d08-97e2-bcff839866f3,2460413,https://inaturalist-open-data.s3.amazonaws.com/photos/2460413/large.jpg,cc-by-nc,"(c) Benjamin K Maples, some rights reserved (CC BY-NC)",096bcb4f92fb3932c5e00cd06f3625f2d075399426fabb9e9cd843cd32255f98,192322,1024,799,inat_api_gate_v2_readiness,n/a_fresh_row,n/a_fresh_row,n/a_fresh_row,n/a_fresh_row,n/a_fresh_row,n/a_fresh_row,123386,Anoplolepis gracilipes,species,network,https://inaturalist-open-data.s3.amazonaws.com/photos/2460413/square.jpg,n/a_fresh_row
known_holdout,Anoplolepis gracilipes,anoplolepis-gracilipes,123386,4259453,6f6404ef-d359-43a6-9584-a1879cb4393b,5097369,https://inaturalist-open-data.s3.amazonaws.com/photos/5097369/large.jpg,cc-by-nc,"(c) nurayn, some rights reserved (CC BY-NC)",edc4d5eef9f1c625ef532fcd67655af69e2d22284d33085b4db1a8e69df5031c,364853,1024,767,inat_api_gate_v2_readiness,n/a_fresh_row,n/a_fresh_row,n/a_fresh_row,n/a_fresh_row,n/a_fresh_row,n/a_fresh_row,123386,Anoplolepis gracilipes,species,network,https://inaturalist-open-data.s3.amazonaws.com/photos/5097369/square.jpg,n/a_fresh_row
known_holdout,Anoplolepis gracilipes,anoplolepis-gracilipes,123386,2723963,686a0612-9da9-4ac2-8955-60d5d2786c7c,3073985,https://inaturalist-open-data.s3.amazonaws.com/photos/3073985/large.JPG,cc0,no rights reserved,fee6f5bc0d51b4dc4ca5c7912ec6c25a00e8c3af220ff582f48c039de5b489a9,257310,1024,948,inat_api_gate_v2_readiness,n/a_fresh_row,n/a_fresh_row,n/a_fresh_row,n/a_fresh_row,n/a_fresh_row,n/a_fresh_row,123386,Anoplolepis gracilipes,species,network,https://inaturalist-open-data.s3.amazonaws.com/photos/3073985/square.JPG,n/a_fresh_row
known_holdout,Anoplolepis gracilipes,anoplolepis-gracilipes,123386,1497325,8b921fe2-487a-423a-91cd-c5abb150ccc3,1854591,https://inaturalist-open-data.s3.amazonaws.com/photos/1854591/large.jpg,cc-by-nc,"(c) robertpeck, some rights reserved (CC BY-NC)",db82505aea78dceea805967f5ea46235b926183c8b773e61193561ee6f854011,322963,576,1024,inat_api_gate_v2_readiness,n/a_fresh_row,n/a_fresh_row,n/a_fresh_row,n/a_fresh_row,n/a_fresh_row,n/a_fresh_row,123386,Anoplolepis gracilipes,species,network,https://inaturalist-open-data.s3.amazonaws.com/photos/1854591/square.jpg,n/a_fresh_row
known_holdout,Anoplolepis gracilipes,anoplolepis-gracilipes,123386,2019202,b978515e-66d0-490b-a2e9-79b6f78b86bd,2460534,https://inaturalist-open-data.s3.amazonaws.com/photos/2460534/large.jpg,cc-by-nc,"(c) Benjamin K Maples, some rights reserved (CC BY-NC)",aff180dd790de734dd520a3425fcfbcb33fa2036b9fb1a44dd3d54aa8aaefefd,265367,788,1024,inat_api_gate_v2_readiness,n/a_fresh_row,n/a_fresh_row,n/a_fresh_row,n/a_fresh_row,n/a_fresh_row,n/a_fresh_row,123386,Anoplolepis gracilipes,species,network,https://inaturalist-open-data.s3.amazonaws.com/photos/2460534/square.jpg,n/a_fresh_row
known_holdout,Aphaenogaster rudis,aphaenogaster-rudis,213893,15708161,baa47f05-9c9a-4f8a-ac38-2e110f2ae9eb,23448143,https://inaturalist-open-data.s3.amazonaws.com/photos/23448143/large.jpg,cc-by-nc,"(c) Sequoia Janirella Wrens, some rights reserved (CC BY-NC)",5e3bc17d188513f4e58b31a55a74dd7cac3958e59efca1b5dfc80b221238cba8,169146,492,1024,inat_api_gate_v2_readiness,n/a_fresh_row,n/a_fresh_row,n/a_fresh_row,n/a_fresh_row,n/a_fresh_row,n/a_fresh_row,213893,Aphaenogaster rudis,species,network,https://inaturalist-open-data.s3.amazonaws.com/photos/23448143/square.jpg,n/a_fresh_row
known_holdout,Aphaenogaster rudis,aphaenogaster-rudis,213893,37801605,6744610b-d83f-423c-a1ef-06200e4ed317,60000513,https://inaturalist-open-data.s3.amazonaws.com/photos/60000513/large.jpeg,cc-by,"(c) Mark Richman, some rights reserved (CC BY)",eb04dd35016b2c1780fbece79932fc1b23a453410575b2a2e863f71f2647679d,417453,768,1024,inat_api_gate_v2_readiness,n/a_fresh_row,n/a_fresh_row,n/a_fresh_row,n/a_fresh_row,n/a_fresh_row,n/a_fresh_row,213893,Aphaenogaster rudis,species,network,https://inaturalist-open-data.s3.amazonaws.com/photos/60000513/square.jpeg,n/a_fresh_row
known_holdout,Aphaenogaster rudis,aphaenogaster-rudis,213893,23241136,66c515a7-e11f-4ee8-9d7a-4c6ca1921ac5,36012978,https://inaturalist-open-data.s3.amazonaws.com/photos/36012978/large.jpg,cc-by,"(c) Carrie Seltzer, some rights reserved (CC BY)",9bd265af55a121755889fef5565ed3bf01800da76c98ab933e8f0b4369f62aab,233362,768,1024,inat_api_gate_v2_readiness,n/a_fresh_row,n/a_fresh_row,n/a_fresh_row,n/a_fresh_row,n/a_fresh_row,n/a_fresh_row,213893,Aphaenogaster rudis,species,network,https://inaturalist-open-data.s3.amazonaws.com/photos/36012978/square.jpg,n/a_fresh_row
known_holdout,Aphaenogaster rudis,aphaenogaster-rudis,213893,39552028,f8912ece-6074-415e-bd88-5a0ea0690a56,62760845,https://inaturalist-open-data.s3.amazonaws.com/photos/62760845/large.jpeg,cc-by,"(c) Mark Richman, some rights reserved (CC BY)",26d4b539e2b707b66c46839dc7611f92261d17524fc41992a87946c1e7890df2,588115,768,1024,inat_api_gate_v2_readiness,n/a_fresh_row,n/a_fresh_row,n/a_fresh_row,n/a_fresh_row,n/a_fresh_row,n/a_fresh_row,213893,Aphaenogaster rudis,species,network,https://inaturalist-open-data.s3.amazonaws.com/photos/62760845/square.jpeg,n/a_fresh_row
known_holdout,Aphaenogaster rudis,aphaenogaster-rudis,213893,911499,5dffa04a-e53a-4796-9aef-abeba34b5198,1162454,https://inaturalist-open-data.s3.amazonaws.com/photos/1162454/large.JPG,cc-by-nc,"(c) rprather, some rights reserved (CC BY-NC)",aa1a527709a65bcc6abd28671bd5ee4c917c47a534333fa68337a270d6071814,195692,1024,768,inat_api_gate_v2_readiness,n/a_fresh_row,n/a_fresh_row,n/a_fresh_row,n/a_fresh_row,n/a_fresh_row,n/a_fresh_row,213893,Aphaenogaster rudis,species,network,https://inaturalist-open-data.s3.amazonaws.com/photos/1162454/square.JPG,n/a_fresh_row
known_holdout,Aphaenogaster rudis,aphaenogaster-rudis,213893,23311172,4edde94b-f1f6-4746-8e7a-c1407964e971,36119508,https://inaturalist-open-data.s3.amazonaws.com/photos/36119508/large.jpg,cc-by-nc,"(c) Ken Rosenthal, some rights reserved (CC BY-NC)",5405b8fd74f64f8cc6e8fd6a9c0bce0ff46acbd08aa5b33e08f24ae71ec5321b,451348,768,1024,inat_api_gate_v2_readiness,n/a_fresh_row,n/a_fresh_row,n/a_fresh_row,n/a_fresh_row,n/a_fresh_row,n/a_fresh_row,213893,Aphaenogaster rudis,species,network,https://inaturalist-open-data.s3.amazonaws.com/photos/36119508/square.jpg,n/a_fresh_row
known_holdout,Aphaenogaster rudis,aphaenogaster-rudis,213893,40192112,7785fdcd-bd68-48ad-8646-2bb951111cbe,63841932,https://inaturalist-open-data.s3.amazonaws.com/photos/63841932/large.jpeg,cc-by,"(c) John Abrams, some rights reserved (CC BY)",7b50c8aa051cab3dca679e36b1ae3bde39c061bddba1c73e03e4c8b5e7b070ed,463447,1024,768,inat_api_gate_v2_readiness,n/a_fresh_row,n/a_fresh_row,n/a_fresh_row,n/a_fresh_row,n/a_fresh_row,n/a_fresh_row,213893,Aphaenogaster rudis,species,network,https://inaturalist-open-data.s3.amazonaws.com/photos/63841932/square.jpeg,n/a_fresh_row
known_holdout,Aphaenogaster rudis,aphaenogaster-rudis,213893,32910637,77edb736-ec3a-4b89-9fec-4d953a636fd8,51652405,https://inaturalist-open-data.s3.amazonaws.com/photos/51652405/large.jpg,cc-by-nc,"(c) elijahhines, some rights reserved (CC BY-NC)",81008a2f5319cd15c0b2227fa3a8d3c448d10e3500f56cedd1dfb4d51c0ac8c3,288042,1024,768,inat_api_gate_v2_readiness,n/a_fresh_row,n/a_fresh_row,n/a_fresh_row,n/a_fresh_row,n/a_fresh_row,n/a_fresh_row,213893,Aphaenogaster rudis,species,network,https://inaturalist-open-data.s3.amazonaws.com/photos/51652405/square.jpg,n/a_fresh_row
known_holdout,Aphaenogaster rudis,aphaenogaster-rudis,213893,5936881,c3ae525a-1ec3-4621-b855-0311d129c825,7410988,https://inaturalist-open-data.s3.amazonaws.com/photos/7410988/large.jpg,cc-by-nc,"(c) sienaschool, some rights reserved (CC BY-NC)",073493cba49e9f88b4de03394cbd4228c9c99d0b55509bcef90587dd395f9068,970014,768,1024,inat_api_gate_v2_readiness,n/a_fresh_row,n/a_fresh_row,n/a_fresh_row,n/a_fresh_row,n/a_fresh_row,n/a_fresh_row,213893,Aphaenogaster rudis,species,network,https://inaturalist-open-data.s3.amazonaws.com/photos/7410988/square.jpg,n/a_fresh_row
known_holdout,Aphaenogaster rudis,aphaenogaster-rudis,213893,27302654,1878afc4-e785-4221-ab7a-1788196741b6,42464858,https://inaturalist-open-data.s3.amazonaws.com/photos/42464858/large.jpg,cc-by,"(c) Carrie Seltzer, some rights reserved (CC BY)",045e8b81a55e3b60bf741a3be8827711abe61d0eb4b6f98c27893c5f1ca7d17c,402529,1024,874,inat_api_gate_v2_readiness,n/a_fresh_row,n/a_fresh_row,n/a_fresh_row,n/a_fresh_row,n/a_fresh_row,n/a_fresh_row,213893,Aphaenogaster rudis,species,network,https://inaturalist-open-data.s3.amazonaws.com/photos/42464858/square.jpg,n/a_fresh_row
known_holdout,Atta mexicana,atta-mexicana,300315,487522,3ee4e8c6-e2e6-4029-9183-4e95c9d84f86,616311,https://inaturalist-open-data.s3.amazonaws.com/photos/616311/large.JPG,cc-by,"(c) Francisco Farriols Sarabia, some rights reserved (CC BY)",1fc96e02beb4068af3021a166b8e7e5c0ca4519a3e2a8461a5f9b009d61fbb49,258293,792,594,inat_api_gate_v2_readiness,n/a_fresh_row,n/a_fresh_row,n/a_fresh_row,n/a_fresh_row,n/a_fresh_row,n/a_fresh_row,300315,Atta mexicana,species,network,https://inaturalist-open-data.s3.amazonaws.com/photos/616311/square.JPG,n/a_fresh_row
known_holdout,Atta mexicana,atta-mexicana,300315,1063672,e7d0ab26-65fd-4ced-98f5-de0cb4e712e5,1333418,https://inaturalist-open-data.s3.amazonaws.com/photos/1333418/large.JPG,cc-by,"(c) Francisco Farriols Sarabia, some rights reserved (CC BY)",3b975dfac7c16b0bb9808635d65d1730de9c32685e1c5dda43aa5b7fd552b0e3,625844,1024,768,inat_api_gate_v2_readiness,n/a_fresh_row,n/a_fresh_row,n/a_fresh_row,n/a_fresh_row,n/a_fresh_row,n/a_fresh_row,300315,Atta mexicana,species,network,https://inaturalist-open-data.s3.amazonaws.com/photos/1333418/square.JPG,n/a_fresh_row
known_holdout,Atta mexicana,atta-mexicana,300315,494891,1a130bc1-5e5f-495d-aaf4-0ea2f64252f4,626483,https://inaturalist-open-data.s3.amazonaws.com/photos/626483/large.JPG,cc-by,"(c) Francisco Farriols Sarabia, some rights reserved (CC BY)",1667baca5201884f1c00d7831a6e4448c213531f5d16a3ccf5733ee9a8959687,613953,1024,768,inat_api_gate_v2_readiness,n/a_fresh_row,n/a_fresh_row,n/a_fresh_row,n/a_fresh_row,n/a_fresh_row,n/a_fresh_row,300315,Atta mexicana,species,network,https://inaturalist-open-data.s3.amazonaws.com/photos/626483/square.JPG,n/a_fresh_row
known_holdout,Atta mexicana,atta-mexicana,300315,1156121,22f391d3-3d0b-47c6-b818-08b55f6cd13c,1457112,https://inaturalist-open-data.s3.amazonaws.com/photos/1457112/large.jpg,cc-by-nc,"(c) eliphaleth, some rights reserved (CC BY-NC)",c0ef384bbd9b88753b1e699310b7aa737b59354931e6b33e2360c259ca28b241,370294,1024,681,inat_api_gate_v2_readiness,n/a_fresh_row,n/a_fresh_row,n/a_fresh_row,n/a_fresh_row,n/a_fresh_row,n/a_fresh_row,300315,Atta mexicana,species,network,https://inaturalist-open-data.s3.amazonaws.com/photos/1457112/square.jpg,n/a_fresh_row
known_holdout,Atta mexicana,atta-mexicana,300315,314672,4f546b92-2b89-4305-b8b2-0ceb8e3accd1,390782,https://inaturalist-open-data.s3.amazonaws.com/photos/390782/large.jpg,cc-by-nc,"(c) Mextli Peralta, some rights reserved (CC BY-NC)",641acce27fd35d20a5fcc4603f627c3b9f3e806d8848a64a7f9047ef210d7935,855980,1024,768,inat_api_gate_v2_readiness,n/a_fresh_row,n/a_fresh_row,n/a_fresh_row,n/a_fresh_row,n/a_fresh_row,n/a_fresh_row,300315,Atta mexicana,species,network,https://inaturalist-open-data.s3.amazonaws.com/photos/390782/square.jpg,n/a_fresh_row
known_holdout,Atta mexicana,atta-mexicana,300315,504657,6e9a765b-6c68-46a0-9910-b506c0d9f173,642568,https://inaturalist-open-data.s3.amazonaws.com/photos/642568/large.JPG,cc-by-sa,"(c) Juan Cruzado Cortés, some rights reserved (CC BY-SA)",b801a8361d6016ec94f1c4b94ce2bade482796e995eeae7ca26efbc6e45e4649,356138,1024,683,inat_api_gate_v2_readiness,n/a_fresh_row,n/a_fresh_row,n/a_fresh_row,n/a_fresh_row,n/a_fresh_row,n/a_fresh_row,300315,Atta mexicana,species,network,https://inaturalist-open-data.s3.amazonaws.com/photos/642568/square.JPG,n/a_fresh_row
known_holdout,Atta mexicana,atta-mexicana,300315,1596556,38724699-5e85-4f20-9940-00615011b8c3,1964764,https://inaturalist-open-data.s3.amazonaws.com/photos/1964764/large.jpg,cc-by-nc,"(c) Miguel Eq, some rights reserved (CC BY-NC)",27cd43ca5a889d218efbf6707f9c666129581866593a55ef3a82c657a71e0b28,163921,576,1024,inat_api_gate_v2_readiness,n/a_fresh_row,n/a_fresh_row,n/a_fresh_row,n/a_fresh_row,n/a_fresh_row,n/a_fresh_row,300315,Atta mexicana,species,network,https://inaturalist-open-data.s3.amazonaws.com/photos/1964764/square.jpg,n/a_fresh_row
known_holdout,Atta mexicana,atta-mexicana,300315,886400,fa44ae53-979c-4434-967f-9519276fd66c,1125605,https://inaturalist-open-data.s3.amazonaws.com/photos/1125605/large.jpg,cc-by-nc,"(c) Alfonso Gutiérrez Aldana, some rights reserved (CC BY-NC)",0f5f8263fc852402bc675ddfd12390d49f56d2a673237408ebd7e0e1088c8a67,608682,1024,682,inat_api_gate_v2_readiness,n/a_fresh_row,n/a_fresh_row,n/a_fresh_row,n/a_fresh_row,n/a_fresh_row,n/a_fresh_row,300315,Atta mexicana,species,network,https://inaturalist-open-data.s3.amazonaws.com/photos/1125605/square.jpg,n/a_fresh_row
known_holdout,Atta mexicana,atta-mexicana,300315,468132,21b197fc-173c-4ff2-84e3-96733f56d137,590626,https://inaturalist-open-data.s3.amazonaws.com/photos/590626/large.jpg,cc-by,"(c) Don Loarie, some rights reserved (CC BY)",10167f8938814db14e6066eb862ab83910496ed00c3bbeac78b579fec929bd06,205481,1024,764,inat_api_gate_v2_readiness,n/a_fresh_row,n/a_fresh_row,n/a_fresh_row,n/a_fresh_row,n/a_fresh_row,n/a_fresh_row,300315,Atta mexicana,species,network,https://inaturalist-open-data.s3.amazonaws.com/photos/590626/square.jpg,n/a_fresh_row
known_holdout,Atta mexicana,atta-mexicana,300315,516729,386d7268-5486-427f-824c-b4bbbd0115f3,658641,https://inaturalist-open-data.s3.amazonaws.com/photos/658641/large.JPG,cc-by-sa,"(c) Juan Cruzado Cortés, some rights reserved (CC BY-SA)",6c9abb2b4e5bc27bde0c969ec194b02f18a336380ee1523d5876713429457981,129248,1024,744,inat_api_gate_v2_readiness,n/a_fresh_row,n/a_fresh_row,n/a_fresh_row,n/a_fresh_row,n/a_fresh_row,n/a_fresh_row,300315,Atta mexicana,species,network,https://inaturalist-open-data.s3.amazonaws.com/photos/658641/square.JPG,n/a_fresh_row
known_holdout,Atta texana,atta-texana,151794,408891,7f61a58b-3746-40b4-8f82-4418d7eca99d,511420,https://inaturalist-open-data.s3.amazonaws.com/photos/511420/large.jpg,cc-by-nc,"(c) John Davis, some rights reserved (CC BY-NC)",b88852647c1d0413a4d2318c1411f28466f6f1b0987c34d94b92f5955cd685ac,329342,360,480,inat_api_gate_v2_readiness,n/a_fresh_row,n/a_fresh_row,n/a_fresh_row,n/a_fresh_row,n/a_fresh_row,n/a_fresh_row,151794,Atta texana,species,network,https://inaturalist-open-data.s3.amazonaws.com/photos/511420/square.jpg,n/a_fresh_row
known_holdout,Atta texana,atta-texana,151794,714640,6270c5c5-0c29-4f34-a551-c806c172d192,897869,https://inaturalist-open-data.s3.amazonaws.com/photos/897869/large.JPG,cc-by-nc,"(c) nathanwins, some rights reserved (CC BY-NC)",229a3ca6787cf4eaf597f3f8ee99b9d0d59b8d74ad1f8243de5ab9aa6bda4547,372309,1024,765,inat_api_gate_v2_readiness,n/a_fresh_row,n/a_fresh_row,n/a_fresh_row,n/a_fresh_row,n/a_fresh_row,n/a_fresh_row,151794,Atta texana,species,network,https://inaturalist-open-data.s3.amazonaws.com/photos/897869/square.JPG,n/a_fresh_row
known_holdout,Atta texana,atta-texana,151794,424385,eaa71e9e-e3f7-491c-be9c-870b72a98a84,534750,https://inaturalist-open-data.s3.amazonaws.com/photos/534750/large.jpg,cc-by-nc,"(c) Mikael Behrens, some rights reserved (CC BY-NC)",9ecd466f492ef4d7e32b0c394dc9a1000b5279832a9876239ffd87975edb84e6,1245743,1024,768,inat_api_gate_v2_readiness,n/a_fresh_row,n/a_fresh_row,n/a_fresh_row,n/a_fresh_row,n/a_fresh_row,n/a_fresh_row,151794,Atta texana,species,network,https://inaturalist-open-data.s3.amazonaws.com/photos/534750/square.jpg,n/a_fresh_row
known_holdout,Atta texana,atta-texana,151794,1020396,76440001-c925-423e-a8cb-1d166ae61752,1261476,https://inaturalist-open-data.s3.amazonaws.com/photos/1261476/large.jpg,cc-by,"(c) Laura Clark, some rights reserved (CC BY)",4f4dbe03736b45d1899965a2a957b939b606498bce3c100a57e836c80900c612,375169,426,568,inat_api_gate_v2_readiness,n/a_fresh_row,n/a_fresh_row,n/a_fresh_row,n/a_fresh_row,n/a_fresh_row,n/a_fresh_row,151794,Atta texana,species,network,https://inaturalist-open-data.s3.amazonaws.com/photos/1261476/square.jpg,n/a_fresh_row
known_holdout,Atta texana,atta-texana,151794,122136,845da1e8-2443-4a9b-a0a2-68600fb07985,174245,https://inaturalist-open-data.s3.amazonaws.com/photos/174245/large.JPG,cc-by-nc,"(c) Jennifer Rycenga, some rights reserved (CC BY-NC)",fe4d3e5675f0bd4b5f584f89b539d5e47440194c62aaede7fbe87de518e1536f,147077,514,1024,inat_api_gate_v2_readiness,n/a_fresh_row,n/a_fresh_row,n/a_fresh_row,n/a_fresh_row,n/a_fresh_row,n/a_fresh_row,151794,Atta texana,species,network,https://inaturalist-open-data.s3.amazonaws.com/photos/174245/square.JPG,n/a_fresh_row
known_holdout,Atta texana,atta-texana,151794,463126,2b4f0f65-36de-4102-b5aa-a2222c6085a7,584137,https://inaturalist-open-data.s3.amazonaws.com/photos/584137/large.JPG,cc-by-nc,"(c) sth_environmental_science, some rights reserved (CC BY-NC)",82cdbf4e6b3bc39515d0c0b4940c48fc29248ba78af2bda16ad125968abadf7a,358071,1024,768,inat_api_gate_v2_readiness,n/a_fresh_row,n/a_fresh_row,n/a_fresh_row,n/a_fresh_row,n/a_fresh_row,n/a_fresh_row,151794,Atta texana,species,network,https://inaturalist-open-data.s3.amazonaws.com/photos/584137/square.JPG,n/a_fresh_row
known_holdout,Atta texana,atta-texana,151794,1248356,64105d4a-978f-4b1f-beb6-371ad3fe952a,1566950,https://inaturalist-open-data.s3.amazonaws.com/photos/1566950/large.jpg,cc-by-nc,"(c) Rachael Brown, some rights reserved (CC BY-NC)",c3cc44aea6773e5746a51760e871742bc91e4bd6a26eec3adc8095b5362cc94e,937799,999,610,inat_api_gate_v2_readiness,n/a_fresh_row,n/a_fresh_row,n/a_fresh_row,n/a_fresh_row,n/a_fresh_row,n/a_fresh_row,151794,Atta texana,species,network,https://inaturalist-open-data.s3.amazonaws.com/photos/1566950/square.jpg,n/a_fresh_row
known_holdout,Atta texana,atta-texana,151794,600062,4be3335d-4601-459c-ba57-aa197b0e64ba,755551,https://inaturalist-open-data.s3.amazonaws.com/photos/755551/large.JPG,cc-by,"(c) CH Hemphill, some rights reserved (CC BY)",e5d8c61597e6aa07db5c68d9ae458717261cde2e4d74b6bdc62b20d051bd4d24,220725,1024,768,inat_api_gate_v2_readiness,n/a_fresh_row,n/a_fresh_row,n/a_fresh_row,n/a_fresh_row,n/a_fresh_row,n/a_fresh_row,151794,Atta texana,species,network,https://inaturalist-open-data.s3.amazonaws.com/photos/755551/square.JPG,n/a_fresh_row
known_holdout,Atta texana,atta-texana,151794,407107,43aa6da5-f7ee-4b69-8dc9-cb31206a0028,509249,https://inaturalist-open-data.s3.amazonaws.com/photos/509249/large.jpg,cc-by-nc,"(c) Cullen Hanks, some rights reserved (CC BY-NC)",92c9b4339ca8131c590565cf7aea13afc7e062d0c5350ca16eafba01eefd2bdf,430172,426,568,inat_api_gate_v2_readiness,n/a_fresh_row,n/a_fresh_row,n/a_fresh_row,n/a_fresh_row,n/a_fresh_row,n/a_fresh_row,151794,Atta texana,species,network,https://inaturalist-open-data.s3.amazonaws.com/photos/509249/square.jpg,n/a_fresh_row
known_holdout,Atta texana,atta-texana,151794,471373,1c734b6d-7cfb-4424-9e55-2dcb7fce827b,594175,https://inaturalist-open-data.s3.amazonaws.com/photos/594175/large.JPG,cc-by-nc,"(c) Linda Jo Conn, some rights reserved (CC BY-NC)",95b895e5b906e51119af1f44bf5d20f35fdc9f8631a678a2f24aeafa9f04c17b,232989,1024,576,inat_api_gate_v2_readiness,n/a_fresh_row,n/a_fresh_row,n/a_fresh_row,n/a_fresh_row,n/a_fresh_row,n/a_fresh_row,151794,Atta texana,species,network,https://inaturalist-open-data.s3.amazonaws.com/photos/594175/square.JPG,n/a_fresh_row
known_holdout,Brachymyrmex patagonicus,brachymyrmex-patagonicus,356419,3899593,17132b94-55fe-471b-9b21-9c4cb0627555,4581884,https://inaturalist-open-data.s3.amazonaws.com/photos/4581884/large.jpeg,cc-by-nc,"(c) bdodson42, some rights reserved (CC BY-NC)",6b1655a41a2ec194398ef9c2153955159bd635f3da708f2796bc754c3824eb2c,289605,576,1024,inat_api_gate_v2_readiness,n/a_fresh_row,n/a_fresh_row,n/a_fresh_row,n/a_fresh_row,n/a_fresh_row,n/a_fresh_row,356419,Brachymyrmex patagonicus,species,network,https://inaturalist-open-data.s3.amazonaws.com/photos/4581884/square.jpeg,n/a_fresh_row
known_holdout,Brachymyrmex patagonicus,brachymyrmex-patagonicus,356419,5165597,05dcb752-7f11-4aea-8522-fee977887997,6367547,https://inaturalist-open-data.s3.amazonaws.com/photos/6367547/large.jpg,cc-by-sa,"(c) Meghan Cassidy, some rights reserved (CC BY-SA)",62a4b2563af993d01813aaf4e0ad4e8f0dab7f3fc893ace7b587f80053578ad1,854418,792,1024,inat_api_gate_v2_readiness,n/a_fresh_row,n/a_fresh_row,n/a_fresh_row,n/a_fresh_row,n/a_fresh_row,n/a_fresh_row,356419,Brachymyrmex patagonicus,species,network,https://inaturalist-open-data.s3.amazonaws.com/photos/6367547/square.jpg,n/a_fresh_row
known_holdout,Brachymyrmex patagonicus,brachymyrmex-patagonicus,356419,3913102,b2c1a9d3-89cc-4ea0-bd1e-e41349a8df0d,4601767,https://inaturalist-open-data.s3.amazonaws.com/photos/4601767/large.jpg,cc-by-nc,"(c) jamit33, some rights reserved (CC BY-NC)",e0b748a6c5e80b779868b902649f36c80abeedccd5f4d63b240cda5653e422e2,654118,768,1024,inat_api_gate_v2_readiness,n/a_fresh_row,n/a_fresh_row,n/a_fresh_row,n/a_fresh_row,n/a_fresh_row,n/a_fresh_row,356419,Brachymyrmex patagonicus,species,network,https://inaturalist-open-data.s3.amazonaws.com/photos/4601767/square.jpg,n/a_fresh_row
known_holdout,Brachymyrmex patagonicus,brachymyrmex-patagonicus,356419,5483288,1215f34c-e1f5-44bc-90c4-076c4ed5d62f,6753622,https://inaturalist-open-data.s3.amazonaws.com/photos/6753622/large.jpg,cc-by-sa,"(c) Meghan Cassidy, some rights reserved (CC BY-SA)",fe6deba28ab98de694807a75ef1971a9dfa59331754a318eeeddd742d8a0b5f6,673554,791,1024,inat_api_gate_v2_readiness,n/a_fresh_row,n/a_fresh_row,n/a_fresh_row,n/a_fresh_row,n/a_fresh_row,n/a_fresh_row,356419,Brachymyrmex patagonicus,species,network,https://inaturalist-open-data.s3.amazonaws.com/photos/6753622/square.jpg,n/a_fresh_row
known_holdout,Brachymyrmex patagonicus,brachymyrmex-patagonicus,356419,5483345,0bdbc047-834f-48f6-9941-c61c473739a0,6753735,https://inaturalist-open-data.s3.amazonaws.com/photos/6753735/large.jpg,cc-by-sa,"(c) Meghan Cassidy, some rights reserved (CC BY-SA)",68a0cc1c7a774a6fbb8e86fa55d5dcf08a6b7b4e466ee92ebc40201be3fd1a7c,668104,1024,732,inat_api_gate_v2_readiness,n/a_fresh_row,n/a_fresh_row,n/a_fresh_row,n/a_fresh_row,n/a_fresh_row,n/a_fresh_row,356419,Brachymyrmex patagonicus,species,network,https://inaturalist-open-data.s3.amazonaws.com/photos/6753735/square.jpg,n/a_fresh_row
known_holdout,Brachymyrmex patagonicus,brachymyrmex-patagonicus,356419,4304999,0c59f910-95dc-451d-acfe-bf324c98966b,5168610,https://inaturalist-open-data.s3.amazonaws.com/photos/5168610/large.jpg,cc0,no rights reserved,728f8b7e6191df43a185ba6cec5225ea8fffc5192a8a6d46e12108994599d70b,515005,892,797,inat_api_gate_v2_readiness,n/a_fresh_row,n/a_fresh_row,n/a_fresh_row,n/a_fresh_row,n/a_fresh_row,n/a_fresh_row,356419,Brachymyrmex patagonicus,species,network,https://inaturalist-open-data.s3.amazonaws.com/photos/5168610/square.jpg,n/a_fresh_row
known_holdout,Brachymyrmex patagonicus,brachymyrmex-patagonicus,356419,5635039,35aa89d9-7130-47f8-989d-f5aa11914b1e,6971024,https://inaturalist-open-data.s3.amazonaws.com/photos/6971024/large.jpg,cc-by-sa,"(c) Meghan Cassidy, some rights reserved (CC BY-SA)",8f61b6d3cd77d072e34df3fff7380b9a5efb56b7ed67872788dcec821764d2bf,665671,791,1024,inat_api_gate_v2_readiness,n/a_fresh_row,n/a_fresh_row,n/a_fresh_row,n/a_fresh_row,n/a_fresh_row,n/a_fresh_row,356419,Brachymyrmex patagonicus,species,network,https://inaturalist-open-data.s3.amazonaws.com/photos/6971024/square.jpg,n/a_fresh_row
known_holdout,Brachymyrmex patagonicus,brachymyrmex-patagonicus,356419,5151667,1f067468-a0d4-40f6-876d-239e36b3e5c3,6345877,https://inaturalist-open-data.s3.amazonaws.com/photos/6345877/large.jpg,cc-by-sa,"(c) Meghan Cassidy, some rights reserved (CC BY-SA)",d615a5baead4e846a99c002d045b6bea0cec9f0355576e9c0ab0956295563bbd,722961,1024,768,inat_api_gate_v2_readiness,n/a_fresh_row,n/a_fresh_row,n/a_fresh_row,n/a_fresh_row,n/a_fresh_row,n/a_fresh_row,356419,Brachymyrmex patagonicus,species,network,https://inaturalist-open-data.s3.amazonaws.com/photos/6345877/square.jpg,n/a_fresh_row
known_holdout,Brachymyrmex patagonicus,brachymyrmex-patagonicus,356419,3740599,dd9d62b9-d6d2-4ca1-90df-923a3d49c59c,4348893,https://inaturalist-open-data.s3.amazonaws.com/photos/4348893/large.jpeg,cc-by-nc,"(c) skiester, some rights reserved (CC BY-NC)",80a720d4cc779fdfb16da974ad4ea89b9abf698dc9bf16a35446c3305a6c1349,500066,768,1024,inat_api_gate_v2_readiness,n/a_fresh_row,n/a_fresh_row,n/a_fresh_row,n/a_fresh_row,n/a_fresh_row,n/a_fresh_row,356419,Brachymyrmex patagonicus,species,network,https://inaturalist-open-data.s3.amazonaws.com/photos/4348893/square.jpeg,n/a_fresh_row
known_holdout,Brachymyrmex patagonicus,brachymyrmex-patagonicus,356419,4774563,a549f3b7-85e8-4bee-bf4d-f072c9f49d7a,5814064,https://inaturalist-open-data.s3.amazonaws.com/photos/5814064/large.jpg,cc-by-nc,"(c) Kassandra Gomez, some rights reserved (CC BY-NC)",a2a6762f149f6a7b63ca8b0a5f0c0a937d62b0c02d2aa3c5693e7a82f4a33797,631483,768,1024,inat_api_gate_v2_readiness,n/a_fresh_row,n/a_fresh_row,n/a_fresh_row,n/a_fresh_row,n/a_fresh_row,n/a_fresh_row,356419,Brachymyrmex patagonicus,species,network,https://inaturalist-open-data.s3.amazonaws.com/photos/5814064/square.jpg,n/a_fresh_row
known_holdout,Camponotus americanus,camponotus-americanus,215970,2878977,73eb613d-ed89-4ca1-a52f-7c113b0c0bc0,3287861,https://inaturalist-open-data.s3.amazonaws.com/photos/3287861/large.jpg,cc-by-nc,"(c) Damon Tighe, some rights reserved (CC BY-NC)",76cc2423edb446e30fe587f3df99f1f2a5ac007512b0c91ccf514e1278efe696,896421,768,1024,inat_api_gate_v2_readiness,n/a_fresh_row,n/a_fresh_row,n/a_fresh_row,n/a_fresh_row,n/a_fresh_row,n/a_fresh_row,215970,Camponotus americanus,species,network,https://inaturalist-open-data.s3.amazonaws.com/photos/3287861/square.jpg,n/a_fresh_row
known_holdout,Camponotus americanus,camponotus-americanus,215970,4153057,94a5ddc4-a5ca-4e51-9bdc-e0425e50a177,4945817,https://inaturalist-open-data.s3.amazonaws.com/photos/4945817/large.jpeg,cc-by-nc,"(c) Chuck Cooper, some rights reserved (CC BY-NC)",7fe201212d9e6e2ba0661f88b6965c4fd06147d027dbc0b7e55b6719740cad9e,46546,373,385,inat_api_gate_v2_readiness,n/a_fresh_row,n/a_fresh_row,n/a_fresh_row,n/a_fresh_row,n/a_fresh_row,n/a_fresh_row,215970,Camponotus americanus,species,network,https://inaturalist-open-data.s3.amazonaws.com/photos/4945817/square.jpeg,n/a_fresh_row
known_holdout,Camponotus americanus,camponotus-americanus,215970,3007954,83317f1e-66bd-4e7e-a81f-95e0f70ba281,3460092,https://inaturalist-open-data.s3.amazonaws.com/photos/3460092/large.jpeg,cc-by-nc,"(c) Matt, some rights reserved (CC BY-NC)",f60e0dbf3f9aefc526f0000094091e06460cdfe98395ceebc85b250072f8d487,514382,576,1024,inat_api_gate_v2_readiness,n/a_fresh_row,n/a_fresh_row,n/a_fresh_row,n/a_fresh_row,n/a_fresh_row,n/a_fresh_row,215970,Camponotus americanus,species,network,https://inaturalist-open-data.s3.amazonaws.com/photos/3460092/square.jpeg,n/a_fresh_row
known_holdout,Camponotus americanus,camponotus-americanus,215970,4159388,603832b5-0faf-464f-8ab2-cd6563735c25,4953231,https://inaturalist-open-data.s3.amazonaws.com/photos/4953231/large.jpg,cc-by-nc,"(c) Dexter R Mardis, some rights reserved (CC BY-NC)",fc990289ad737063354b79c75552cdd65b5eebb55af00beb3557961517379c28,492123,1024,768,inat_api_gate_v2_readiness,n/a_fresh_row,n/a_fresh_row,n/a_fresh_row,n/a_fresh_row,n/a_fresh_row,n/a_fresh_row,215970,Camponotus americanus,species,network,https://inaturalist-open-data.s3.amazonaws.com/photos/4953231/square.jpg,n/a_fresh_row
known_holdout,Camponotus americanus,camponotus-americanus,215970,134817,ac3f8589-8f17-48eb-9e85-a9f9e95f9a37,187884,https://inaturalist-open-data.s3.amazonaws.com/photos/187884/large.jpg,cc-by-nc-sa,"(c) Rob Curtis, some rights reserved (CC BY-NC-SA)",a5fc92f6e6464fd600a49200710166ed5ef6184fcfe7cec6b433a6998ddc94a8,570072,1024,829,inat_api_gate_v2_readiness,n/a_fresh_row,n/a_fresh_row,n/a_fresh_row,n/a_fresh_row,n/a_fresh_row,n/a_fresh_row,215970,Camponotus americanus,species,network,https://inaturalist-open-data.s3.amazonaws.com/photos/187884/square.jpg,n/a_fresh_row
known_holdout,Camponotus americanus,camponotus-americanus,215970,3213759,a749f06f-3e51-4520-a5c9-1ac5468fcf4a,3720755,https://inaturalist-open-data.s3.amazonaws.com/photos/3720755/large.JPG,cc-by-nc,"(c) thesoulflowers, some rights reserved (CC BY-NC)",b9be60f7c0c68cfce51508a03519816bdc6b4016f004d33d4336e84c56b4c7ef,171667,981,678,inat_api_gate_v2_readiness,n/a_fresh_row,n/a_fresh_row,n/a_fresh_row,n/a_fresh_row,n/a_fresh_row,n/a_fresh_row,215970,Camponotus americanus,species,network,https://inaturalist-open-data.s3.amazonaws.com/photos/3720755/square.JPG,n/a_fresh_row
known_holdout,Camponotus americanus,camponotus-americanus,215970,4382720,cd01935d-b5b6-4d36-a3e1-349c9089d677,5258561,https://inaturalist-open-data.s3.amazonaws.com/photos/5258561/large.jpeg,cc-by-nc,"(c) Cullin, some rights reserved (CC BY-NC)",0b7d7d324866c516d26df665fbc561d38c96052666f84b2fb32ae3c8d6abedf9,81098,1024,768,inat_api_gate_v2_readiness,n/a_fresh_row,n/a_fresh_row,n/a_fresh_row,n/a_fresh_row,n/a_fresh_row,n/a_fresh_row,215970,Camponotus americanus,species,network,https://inaturalist-open-data.s3.amazonaws.com/photos/5258561/square.jpeg,n/a_fresh_row
known_holdout,Camponotus americanus,camponotus-americanus,215970,3503758,0d5302d1-e350-4adc-b621-a38115813403,4076774,https://inaturalist-open-data.s3.amazonaws.com/photos/4076774/large.JPG,cc-by-nc,"(c) thesoulflowers, some rights reserved (CC BY-NC)",f8ad678ea07ce1198d843d0e0fdf18febe629ecbf149269171d6dae44164d14b,150063,933,662,inat_api_gate_v2_readiness,n/a_fresh_row,n/a_fresh_row,n/a_fresh_row,n/a_fresh_row,n/a_fresh_row,n/a_fresh_row,215970,Camponotus americanus,species,network,https://inaturalist-open-data.s3.amazonaws.com/photos/4076774/square.JPG,n/a_fresh_row
known_holdout,Camponotus americanus,camponotus-americanus,215970,1810828,1ac3e304-d5dc-4a79-9b63-888f7ec24667,2195843,https://inaturalist-open-data.s3.amazonaws.com/photos/2195843/large.JPG,cc-by-nc,"(c) thesoulflowers, some rights reserved (CC BY-NC)",526f7f2a7d40a6abca117e6aa5f302683e8d5a0b8fa843c8c3e451255a963f34,220680,1024,768,inat_api_gate_v2_readiness,n/a_fresh_row,n/a_fresh_row,n/a_fresh_row,n/a_fresh_row,n/a_fresh_row,n/a_fresh_row,215970,Camponotus americanus,species,network,https://inaturalist-open-data.s3.amazonaws.com/photos/2195843/square.JPG,n/a_fresh_row
known_holdout,Camponotus americanus,camponotus-americanus,215970,3246271,5ac8ec40-968a-4d31-8d11-fd03d3c0e970,3756222,https://inaturalist-open-data.s3.amazonaws.com/photos/3756222/large.jpg,cc-by-nc,"(c) gdasch, some rights reserved (CC BY-NC)",fee069f6acab401beca1dc461f8040a092e50a15ac6d8e26f0dfafaa810b7b21,891792,720,960,inat_api_gate_v2_readiness,n/a_fresh_row,n/a_fresh_row,n/a_fresh_row,n/a_fresh_row,n/a_fresh_row,n/a_fresh_row,215970,Camponotus americanus,species,network,https://inaturalist-open-data.s3.amazonaws.com/photos/3756222/square.jpg,n/a_fresh_row
known_holdout,Camponotus castaneus,camponotus-castaneus,129272,917306,a0e29c84-fb26-47f4-9a14-e6bfa0100ed4,1171499,https://inaturalist-open-data.s3.amazonaws.com/photos/1171499/large.jpg,cc-by-nc,"(c) larebaltaf, some rights reserved (CC BY-NC)",870332c7e2f051827be3f3e8c88f03f102f8fc21cb975e17dcd45477bc6fb9a2,205264,768,1024,inat_api_gate_v2_readiness,n/a_fresh_row,n/a_fresh_row,n/a_fresh_row,n/a_fresh_row,n/a_fresh_row,n/a_fresh_row,129272,Camponotus castaneus,species,network,https://inaturalist-open-data.s3.amazonaws.com/photos/1171499/square.jpg,n/a_fresh_row
known_holdout,Camponotus castaneus,camponotus-castaneus,129272,1546885,93c9c9a7-5b6e-4f44-91ba-c7826c67b0d1,1916146,https://inaturalist-open-data.s3.amazonaws.com/photos/1916146/large.JPG,cc-by-nc,"(c) thesoulflowers, some rights reserved (CC BY-NC)",91aa11e05723ad112591f99c008df8fb8e6390d87b45d57b520052bba9b2037f,206267,810,816,inat_api_gate_v2_readiness,n/a_fresh_row,n/a_fresh_row,n/a_fresh_row,n/a_fresh_row,n/a_fresh_row,n/a_fresh_row,129272,Camponotus castaneus,species,network,https://inaturalist-open-data.s3.amazonaws.com/photos/1916146/square.JPG,n/a_fresh_row
known_holdout,Camponotus castaneus,camponotus-castaneus,129272,1026085,dad1e97a-dc19-42ba-a2b9-6e2dfe4304b2,1286480,https://inaturalist-open-data.s3.amazonaws.com/photos/1286480/large.jpg,cc-by,"(c) Laura Clark, some rights reserved (CC BY)",5e8688b949f95bc66500df4a5b03ba434914a00b2c3bc4c362e89f84da98f937,679569,1024,768,inat_api_gate_v2_readiness,n/a_fresh_row,n/a_fresh_row,n/a_fresh_row,n/a_fresh_row,n/a_fresh_row,n/a_fresh_row,129272,Camponotus castaneus,species,network,https://inaturalist-open-data.s3.amazonaws.com/photos/1286480/square.jpg,n/a_fresh_row
known_holdout,Camponotus castaneus,camponotus-castaneus,129272,1714731,3dc5a89e-c9d0-453c-9398-57fda28d9078,2076517,https://inaturalist-open-data.s3.amazonaws.com/photos/2076517/large.JPG,cc-by-nc,"(c) akmatos, some rights reserved (CC BY-NC)",a4eeedd5422e8787e3518c3d9213838fa29dc1b79b4cedd472c2345dcf8d5999,59232,1024,576,inat_api_gate_v2_readiness,n/a_fresh_row,n/a_fresh_row,n/a_fresh_row,n/a_fresh_row,n/a_fresh_row,n/a_fresh_row,129272,Camponotus castaneus,species,network,https://inaturalist-open-data.s3.amazonaws.com/photos/2076517/square.JPG,n/a_fresh_row
known_holdout,Camponotus castaneus,camponotus-castaneus,129272,95865,fa00857b-cc54-462c-bd5c-d57c3129e850,124286,https://inaturalist-open-data.s3.amazonaws.com/photos/124286/large.jpg,cc-by,"(c) Katja Schulz, some rights reserved (CC BY)",232ee53a62a4c6c3093215c4e6c0eb73b8f64cb1138918451cc7ab00f4d23075,163366,1024,614,inat_api_gate_v2_readiness,n/a_fresh_row,n/a_fresh_row,n/a_fresh_row,n/a_fresh_row,n/a_fresh_row,n/a_fresh_row,129272,Camponotus castaneus,species,network,https://inaturalist-open-data.s3.amazonaws.com/photos/124286/square.jpg,n/a_fresh_row
known_holdout,Camponotus castaneus,camponotus-castaneus,129272,1081446,d847e908-6c58-4dd9-b0e0-1cb17410368d,1357813,https://inaturalist-open-data.s3.amazonaws.com/photos/1357813/large.jpg,cc-by-nc,"(c) decadants, some rights reserved (CC BY-NC)",88a4dc501d5e77e8de4c7ecad8796e8715a6378350c00b05d995e01ba8afb47a,27858,960,720,inat_api_gate_v2_readiness,n/a_fresh_row,n/a_fresh_row,n/a_fresh_row,n/a_fresh_row,n/a_fresh_row,n/a_fresh_row,129272,Camponotus castaneus,species,network,https://inaturalist-open-data.s3.amazonaws.com/photos/1357813/square.jpg,n/a_fresh_row
known_holdout,Camponotus castaneus,camponotus-castaneus,129272,2793960,0eea8c93-9b15-4846-9bea-b7746ba2a24f,3171233,https://inaturalist-open-data.s3.amazonaws.com/photos/3171233/large.jpg,cc-by-nc,"(c) mkandrews, some rights reserved (CC BY-NC)",b55f5a8568878b3bdac74505a8caa39baedf9083c1e98e725a63c553fab887f7,748135,768,1024,inat_api_gate_v2_readiness,n/a_fresh_row,n/a_fresh_row,n/a_fresh_row,n/a_fresh_row,n/a_fresh_row,n/a_fresh_row,129272,Camponotus castaneus,species,network,https://inaturalist-open-data.s3.amazonaws.com/photos/3171233/square.jpg,n/a_fresh_row
known_holdout,Camponotus castaneus,camponotus-castaneus,129272,1516690,34d6538f-9ffa-442d-aafe-36605a6cfcb7,1878808,https://inaturalist-open-data.s3.amazonaws.com/photos/1878808/large.jpg,cc-by-nc,"(c) Davidson Middle School, some rights reserved (CC BY-NC)",713d308026bd12676f67b696b70115dfa845f64a7f85bcd57e4831b24e3211f1,671012,768,1024,inat_api_gate_v2_readiness,n/a_fresh_row,n/a_fresh_row,n/a_fresh_row,n/a_fresh_row,n/a_fresh_row,n/a_fresh_row,129272,Camponotus castaneus,species,network,https://inaturalist-open-data.s3.amazonaws.com/photos/1878808/square.jpg,n/a_fresh_row
known_holdout,Camponotus castaneus,camponotus-castaneus,129272,913508,0bdd6542-31ac-4739-b0ef-c4884f543072,1165383,https://inaturalist-open-data.s3.amazonaws.com/photos/1165383/large.JPG,cc-by-nc,"(c) ckalita, some rights reserved (CC BY-NC)",419dce6572a3c0e5d1fb71cb5418b2e7c2b850e1e3b992775e13e86b5ab911c2,229184,1024,768,inat_api_gate_v2_readiness,n/a_fresh_row,n/a_fresh_row,n/a_fresh_row,n/a_fresh_row,n/a_fresh_row,n/a_fresh_row,129272,Camponotus castaneus,species,network,https://inaturalist-open-data.s3.amazonaws.com/photos/1165383/square.JPG,n/a_fresh_row
known_holdout,Camponotus castaneus,camponotus-castaneus,129272,1444720,041e0148-4c01-43f3-8f02-9372049423c0,1788750,https://inaturalist-open-data.s3.amazonaws.com/photos/1788750/large.jpg,cc-by-nc,"(c) Kai Joaquin, some rights reserved (CC BY-NC)",8eb54a6c668da5891e8b7263617f652bbe33d06b503f28e4503101e3c76e068c,935434,835,1024,inat_api_gate_v2_readiness,n/a_fresh_row,n/a_fresh_row,n/a_fresh_row,n/a_fresh_row,n/a_fresh_row,n/a_fresh_row,129272,Camponotus castaneus,species,network,https://inaturalist-open-data.s3.amazonaws.com/photos/1788750/square.jpg,n/a_fresh_row
known_holdout,Camponotus chromaiodes,camponotus-chromaiodes,62780,702670,981d6b84-c427-4a79-a573-01dbdcf229d5,881329,https://inaturalist-open-data.s3.amazonaws.com/photos/881329/large.JPG,cc-by-nc,"(c) Sara Rall, some rights reserved (CC BY-NC)",1f9992022a140e0f802576c6cd821c0e266077c6253f109021d2a95b7518eb71,40832,1024,718,inat_api_gate_v2_readiness,n/a_fresh_row,n/a_fresh_row,n/a_fresh_row,n/a_fresh_row,n/a_fresh_row,n/a_fresh_row,62780,Camponotus chromaiodes,species,network,https://inaturalist-open-data.s3.amazonaws.com/photos/881329/square.JPG,n/a_fresh_row
known_holdout,Camponotus chromaiodes,camponotus-chromaiodes,62780,1477121,f78b9e43-3457-47e2-a62d-aecdfc34c6ec,1831075,https://inaturalist-open-data.s3.amazonaws.com/photos/1831075/large.jpg,cc-by,"(c) Carrie Seltzer, some rights reserved (CC BY)",29e9349a0e9493ef4c307592bf988680d815ed17ab1fbde425a5c45e96adffbd,1032782,1024,768,inat_api_gate_v2_readiness,n/a_fresh_row,n/a_fresh_row,n/a_fresh_row,n/a_fresh_row,n/a_fresh_row,n/a_fresh_row,62780,Camponotus chromaiodes,species,network,https://inaturalist-open-data.s3.amazonaws.com/photos/1831075/square.jpg,n/a_fresh_row
known_holdout,Camponotus chromaiodes,camponotus-chromaiodes,62780,761386,5da5e505-b216-4007-a5f9-3d6bffafcd3a,957118,https://inaturalist-open-data.s3.amazonaws.com/photos/957118/large.JPG,cc-by-nc,"(c) Sara Rall, some rights reserved (CC BY-NC)",84197c96cedc7cfb07b00048138ab28222d9d6932198b0f94d25183e927de82c,152744,892,680,inat_api_gate_v2_readiness,n/a_fresh_row,n/a_fresh_row,n/a_fresh_row,n/a_fresh_row,n/a_fresh_row,n/a_fresh_row,62780,Camponotus chromaiodes,species,network,https://inaturalist-open-data.s3.amazonaws.com/photos/957118/square.JPG,n/a_fresh_row
known_holdout,Camponotus chromaiodes,camponotus-chromaiodes,62780,1511753,3bf77828-353a-4179-af32-73c2330b0ef8,1872656,https://inaturalist-open-data.s3.amazonaws.com/photos/1872656/large.jpg,cc-by-nc,"(c) asuhr, some rights reserved (CC BY-NC)",855045cd00f2a54c6ebaf570fa3e82310b015cee7c6d38b2a0ea58198eddaa32,780029,768,1024,inat_api_gate_v2_readiness,n/a_fresh_row,n/a_fresh_row,n/a_fresh_row,n/a_fresh_row,n/a_fresh_row,n/a_fresh_row,62780,Camponotus chromaiodes,species,network,https://inaturalist-open-data.s3.amazonaws.com/photos/1872656/square.jpg,n/a_fresh_row
known_holdout,Camponotus chromaiodes,camponotus-chromaiodes,62780,8155,78988d92-29e3-47f0-b3bf-5462d2efecef,18130,https://inaturalist-open-data.s3.amazonaws.com/photos/18130/large.jpg,cc-by-nc-sa,"(c) L_Elliott, some rights reserved (CC BY-NC-SA)",98a441d741c19d50c018fa17d830312a82dafc1ee7f0f0b99a83204bb112f596,377615,1024,635,inat_api_gate_v2_readiness,n/a_fresh_row,n/a_fresh_row,n/a_fresh_row,n/a_fresh_row,n/a_fresh_row,n/a_fresh_row,62780,Camponotus chromaiodes,species,network,https://inaturalist-open-data.s3.amazonaws.com/photos/18130/square.jpg,n/a_fresh_row
known_holdout,Camponotus chromaiodes,camponotus-chromaiodes,62780,896073,b0e08691-084e-491f-b0bb-628506cb7eca,1140014,https://inaturalist-open-data.s3.amazonaws.com/photos/1140014/large.jpg,cc-by-nc,"(c) layymkayy, some rights reserved (CC BY-NC)",4aa3a81ce0610244b03f9f78d880654784d4fa12a854abff5bdce89efd7f8db8,167306,426,568,inat_api_gate_v2_readiness,n/a_fresh_row,n/a_fresh_row,n/a_fresh_row,n/a_fresh_row,n/a_fresh_row,n/a_fresh_row,62780,Camponotus chromaiodes,species,network,https://inaturalist-open-data.s3.amazonaws.com/photos/1140014/square.jpg,n/a_fresh_row
known_holdout,Camponotus chromaiodes,camponotus-chromaiodes,62780,2455630,4bd4ed1e-ed8d-4e05-ba57-3ca2111c6eec,2745764,https://inaturalist-open-data.s3.amazonaws.com/photos/2745764/large.jpg,cc-by,"(c) Katja Schulz, some rights reserved (CC BY)",20f72359e15c1b27e446d377efb31fb84223cedb60c26fe059a362f272a8e39c,380746,1024,1024,inat_api_gate_v2_readiness,n/a_fresh_row,n/a_fresh_row,n/a_fresh_row,n/a_fresh_row,n/a_fresh_row,n/a_fresh_row,62780,Camponotus chromaiodes,species,network,https://inaturalist-open-data.s3.amazonaws.com/photos/2745764/square.jpg,n/a_fresh_row
known_holdout,Camponotus chromaiodes,camponotus-chromaiodes,62780,1336494,f260aafb-3d20-4e63-a5d0-8b429c40497c,1654491,https://inaturalist-open-data.s3.amazonaws.com/photos/1654491/large.JPG,cc-by-nc,"(c) Kurtis Himmler, some rights reserved (CC BY-NC)",4df403061a70a66ccf80db59935f3eada3cc60db4497e943a37ebfe6acc70e19,322760,1024,829,inat_api_gate_v2_readiness,n/a_fresh_row,n/a_fresh_row,n/a_fresh_row,n/a_fresh_row,n/a_fresh_row,n/a_fresh_row,62780,Camponotus chromaiodes,species,network,https://inaturalist-open-data.s3.amazonaws.com/photos/1654491/square.JPG,n/a_fresh_row
known_holdout,Camponotus chromaiodes,camponotus-chromaiodes,62780,257996,f07433b8-3160-4a28-84d6-83350faa29be,320165,https://inaturalist-open-data.s3.amazonaws.com/photos/320165/large.jpg,cc-by,"(c) Brian Gratwicke, some rights reserved (CC BY)",007e8c1ede570c6d217f04f8d35c11742c687dab29f84c0d7ffa33ab79e32ab5,105398,1024,683,inat_api_gate_v2_readiness,n/a_fresh_row,n/a_fresh_row,n/a_fresh_row,n/a_fresh_row,n/a_fresh_row,n/a_fresh_row,62780,Camponotus chromaiodes,species,network,https://inaturalist-open-data.s3.amazonaws.com/photos/320165/square.jpg,n/a_fresh_row
known_holdout,Camponotus chromaiodes,camponotus-chromaiodes,62780,917308,048734ef-6f5f-48db-8530-c699df0e26c6,1171501,https://inaturalist-open-data.s3.amazonaws.com/photos/1171501/large.jpg,cc-by-nc,"(c) larebaltaf, some rights reserved (CC BY-NC)",67ef9aaa70b6a52bd2a86d1edbf6a4b13580e1b6f5f4a18dc883e24c732fe013,283974,1024,768,inat_api_gate_v2_readiness,n/a_fresh_row,n/a_fresh_row,n/a_fresh_row,n/a_fresh_row,n/a_fresh_row,n/a_fresh_row,62780,Camponotus chromaiodes,species,network,https://inaturalist-open-data.s3.amazonaws.com/photos/1171501/square.jpg,n/a_fresh_row
known_holdout,Camponotus nearcticus,camponotus-nearcticus,146942,5746572,cb11ab34-8793-4326-bf7e-1a1baebd9dbd,7131285,https://inaturalist-open-data.s3.amazonaws.com/photos/7131285/large.jpg,cc-by-sa,"(c) Judy Gallagher, some rights reserved (CC BY-SA)",d961f165c95862a1dd11b1c84e45ecd588cb69a8f82753f7fdd77fbf1667ff01,229064,671,1024,inat_api_gate_v2_readiness,n/a_fresh_row,n/a_fresh_row,n/a_fresh_row,n/a_fresh_row,n/a_fresh_row,n/a_fresh_row,146942,Camponotus nearcticus,species,network,https://inaturalist-open-data.s3.amazonaws.com/photos/7131285/square.jpg,n/a_fresh_row
known_holdout,Camponotus nearcticus,camponotus-nearcticus,146942,10267431,2af9e2f1-643d-47ce-b289-6d76f376fbd8,14209654,https://inaturalist-open-data.s3.amazonaws.com/photos/14209654/large.jpeg,cc-by-nc,"(c) wiz458, some rights reserved (CC BY-NC)",613deac757e2e872607b3c811c6c97ac4299d1e45034bd6c2020cd216ea9af27,611500,1024,683,inat_api_gate_v2_readiness,n/a_fresh_row,n/a_fresh_row,n/a_fresh_row,n/a_fresh_row,n/a_fresh_row,n/a_fresh_row,146942,Camponotus nearcticus,species,network,https://inaturalist-open-data.s3.amazonaws.com/photos/14209654/square.jpeg,n/a_fresh_row
known_holdout,Camponotus nearcticus,camponotus-nearcticus,146942,5747919,f4428bcf-7fb3-4609-9432-57fbbedf7626,7133602,https://inaturalist-open-data.s3.amazonaws.com/photos/7133602/large.jpg,cc-by-sa,"(c) Judy Gallagher, some rights reserved (CC BY-SA)",5bcdce9dffad1f0a953645d657e389f444a680d21e71d885d162674bb21fabcd,277912,1024,683,inat_api_gate_v2_readiness,n/a_fresh_row,n/a_fresh_row,n/a_fresh_row,n/a_fresh_row,n/a_fresh_row,n/a_fresh_row,146942,Camponotus nearcticus,species,network,https://inaturalist-open-data.s3.amazonaws.com/photos/7133602/square.jpg,n/a_fresh_row
known_holdout,Camponotus nearcticus,camponotus-nearcticus,146942,12250443,8dd7975a-89f8-4976-8ebd-7021964cd983,17610870,https://inaturalist-open-data.s3.amazonaws.com/photos/17610870/large.jpg,cc-by-nc,"(c) Joe Walewski, some rights reserved (CC BY-NC)",ce4fe515cb7bb652aa06be73e0357112a3b7aa556af170fa910fd95eb93006be,159827,1024,768,inat_api_gate_v2_readiness,n/a_fresh_row,n/a_fresh_row,n/a_fresh_row,n/a_fresh_row,n/a_fresh_row,n/a_fresh_row,146942,Camponotus nearcticus,species,network,https://inaturalist-open-data.s3.amazonaws.com/photos/17610870/square.jpg,n/a_fresh_row
known_holdout,Camponotus nearcticus,camponotus-nearcticus,146942,2914590,e0fc5112-b963-4d7b-b23c-e60e233fffe9,3335792,https://inaturalist-open-data.s3.amazonaws.com/photos/3335792/large.jpg,cc-by,"(c) Bill Keim, some rights reserved (CC BY)",5bf717050390edd603d4e2c42e1a0478cdb4583e2b1bcb6f887efaa99488b861,407693,786,786,inat_api_gate_v2_readiness,n/a_fresh_row,n/a_fresh_row,n/a_fresh_row,n/a_fresh_row,n/a_fresh_row,n/a_fresh_row,146942,Camponotus nearcticus,species,network,https://inaturalist-open-data.s3.amazonaws.com/photos/3335792/square.jpg,n/a_fresh_row
known_holdout,Camponotus nearcticus,camponotus-nearcticus,146942,5777503,e492e83b-1aef-477c-8626-4c1031f933b6,7174732,https://inaturalist-open-data.s3.amazonaws.com/photos/7174732/large.jpg,cc-by-nc,"(c) Kelly L. O'Donnell, some rights reserved (CC BY-NC)",f1aae3f24bfaba033c69f55a8a6224b36f45db599b2107b71f7469b7ccac4ca3,653997,768,1024,inat_api_gate_v2_readiness,n/a_fresh_row,n/a_fresh_row,n/a_fresh_row,n/a_fresh_row,n/a_fresh_row,n/a_fresh_row,146942,Camponotus nearcticus,species,network,https://inaturalist-open-data.s3.amazonaws.com/photos/7174732/square.jpg,n/a_fresh_row
known_holdout,Camponotus nearcticus,camponotus-nearcticus,146942,13380158,dcf750c7-7353-433d-9545-a1f18939a45b,19619622,https://inaturalist-open-data.s3.amazonaws.com/photos/19619622/large.jpeg,cc-by,"(c) Tyler Bishop, some rights reserved (CC BY)",fe205cd5405bf3bbe5c2ed8ce51be5bc5b85390738d16b85f3e200a64733e0b0,392976,1024,768,inat_api_gate_v2_readiness,n/a_fresh_row,n/a_fresh_row,n/a_fresh_row,n/a_fresh_row,n/a_fresh_row,n/a_fresh_row,146942,Camponotus nearcticus,species,network,https://inaturalist-open-data.s3.amazonaws.com/photos/19619622/square.jpeg,n/a_fresh_row
known_holdout,Camponotus nearcticus,camponotus-nearcticus,146942,6348324,90256b68-9fef-436c-a7c4-c94bbc6fb814,8002751,https://inaturalist-open-data.s3.amazonaws.com/photos/8002751/large.jpg,cc-by-nc-sa,"(c) Michael Skvarla, some rights reserved (CC BY-NC-SA)",39fd0f7467a55b8d304c34bbda947476e2f5a979d713c659317ce754b9bd8db7,411744,1024,822,inat_api_gate_v2_readiness,n/a_fresh_row,n/a_fresh_row,n/a_fresh_row,n/a_fresh_row,n/a_fresh_row,n/a_fresh_row,146942,Camponotus nearcticus,species,network,https://inaturalist-open-data.s3.amazonaws.com/photos/8002751/square.jpg,n/a_fresh_row
known_holdout,Camponotus nearcticus,camponotus-nearcticus,146942,4231264,b95a60df-3941-4e3d-9a9b-dd5b85625f0f,5054181,https://inaturalist-open-data.s3.amazonaws.com/photos/5054181/large.jpeg,cc-by-nc,"(c) Chuck Cooper, some rights reserved (CC BY-NC)",423861d4d3bb6134521cd8c048db9b18d551d287cfdb1c3c4ac24be3430c6567,64806,426,405,inat_api_gate_v2_readiness,n/a_fresh_row,n/a_fresh_row,n/a_fresh_row,n/a_fresh_row,n/a_fresh_row,n/a_fresh_row,146942,Camponotus nearcticus,species,network,https://inaturalist-open-data.s3.amazonaws.com/photos/5054181/square.jpeg,n/a_fresh_row
known_holdout,Camponotus nearcticus,camponotus-nearcticus,146942,5787977,f8747a02-9243-42b8-bcc3-428fca142ddd,7191527,https://inaturalist-open-data.s3.amazonaws.com/photos/7191527/large.jpeg,cc0,no rights reserved,e8b1d84f0196097497824f49044202c783dd51888dc2662b5b18e263b08d8584,908228,942,1024,inat_api_gate_v2_readiness,n/a_fresh_row,n/a_fresh_row,n/a_fresh_row,n/a_fresh_row,n/a_fresh_row,n/a_fresh_row,146942,Camponotus nearcticus,species,network,https://inaturalist-open-data.s3.amazonaws.com/photos/7191527/square.jpeg,n/a_fresh_row
known_holdout,Camponotus novaeboracensis,camponotus-novaeboracensis,143252,1164887,26738f18-d146-4715-9239-0eb1ee9ece62,1468518,https://inaturalist-open-data.s3.amazonaws.com/photos/1468518/large.jpg,cc-by-nc,"(c) Erika Mitchell, some rights reserved (CC BY-NC)",7364f2a30b11e4350de2cf2738709e7408297b95b3b1722a1a356bc67144289b,49168,569,540,inat_api_gate_v2_readiness,n/a_fresh_row,n/a_fresh_row,n/a_fresh_row,n/a_fresh_row,n/a_fresh_row,n/a_fresh_row,143252,Camponotus novaeboracensis,species,network,https://inaturalist-open-data.s3.amazonaws.com/photos/1468518/square.jpg,n/a_fresh_row
known_holdout,Camponotus novaeboracensis,camponotus-novaeboracensis,143252,3461054,a70988ba-3bec-4095-870e-ceda22bea41b,4018240,https://inaturalist-open-data.s3.amazonaws.com/photos/4018240/large.jpg,cc-by-nc,"(c) Alyson Karson (she/her), some rights reserved (CC BY-NC)",52ee8ba1ea222734fbf860083798d69745f21bda30532ffc62078ccfdea0a74c,964685,768,1024,inat_api_gate_v2_readiness,n/a_fresh_row,n/a_fresh_row,n/a_fresh_row,n/a_fresh_row,n/a_fresh_row,n/a_fresh_row,143252,Camponotus novaeboracensis,species,network,https://inaturalist-open-data.s3.amazonaws.com/photos/4018240/square.jpg,n/a_fresh_row
known_holdout,Camponotus novaeboracensis,camponotus-novaeboracensis,143252,1552240,da7e04cf-a80a-4ea0-abf7-1db0b08fe88d,1922757,https://inaturalist-open-data.s3.amazonaws.com/photos/1922757/large.jpg,cc-by,"(c) naturalist charlie, some rights reserved (CC BY)",81d0a1c5c4c3ecf9bb8f3f9fc24ab29137df76ecedf3424ca53da27fcaf03b7b,800223,768,1024,inat_api_gate_v2_readiness,n/a_fresh_row,n/a_fresh_row,n/a_fresh_row,n/a_fresh_row,n/a_fresh_row,n/a_fresh_row,143252,Camponotus novaeboracensis,species,network,https://inaturalist-open-data.s3.amazonaws.com/photos/1922757/square.jpg,n/a_fresh_row
known_holdout,Camponotus novaeboracensis,camponotus-novaeboracensis,143252,4075188,788930b8-daa5-48c2-b65f-c5654cba5a2c,5082858,https://inaturalist-open-data.s3.amazonaws.com/photos/5082858/large.jpg,cc-by-nc,"(c) aadam, some rights reserved (CC BY-NC)",fe1bc248f36d1a55d1d467b500b25d099d88da7d051c021ba2850228d31a0ece,386341,1024,768,inat_api_gate_v2_readiness,n/a_fresh_row,n/a_fresh_row,n/a_fresh_row,n/a_fresh_row,n/a_fresh_row,n/a_fresh_row,143252,Camponotus novaeboracensis,species,network,https://inaturalist-open-data.s3.amazonaws.com/photos/5082858/square.jpg,n/a_fresh_row
known_holdout,Camponotus novaeboracensis,camponotus-novaeboracensis,143252,118301,ddf1d283-9636-494a-ac47-5de898b6769f,168979,https://inaturalist-open-data.s3.amazonaws.com/photos/168979/large.JPG,cc-by-nc-sa,"(c) Rob Curtis, some rights reserved (CC BY-NC-SA)",5458c6e3804fea3cdf8dfed6a6227bdcb6690515b6ba94839278ab9bfbf2edf1,872053,1024,768,inat_api_gate_v2_readiness,n/a_fresh_row,n/a_fresh_row,n/a_fresh_row,n/a_fresh_row,n/a_fresh_row,n/a_fresh_row,143252,Camponotus novaeboracensis,species,network,https://inaturalist-open-data.s3.amazonaws.com/photos/168979/square.JPG,n/a_fresh_row
known_holdout,Camponotus novaeboracensis,camponotus-novaeboracensis,143252,1710604,7ac0f997-3cef-43b8-bea4-7e812864cbb8,2071723,https://inaturalist-open-data.s3.amazonaws.com/photos/2071723/large.jpg,cc-by-nc,"(c) Julie Filiberti, some rights reserved (CC BY-NC)",2cd23613de351244ad9b4a4235963e1c00927e412d7cd9e28a197a54ce0bf3cb,667672,1024,768,inat_api_gate_v2_readiness,n/a_fresh_row,n/a_fresh_row,n/a_fresh_row,n/a_fresh_row,n/a_fresh_row,n/a_fresh_row,143252,Camponotus novaeboracensis,species,network,https://inaturalist-open-data.s3.amazonaws.com/photos/2071723/square.jpg,n/a_fresh_row
known_holdout,Camponotus novaeboracensis,camponotus-novaeboracensis,143252,5882500,18051d9a-f626-4331-bfe6-0e568800ede5,7330686,https://inaturalist-open-data.s3.amazonaws.com/photos/7330686/large.jpg,cc-by-nc,"(c) Ruta, some rights reserved (CC BY-NC)",7b21930b22337015bcb7f282fc83be10f4bcb3948ccd68e0232498237db63825,261338,1024,768,inat_api_gate_v2_readiness,n/a_fresh_row,n/a_fresh_row,n/a_fresh_row,n/a_fresh_row,n/a_fresh_row,n/a_fresh_row,143252,Camponotus novaeboracensis,species,network,https://inaturalist-open-data.s3.amazonaws.com/photos/7330686/square.jpg,n/a_fresh_row
known_holdout,Camponotus novaeboracensis,camponotus-novaeboracensis,143252,3333271,a6705486-60ae-4c2f-9364-6696ec3d9cda,3849159,https://inaturalist-open-data.s3.amazonaws.com/photos/3849159/large.jpg,cc-by-nc,"(c) Grace Shen, some rights reserved (CC BY-NC)",2a953f37fc97e2a94c72c66151d8ac57e4715777a44b0dd8030c3fc29ba4bff8,1132851,1024,768,inat_api_gate_v2_readiness,n/a_fresh_row,n/a_fresh_row,n/a_fresh_row,n/a_fresh_row,n/a_fresh_row,n/a_fresh_row,143252,Camponotus novaeboracensis,species,network,https://inaturalist-open-data.s3.amazonaws.com/photos/3849159/square.jpg,n/a_fresh_row
known_holdout,Camponotus novaeboracensis,camponotus-novaeboracensis,143252,705713,6db59b4c-7569-42d3-9715-605a3f63e4b2,886661,https://inaturalist-open-data.s3.amazonaws.com/photos/886661/large.jpg,cc-by,"(c) naturalist charlie, some rights reserved (CC BY)",272d2ed220d6dd8b6aa95611cd09a46ce5e1e675d119ade986c4a51bfc65609f,921316,768,1024,inat_api_gate_v2_readiness,n/a_fresh_row,n/a_fresh_row,n/a_fresh_row,n/a_fresh_row,n/a_fresh_row,n/a_fresh_row,143252,Camponotus novaeboracensis,species,network,https://inaturalist-open-data.s3.amazonaws.com/photos/886661/square.jpg,n/a_fresh_row
known_holdout,Camponotus novaeboracensis,camponotus-novaeboracensis,143252,1941377,f5a5afd5-d6b9-4d4d-829a-35cd01ee60c2,2376989,https://inaturalist-open-data.s3.amazonaws.com/photos/2376989/large.jpg,cc-by-nc,"(c) hobiecat, some rights reserved (CC BY-NC)",6b2134d94c32c465b79f1b15fb19c28510b2f3b7810ae069a23482cba4cb439e,104059,1024,559,inat_api_gate_v2_readiness,n/a_fresh_row,n/a_fresh_row,n/a_fresh_row,n/a_fresh_row,n/a_fresh_row,n/a_fresh_row,143252,Camponotus novaeboracensis,species,network,https://inaturalist-open-data.s3.amazonaws.com/photos/2376989/square.jpg,n/a_fresh_row
known_holdout,Camponotus pennsylvanicus,camponotus-pennsylvanicus,129902,268762,e3b008f2-83a4-414b-bbd0-1a1ee180351a,332554,https://inaturalist-open-data.s3.amazonaws.com/photos/332554/large.JPG,cc-by,"(c) Jeff Holmes, some rights reserved (CC BY)",951e0eae7e36c7a9040b56644b2b5d43d83ce6087380bb7bb1605d8f68ba012d,141303,1024,683,inat_api_gate_v2_readiness,n/a_fresh_row,n/a_fresh_row,n/a_fresh_row,n/a_fresh_row,n/a_fresh_row,n/a_fresh_row,129902,Camponotus pennsylvanicus,species,network,https://inaturalist-open-data.s3.amazonaws.com/photos/332554/square.JPG,n/a_fresh_row
known_holdout,Camponotus pennsylvanicus,camponotus-pennsylvanicus,129902,338795,86a074f1-a766-4f4d-a158-68e112bcc243,421756,https://inaturalist-open-data.s3.amazonaws.com/photos/421756/large.jpg,cc-by-sa,"(c) Thraen, some rights reserved (CC BY-SA)",ebcaa42f93917d5c7bc1ae2346be6695c2a02cf1dc72fd39fb963244a28d4b39,250239,480,360,inat_api_gate_v2_readiness,n/a_fresh_row,n/a_fresh_row,n/a_fresh_row,n/a_fresh_row,n/a_fresh_row,n/a_fresh_row,129902,Camponotus pennsylvanicus,species,network,https://inaturalist-open-data.s3.amazonaws.com/photos/421756/square.jpg,n/a_fresh_row
known_holdout,Camponotus pennsylvanicus,camponotus-pennsylvanicus,129902,268741,a6407816-4c11-4945-9624-6cdb593d6970,332852,https://inaturalist-open-data.s3.amazonaws.com/photos/332852/large.JPG,cc-by,"(c) 114508764608397647656, some rights reserved (CC BY)",29f13e7be22609181af6d2de57f972d55de3f7f59e753af953c6f8eacc12fde0,66762,512,341,inat_api_gate_v2_readiness,n/a_fresh_row,n/a_fresh_row,n/a_fresh_row,n/a_fresh_row,n/a_fresh_row,n/a_fresh_row,129902,Camponotus pennsylvanicus,species,network,https://inaturalist-open-data.s3.amazonaws.com/photos/332852/square.JPG,n/a_fresh_row
known_holdout,Camponotus pennsylvanicus,camponotus-pennsylvanicus,129902,407212,4b54cf00-3738-4988-a0bb-9235cfca9c8f,509348,https://inaturalist-open-data.s3.amazonaws.com/photos/509348/large.jpg,cc-by-nc,"(c) John Davis, some rights reserved (CC BY-NC)",2c03c094e11c9f77f727d8c2f1b0cc9c0df921a46e1fd32349f156281be601ad,266973,360,480,inat_api_gate_v2_readiness,n/a_fresh_row,n/a_fresh_row,n/a_fresh_row,n/a_fresh_row,n/a_fresh_row,n/a_fresh_row,129902,Camponotus pennsylvanicus,species,network,https://inaturalist-open-data.s3.amazonaws.com/photos/509348/square.jpg,n/a_fresh_row
known_holdout,Camponotus pennsylvanicus,camponotus-pennsylvanicus,129902,98518,f6c7b2c4-dde4-407f-9252-ebb145c8599a,142800,https://inaturalist-open-data.s3.amazonaws.com/photos/142800/large.JPG,cc-by-nc-sa,"(c) Rob Curtis, some rights reserved (CC BY-NC-SA)",e409cd89e57c77e64e671e9696fdc97853e7679df90abd9338988de670b883e0,387358,647,862,inat_api_gate_v2_readiness,n/a_fresh_row,n/a_fresh_row,n/a_fresh_row,n/a_fresh_row,n/a_fresh_row,n/a_fresh_row,129902,Camponotus pennsylvanicus,species,network,https://inaturalist-open-data.s3.amazonaws.com/photos/142800/square.JPG,n/a_fresh_row
known_holdout,Camponotus pennsylvanicus,camponotus-pennsylvanicus,129902,270168,2ee1fc0a-be93-48af-ad98-ca2fa48afeb6,334155,https://inaturalist-open-data.s3.amazonaws.com/photos/334155/large.jpg,cc-by-nc,"(c) Chris Bliss, some rights reserved (CC BY-NC)",2e5b6cd27b0387d2ba73f2ff9dca4c4b297c39a231db3ba8fc5e8925b2ea3a06,254173,1024,576,inat_api_gate_v2_readiness,n/a_fresh_row,n/a_fresh_row,n/a_fresh_row,n/a_fresh_row,n/a_fresh_row,n/a_fresh_row,129902,Camponotus pennsylvanicus,species,network,https://inaturalist-open-data.s3.amazonaws.com/photos/334155/square.jpg,n/a_fresh_row
known_holdout,Camponotus pennsylvanicus,camponotus-pennsylvanicus,129902,448398,f331da37-b022-47f3-beb5-6c4ac95b8b7a,565351,https://inaturalist-open-data.s3.amazonaws.com/photos/565351/large.jpg,cc-by-nc,"(c) erin_anderson, some rights reserved (CC BY-NC)",adeb4c9f9abeb4ff098d4e5ac28fea60719b1d033543774d8042bab3687a180b,564404,768,1024,inat_api_gate_v2_readiness,n/a_fresh_row,n/a_fresh_row,n/a_fresh_row,n/a_fresh_row,n/a_fresh_row,n/a_fresh_row,129902,Camponotus pennsylvanicus,species,network,https://inaturalist-open-data.s3.amazonaws.com/photos/565351/square.jpg,n/a_fresh_row
known_holdout,Camponotus pennsylvanicus,camponotus-pennsylvanicus,129902,294903,34a19565-b8b2-4289-9afd-8d70a4b1fac9,365269,https://inaturalist-open-data.s3.amazonaws.com/photos/365269/large.jpg,cc-by,"(c) naturalist charlie, some rights reserved (CC BY)",bc460da6a3f0b67141a4893e43e74780ef7af63c55a42db5461f838fa7c60b48,1296514,768,1024,inat_api_gate_v2_readiness,n/a_fresh_row,n/a_fresh_row,n/a_fresh_row,n/a_fresh_row,n/a_fresh_row,n/a_fresh_row,129902,Camponotus pennsylvanicus,species,network,https://inaturalist-open-data.s3.amazonaws.com/photos/365269/square.jpg,n/a_fresh_row
known_holdout,Camponotus pennsylvanicus,camponotus-pennsylvanicus,129902,233423,364219a6-4d98-4f1e-8516-ebd6a035023e,293388,https://inaturalist-open-data.s3.amazonaws.com/photos/293388/large.jpg,cc-by-nc,"(c) rholt92, some rights reserved (CC BY-NC)",a6b79f804864b792a093c30cf5be0e55aa75af2289a85badcac9be7a82baae4c,190443,335,480,inat_api_gate_v2_readiness,n/a_fresh_row,n/a_fresh_row,n/a_fresh_row,n/a_fresh_row,n/a_fresh_row,n/a_fresh_row,129902,Camponotus pennsylvanicus,species,network,https://inaturalist-open-data.s3.amazonaws.com/photos/293388/square.jpg,n/a_fresh_row
known_holdout,Camponotus pennsylvanicus,camponotus-pennsylvanicus,129902,270881,ae8ce2a3-2e8b-49b2-b991-fdbc57c83cef,334961,https://inaturalist-open-data.s3.amazonaws.com/photos/334961/large.JPG,cc-by-nc,"(c) Patrick Gorring, PhD, some rights reserved (CC BY-NC)",28456abbb9e73880c9a7b21ec258337a1fc4278b2769ce7196487498cc162de8,223747,1024,683,inat_api_gate_v2_readiness,n/a_fresh_row,n/a_fresh_row,n/a_fresh_row,n/a_fresh_row,n/a_fresh_row,n/a_fresh_row,129902,Camponotus pennsylvanicus,species,network,https://inaturalist-open-data.s3.amazonaws.com/photos/334961/square.JPG,n/a_fresh_row
known_holdout,Camponotus subbarbatus,camponotus-subbarbatus,143505,3995912,4c9b242d-9b32-4b87-b2e6-2f0f48b3249f,4718457,https://inaturalist-open-data.s3.amazonaws.com/photos/4718457/large.jpeg,cc-by-nc,"(c) Mark Nenadov, some rights reserved (CC BY-NC)",c30ead5c6f6e78bfcb3c2126e1d778d0f77437465a63dcf7ced472ae1ae08ee8,98389,666,619,inat_api_gate_v2_readiness,n/a_fresh_row,n/a_fresh_row,n/a_fresh_row,n/a_fresh_row,n/a_fresh_row,n/a_fresh_row,143505,Camponotus subbarbatus,species,network,https://inaturalist-open-data.s3.amazonaws.com/photos/4718457/square.jpeg,n/a_fresh_row
known_holdout,Camponotus subbarbatus,camponotus-subbarbatus,143505,10639648,8d1728e8-a59a-4a99-94e7-2cd978538a51,14843936,https://inaturalist-open-data.s3.amazonaws.com/photos/14843936/large.jpeg,cc-by-nc,"(c) dandelionwine, some rights reserved (CC BY-NC)",0095b12eb846874115cc0fa7d1377838f93cd7c93dc565ebe646af73fbb6cb3b,310231,1022,1024,inat_api_gate_v2_readiness,n/a_fresh_row,n/a_fresh_row,n/a_fresh_row,n/a_fresh_row,n/a_fresh_row,n/a_fresh_row,143505,Camponotus subbarbatus,species,network,https://inaturalist-open-data.s3.amazonaws.com/photos/14843936/square.jpeg,n/a_fresh_row
known_holdout,Camponotus subbarbatus,camponotus-subbarbatus,143505,3996071,cc3f83c4-ded8-4179-8213-26eb7851f414,4718599,https://inaturalist-open-data.s3.amazonaws.com/photos/4718599/large.jpeg,cc-by-nc,"(c) Mark Nenadov, some rights reserved (CC BY-NC)",7a8ce2d3fa7e92875add10ccd02ee9de50ac4f17ac80a8744959d07aeffc9be9,74936,511,765,inat_api_gate_v2_readiness,n/a_fresh_row,n/a_fresh_row,n/a_fresh_row,n/a_fresh_row,n/a_fresh_row,n/a_fresh_row,143505,Camponotus subbarbatus,species,network,https://inaturalist-open-data.s3.amazonaws.com/photos/4718599/square.jpeg,n/a_fresh_row
known_holdout,Camponotus subbarbatus,camponotus-subbarbatus,143505,12481417,ae38864f-9ee1-4328-b894-c8e981df0733,18008827,https://inaturalist-open-data.s3.amazonaws.com/photos/18008827/large.jpg,cc-by-nc-sa,"(c) javiehweg, some rights reserved (CC BY-NC-SA)",635230f394bc631c5612b94436aeb3f9d43b3eff7e867cc7e00a069e0eb8ad17,404047,768,1024,inat_api_gate_v2_readiness,n/a_fresh_row,n/a_fresh_row,n/a_fresh_row,n/a_fresh_row,n/a_fresh_row,n/a_fresh_row,143505,Camponotus subbarbatus,species,network,https://inaturalist-open-data.s3.amazonaws.com/photos/18008827/square.jpg,n/a_fresh_row
known_holdout,Camponotus subbarbatus,camponotus-subbarbatus,143505,329854,b68e5129-997e-4fc2-aaa7-f3eaaf23e45d,410653,https://inaturalist-open-data.s3.amazonaws.com/photos/410653/large.JPG,cc-by,"(c) Summit Metro Parks, some rights reserved (CC BY)",79e5baa4451aad3519804ce60d717bdb1cd3a9d4a9b56fa55857c2aecf38c506,152507,657,542,inat_api_gate_v2_readiness,n/a_fresh_row,n/a_fresh_row,n/a_fresh_row,n/a_fresh_row,n/a_fresh_row,n/a_fresh_row,143505,Camponotus subbarbatus,species,network,https://inaturalist-open-data.s3.amazonaws.com/photos/410653/square.JPG,n/a_fresh_row
known_holdout,Camponotus subbarbatus,camponotus-subbarbatus,143505,4086094,8893bfaf-e8e0-429e-add7-70309617ab29,4848934,https://inaturalist-open-data.s3.amazonaws.com/photos/4848934/large.jpg,cc0,no rights reserved,7f40309f2668c5b0b21c8782590c7c815b146a4ef33f953e421342c5a2a45173,636391,1024,697,inat_api_gate_v2_readiness,n/a_fresh_row,n/a_fresh_row,n/a_fresh_row,n/a_fresh_row,n/a_fresh_row,n/a_fresh_row,143505,Camponotus subbarbatus,species,network,https://inaturalist-open-data.s3.amazonaws.com/photos/4848934/square.jpg,n/a_fresh_row
known_holdout,Camponotus subbarbatus,camponotus-subbarbatus,143505,12806068,f0e7a0f7-59c4-4aec-928a-9946b5999432,18566914,https://inaturalist-open-data.s3.amazonaws.com/photos/18566914/large.jpeg,cc-by-nc,"(c) Jim Danzi, some rights reserved (CC BY-NC)",b5e87b26917a797c4ecac42fd8c8f5711fac9edc213ad7225d60934b77166c1f,66928,783,584,inat_api_gate_v2_readiness,n/a_fresh_row,n/a_fresh_row,n/a_fresh_row,n/a_fresh_row,n/a_fresh_row,n/a_fresh_row,143505,Camponotus subbarbatus,species,network,https://inaturalist-open-data.s3.amazonaws.com/photos/18566914/square.jpeg,n/a_fresh_row
known_holdout,Camponotus subbarbatus,camponotus-subbarbatus,143505,6943700,6cc96d2f-f5a7-4efa-a53e-f66e125a04b3,8874175,https://inaturalist-open-data.s3.amazonaws.com/photos/8874175/large.jpeg,cc-by,"(c) jfox16, some rights reserved (CC BY)",e20c90017d2200a1a015ea3c6f300eb9d2e33f3d861881f26d6ab530b27763e0,499181,1024,768,inat_api_gate_v2_readiness,n/a_fresh_row,n/a_fresh_row,n/a_fresh_row,n/a_fresh_row,n/a_fresh_row,n/a_fresh_row,143505,Camponotus subbarbatus,species,network,https://inaturalist-open-data.s3.amazonaws.com/photos/8874175/square.jpeg,n/a_fresh_row
known_holdout,Camponotus subbarbatus,camponotus-subbarbatus,143505,3378018,414c3cd1-aa88-48b2-9c76-c16d8b124fd5,3902230,https://inaturalist-open-data.s3.amazonaws.com/photos/3902230/large.jpg,cc-by-nc-sa,"(c) Rob Curtis, some rights reserved (CC BY-NC-SA)",8900a160cc55165677a1e0bcf43b2a43960ac81d4ce7ce170f5b3025b7c9c5f2,810884,872,872,inat_api_gate_v2_readiness,n/a_fresh_row,n/a_fresh_row,n/a_fresh_row,n/a_fresh_row,n/a_fresh_row,n/a_fresh_row,143505,Camponotus subbarbatus,species,network,https://inaturalist-open-data.s3.amazonaws.com/photos/3902230/square.jpg,n/a_fresh_row
known_holdout,Camponotus subbarbatus,camponotus-subbarbatus,143505,5852621,d5373b32-e34e-43ff-b6b1-08c5539be13d,7285010,https://inaturalist-open-data.s3.amazonaws.com/photos/7285010/large.jpeg,cc-by-nc,"(c) Erik Attaway, some rights reserved (CC BY-NC)",1b402bb455432af18581cd08700df21a732c9c30f186b96eee2d04a5697038ef,114572,1024,576,inat_api_gate_v2_readiness,n/a_fresh_row,n/a_fresh_row,n/a_fresh_row,n/a_fresh_row,n/a_fresh_row,n/a_fresh_row,143505,Camponotus subbarbatus,species,network,https://inaturalist-open-data.s3.amazonaws.com/photos/7285010/square.jpeg,n/a_fresh_row
known_holdout,Cephalotes atratus,cephalotes-atratus,366960,6496622,58a3ed29-aefb-4131-83bd-7c85ea1a9a17,8219778,https://inaturalist-open-data.s3.amazonaws.com/photos/8219778/large.jpeg,cc-by-nc,"(c) Robby Deans, some rights reserved (CC BY-NC)",d2a95b8ac0eb4d357b12bd753ec54975a244dfd019eb62e96f0ee6950683ac7a,189970,804,1024,inat_api_gate_v2_readiness,n/a_fresh_row,n/a_fresh_row,n/a_fresh_row,n/a_fresh_row,n/a_fresh_row,n/a_fresh_row,366960,Cephalotes atratus,species,network,https://inaturalist-open-data.s3.amazonaws.com/photos/8219778/square.jpeg,n/a_fresh_row
known_holdout,Cephalotes atratus,cephalotes-atratus,366960,9134245,2f681378-54c4-462f-bb2e-c7284bb804c1,12345760,https://inaturalist-open-data.s3.amazonaws.com/photos/12345760/large.jpeg,cc-by-nc,"(c) Marinês Eiterer, some rights reserved (CC BY-NC)",e35c54e8fcfb0fc5d531ef2667ffce915a966517e912a25b398c3cecbaa32e53,339104,1024,576,inat_api_gate_v2_readiness,n/a_fresh_row,n/a_fresh_row,n/a_fresh_row,n/a_fresh_row,n/a_fresh_row,n/a_fresh_row,366960,Cephalotes atratus,species,network,https://inaturalist-open-data.s3.amazonaws.com/photos/12345760/square.jpeg,n/a_fresh_row
known_holdout,Cephalotes atratus,cephalotes-atratus,366960,6872771,f2b34f77-64bf-4bb9-acbb-2d6e0d56d0cc,8763304,https://inaturalist-open-data.s3.amazonaws.com/photos/8763304/large.jpeg,cc-by,"(c) Karen Soacha, some rights reserved (CC BY)",5dc94ad4037f5e6d3a4b5ec013931d5c4c58bff423b8684b60001cd9a812b25c,415678,575,1024,inat_api_gate_v2_readiness,n/a_fresh_row,n/a_fresh_row,n/a_fresh_row,n/a_fresh_row,n/a_fresh_row,n/a_fresh_row,366960,Cephalotes atratus,species,network,https://inaturalist-open-data.s3.amazonaws.com/photos/8763304/square.jpeg,n/a_fresh_row
known_holdout,Cephalotes atratus,cephalotes-atratus,366960,9247554,6599513c-7a55-43aa-9588-1c03ee0517ca,12520064,https://inaturalist-open-data.s3.amazonaws.com/photos/12520064/large.jpg,cc-by-nc,"(c) Arnold Wijker, some rights reserved (CC BY-NC)",98f4312e58443595650a383e946c1cc6b52c57c760ec29f1146c8669aee464a7,657617,800,706,inat_api_gate_v2_readiness,n/a_fresh_row,n/a_fresh_row,n/a_fresh_row,n/a_fresh_row,n/a_fresh_row,n/a_fresh_row,366960,Cephalotes atratus,species,network,https://inaturalist-open-data.s3.amazonaws.com/photos/12520064/square.jpg,n/a_fresh_row
known_holdout,Cephalotes atratus,cephalotes-atratus,366960,216015,2647b633-78cd-494e-add8-72853ae43d20,272482,https://inaturalist-open-data.s3.amazonaws.com/photos/272482/large.jpg,cc-by,"(c) Brian Gratwicke, some rights reserved (CC BY)",bd0e328af3049891b192726effa9ba12d0e895afef5372752daaf9f67c8baa25,303696,1024,683,inat_api_gate_v2_readiness,n/a_fresh_row,n/a_fresh_row,n/a_fresh_row,n/a_fresh_row,n/a_fresh_row,n/a_fresh_row,366960,Cephalotes atratus,species,network,https://inaturalist-open-data.s3.amazonaws.com/photos/272482/square.jpg,n/a_fresh_row
known_holdout,Cephalotes atratus,cephalotes-atratus,366960,6924504,e1f79a5c-78c9-4933-83dd-4bb92a52f411,8843347,https://inaturalist-open-data.s3.amazonaws.com/photos/8843347/large.jpg,cc-by-nc,"(c) bewambay, some rights reserved (CC BY-NC)",661188a4e12e033908758c56ecce7e8bea23084565b4d572b5e9ac00a0605297,43242,640,480,inat_api_gate_v2_readiness,n/a_fresh_row,n/a_fresh_row,n/a_fresh_row,n/a_fresh_row,n/a_fresh_row,n/a_fresh_row,366960,Cephalotes atratus,species,network,https://inaturalist-open-data.s3.amazonaws.com/photos/8843347/square.jpg,n/a_fresh_row
known_holdout,Cephalotes atratus,cephalotes-atratus,366960,11979909,68d325cc-4d6d-40c6-9b38-18f901a113cb,17161491,https://inaturalist-open-data.s3.amazonaws.com/photos/17161491/large.jpg,cc-by-nc,"(c) eduardoposadasilva, some rights reserved (CC BY-NC)",2a61fa272c20f0efecbd14110e407c9a1fd3d35955c8e276de8143f5a94f1266,269520,1024,683,inat_api_gate_v2_readiness,n/a_fresh_row,n/a_fresh_row,n/a_fresh_row,n/a_fresh_row,n/a_fresh_row,n/a_fresh_row,366960,Cephalotes atratus,species,network,https://inaturalist-open-data.s3.amazonaws.com/photos/17161491/square.jpg,n/a_fresh_row
known_holdout,Cephalotes atratus,cephalotes-atratus,366960,8828021,c80d8be2-73d8-47bd-a4b2-bb2996b76e21,11859664,https://inaturalist-open-data.s3.amazonaws.com/photos/11859664/large.jpeg,cc-by-nc,"(c) Marcel Carita Vaz, some rights reserved (CC BY-NC)",0dc08c4e3573c3f67e813762c6ee9c724049a0bfa11b248b52f85c494e6d5655,578433,768,1024,inat_api_gate_v2_readiness,n/a_fresh_row,n/a_fresh_row,n/a_fresh_row,n/a_fresh_row,n/a_fresh_row,n/a_fresh_row,366960,Cephalotes atratus,species,network,https://inaturalist-open-data.s3.amazonaws.com/photos/11859664/square.jpeg,n/a_fresh_row
known_holdout,Cephalotes atratus,cephalotes-atratus,366960,2670889,ec4c983f-9d56-4281-ad28-3211e4193ad8,3001343,https://inaturalist-open-data.s3.amazonaws.com/photos/3001343/large.JPG,cc-by-nc,"(c) Onildo João Marini Filho, some rights reserved (CC BY-NC)",7b80c43f3790b5ce4e6ea6003d4fa8c54e9efa15d7b76366c0f13fcecc043682,526540,1024,683,inat_api_gate_v2_readiness,n/a_fresh_row,n/a_fresh_row,n/a_fresh_row,n/a_fresh_row,n/a_fresh_row,n/a_fresh_row,366960,Cephalotes atratus,species,network,https://inaturalist-open-data.s3.amazonaws.com/photos/3001343/square.JPG,n/a_fresh_row
known_holdout,Cephalotes atratus,cephalotes-atratus,366960,7047888,e4280059-1a65-4b81-8ab3-7ffde4c4fdca,9045045,https://inaturalist-open-data.s3.amazonaws.com/photos/9045045/large.jpg,cc-by-nc,"(c) Daniel Puckett, some rights reserved (CC BY-NC)",9118f7ceba7e98c698679a14ff4400e4236a937fca1f1633a4b110e9b22d8357,295788,1024,576,inat_api_gate_v2_readiness,n/a_fresh_row,n/a_fresh_row,n/a_fresh_row,n/a_fresh_row,n/a_fresh_row,n/a_fresh_row,366960,Cephalotes atratus,species,network,https://inaturalist-open-data.s3.amazonaws.com/photos/9045045/square.jpg,n/a_fresh_row
known_holdout,Colobopsis truncata,colobopsis-truncata,503397,12832095,6deae3d3-1ac4-4b5a-a0bc-7d5ea996433e,18615299,https://inaturalist-open-data.s3.amazonaws.com/photos/18615299/large.jpeg,cc-by,"(c) Mattia Menchetti, some rights reserved (CC BY)",4986a1c7bf2d4784fbf3c5d4be84c0419b54098eb77cf44538d51bfccc27daa8,633068,768,1024,inat_api_gate_v2_readiness,n/a_fresh_row,n/a_fresh_row,n/a_fresh_row,n/a_fresh_row,n/a_fresh_row,n/a_fresh_row,503397,Colobopsis truncata,species,network,https://inaturalist-open-data.s3.amazonaws.com/photos/18615299/square.jpeg,n/a_fresh_row
known_holdout,Colobopsis truncata,colobopsis-truncata,503397,26350300,8ce0f045-d469-4a05-9c69-e6ef671ff1f1,40910043,https://inaturalist-open-data.s3.amazonaws.com/photos/40910043/large.jpeg,cc-by,"(c) Mattia Menchetti, some rights reserved (CC BY)",ff2cb8fbbe56bfc9a3562741b6dde192b21d7c00199a52b235d198c8428ba9b9,291491,768,1024,inat_api_gate_v2_readiness,n/a_fresh_row,n/a_fresh_row,n/a_fresh_row,n/a_fresh_row,n/a_fresh_row,n/a_fresh_row,503397,Colobopsis truncata,species,network,https://inaturalist-open-data.s3.amazonaws.com/photos/40910043/square.jpeg,n/a_fresh_row
known_holdout,Colobopsis truncata,colobopsis-truncata,503397,13510017,fb29cb6d-3cd0-4892-a61b-6adf40cf5b70,19853698,https://inaturalist-open-data.s3.amazonaws.com/photos/19853698/large.jpeg,cc-by-nc,"(c) Vitaliy, some rights reserved (CC BY-NC)",21d333ae777a2d6d0f34bb8cc7ccb5ed4571d1ec56bfb04fdcd76606bf05b339,425040,768,1024,inat_api_gate_v2_readiness,n/a_fresh_row,n/a_fresh_row,n/a_fresh_row,n/a_fresh_row,n/a_fresh_row,n/a_fresh_row,503397,Colobopsis truncata,species,network,https://inaturalist-open-data.s3.amazonaws.com/photos/19853698/square.jpeg,n/a_fresh_row
known_holdout,Colobopsis truncata,colobopsis-truncata,503397,30050989,0866c3d5-cfca-468b-b4df-2ba6721ddcaf,46928706,https://inaturalist-open-data.s3.amazonaws.com/photos/46928706/large.jpg,cc-by-nc,"(c) Raoul Gerend, some rights reserved (CC BY-NC)",e1736d8191ed5e0fd5da4f35b16ffac1b1c33edb4f75208c49c409989b879f52,473909,722,1024,inat_api_gate_v2_readiness,n/a_fresh_row,n/a_fresh_row,n/a_fresh_row,n/a_fresh_row,n/a_fresh_row,n/a_fresh_row,503397,Colobopsis truncata,species,network,https://inaturalist-open-data.s3.amazonaws.com/photos/46928706/square.jpg,n/a_fresh_row
known_holdout,Colobopsis truncata,colobopsis-truncata,503397,578122,89ee822a-6e07-4fa7-b9a7-8017a962869f,735561,https://inaturalist-open-data.s3.amazonaws.com/photos/735561/large.jpg,cc-by-nc,"(c) Alessandro Siletto, some rights reserved (CC BY-NC)",30b9eaa05e874c4a96bbf72ed03d6cfd07a0fcb4bf1648ab5ae3a545cae01e82,118098,800,600,inat_api_gate_v2_readiness,n/a_fresh_row,n/a_fresh_row,n/a_fresh_row,n/a_fresh_row,n/a_fresh_row,n/a_fresh_row,503397,Colobopsis truncata,species,network,https://inaturalist-open-data.s3.amazonaws.com/photos/735561/square.jpg,n/a_fresh_row
known_holdout,Colobopsis truncata,colobopsis-truncata,503397,14020745,99a381ec-1bd9-436d-9c04-e5ae78d73ca8,20742446,https://inaturalist-open-data.s3.amazonaws.com/photos/20742446/large.jpg,cc-by-nc,"(c) guglielmo maglio, some rights reserved (CC BY-NC)",0096ea103a5899f0df14d14f1fb19d3a121afd311ecc0a96759cd774636855a8,194385,1024,768,inat_api_gate_v2_readiness,n/a_fresh_row,n/a_fresh_row,n/a_fresh_row,n/a_fresh_row,n/a_fresh_row,n/a_fresh_row,503397,Colobopsis truncata,species,network,https://inaturalist-open-data.s3.amazonaws.com/photos/20742446/square.jpg,n/a_fresh_row
known_holdout,Colobopsis truncata,colobopsis-truncata,503397,34534069,0a1087cc-c746-487a-8805-b575b5392696,54362053,https://inaturalist-open-data.s3.amazonaws.com/photos/54362053/large.jpeg,cc-by,"(c) Michael Haag, some rights reserved (CC BY)",d9d0d430cbff5664b46476dc109f6c01416a74b6215ffe7c347784f2392f2b92,364382,768,1024,inat_api_gate_v2_readiness,n/a_fresh_row,n/a_fresh_row,n/a_fresh_row,n/a_fresh_row,n/a_fresh_row,n/a_fresh_row,503397,Colobopsis truncata,species,network,https://inaturalist-open-data.s3.amazonaws.com/photos/54362053/square.jpeg,n/a_fresh_row
known_holdout,Colobopsis truncata,colobopsis-truncata,503397,23614019,3eedacb3-deb9-432e-9df8-a37281c25fbc,36559438,https://inaturalist-open-data.s3.amazonaws.com/photos/36559438/large.jpeg,cc-by-nc,"(c) Francesco Tarantino, some rights reserved (CC BY-NC)",f44d2c9b20f0c76bb3b415d317cff6a356c91bc6835e0bbad0997c023fd6d787,544322,768,1024,inat_api_gate_v2_readiness,n/a_fresh_row,n/a_fresh_row,n/a_fresh_row,n/a_fresh_row,n/a_fresh_row,n/a_fresh_row,503397,Colobopsis truncata,species,network,https://inaturalist-open-data.s3.amazonaws.com/photos/36559438/square.jpeg,n/a_fresh_row
known_holdout,Colobopsis truncata,colobopsis-truncata,503397,10654106,494c8024-6b49-4e97-9c9b-9e64f2bfafc4,14868208,https://inaturalist-open-data.s3.amazonaws.com/photos/14868208/large.jpeg,cc-by-nc,"(c) Ilaria Toni, some rights reserved (CC BY-NC)",4bd4f33ef9a121ce14e0d40c80d1bb5b4f7476672e7535cc1d9e8455b56cfa76,109242,1024,768,inat_api_gate_v2_readiness,n/a_fresh_row,n/a_fresh_row,n/a_fresh_row,n/a_fresh_row,n/a_fresh_row,n/a_fresh_row,503397,Colobopsis truncata,species,network,https://inaturalist-open-data.s3.amazonaws.com/photos/14868208/square.jpeg,n/a_fresh_row
known_holdout,Colobopsis truncata,colobopsis-truncata,503397,17992185,7a3b9f62-1a83-4064-94be-63e1255bbe49,27502622,https://inaturalist-open-data.s3.amazonaws.com/photos/27502622/large.jpeg,cc-by-nc,"(c) Pascal Dubois, some rights reserved (CC BY-NC)",cf66acb5f486a008089e4228d4dbab372e44132a97d208d91543e8331ddbebad,81203,682,1024,inat_api_gate_v2_readiness,n/a_fresh_row,n/a_fresh_row,n/a_fresh_row,n/a_fresh_row,n/a_fresh_row,n/a_fresh_row,503397,Colobopsis truncata,species,network,https://inaturalist-open-data.s3.amazonaws.com/photos/27502622/square.jpeg,n/a_fresh_row
known_holdout,Crematogaster peringueyi,crematogaster-peringueyi,426236,9018883,01379244-6a1d-46f0-8561-68ba1669ce0c,12162347,https://inaturalist-open-data.s3.amazonaws.com/photos/12162347/large.jpg,cc-by-sa,"(c) Chris Vynbos, some rights reserved (CC BY-SA)",d7482585e088f025d7c59de2bffba88aeee1608e4e10c661fdf60d8497b93b94,148866,1024,768,inat_api_gate_v2_readiness,n/a_fresh_row,n/a_fresh_row,n/a_fresh_row,n/a_fresh_row,n/a_fresh_row,n/a_fresh_row,426236,Crematogaster peringueyi,species,network,https://inaturalist-open-data.s3.amazonaws.com/photos/12162347/square.jpg,n/a_fresh_row
known_holdout,Crematogaster peringueyi,crematogaster-peringueyi,426236,9714790,799d0757-e18d-4e79-92d8-0196c62a660b,13286416,https://inaturalist-open-data.s3.amazonaws.com/photos/13286416/large.jpg,cc-by-sa,"(c) Chris Vynbos, some rights reserved (CC BY-SA)",bc31fdb92c3f7413cf06147829d6c3d4fabb0dc7500677818cb477b74101b008,62213,1024,768,inat_api_gate_v2_readiness,n/a_fresh_row,n/a_fresh_row,n/a_fresh_row,n/a_fresh_row,n/a_fresh_row,n/a_fresh_row,426236,Crematogaster peringueyi,species,network,https://inaturalist-open-data.s3.amazonaws.com/photos/13286416/square.jpg,n/a_fresh_row
known_holdout,Crematogaster peringueyi,crematogaster-peringueyi,426236,9098147,b71005c6-6d8f-4f14-b44f-03930a680fd6,12289589,https://inaturalist-open-data.s3.amazonaws.com/photos/12289589/large.jpeg,cc-by-nc,"(c) Marion Maclean, some rights reserved (CC BY-NC)",6e0534850588307d2b186754248c8d72063c974ae68b7f45ef5400efd92cdfe9,270436,526,630,inat_api_gate_v2_readiness,n/a_fresh_row,n/a_fresh_row,n/a_fresh_row,n/a_fresh_row,n/a_fresh_row,n/a_fresh_row,426236,Crematogaster peringueyi,species,network,https://inaturalist-open-data.s3.amazonaws.com/photos/12289589/square.jpeg,n/a_fresh_row
known_holdout,Crematogaster peringueyi,crematogaster-peringueyi,426236,10786146,e8c655d4-3bcf-4ef3-bba8-c0dd8ced1690,15091994,https://inaturalist-open-data.s3.amazonaws.com/photos/15091994/large.jpg,cc-by-nc,"(c) johanbaard, some rights reserved (CC BY-NC)",34f6d151efcbdab991919e96d174019310ac92a01a3e93aa67b90fca1cd57334,865857,1024,768,inat_api_gate_v2_readiness,n/a_fresh_row,n/a_fresh_row,n/a_fresh_row,n/a_fresh_row,n/a_fresh_row,n/a_fresh_row,426236,Crematogaster peringueyi,species,network,https://inaturalist-open-data.s3.amazonaws.com/photos/15091994/square.jpg,n/a_fresh_row
known_holdout,Crematogaster peringueyi,crematogaster-peringueyi,426236,1160235,81f5ecb4-6485-4d29-91a7-10c1e4986ed9,1462466,https://inaturalist-open-data.s3.amazonaws.com/photos/1462466/large.jpg,cc-by-nc,"(c) Peter Slingsby, some rights reserved (CC BY-NC)",c78e9db0155631af556cde9900cb523ca5e85e61d5c4edace72c75d8376c6250,213250,709,635,inat_api_gate_v2_readiness,n/a_fresh_row,n/a_fresh_row,n/a_fresh_row,n/a_fresh_row,n/a_fresh_row,n/a_fresh_row,426236,Crematogaster peringueyi,species,network,https://inaturalist-open-data.s3.amazonaws.com/photos/1462466/square.jpg,n/a_fresh_row
known_holdout,Crematogaster peringueyi,crematogaster-peringueyi,426236,9122958,f3509e56-d367-4a2d-b779-e6c6055ca297,12327714,https://inaturalist-open-data.s3.amazonaws.com/photos/12327714/large.jpg,cc-by-nc,"(c) Peter Slingsby, some rights reserved (CC BY-NC)",4eac913dcc1e3e50cca3434b8c10c0ab7a101a0340d6ec3af2baf1e6e6f41f99,166672,680,639,inat_api_gate_v2_readiness,n/a_fresh_row,n/a_fresh_row,n/a_fresh_row,n/a_fresh_row,n/a_fresh_row,n/a_fresh_row,426236,Crematogaster peringueyi,species,network,https://inaturalist-open-data.s3.amazonaws.com/photos/12327714/square.jpg,n/a_fresh_row
known_holdout,Crematogaster peringueyi,crematogaster-peringueyi,426236,10802987,5b4a0b0f-52ee-4c22-8a19-09045f4be4cc,15123708,https://inaturalist-open-data.s3.amazonaws.com/photos/15123708/large.jpg,cc-by-sa,"(c) Tony Rebelo, some rights reserved (CC BY-SA)",298610bfb24a861eb32fc32597be77393a31e0daa22cffa47c3de5e9f0d761a5,64728,448,377,inat_api_gate_v2_readiness,n/a_fresh_row,n/a_fresh_row,n/a_fresh_row,n/a_fresh_row,n/a_fresh_row,n/a_fresh_row,426236,Crematogaster peringueyi,species,network,https://inaturalist-open-data.s3.amazonaws.com/photos/15123708/square.jpg,n/a_fresh_row
known_holdout,Crematogaster peringueyi,crematogaster-peringueyi,426236,9456721,7f898d70-4f44-47a6-9680-bf0f36089a52,12863586,https://inaturalist-open-data.s3.amazonaws.com/photos/12863586/large.jpg,cc-by-nc,"(c) Sally Adam, some rights reserved (CC BY-NC)",6d341ae3363c84f062c5a496ac6006b2de5430a0b3fcde073d28ee841fb7c160,543357,912,994,inat_api_gate_v2_readiness,n/a_fresh_row,n/a_fresh_row,n/a_fresh_row,n/a_fresh_row,n/a_fresh_row,n/a_fresh_row,426236,Crematogaster peringueyi,species,network,https://inaturalist-open-data.s3.amazonaws.com/photos/12863586/square.jpg,n/a_fresh_row
known_holdout,Crematogaster peringueyi,crematogaster-peringueyi,426236,8928331,67f4ec5d-e705-4795-9f6c-959c333b7b96,12025279,https://inaturalist-open-data.s3.amazonaws.com/photos/12025279/large.jpg,cc-by-nc,"(c) Peter Slingsby, some rights reserved (CC BY-NC)",a0c8cb3d5f9b0925020b87daa5fa14837a4cf9afa8c17503d364973298ac0600,661818,800,674,inat_api_gate_v2_readiness,n/a_fresh_row,n/a_fresh_row,n/a_fresh_row,n/a_fresh_row,n/a_fresh_row,n/a_fresh_row,426236,Crematogaster peringueyi,species,network,https://inaturalist-open-data.s3.amazonaws.com/photos/12025279/square.jpg,n/a_fresh_row
known_holdout,Crematogaster peringueyi,crematogaster-peringueyi,426236,9353779,2b1481d9-3dd7-412a-8e63-c026d0087e33,12694953,https://inaturalist-open-data.s3.amazonaws.com/photos/12694953/large.jpg,cc-by-sa,"(c) Chris Vynbos, some rights reserved (CC BY-SA)",1deb44bc658f405d0c333ba5a3b0df0445d8283b0e8c2edf186dab12aaaf7df7,91797,768,1024,inat_api_gate_v2_readiness,n/a_fresh_row,n/a_fresh_row,n/a_fresh_row,n/a_fresh_row,n/a_fresh_row,n/a_fresh_row,426236,Crematogaster peringueyi,species,network,https://inaturalist-open-data.s3.amazonaws.com/photos/12694953/square.jpg,n/a_fresh_row
known_holdout,Crematogaster scutellaris,crematogaster-scutellaris,342899,638510,c9829471-1649-47e6-9e48-ea48ae7ae312,803671,https://inaturalist-open-data.s3.amazonaws.com/photos/803671/large.JPG,cc-by-nc,"(c) Giulia Ricciardi, some rights reserved (CC BY-NC)",50923aac80718d2c52bd73cfaf6875bd37ff12e10cc51b8c1b87b16d12afe324,790126,1024,768,inat_api_gate_v2_readiness,n/a_fresh_row,n/a_fresh_row,n/a_fresh_row,n/a_fresh_row,n/a_fresh_row,n/a_fresh_row,342899,Crematogaster scutellaris,species,network,https://inaturalist-open-data.s3.amazonaws.com/photos/803671/square.JPG,n/a_fresh_row
known_holdout,Crematogaster scutellaris,crematogaster-scutellaris,342899,1205658,0109e074-8cfe-4042-86f8-d5486f2e1cfe,1522671,https://inaturalist-open-data.s3.amazonaws.com/photos/1522671/large.jpg,cc-by,"(c) Katja Schulz, some rights reserved (CC BY)",4137eb9110fe36190aa42ffc87d2531c7f00648e34d41ad9c18025d5019bb8c9,271096,1024,1024,inat_api_gate_v2_readiness,n/a_fresh_row,n/a_fresh_row,n/a_fresh_row,n/a_fresh_row,n/a_fresh_row,n/a_fresh_row,342899,Crematogaster scutellaris,species,network,https://inaturalist-open-data.s3.amazonaws.com/photos/1522671/square.jpg,n/a_fresh_row
known_holdout,Crematogaster scutellaris,crematogaster-scutellaris,342899,643708,bda60597-2e06-4f82-aba9-896fa06fe99a,811247,https://inaturalist-open-data.s3.amazonaws.com/photos/811247/large.JPG,cc-by,"(c) Mattia Menchetti, some rights reserved (CC BY)",91d237b3b2c338e2782bd1d847932a8916191fe38da63543f42207f941ccdb39,339483,1024,683,inat_api_gate_v2_readiness,n/a_fresh_row,n/a_fresh_row,n/a_fresh_row,n/a_fresh_row,n/a_fresh_row,n/a_fresh_row,342899,Crematogaster scutellaris,species,network,https://inaturalist-open-data.s3.amazonaws.com/photos/811247/square.JPG,n/a_fresh_row
known_holdout,Crematogaster scutellaris,crematogaster-scutellaris,342899,1855654,a5eec738-2ded-44c0-a075-8efe8116a0a7,2256403,https://inaturalist-open-data.s3.amazonaws.com/photos/2256403/large.jpg,cc-by,"(c) Mattia Menchetti, some rights reserved (CC BY)",2736079acb5e8104ca981ed5fc21e4bac3a60063b65958182cc79be355e0b59a,610179,768,1024,inat_api_gate_v2_readiness,n/a_fresh_row,n/a_fresh_row,n/a_fresh_row,n/a_fresh_row,n/a_fresh_row,n/a_fresh_row,342899,Crematogaster scutellaris,species,network,https://inaturalist-open-data.s3.amazonaws.com/photos/2256403/square.jpg,n/a_fresh_row
known_holdout,Crematogaster scutellaris,crematogaster-scutellaris,342899,532824,3e4ffe12-17b4-4fb5-a0c5-0375f2efff23,677646,https://inaturalist-open-data.s3.amazonaws.com/photos/677646/large.jpg,cc-by,"(c) Mattia Menchetti, some rights reserved (CC BY)",126e1455b619b1793a71590e642a074047d340c8053975da1600f51b16f06c89,120438,960,720,inat_api_gate_v2_readiness,n/a_fresh_row,n/a_fresh_row,n/a_fresh_row,n/a_fresh_row,n/a_fresh_row,n/a_fresh_row,342899,Crematogaster scutellaris,species,network,https://inaturalist-open-data.s3.amazonaws.com/photos/677646/square.jpg,n/a_fresh_row
known_holdout,Crematogaster scutellaris,crematogaster-scutellaris,342899,651902,8618674d-8775-4bc4-af4c-008f52e5c426,822344,https://inaturalist-open-data.s3.amazonaws.com/photos/822344/large.jpg,cc-by,"(c) Mattia Menchetti, some rights reserved (CC BY)",10a9cef05a9a09e8fbfb91722d35da1789309c3e74d504dcebb00db9daf17f87,436197,768,1024,inat_api_gate_v2_readiness,n/a_fresh_row,n/a_fresh_row,n/a_fresh_row,n/a_fresh_row,n/a_fresh_row,n/a_fresh_row,342899,Crematogaster scutellaris,species,network,https://inaturalist-open-data.s3.amazonaws.com/photos/822344/square.jpg,n/a_fresh_row
known_holdout,Crematogaster scutellaris,crematogaster-scutellaris,342899,2367551,4ef7019c-94f8-4bca-8979-e2cc07b5e022,2635473,https://inaturalist-open-data.s3.amazonaws.com/photos/2635473/large.jpeg,cc-by,"(c) Mattia Menchetti, some rights reserved (CC BY)",c436cc33f6290ace2d8705226709d51e600f95dc5c42bb88203fec2ede205bde,770648,1024,768,inat_api_gate_v2_readiness,n/a_fresh_row,n/a_fresh_row,n/a_fresh_row,n/a_fresh_row,n/a_fresh_row,n/a_fresh_row,342899,Crematogaster scutellaris,species,network,https://inaturalist-open-data.s3.amazonaws.com/photos/2635473/square.jpeg,n/a_fresh_row
known_holdout,Crematogaster scutellaris,crematogaster-scutellaris,342899,811006,cda9d0c9-b8b2-47fc-9240-62164c303090,1022682,https://inaturalist-open-data.s3.amazonaws.com/photos/1022682/large.jpg,cc-by,"(c) Mattia Menchetti, some rights reserved (CC BY)",49de70bfb4fe4402a1474eb100a486988887272904840dd8c9e1939be34f1a84,483559,768,1024,inat_api_gate_v2_readiness,n/a_fresh_row,n/a_fresh_row,n/a_fresh_row,n/a_fresh_row,n/a_fresh_row,n/a_fresh_row,342899,Crematogaster scutellaris,species,network,https://inaturalist-open-data.s3.amazonaws.com/photos/1022682/square.jpg,n/a_fresh_row
known_holdout,Crematogaster scutellaris,crematogaster-scutellaris,342899,613933,96397c09-ff90-41c2-9724-e6ce24892994,773788,https://inaturalist-open-data.s3.amazonaws.com/photos/773788/large.JPG,cc-by,"(c) Mattia Menchetti, some rights reserved (CC BY)",35d87b760d48cb62e7ab896125126a1b3493849593dba4acd3711009d9719c95,438659,1024,683,inat_api_gate_v2_readiness,n/a_fresh_row,n/a_fresh_row,n/a_fresh_row,n/a_fresh_row,n/a_fresh_row,n/a_fresh_row,342899,Crematogaster scutellaris,species,network,https://inaturalist-open-data.s3.amazonaws.com/photos/773788/square.JPG,n/a_fresh_row
known_holdout,Crematogaster scutellaris,crematogaster-scutellaris,342899,691888,3768180c-f32b-454f-be47-e4f0056bda6e,869338,https://inaturalist-open-data.s3.amazonaws.com/photos/869338/large.JPG,cc-by,"(c) Mattia Menchetti, some rights reserved (CC BY)",e9d239dbfa0d721ac4fe46b8d7f7b4151eb3dd313fa455182c80e47749a96e15,232493,1024,683,inat_api_gate_v2_readiness,n/a_fresh_row,n/a_fresh_row,n/a_fresh_row,n/a_fresh_row,n/a_fresh_row,n/a_fresh_row,342899,Crematogaster scutellaris,species,network,https://inaturalist-open-data.s3.amazonaws.com/photos/869338/square.JPG,n/a_fresh_row
known_holdout,Dolichoderus bispinosus,dolichoderus-bispinosus,300626,19729333,ce150597-49a5-48c7-ae90-c2e29bcf5aee,30398326,https://inaturalist-open-data.s3.amazonaws.com/photos/30398326/large.png,cc-by-nc,"(c) Thorsten Usée, some rights reserved (CC BY-NC)",2c4b0c20749b0a66770aebcbfa795899c7985532939c938dd9c0f1197282c2cf,758358,717,1024,inat_api_gate_v2_readiness,n/a_fresh_row,n/a_fresh_row,n/a_fresh_row,n/a_fresh_row,n/a_fresh_row,n/a_fresh_row,300626,Dolichoderus bispinosus,species,network,https://inaturalist-open-data.s3.amazonaws.com/photos/30398326/square.png,n/a_fresh_row
known_holdout,Dolichoderus bispinosus,dolichoderus-bispinosus,300626,25057976,f82f84d7-0a3a-422e-854e-652d93c5cdb0,38776714,https://inaturalist-open-data.s3.amazonaws.com/photos/38776714/large.jpeg,cc-by-nc,"(c) Jorge Vallester, some rights reserved (CC BY-NC)",f37e5db89d52bec87b5e5bdfe3f0bfd54bca11f9404d4a5d7c422004f0a4ab12,415409,576,1024,inat_api_gate_v2_readiness,n/a_fresh_row,n/a_fresh_row,n/a_fresh_row,n/a_fresh_row,n/a_fresh_row,n/a_fresh_row,300626,Dolichoderus bispinosus,species,network,https://inaturalist-open-data.s3.amazonaws.com/photos/38776714/square.jpeg,n/a_fresh_row
known_holdout,Dolichoderus bispinosus,dolichoderus-bispinosus,300626,20790991,226ca7fd-327f-42b4-8c14-b62fe65ef30f,32063509,https://inaturalist-open-data.s3.amazonaws.com/photos/32063509/large.jpeg,cc-by-nc-sa,"(c) R.E.Llanos, some rights reserved (CC BY-NC-SA)",eec9abff20a4f189382709aa2765047f5c9dafab91f7ed8874bd34e16f8a7b04,628255,1024,683,inat_api_gate_v2_readiness,n/a_fresh_row,n/a_fresh_row,n/a_fresh_row,n/a_fresh_row,n/a_fresh_row,n/a_fresh_row,300626,Dolichoderus bispinosus,species,network,https://inaturalist-open-data.s3.amazonaws.com/photos/32063509/square.jpeg,n/a_fresh_row
known_holdout,Dolichoderus bispinosus,dolichoderus-bispinosus,300626,31769358,68384ddf-e08f-4ad6-b368-7e3800763f3a,49757579,https://inaturalist-open-data.s3.amazonaws.com/photos/49757579/large.jpeg,cc-by-nc,"(c) Valentin de Mazancourt, some rights reserved (CC BY-NC)",a721372e298990948b6b02b7911c44ed9b221ebc7439f8f634bbc6cc6cbf1644,241687,1024,683,inat_api_gate_v2_readiness,n/a_fresh_row,n/a_fresh_row,n/a_fresh_row,n/a_fresh_row,n/a_fresh_row,n/a_fresh_row,300626,Dolichoderus bispinosus,species,network,https://inaturalist-open-data.s3.amazonaws.com/photos/49757579/square.jpeg,n/a_fresh_row
known_holdout,Dolichoderus bispinosus,dolichoderus-bispinosus,300626,258351,6bab6072-204d-4b7f-adbc-45f75b5d16b5,320586,https://inaturalist-open-data.s3.amazonaws.com/photos/320586/large.JPG,cc-by-nc-sa,"(c) María Alejandra González, some rights reserved (CC BY-NC-SA)",b47e9dccd9742d8a3a16afdfb6c8ca775a41eb13e47fef21d381cefa7e2946b9,350328,1024,768,inat_api_gate_v2_readiness,n/a_fresh_row,n/a_fresh_row,n/a_fresh_row,n/a_fresh_row,n/a_fresh_row,n/a_fresh_row,300626,Dolichoderus bispinosus,species,network,https://inaturalist-open-data.s3.amazonaws.com/photos/320586/square.JPG,n/a_fresh_row
known_holdout,Dolichoderus bispinosus,dolichoderus-bispinosus,300626,20876325,54dbfab4-0eb4-4bae-9894-9a2e28c49f6a,32210359,https://inaturalist-open-data.s3.amazonaws.com/photos/32210359/large.jpg,cc-by-nc,"(c) Carlos Blanco, some rights reserved (CC BY-NC)",f9c530e8c19c4fb3928be2f480dc6fdfc53223f0fd68e2461a64a75cde13c879,417560,768,1024,inat_api_gate_v2_readiness,n/a_fresh_row,n/a_fresh_row,n/a_fresh_row,n/a_fresh_row,n/a_fresh_row,n/a_fresh_row,300626,Dolichoderus bispinosus,species,network,https://inaturalist-open-data.s3.amazonaws.com/photos/32210359/square.jpg,n/a_fresh_row
known_holdout,Dolichoderus bispinosus,dolichoderus-bispinosus,300626,33396170,aa39a9b3-ae77-47da-8e85-baea9559861c,52448502,https://inaturalist-open-data.s3.amazonaws.com/photos/52448502/large.jpg,cc-by-nc,"(c) Nelson Wisnik, some rights reserved (CC BY-NC)",c8c9f246d0a30bf34d962222bedf601a1c678e8cb2a7f0b69617fd4115ff2a3e,553345,766,1024,inat_api_gate_v2_readiness,n/a_fresh_row,n/a_fresh_row,n/a_fresh_row,n/a_fresh_row,n/a_fresh_row,n/a_fresh_row,300626,Dolichoderus bispinosus,species,network,https://inaturalist-open-data.s3.amazonaws.com/photos/52448502/square.jpg,n/a_fresh_row
known_holdout,Dolichoderus bispinosus,dolichoderus-bispinosus,300626,23511711,0f85ea70-04e6-44ab-8457-66d98bea2546,36406550,https://inaturalist-open-data.s3.amazonaws.com/photos/36406550/large.jpg,cc-by-nc,"(c) Alex Marabunta, some rights reserved (CC BY-NC)",b4a0b6e99efdd13b229e3f961ab46e5740fd30e1eee454819eb05e4d7a12d7ca,218165,576,1024,inat_api_gate_v2_readiness,n/a_fresh_row,n/a_fresh_row,n/a_fresh_row,n/a_fresh_row,n/a_fresh_row,n/a_fresh_row,300626,Dolichoderus bispinosus,species,network,https://inaturalist-open-data.s3.amazonaws.com/photos/36406550/square.jpg,n/a_fresh_row
known_holdout,Dolichoderus bispinosus,dolichoderus-bispinosus,300626,10210436,cc4d7274-120c-41c2-8b6c-f37660e7f7e6,14107038,https://inaturalist-open-data.s3.amazonaws.com/photos/14107038/large.jpeg,cc-by,"(c) Annika Lindqvist, some rights reserved (CC BY)",e4656657c4582864fc1005c82bf617d63615875ad23bb3599bfe427348cdc849,491247,1024,767,inat_api_gate_v2_readiness,n/a_fresh_row,n/a_fresh_row,n/a_fresh_row,n/a_fresh_row,n/a_fresh_row,n/a_fresh_row,300626,Dolichoderus bispinosus,species,network,https://inaturalist-open-data.s3.amazonaws.com/photos/14107038/square.jpeg,n/a_fresh_row
known_holdout,Dolichoderus bispinosus,dolichoderus-bispinosus,300626,21245726,7636e855-5044-480a-8f06-b9dff31c047d,32845665,https://inaturalist-open-data.s3.amazonaws.com/photos/32845665/large.jpeg,cc-by-nc-sa,"(c) R.E.Llanos, some rights reserved (CC BY-NC-SA)",907b963d22958ef45b12b96fb0605c9cdee0a64ae44c15b382ee6493f4aeb19d,834401,1024,960,inat_api_gate_v2_readiness,n/a_fresh_row,n/a_fresh_row,n/a_fresh_row,n/a_fresh_row,n/a_fresh_row,n/a_fresh_row,300626,Dolichoderus bispinosus,species,network,https://inaturalist-open-data.s3.amazonaws.com/photos/32845665/square.jpeg,n/a_fresh_row
known_holdout,Dolichoderus quadripunctatus,dolichoderus-quadripunctatus,343264,9431840,ca598af7-9a74-4bbc-8987-21319718b855,12820450,https://inaturalist-open-data.s3.amazonaws.com/photos/12820450/large.jpeg,cc-by-nc,"(c) Kevin Gielen, some rights reserved (CC BY-NC)",b9cf5c97f9c6133bca78ad2252555302b0b58a4da3267ac4dcbb23b81f71193e,414483,1024,683,inat_api_gate_v2_readiness,n/a_fresh_row,n/a_fresh_row,n/a_fresh_row,n/a_fresh_row,n/a_fresh_row,n/a_fresh_row,343264,Dolichoderus quadripunctatus,species,network,https://inaturalist-open-data.s3.amazonaws.com/photos/12820450/square.jpeg,n/a_fresh_row
known_holdout,Dolichoderus quadripunctatus,dolichoderus-quadripunctatus,343264,16634144,c3edf01b-8909-434e-9db4-c631b9a1f427,25072976,https://inaturalist-open-data.s3.amazonaws.com/photos/25072976/large.jpg,cc-by-nc,"(c) Berno Hellauer, some rights reserved (CC BY-NC)",a35208df545cdb0d1a8a89aa88013c1b031dd0af5da1195fe538cfd25e4f4f12,114814,576,1024,inat_api_gate_v2_readiness,n/a_fresh_row,n/a_fresh_row,n/a_fresh_row,n/a_fresh_row,n/a_fresh_row,n/a_fresh_row,343264,Dolichoderus quadripunctatus,species,network,https://inaturalist-open-data.s3.amazonaws.com/photos/25072976/square.jpg,n/a_fresh_row
known_holdout,Dolichoderus quadripunctatus,dolichoderus-quadripunctatus,343264,9548066,c70a9bd0-a205-4f75-8f3c-a93cdd31b81e,13027022,https://inaturalist-open-data.s3.amazonaws.com/photos/13027022/large.jpeg,cc-by-nc,"(c) Danio Miserocchi, some rights reserved (CC BY-NC)",1900957988f15e307d039050132755e0f4a3f29989dd3423ad7359c808802940,255880,1024,802,inat_api_gate_v2_readiness,n/a_fresh_row,n/a_fresh_row,n/a_fresh_row,n/a_fresh_row,n/a_fresh_row,n/a_fresh_row,343264,Dolichoderus quadripunctatus,species,network,https://inaturalist-open-data.s3.amazonaws.com/photos/13027022/square.jpeg,n/a_fresh_row
known_holdout,Dolichoderus quadripunctatus,dolichoderus-quadripunctatus,343264,18142721,bbef77a7-1d47-4535-8fc3-30f2985dfc77,27733493,https://inaturalist-open-data.s3.amazonaws.com/photos/27733493/large.jpg,cc-by-nc,"(c) Carmen Vecino, some rights reserved (CC BY-NC)",08f80a2d51194c78541acffe9396fbeac160b15d3765f335ad6e9d3e35c90178,751969,1024,1024,inat_api_gate_v2_readiness,n/a_fresh_row,n/a_fresh_row,n/a_fresh_row,n/a_fresh_row,n/a_fresh_row,n/a_fresh_row,343264,Dolichoderus quadripunctatus,species,network,https://inaturalist-open-data.s3.amazonaws.com/photos/27733493/square.jpg,n/a_fresh_row
known_holdout,Dolichoderus quadripunctatus,dolichoderus-quadripunctatus,343264,536776,fa7573a8-46e9-4f60-b634-565ea53f463c,682654,https://inaturalist-open-data.s3.amazonaws.com/photos/682654/large.jpg,cc-by-nc-sa,"(c) Marcello Consolo, some rights reserved (CC BY-NC-SA)",ddc3cfec2eb3c3a079df9287e18996b08a2c765449386a426e45271fe6a2d708,554247,1024,731,inat_api_gate_v2_readiness,n/a_fresh_row,n/a_fresh_row,n/a_fresh_row,n/a_fresh_row,n/a_fresh_row,n/a_fresh_row,343264,Dolichoderus quadripunctatus,species,network,https://inaturalist-open-data.s3.amazonaws.com/photos/682654/square.jpg,n/a_fresh_row
known_holdout,Dolichoderus quadripunctatus,dolichoderus-quadripunctatus,343264,9548224,ec5ec740-a33a-4204-881e-ed5c9edeeebb,13027391,https://inaturalist-open-data.s3.amazonaws.com/photos/13027391/large.jpeg,cc-by-nc,"(c) Danio Miserocchi, some rights reserved (CC BY-NC)",743bd405949d2e76ebbd44cc4c9b1c0991640282bc9990db3af8ab774393d8e6,78918,624,412,inat_api_gate_v2_readiness,n/a_fresh_row,n/a_fresh_row,n/a_fresh_row,n/a_fresh_row,n/a_fresh_row,n/a_fresh_row,343264,Dolichoderus quadripunctatus,species,network,https://inaturalist-open-data.s3.amazonaws.com/photos/13027391/square.jpeg,n/a_fresh_row
known_holdout,Dolichoderus quadripunctatus,dolichoderus-quadripunctatus,343264,21531815,491a9618-f4f2-4b0b-8e7f-5675bc0d2f4b,33322097,https://inaturalist-open-data.s3.amazonaws.com/photos/33322097/large.jpg,cc-by-sa,"(c) jfgodeau, some rights reserved (CC BY-SA)",581953bef87dd884a33fb323cd34ebc478b0a97759dc1541976300699d398e61,248044,1000,750,inat_api_gate_v2_readiness,n/a_fresh_row,n/a_fresh_row,n/a_fresh_row,n/a_fresh_row,n/a_fresh_row,n/a_fresh_row,343264,Dolichoderus quadripunctatus,species,network,https://inaturalist-open-data.s3.amazonaws.com/photos/33322097/square.jpg,n/a_fresh_row
known_holdout,Dolichoderus quadripunctatus,dolichoderus-quadripunctatus,343264,15100621,8cec59ee-8cec-4d8a-b187-2d6ee1bccaf4,22555937,https://inaturalist-open-data.s3.amazonaws.com/photos/22555937/large.jpeg,cc-by-nc,"(c) Pascal Dubois, some rights reserved (CC BY-NC)",5ddae7ae5c07c27a24c81b973a612044111304f9c140a6963a3d0aa905c45939,71913,1024,680,inat_api_gate_v2_readiness,n/a_fresh_row,n/a_fresh_row,n/a_fresh_row,n/a_fresh_row,n/a_fresh_row,n/a_fresh_row,343264,Dolichoderus quadripunctatus,species,network,https://inaturalist-open-data.s3.amazonaws.com/photos/22555937/square.jpeg,n/a_fresh_row
known_holdout,Dolichoderus quadripunctatus,dolichoderus-quadripunctatus,343264,6746525,0cca387b-b811-402c-a668-bc0c016817c9,8568929,https://inaturalist-open-data.s3.amazonaws.com/photos/8568929/large.jpeg,cc-by,"(c) Luca Fornasari, some rights reserved (CC BY)",0cd9ae30e79aadaa0d73e33364cb33a7da08650ae56ae8c9c0c586efe8b8b358,103675,1024,769,inat_api_gate_v2_readiness,n/a_fresh_row,n/a_fresh_row,n/a_fresh_row,n/a_fresh_row,n/a_fresh_row,n/a_fresh_row,343264,Dolichoderus quadripunctatus,species,network,https://inaturalist-open-data.s3.amazonaws.com/photos/8568929/square.jpeg,n/a_fresh_row
known_holdout,Dolichoderus quadripunctatus,dolichoderus-quadripunctatus,343264,11985609,106628c6-0315-4f80-82ee-66ec3cbdcf3a,17170376,https://inaturalist-open-data.s3.amazonaws.com/photos/17170376/large.jpg,cc-by-nc,"(c) loyzn, some rights reserved (CC BY-NC)",3da210e5099e25ead50ecfc6760c30bae0308b1465d79ddd94cf07a30d9b21e4,204311,946,1024,inat_api_gate_v2_readiness,n/a_fresh_row,n/a_fresh_row,n/a_fresh_row,n/a_fresh_row,n/a_fresh_row,n/a_fresh_row,343264,Dolichoderus quadripunctatus,species,network,https://inaturalist-open-data.s3.amazonaws.com/photos/17170376/square.jpg,n/a_fresh_row
known_holdout,Dolichoderus thoracicus,dolichoderus-thoracicus,626764,9717295,4f02aed8-653a-4159-a164-5793c3274a23,13290613,https://inaturalist-open-data.s3.amazonaws.com/photos/13290613/large.jpeg,cc-by-nc,"(c) e0052655cassandra18, some rights reserved (CC BY-NC)",5de39c92c7fc48e024e3b1c394192a253b9c0193682216954f6caeb4ad795674,405562,576,1024,inat_api_gate_v2_readiness,n/a_fresh_row,n/a_fresh_row,n/a_fresh_row,n/a_fresh_row,n/a_fresh_row,n/a_fresh_row,626764,Dolichoderus thoracicus,species,network,https://inaturalist-open-data.s3.amazonaws.com/photos/13290613/square.jpeg,n/a_fresh_row
known_holdout,Dolichoderus thoracicus,dolichoderus-thoracicus,626764,17129821,bc7bdc12-de00-4fe7-9151-149aac8a4841,25942810,https://inaturalist-open-data.s3.amazonaws.com/photos/25942810/large.jpeg,cc-by-nc,"(c) 大肚魚, some rights reserved (CC BY-NC)",7abc0d894abd99ed65d31f22218cd545bbe538d84c8291a36fd72856d5c15e55,605669,1024,768,inat_api_gate_v2_readiness,n/a_fresh_row,n/a_fresh_row,n/a_fresh_row,n/a_fresh_row,n/a_fresh_row,n/a_fresh_row,626764,Dolichoderus thoracicus,species,network,https://inaturalist-open-data.s3.amazonaws.com/photos/25942810/square.jpeg,n/a_fresh_row
known_holdout,Dolichoderus thoracicus,dolichoderus-thoracicus,626764,9797374,0c469927-0fc6-4da0-8265-dfbabb82d036,13406985,https://inaturalist-open-data.s3.amazonaws.com/photos/13406985/large.jpeg,cc-by-nc,"(c) e0052655cassandra18, some rights reserved (CC BY-NC)",3adf02c70989517ddfb1f5ce51ddcf2475f4a34a8d791631b3c5652fc4ac5d7c,381070,576,1024,inat_api_gate_v2_readiness,n/a_fresh_row,n/a_fresh_row,n/a_fresh_row,n/a_fresh_row,n/a_fresh_row,n/a_fresh_row,626764,Dolichoderus thoracicus,species,network,https://inaturalist-open-data.s3.amazonaws.com/photos/13406985/square.jpeg,n/a_fresh_row
known_holdout,Dolichoderus thoracicus,dolichoderus-thoracicus,626764,18210333,7231492d-4779-432f-b226-ba4abc4df0f2,27825535,https://inaturalist-open-data.s3.amazonaws.com/photos/27825535/large.jpg,cc-by-nc,"(c) budak, some rights reserved (CC BY-NC)",2ec37316a72c488969ab3f4ee4a826ed6d841595ec687a7299f04ecc46308bc3,320867,1024,683,inat_api_gate_v2_readiness,n/a_fresh_row,n/a_fresh_row,n/a_fresh_row,n/a_fresh_row,n/a_fresh_row,n/a_fresh_row,626764,Dolichoderus thoracicus,species,network,https://inaturalist-open-data.s3.amazonaws.com/photos/27825535/square.jpg,n/a_fresh_row
known_holdout,Dolichoderus thoracicus,dolichoderus-thoracicus,626764,4259489,591c6c8b-a555-4acc-806a-50440d6342fb,5097433,https://inaturalist-open-data.s3.amazonaws.com/photos/5097433/large.jpg,cc-by-nc,"(c) Lisa Onaga, some rights reserved (CC BY-NC)",54d09d9eb4e93c53555d6ee1193c56f49019b983b182efcf8d867360b4f0c174,873753,768,1024,inat_api_gate_v2_readiness,n/a_fresh_row,n/a_fresh_row,n/a_fresh_row,n/a_fresh_row,n/a_fresh_row,n/a_fresh_row,626764,Dolichoderus thoracicus,species,network,https://inaturalist-open-data.s3.amazonaws.com/photos/5097433/square.jpg,n/a_fresh_row
known_holdout,Dolichoderus thoracicus,dolichoderus-thoracicus,626764,12536391,7838777e-ecb0-4c82-aee5-502a47ec5c08,18106517,https://inaturalist-open-data.s3.amazonaws.com/photos/18106517/large.jpg,cc-by-nc,"(c) budak, some rights reserved (CC BY-NC)",ed25a73b04872793cf80a621cb57c794b21b6eb096e611e3076079d04f36f57a,199765,1024,683,inat_api_gate_v2_readiness,n/a_fresh_row,n/a_fresh_row,n/a_fresh_row,n/a_fresh_row,n/a_fresh_row,n/a_fresh_row,626764,Dolichoderus thoracicus,species,network,https://inaturalist-open-data.s3.amazonaws.com/photos/18106517/square.jpg,n/a_fresh_row
known_holdout,Dolichoderus thoracicus,dolichoderus-thoracicus,626764,19901429,6c41158d-f8b8-4369-895f-56381973c183,30693427,https://inaturalist-open-data.s3.amazonaws.com/photos/30693427/large.jpeg,cc-by-nc,"(c) Soh Kam Yung, some rights reserved (CC BY-NC)",4d0a0cc15fe5c2019b06ae601c9a67490785f0644c2617cd936e69b732ea2e12,190774,1024,684,inat_api_gate_v2_readiness,n/a_fresh_row,n/a_fresh_row,n/a_fresh_row,n/a_fresh_row,n/a_fresh_row,n/a_fresh_row,626764,Dolichoderus thoracicus,species,network,https://inaturalist-open-data.s3.amazonaws.com/photos/30693427/square.jpeg,n/a_fresh_row
known_holdout,Dolichoderus thoracicus,dolichoderus-thoracicus,626764,16705212,6af9a29c-95ab-4556-b149-b452599f17db,25199771,https://inaturalist-open-data.s3.amazonaws.com/photos/25199771/large.jpeg,cc-by-nc,"(c) 大肚魚, some rights reserved (CC BY-NC)",d5f9e0140917be34645eefb2e4f0dcc5c5c2325acdbea71788fc1a35c3398da9,407970,1024,768,inat_api_gate_v2_readiness,n/a_fresh_row,n/a_fresh_row,n/a_fresh_row,n/a_fresh_row,n/a_fresh_row,n/a_fresh_row,626764,Dolichoderus thoracicus,species,network,https://inaturalist-open-data.s3.amazonaws.com/photos/25199771/square.jpeg,n/a_fresh_row
known_holdout,Dolichoderus thoracicus,dolichoderus-thoracicus,626764,9085604,8a570b5e-78bf-4fdf-90c7-c073393aeb84,12270137,https://inaturalist-open-data.s3.amazonaws.com/photos/12270137/large.jpg,cc-by-nc,"(c) zzhihuaa, some rights reserved (CC BY-NC)",9273ac48d6d5db2802ecab91c1572879540d4df0b0195940100b54370298e705,733431,1024,914,inat_api_gate_v2_readiness,n/a_fresh_row,n/a_fresh_row,n/a_fresh_row,n/a_fresh_row,n/a_fresh_row,n/a_fresh_row,626764,Dolichoderus thoracicus,species,network,https://inaturalist-open-data.s3.amazonaws.com/photos/12270137/square.jpg,n/a_fresh_row
known_holdout,Dolichoderus thoracicus,dolichoderus-thoracicus,626764,13366822,9676a1ab-785c-4272-bef4-a24d219930d5,19595949,https://inaturalist-open-data.s3.amazonaws.com/photos/19595949/large.jpeg,cc-by-nc,"(c) yushin, some rights reserved (CC BY-NC)",af0e91bb070c4052e9ef1dd168c40c27e26d64c480560a15319dd8d8c4c1fefa,206736,1024,576,inat_api_gate_v2_readiness,n/a_fresh_row,n/a_fresh_row,n/a_fresh_row,n/a_fresh_row,n/a_fresh_row,n/a_fresh_row,626764,Dolichoderus thoracicus,species,network,https://inaturalist-open-data.s3.amazonaws.com/photos/19595949/square.jpeg,n/a_fresh_row
known_holdout,Dorymyrmex bureni,dorymyrmex-bureni,319444,4590650,fecdf429-70bb-4e54-a36d-0d75f1d6ba63,5546785,https://inaturalist-open-data.s3.amazonaws.com/photos/5546785/large.jpg,cc-by-nc,"(c) walkerelementary, some rights reserved (CC BY-NC)",8aca934381ad173c33f20cc72ce49c3041fff3626c1ee1a03d25c20cb717a664,194575,768,1024,inat_api_gate_v2_readiness,n/a_fresh_row,n/a_fresh_row,n/a_fresh_row,n/a_fresh_row,n/a_fresh_row,n/a_fresh_row,319444,Dorymyrmex bureni,species,network,https://inaturalist-open-data.s3.amazonaws.com/photos/5546785/square.jpg,n/a_fresh_row
known_holdout,Dorymyrmex bureni,dorymyrmex-bureni,319444,7577533,12a601c4-324b-4193-a5bc-e9431958d712,9908515,https://inaturalist-open-data.s3.amazonaws.com/photos/9908515/large.jpg,cc-by-nc,"(c) maskinner, some rights reserved (CC BY-NC)",5ad63cd88ad98672afcfc3f9c274a90a0416a2539c69640ead2a08aaa24c387d,571880,1024,768,inat_api_gate_v2_readiness,n/a_fresh_row,n/a_fresh_row,n/a_fresh_row,n/a_fresh_row,n/a_fresh_row,n/a_fresh_row,319444,Dorymyrmex bureni,species,network,https://inaturalist-open-data.s3.amazonaws.com/photos/9908515/square.jpg,n/a_fresh_row
known_holdout,Dorymyrmex bureni,dorymyrmex-bureni,319444,4734497,22999fcf-8bf0-4999-9bcb-ae33930d73bc,5725268,https://inaturalist-open-data.s3.amazonaws.com/photos/5725268/large.jpg,cc-by-sa,"(c) Judy Gallagher, some rights reserved (CC BY-SA)",60fcecb7a0cfad5b8ffb197a2f0dc7b82d4c98e2262c9e7a5ff1f5b2d59153a2,305099,680,1024,inat_api_gate_v2_readiness,n/a_fresh_row,n/a_fresh_row,n/a_fresh_row,n/a_fresh_row,n/a_fresh_row,n/a_fresh_row,319444,Dorymyrmex bureni,species,network,https://inaturalist-open-data.s3.amazonaws.com/photos/5725268/square.jpg,n/a_fresh_row
known_holdout,Dorymyrmex bureni,dorymyrmex-bureni,319444,8514057,b9abfe38-93b5-4789-810e-24295e768852,11364021,https://inaturalist-open-data.s3.amazonaws.com/photos/11364021/large.jpg,cc-by-nc,"(c) Janet Wright, some rights reserved (CC BY-NC)",3c27ba168356e58515418c2d0872a4bcaa03e878bedf86ea6eab3b6619ee9803,315447,1024,768,inat_api_gate_v2_readiness,n/a_fresh_row,n/a_fresh_row,n/a_fresh_row,n/a_fresh_row,n/a_fresh_row,n/a_fresh_row,319444,Dorymyrmex bureni,species,network,https://inaturalist-open-data.s3.amazonaws.com/photos/11364021/square.jpg,n/a_fresh_row
known_holdout,Dorymyrmex bureni,dorymyrmex-bureni,319444,411724,373f7214-d43f-4fec-b627-5360419f0123,518203,https://inaturalist-open-data.s3.amazonaws.com/photos/518203/large.JPG,cc-by-nc,"(c) Nolan Eggert, some rights reserved (CC BY-NC)",4db854835f37b77f716cb47f5268a93a7c1abb299add26c228d94868bc6294fc,383625,1024,682,inat_api_gate_v2_readiness,n/a_fresh_row,n/a_fresh_row,n/a_fresh_row,n/a_fresh_row,n/a_fresh_row,n/a_fresh_row,319444,Dorymyrmex bureni,species,network,https://inaturalist-open-data.s3.amazonaws.com/photos/518203/square.JPG,n/a_fresh_row
known_holdout,Dorymyrmex bureni,dorymyrmex-bureni,319444,4744197,73df6b75-159c-4586-9392-9f837cbd044c,5753340,https://inaturalist-open-data.s3.amazonaws.com/photos/5753340/large.jpg,cc-by-nc,"(c) Susan J. Hewitt, some rights reserved (CC BY-NC)",14aceb7e63d1c6d8deee85eb65a3379136c9d4d85b1bcef6973f9c89ce349146,1103222,765,1024,inat_api_gate_v2_readiness,n/a_fresh_row,n/a_fresh_row,n/a_fresh_row,n/a_fresh_row,n/a_fresh_row,n/a_fresh_row,319444,Dorymyrmex bureni,species,network,https://inaturalist-open-data.s3.amazonaws.com/photos/5753340/square.jpg,n/a_fresh_row
known_holdout,Dorymyrmex bureni,dorymyrmex-bureni,319444,9234905,81e65024-be1c-4b09-bebd-2fe15b133e39,12498813,https://inaturalist-open-data.s3.amazonaws.com/photos/12498813/large.jpg,cc-by-nc,"(c) Susan J. Hewitt, some rights reserved (CC BY-NC)",7a2e971827f1443f2c6870068aab87bd35c790331c3a25b23ba0da343500561f,535097,765,1024,inat_api_gate_v2_readiness,n/a_fresh_row,n/a_fresh_row,n/a_fresh_row,n/a_fresh_row,n/a_fresh_row,n/a_fresh_row,319444,Dorymyrmex bureni,species,network,https://inaturalist-open-data.s3.amazonaws.com/photos/12498813/square.jpg,n/a_fresh_row
known_holdout,Dorymyrmex bureni,dorymyrmex-bureni,319444,6325180,27b5191b-4248-4553-bcd8-e99a4872a891,7967156,https://inaturalist-open-data.s3.amazonaws.com/photos/7967156/large.jpg,cc-by-nc,"(c) Tom Austin, some rights reserved (CC BY-NC)",2d044b8d9be3aaefc7516ba68faf7ade9ac44a86485d6b6c7b2f73b059cbed4c,334067,577,1024,inat_api_gate_v2_readiness,n/a_fresh_row,n/a_fresh_row,n/a_fresh_row,n/a_fresh_row,n/a_fresh_row,n/a_fresh_row,319444,Dorymyrmex bureni,species,network,https://inaturalist-open-data.s3.amazonaws.com/photos/7967156/square.jpg,n/a_fresh_row
known_holdout,Dorymyrmex bureni,dorymyrmex-bureni,319444,2084527,72cb6964-470b-412a-89eb-3647f9884325,2493313,https://inaturalist-open-data.s3.amazonaws.com/photos/2493313/large.jpg,cc-by-nc,"(c) Chuck Sexton, some rights reserved (CC BY-NC)",44d6ce2b016008ee60dee9722d10f0aaee2cf10726b7d5e7643442a194c08dde,668111,640,640,inat_api_gate_v2_readiness,n/a_fresh_row,n/a_fresh_row,n/a_fresh_row,n/a_fresh_row,n/a_fresh_row,n/a_fresh_row,319444,Dorymyrmex bureni,species,network,https://inaturalist-open-data.s3.amazonaws.com/photos/2493313/square.jpg,n/a_fresh_row
known_holdout,Dorymyrmex bureni,dorymyrmex-bureni,319444,4755911,b0245c32-d288-4bf1-ae84-e012469f22e5,5785894,https://inaturalist-open-data.s3.amazonaws.com/photos/5785894/large.jpg,cc-by-nc,"(c) Susan J. Hewitt, some rights reserved (CC BY-NC)",61cadab8bc9b64787d0cf0cf0e265e5c282790fd4ccb56fd6f32ca4a4e20f57d,1140336,1024,765,inat_api_gate_v2_readiness,n/a_fresh_row,n/a_fresh_row,n/a_fresh_row,n/a_fresh_row,n/a_fresh_row,n/a_fresh_row,319444,Dorymyrmex bureni,species,network,https://inaturalist-open-data.s3.amazonaws.com/photos/5785894/square.jpg,n/a_fresh_row
known_holdout,Eciton burchellii,eciton-burchellii,126838,1208697,2800af11-f362-4beb-bd8f-634341c6b3e5,1526706,https://inaturalist-open-data.s3.amazonaws.com/photos/1526706/large.JPG,cc-by-nc,"(c) Jesús Moreno Navarro, some rights reserved (CC BY-NC)",9ae5294f7152159cdddafb351b8c6910098f270ba94596228dae6b24aa9d7eef,249299,600,400,inat_api_gate_v2_readiness,n/a_fresh_row,n/a_fresh_row,n/a_fresh_row,n/a_fresh_row,n/a_fresh_row,n/a_fresh_row,126838,Eciton burchellii,species,network,https://inaturalist-open-data.s3.amazonaws.com/photos/1526706/square.JPG,n/a_fresh_row
known_holdout,Eciton burchellii,eciton-burchellii,126838,2660219,c14c4e4d-cd6c-4149-8362-1b94a80bd2f3,2990848,https://inaturalist-open-data.s3.amazonaws.com/photos/2990848/large.JPG,cc-by,"(c) Francisco Farriols Sarabia, some rights reserved (CC BY)",a012316a1cf09035d9e9b14dfba5854cbbfc8f9260f64af9563486af0bbcbec3,337695,1024,787,inat_api_gate_v2_readiness,n/a_fresh_row,n/a_fresh_row,n/a_fresh_row,n/a_fresh_row,n/a_fresh_row,n/a_fresh_row,735984,Eciton burchellii parvispinum,subspecies,network,https://inaturalist-open-data.s3.amazonaws.com/photos/2990848/square.JPG,n/a_fresh_row
known_holdout,Eciton burchellii,eciton-burchellii,126838,1250669,dd96c579-f578-43b6-864a-8d9b4ec1871c,1570272,https://inaturalist-open-data.s3.amazonaws.com/photos/1570272/large.jpg,cc-by-nc,"(c) Nicholas Pollock, some rights reserved (CC BY-NC)",137a1064d282409991ce300af566f94f66f7fce799d33606627b525b5680ff24,543687,1024,789,inat_api_gate_v2_readiness,n/a_fresh_row,n/a_fresh_row,n/a_fresh_row,n/a_fresh_row,n/a_fresh_row,n/a_fresh_row,126838,Eciton burchellii,species,network,https://inaturalist-open-data.s3.amazonaws.com/photos/1570272/square.jpg,n/a_fresh_row
known_holdout,Eciton burchellii,eciton-burchellii,126838,4014805,a97190ca-8528-4b00-8040-4ebd4ef75470,4741496,https://inaturalist-open-data.s3.amazonaws.com/photos/4741496/large.jpeg,cc-by,"(c) Francisco Farriols Sarabia, some rights reserved (CC BY)",b18591d2279e70cf6159715f57a6138e8451d3897d31584338a0ad902a19d477,39755,319,260,inat_api_gate_v2_readiness,n/a_fresh_row,n/a_fresh_row,n/a_fresh_row,n/a_fresh_row,n/a_fresh_row,n/a_fresh_row,735984,Eciton burchellii parvispinum,subspecies,network,https://inaturalist-open-data.s3.amazonaws.com/photos/4741496/square.jpeg,n/a_fresh_row
known_holdout,Eciton burchellii,eciton-burchellii,126838,63622,e36f65e4-17e0-40be-a202-3a5a41917348,97735,https://inaturalist-open-data.s3.amazonaws.com/photos/97735/large.JPG,cc-by-nc-sa,"(c) 114657621531739755000, some rights reserved (CC BY-NC-SA)",c4ed3bfd49db0e1a6bf1487386c1e187b9c0080f14b010c7ec819a9abe04fce8,76896,512,384,inat_api_gate_v2_readiness,n/a_fresh_row,n/a_fresh_row,n/a_fresh_row,n/a_fresh_row,n/a_fresh_row,n/a_fresh_row,126838,Eciton burchellii,species,network,https://inaturalist-open-data.s3.amazonaws.com/photos/97735/square.JPG,n/a_fresh_row
known_holdout,Eciton burchellii,eciton-burchellii,126838,1304932,dd7fadca-7be2-4eeb-a4a4-56cd359f9931,1637923,https://inaturalist-open-data.s3.amazonaws.com/photos/1637923/large.JPG,cc-by,"(c) Francisco Farriols Sarabia, some rights reserved (CC BY)",ec262d85f499a3e82bd718c5ff6070c2f6b3af3bba316b5fb80c492b576b892c,179465,671,538,inat_api_gate_v2_readiness,n/a_fresh_row,n/a_fresh_row,n/a_fresh_row,n/a_fresh_row,n/a_fresh_row,n/a_fresh_row,735984,Eciton burchellii parvispinum,subspecies,network,https://inaturalist-open-data.s3.amazonaws.com/photos/1637923/square.JPG,n/a_fresh_row
known_holdout,Eciton burchellii,eciton-burchellii,126838,5763246,133c4f04-8d98-4bda-a8e4-affce69a9ff6,7153996,https://inaturalist-open-data.s3.amazonaws.com/photos/7153996/large.jpeg,cc-by-nc,"(c) tapaculo99, some rights reserved (CC BY-NC)",153033c590825b911b7ca9798439e4b70d2da3112cfeda20837bbb6eea3118b4,215945,1024,339,inat_api_gate_v2_readiness,n/a_fresh_row,n/a_fresh_row,n/a_fresh_row,n/a_fresh_row,n/a_fresh_row,n/a_fresh_row,735984,Eciton burchellii parvispinum,subspecies,network,https://inaturalist-open-data.s3.amazonaws.com/photos/7153996/square.jpeg,n/a_fresh_row
known_holdout,Eciton burchellii,eciton-burchellii,126838,2499444,d46a84dd-248f-4f4c-a5ea-70e6e394c065,2807114,https://inaturalist-open-data.s3.amazonaws.com/photos/2807114/large.jpg,cc-by-nc,"(c) Colin Barrows, some rights reserved (CC BY-NC)",63ea371a16732868e7a346eabe276b972284717a264374cd9d28dd8b4dd499e3,337824,1024,640,inat_api_gate_v2_readiness,n/a_fresh_row,n/a_fresh_row,n/a_fresh_row,n/a_fresh_row,n/a_fresh_row,n/a_fresh_row,126838,Eciton burchellii,species,network,https://inaturalist-open-data.s3.amazonaws.com/photos/2807114/square.jpg,n/a_fresh_row
known_holdout,Eciton burchellii,eciton-burchellii,126838,1117220,343b0ab9-3962-4b87-aab4-3e66edbe5ac2,1403958,https://inaturalist-open-data.s3.amazonaws.com/photos/1403958/large.JPG,cc-by,"(c) Francisco Farriols Sarabia, some rights reserved (CC BY)",e433d93d396da3dac5f214c8fa1da59f4527c4f7d0433b2d3003b3e38eb8d5d5,439902,1024,768,inat_api_gate_v2_readiness,n/a_fresh_row,n/a_fresh_row,n/a_fresh_row,n/a_fresh_row,n/a_fresh_row,n/a_fresh_row,735984,Eciton burchellii parvispinum,subspecies,network,https://inaturalist-open-data.s3.amazonaws.com/photos/1403958/square.JPG,n/a_fresh_row
known_holdout,Eciton burchellii,eciton-burchellii,126838,1304933,8a8a3377-b381-4bd4-828b-8f7d53d5a0d7,1637924,https://inaturalist-open-data.s3.amazonaws.com/photos/1637924/large.JPG,cc-by,"(c) Francisco Farriols Sarabia, some rights reserved (CC BY)",b5826c05e7bb5ac33cbdc07891b7ed50f0336425a510af22dadcb7c68fa3103b,450321,1024,576,inat_api_gate_v2_readiness,n/a_fresh_row,n/a_fresh_row,n/a_fresh_row,n/a_fresh_row,n/a_fresh_row,n/a_fresh_row,735984,Eciton burchellii parvispinum,subspecies,network,https://inaturalist-open-data.s3.amazonaws.com/photos/1637924/square.JPG,n/a_fresh_row
known_holdout,Ectatomma tuberculatum,ectatomma-tuberculatum,300347,4131010,c9381c0e-c5f7-47f9-9f88-9f49711125e9,4913548,https://inaturalist-open-data.s3.amazonaws.com/photos/4913548/large.jpg,cc-by-nc,"(c) catta, some rights reserved (CC BY-NC)",0a9081276ec54c63fa0ac17ac814b47c0a07042739a3b7dca2fbb036b6b34434,197966,1024,768,inat_api_gate_v2_readiness,n/a_fresh_row,n/a_fresh_row,n/a_fresh_row,n/a_fresh_row,n/a_fresh_row,n/a_fresh_row,300347,Ectatomma tuberculatum,species,network,https://inaturalist-open-data.s3.amazonaws.com/photos/4913548/square.jpg,n/a_fresh_row
known_holdout,Ectatomma tuberculatum,ectatomma-tuberculatum,300347,7498944,0e75939c-a61b-4218-955c-affd47603666,9768989,https://inaturalist-open-data.s3.amazonaws.com/photos/9768989/large.jpeg,cc-by-nc,"(c) Erick Noe Tapia Banda, some rights reserved (CC BY-NC)",07f7deae523568b778af396c60fecf5436da5d16b877229ea9ac09d7f8288fdf,181710,1024,681,inat_api_gate_v2_readiness,n/a_fresh_row,n/a_fresh_row,n/a_fresh_row,n/a_fresh_row,n/a_fresh_row,n/a_fresh_row,300347,Ectatomma tuberculatum,species,network,https://inaturalist-open-data.s3.amazonaws.com/photos/9768989/square.jpeg,n/a_fresh_row
known_holdout,Ectatomma tuberculatum,ectatomma-tuberculatum,300347,4500763,03b5c588-742e-4319-aa07-54934da74171,5440405,https://inaturalist-open-data.s3.amazonaws.com/photos/5440405/large.jpg,cc-by,"(c) Brian Gratwicke, some rights reserved (CC BY)",0fca6d2fb51d90bdabbaefd4eec25f0cde1588ff72f23b1513fa8f0e655f2b9f,193040,1024,683,inat_api_gate_v2_readiness,n/a_fresh_row,n/a_fresh_row,n/a_fresh_row,n/a_fresh_row,n/a_fresh_row,n/a_fresh_row,300347,Ectatomma tuberculatum,species,network,https://inaturalist-open-data.s3.amazonaws.com/photos/5440405/square.jpg,n/a_fresh_row
known_holdout,Ectatomma tuberculatum,ectatomma-tuberculatum,300347,8263832,698694e1-12dd-4039-8e79-8b3f3e0f462f,10957614,https://inaturalist-open-data.s3.amazonaws.com/photos/10957614/large.jpeg,cc-by-nc,"(c) Erick Noe Tapia Banda, some rights reserved (CC BY-NC)",12e54516ff85a3fe65a61947f642720bd719b43f676f55043566aa69f8d282b6,186461,1024,681,inat_api_gate_v2_readiness,n/a_fresh_row,n/a_fresh_row,n/a_fresh_row,n/a_fresh_row,n/a_fresh_row,n/a_fresh_row,300347,Ectatomma tuberculatum,species,network,https://inaturalist-open-data.s3.amazonaws.com/photos/10957614/square.jpeg,n/a_fresh_row
known_holdout,Ectatomma tuberculatum,ectatomma-tuberculatum,300347,1889654,a09aa8d0-e9f0-46f6-8b14-1a2912e4b88c,2304300,https://inaturalist-open-data.s3.amazonaws.com/photos/2304300/large.JPG,cc-by,"(c) Julio Cesar Chavez Barrera, some rights reserved (CC BY)",4c22bbc80248ee79d81d4d0543f31d49f310953082f09ec9511503397929c4a7,214774,1024,768,inat_api_gate_v2_readiness,n/a_fresh_row,n/a_fresh_row,n/a_fresh_row,n/a_fresh_row,n/a_fresh_row,n/a_fresh_row,300347,Ectatomma tuberculatum,species,network,https://inaturalist-open-data.s3.amazonaws.com/photos/2304300/square.JPG,n/a_fresh_row
known_holdout,Ectatomma tuberculatum,ectatomma-tuberculatum,300347,5487939,3cb3d9ba-6da3-4ad1-bfb8-1ca214b1d634,6760451,https://inaturalist-open-data.s3.amazonaws.com/photos/6760451/large.jpg,cc-by-nc,"(c) Bruno Cardoso, some rights reserved (CC BY-NC)",8075573d52e09d3f454aaa07e752d1c65ca4d90ae59be553ed93a18e670d30cf,827910,1024,932,inat_api_gate_v2_readiness,n/a_fresh_row,n/a_fresh_row,n/a_fresh_row,n/a_fresh_row,n/a_fresh_row,n/a_fresh_row,300347,Ectatomma tuberculatum,species,network,https://inaturalist-open-data.s3.amazonaws.com/photos/6760451/square.jpg,n/a_fresh_row
known_holdout,Ectatomma tuberculatum,ectatomma-tuberculatum,300347,8940353,4503463e-f298-4496-9af1-461214c1a2a1,12045172,https://inaturalist-open-data.s3.amazonaws.com/photos/12045172/large.jpg,cc-by-nc,"(c) Arnold Wijker, some rights reserved (CC BY-NC)",077faae112712354bd39ff5d6e871b5bf453298b5becde498a7034ebe20263bd,513059,800,714,inat_api_gate_v2_readiness,n/a_fresh_row,n/a_fresh_row,n/a_fresh_row,n/a_fresh_row,n/a_fresh_row,n/a_fresh_row,300347,Ectatomma tuberculatum,species,network,https://inaturalist-open-data.s3.amazonaws.com/photos/12045172/square.jpg,n/a_fresh_row
known_holdout,Ectatomma tuberculatum,ectatomma-tuberculatum,300347,7013583,136cbdf7-7925-4c5e-b3f0-3e0fd744bde6,8989926,https://inaturalist-open-data.s3.amazonaws.com/photos/8989926/large.jpeg,cc-by-nc-sa,"(c) Uriel M Barrera Ruiz, some rights reserved (CC BY-NC-SA)",9bf2ee876e485920ec90f51b0219ca9b0d3b5bd61f340009742b6fdfc435af3b,773696,1024,732,inat_api_gate_v2_readiness,n/a_fresh_row,n/a_fresh_row,n/a_fresh_row,n/a_fresh_row,n/a_fresh_row,n/a_fresh_row,300347,Ectatomma tuberculatum,species,network,https://inaturalist-open-data.s3.amazonaws.com/photos/8989926/square.jpeg,n/a_fresh_row
known_holdout,Ectatomma tuberculatum,ectatomma-tuberculatum,300347,2635636,da005839-bfa3-4372-ab41-353bf6d8a74b,2954942,https://inaturalist-open-data.s3.amazonaws.com/photos/2954942/large.JPG,cc-by-nc,"(c) Pedro Nájera Quezada, some rights reserved (CC BY-NC)",2806863e717f2a67a1cb02144531de06438f0ac8925449eff8a57d269c5a9959,342428,1024,592,inat_api_gate_v2_readiness,n/a_fresh_row,n/a_fresh_row,n/a_fresh_row,n/a_fresh_row,n/a_fresh_row,n/a_fresh_row,300347,Ectatomma tuberculatum,species,network,https://inaturalist-open-data.s3.amazonaws.com/photos/2954942/square.JPG,n/a_fresh_row
known_holdout,Ectatomma tuberculatum,ectatomma-tuberculatum,300347,5854171,df7da4e9-4a9e-4743-87cb-91cc910f1a32,7287397,https://inaturalist-open-data.s3.amazonaws.com/photos/7287397/large.jpg,cc-by-nc,"(c) sofiaalcantara270, some rights reserved (CC BY-NC)",712dde6cc029105a6a3064fed02e1a4f5cf9cf0adb695a4ffaf8aa849090c7cd,608215,1024,768,inat_api_gate_v2_readiness,n/a_fresh_row,n/a_fresh_row,n/a_fresh_row,n/a_fresh_row,n/a_fresh_row,n/a_fresh_row,300347,Ectatomma tuberculatum,species,network,https://inaturalist-open-data.s3.amazonaws.com/photos/7287397/square.jpg,n/a_fresh_row
known_holdout,Formica exsectoides,formica-exsectoides,133654,1856656,d7ce1609-481a-4f8a-93aa-19147bc73602,2257857,https://inaturalist-open-data.s3.amazonaws.com/photos/2257857/large.JPG,cc-by-nc,"(c) Jim, some rights reserved (CC BY-NC)",f4b7d2ca5b4f85758fd2ffe5dee78e1980a89de6444e85e515bd2b73fc908216,325621,1024,768,inat_api_gate_v2_readiness,n/a_fresh_row,n/a_fresh_row,n/a_fresh_row,n/a_fresh_row,n/a_fresh_row,n/a_fresh_row,133654,Formica exsectoides,species,network,https://inaturalist-open-data.s3.amazonaws.com/photos/2257857/square.JPG,n/a_fresh_row
known_holdout,Formica exsectoides,formica-exsectoides,133654,6209908,3edc5f07-b934-4d37-88cb-7e9298bb2fc7,7798776,https://inaturalist-open-data.s3.amazonaws.com/photos/7798776/large.jpg,cc-by-nc,"(c) Peter Hollinger, some rights reserved (CC BY-NC)",005c613d7e414991f618665151d65faa28ef59c50be7f1b07309563f18287262,117688,800,800,inat_api_gate_v2_readiness,n/a_fresh_row,n/a_fresh_row,n/a_fresh_row,n/a_fresh_row,n/a_fresh_row,n/a_fresh_row,133654,Formica exsectoides,species,network,https://inaturalist-open-data.s3.amazonaws.com/photos/7798776/square.jpg,n/a_fresh_row
known_holdout,Formica exsectoides,formica-exsectoides,133654,2872733,733cc788-63f8-491c-b9ad-7f2472825c61,3279284,https://inaturalist-open-data.s3.amazonaws.com/photos/3279284/large.JPG,cc-by-nc,"(c) Pamela Fisher, some rights reserved (CC BY-NC)",4003b4a8934981aaf356de727cc58df98e05ad0a193174fa8b999791ff9d8c85,327743,1024,768,inat_api_gate_v2_readiness,n/a_fresh_row,n/a_fresh_row,n/a_fresh_row,n/a_fresh_row,n/a_fresh_row,n/a_fresh_row,133654,Formica exsectoides,species,network,https://inaturalist-open-data.s3.amazonaws.com/photos/3279284/square.JPG,n/a_fresh_row
known_holdout,Formica exsectoides,formica-exsectoides,133654,6927300,14a45913-ab0e-4013-9010-2ae6959eaa62,8847956,https://inaturalist-open-data.s3.amazonaws.com/photos/8847956/large.jpg,cc-by,"(c) Christopher Zacharias, some rights reserved (CC BY)",857285feca851540b6a65af979b2ee48f07688f159027d2067b9f2f1d0ffb100,617900,768,1024,inat_api_gate_v2_readiness,n/a_fresh_row,n/a_fresh_row,n/a_fresh_row,n/a_fresh_row,n/a_fresh_row,n/a_fresh_row,133654,Formica exsectoides,species,network,https://inaturalist-open-data.s3.amazonaws.com/photos/8847956/square.jpg,n/a_fresh_row
known_holdout,Formica exsectoides,formica-exsectoides,133654,311963,138bae9a-7f68-43b6-bc9a-eb01db39fb2d,387061,https://inaturalist-open-data.s3.amazonaws.com/photos/387061/large.jpg,cc0,no rights reserved,2d52199ccee6781c5a8aa099fd60e4612301b1bdea9272b8bb880348a7695e76,472902,1024,683,inat_api_gate_v2_readiness,n/a_fresh_row,n/a_fresh_row,n/a_fresh_row,n/a_fresh_row,n/a_fresh_row,n/a_fresh_row,133654,Formica exsectoides,species,network,https://inaturalist-open-data.s3.amazonaws.com/photos/387061/square.jpg,n/a_fresh_row
known_holdout,Formica exsectoides,formica-exsectoides,133654,2942225,4a8b33c4-a434-47a1-a116-c44e2f167fb0,3373594,https://inaturalist-open-data.s3.amazonaws.com/photos/3373594/large.jpg,cc-by-nc,"(c) Dan Nydick, some rights reserved (CC BY-NC)",7e80f2b3fb18938ac26bbca9e9eb8c47899417a128920d4599f7380538acd259,1302208,768,1024,inat_api_gate_v2_readiness,n/a_fresh_row,n/a_fresh_row,n/a_fresh_row,n/a_fresh_row,n/a_fresh_row,n/a_fresh_row,133654,Formica exsectoides,species,network,https://inaturalist-open-data.s3.amazonaws.com/photos/3373594/square.jpg,n/a_fresh_row
known_holdout,Formica exsectoides,formica-exsectoides,133654,7216917,b0ab8563-36d9-44f4-a6eb-16ba93b20548,9313883,https://inaturalist-open-data.s3.amazonaws.com/photos/9313883/large.jpg,cc-by,"(c) Andrew Campbell, some rights reserved (CC BY)",2ea8ab670a3863501fdd14d779bd769263a2fd9e9a0048b2e888453fd33da88a,115838,584,778,inat_api_gate_v2_readiness,n/a_fresh_row,n/a_fresh_row,n/a_fresh_row,n/a_fresh_row,n/a_fresh_row,n/a_fresh_row,133654,Formica exsectoides,species,network,https://inaturalist-open-data.s3.amazonaws.com/photos/9313883/square.jpg,n/a_fresh_row
known_holdout,Formica exsectoides,formica-exsectoides,133654,5566425,10ffa930-6e7a-491d-aadc-7e098c70d29c,6872446,https://inaturalist-open-data.s3.amazonaws.com/photos/6872446/large.jpg,cc-by-nc,"(c) Joe Brehm, some rights reserved (CC BY-NC)",85642b7a36f4a2c5fe28f78de6bf4ae3e2bd9b30dc4c08afd7225a1307bd1d84,1294662,768,1024,inat_api_gate_v2_readiness,n/a_fresh_row,n/a_fresh_row,n/a_fresh_row,n/a_fresh_row,n/a_fresh_row,n/a_fresh_row,133654,Formica exsectoides,species,network,https://inaturalist-open-data.s3.amazonaws.com/photos/6872446/square.jpg,n/a_fresh_row
known_holdout,Formica exsectoides,formica-exsectoides,133654,1534405,2fbd42c1-d28e-4d18-8662-7f522b862415,1900912,https://inaturalist-open-data.s3.amazonaws.com/photos/1900912/large.jpg,cc-by-nc-sa,"(c) Christopher Tracey, some rights reserved (CC BY-NC-SA)",2e4dade07ab6c6a29a8950e54e31e4905ef0716ba55d76d24281971752cf767c,1169353,960,720,inat_api_gate_v2_readiness,n/a_fresh_row,n/a_fresh_row,n/a_fresh_row,n/a_fresh_row,n/a_fresh_row,n/a_fresh_row,133654,Formica exsectoides,species,network,https://inaturalist-open-data.s3.amazonaws.com/photos/1900912/square.jpg,n/a_fresh_row
known_holdout,Formica exsectoides,formica-exsectoides,133654,3116310,a2f00081-6f82-4142-8476-a7a461266d38,3603296,https://inaturalist-open-data.s3.amazonaws.com/photos/3603296/large.JPG,cc0,no rights reserved,601a89309cc4930cbba7487d259016fddd029fbd04f265f5a0c24da228b9c33a,569006,986,1024,inat_api_gate_v2_readiness,n/a_fresh_row,n/a_fresh_row,n/a_fresh_row,n/a_fresh_row,n/a_fresh_row,n/a_fresh_row,133654,Formica exsectoides,species,network,https://inaturalist-open-data.s3.amazonaws.com/photos/3603296/square.JPG,n/a_fresh_row
known_holdout,Formica rufa,formica-rufa,53853,8401624,dd45ea52-79f9-4649-a52c-e6c1f4c12700,11178129,https://inaturalist-open-data.s3.amazonaws.com/photos/11178129/large.jpg,cc0,no rights reserved,9425281b8bc40aa6980e16476c0e2a891591c02b71f2289c91bdb1ce4b3ee6e8,536693,1024,768,inat_api_gate_v2_readiness,n/a_fresh_row,n/a_fresh_row,n/a_fresh_row,n/a_fresh_row,n/a_fresh_row,n/a_fresh_row,53853,Formica rufa,species,network,https://inaturalist-open-data.s3.amazonaws.com/photos/11178129/square.jpg,n/a_fresh_row
known_holdout,Formica rufa,formica-rufa,53853,15416012,44fef954-aacf-4397-8c6a-6adcc13ee23d,23113813,https://inaturalist-open-data.s3.amazonaws.com/photos/23113813/large.jpg,cc0,no rights reserved,1a8b540292d4975d3e1b5c089fba53bb37b0e386e4945cff4048563b008de44e,306752,846,1024,inat_api_gate_v2_readiness,n/a_fresh_row,n/a_fresh_row,n/a_fresh_row,n/a_fresh_row,n/a_fresh_row,n/a_fresh_row,53853,Formica rufa,species,network,https://inaturalist-open-data.s3.amazonaws.com/photos/23113813/square.jpg,n/a_fresh_row
known_holdout,Formica rufa,formica-rufa,53853,8692823,6c75981e-33da-42b5-9a21-67d5c89d853d,11652121,https://inaturalist-open-data.s3.amazonaws.com/photos/11652121/large.jpg,cc-by-nc,"(c) Andrea Peterlongo, some rights reserved (CC BY-NC)",6c068f35113055103bf5a389b48fe4415e8b119dfef4cc8e3af3f9c92d9f9ff1,631002,925,1024,inat_api_gate_v2_readiness,n/a_fresh_row,n/a_fresh_row,n/a_fresh_row,n/a_fresh_row,n/a_fresh_row,n/a_fresh_row,53853,Formica rufa,species,network,https://inaturalist-open-data.s3.amazonaws.com/photos/11652121/square.jpg,n/a_fresh_row
known_holdout,Formica rufa,formica-rufa,53853,17021588,ccff1ba7-db59-442a-9a5f-e389780735eb,25744454,https://inaturalist-open-data.s3.amazonaws.com/photos/25744454/large.jpeg,cc-by-nc,"(c) Mikkel Rødvig, some rights reserved (CC BY-NC)",b01cc5cd0aa477cb7d64dac56b6e17bd1482d0d4b0a746ef131b51a4124b34a8,691577,768,1024,inat_api_gate_v2_readiness,n/a_fresh_row,n/a_fresh_row,n/a_fresh_row,n/a_fresh_row,n/a_fresh_row,n/a_fresh_row,53853,Formica rufa,species,network,https://inaturalist-open-data.s3.amazonaws.com/photos/25744454/square.jpeg,n/a_fresh_row
known_holdout,Formica rufa,formica-rufa,53853,3938691,a3475898-bd76-4f04-9cb6-000f000917ff,4638443,https://inaturalist-open-data.s3.amazonaws.com/photos/4638443/large.jpeg,cc-by-nc,"(c) fabnobili, some rights reserved (CC BY-NC)",16e5bc935ff94fc5e6cd8889d5cb112396a7c86d4b440bee2be797d82661bfc5,887803,768,1024,inat_api_gate_v2_readiness,n/a_fresh_row,n/a_fresh_row,n/a_fresh_row,n/a_fresh_row,n/a_fresh_row,n/a_fresh_row,53853,Formica rufa,species,network,https://inaturalist-open-data.s3.amazonaws.com/photos/4638443/square.jpeg,n/a_fresh_row
known_holdout,Formica rufa,formica-rufa,53853,9989859,267826c2-eaf2-46f9-a960-c2eaf80166d1,13731793,https://inaturalist-open-data.s3.amazonaws.com/photos/13731793/large.jpeg,cc-by-nc,"(c) André Nagelhout, some rights reserved (CC BY-NC)",aa5bb40510716e3ca6d67ab13af30a0438294b98aee173209f24b2e9986632af,200011,810,691,inat_api_gate_v2_readiness,n/a_fresh_row,n/a_fresh_row,n/a_fresh_row,n/a_fresh_row,n/a_fresh_row,n/a_fresh_row,53853,Formica rufa,species,network,https://inaturalist-open-data.s3.amazonaws.com/photos/13731793/square.jpeg,n/a_fresh_row
known_holdout,Formica rufa,formica-rufa,53853,18875187,d8980940-12bb-4aa1-bd15-eea3499ab85d,28921697,https://inaturalist-open-data.s3.amazonaws.com/photos/28921697/large.jpeg,cc-by-nc,"(c) Pete Woodall, some rights reserved (CC BY-NC)",47d1d8b223c395aa69faa2a28dfdca7905fd6e788e82e977d2ae8e23b527cb1e,529046,1024,683,inat_api_gate_v2_readiness,n/a_fresh_row,n/a_fresh_row,n/a_fresh_row,n/a_fresh_row,n/a_fresh_row,n/a_fresh_row,53853,Formica rufa,species,network,https://inaturalist-open-data.s3.amazonaws.com/photos/28921697/square.jpeg,n/a_fresh_row
known_holdout,Formica rufa,formica-rufa,53853,12821649,62cee00b-5d49-478e-9162-9adaea310f87,18597097,https://inaturalist-open-data.s3.amazonaws.com/photos/18597097/large.jpeg,cc-by-nc,"(c) antfarmer, some rights reserved (CC BY-NC)",2fa5f9dc91fbf490f4fecaa46cd4cd0fc926cf24bd6a4451620b921fd01f96c6,234893,576,1024,inat_api_gate_v2_readiness,n/a_fresh_row,n/a_fresh_row,n/a_fresh_row,n/a_fresh_row,n/a_fresh_row,n/a_fresh_row,53853,Formica rufa,species,network,https://inaturalist-open-data.s3.amazonaws.com/photos/18597097/square.jpeg,n/a_fresh_row
known_holdout,Formica rufa,formica-rufa,53853,6859143,5e405f3b-7695-4741-a6f1-27c94c5f2296,8741955,https://inaturalist-open-data.s3.amazonaws.com/photos/8741955/large.jpeg,cc-by,"(c) Luca Fornasari, some rights reserved (CC BY)",d1734b988efabf98c05614127bcb7526114f3bd56e9cba8fc6e64c918ad2eef8,267570,768,1024,inat_api_gate_v2_readiness,n/a_fresh_row,n/a_fresh_row,n/a_fresh_row,n/a_fresh_row,n/a_fresh_row,n/a_fresh_row,53853,Formica rufa,species,network,https://inaturalist-open-data.s3.amazonaws.com/photos/8741955/square.jpeg,n/a_fresh_row
known_holdout,Formica rufa,formica-rufa,53853,10042492,9bf76307-b568-44d7-94ea-16679432eef9,13817974,https://inaturalist-open-data.s3.amazonaws.com/photos/13817974/large.jpg,cc-by-nc,"(c) Kevin Gielen, some rights reserved (CC BY-NC)",02392bc1324889e8021cfe89f2ea25455793dae2db12e3ba687d4839952c5457,324461,1024,683,inat_api_gate_v2_readiness,n/a_fresh_row,n/a_fresh_row,n/a_fresh_row,n/a_fresh_row,n/a_fresh_row,n/a_fresh_row,53853,Formica rufa,species,network,https://inaturalist-open-data.s3.amazonaws.com/photos/13817974/square.jpg,n/a_fresh_row
known_holdout,Iridomyrmex purpureus,iridomyrmex-purpureus,202000,8815011,61d32ddf-0ffe-4059-afb3-415cc989d6b4,11840848,https://inaturalist-open-data.s3.amazonaws.com/photos/11840848/large.jpeg,cc-by-nc,"(c) Reiner Richter, some rights reserved (CC BY-NC)",7b04db0a84c3327a72b421a3dc3c9a1199da9fee219e93cf0a63693861eeaa98,342971,1024,688,inat_api_gate_v2_readiness,n/a_fresh_row,n/a_fresh_row,n/a_fresh_row,n/a_fresh_row,n/a_fresh_row,n/a_fresh_row,202000,Iridomyrmex purpureus,species,network,https://inaturalist-open-data.s3.amazonaws.com/photos/11840848/square.jpeg,n/a_fresh_row
known_holdout,Iridomyrmex purpureus,iridomyrmex-purpureus,202000,11588525,543737ea-f0a8-45b8-a614-7c55dc5830a4,16553699,https://inaturalist-open-data.s3.amazonaws.com/photos/16553699/large.jpeg,cc-by-nc,"(c) Ralph Foster, some rights reserved (CC BY-NC)",aa93c2258f4d652fce21ada0c229db60aac99e6126927a5a4d196d999674fe04,283539,1024,768,inat_api_gate_v2_readiness,n/a_fresh_row,n/a_fresh_row,n/a_fresh_row,n/a_fresh_row,n/a_fresh_row,n/a_fresh_row,202000,Iridomyrmex purpureus,species,network,https://inaturalist-open-data.s3.amazonaws.com/photos/16553699/square.jpeg,n/a_fresh_row
known_holdout,Iridomyrmex purpureus,iridomyrmex-purpureus,202000,8938332,d4cb0b3a-3373-4f98-ba0f-3ec45755928b,12042245,https://inaturalist-open-data.s3.amazonaws.com/photos/12042245/large.jpeg,cc-by-nc,"(c) Matthew Bishop, some rights reserved (CC BY-NC)",a31ff6ac130ed9d019f35573b9644ab0bdce03b4e484232eef4eddd0cc5b4999,412713,1024,768,inat_api_gate_v2_readiness,n/a_fresh_row,n/a_fresh_row,n/a_fresh_row,n/a_fresh_row,n/a_fresh_row,n/a_fresh_row,202000,Iridomyrmex purpureus,species,network,https://inaturalist-open-data.s3.amazonaws.com/photos/12042245/square.jpeg,n/a_fresh_row
known_holdout,Iridomyrmex purpureus,iridomyrmex-purpureus,202000,13659338,17e92501-c6ca-4f04-8922-fe41e5d08013,20112244,https://inaturalist-open-data.s3.amazonaws.com/photos/20112244/large.jpeg,cc-by-nc,"(c) Geoffrey Cox, some rights reserved (CC BY-NC)",411d78b3bde2d39b339e57220487cf098aa997bc73f9832174a9043664152cdc,482760,1024,683,inat_api_gate_v2_readiness,n/a_fresh_row,n/a_fresh_row,n/a_fresh_row,n/a_fresh_row,n/a_fresh_row,n/a_fresh_row,202000,Iridomyrmex purpureus,species,network,https://inaturalist-open-data.s3.amazonaws.com/photos/20112244/square.jpeg,n/a_fresh_row
known_holdout,Iridomyrmex purpureus,iridomyrmex-purpureus,202000,848786,d8266f47-5e02-44c3-8d50-db137098f8c8,1074713,https://inaturalist-open-data.s3.amazonaws.com/photos/1074713/large.jpg,cc-by-nc,"(c) emilyk, some rights reserved (CC BY-NC)",c1f34bf46fd52f06c59e59b6b945b5b0441c60a1e9de56d1ab2c7f419c2be054,775960,765,1024,inat_api_gate_v2_readiness,n/a_fresh_row,n/a_fresh_row,n/a_fresh_row,n/a_fresh_row,n/a_fresh_row,n/a_fresh_row,202000,Iridomyrmex purpureus,species,network,https://inaturalist-open-data.s3.amazonaws.com/photos/1074713/square.jpg,n/a_fresh_row
known_holdout,Iridomyrmex purpureus,iridomyrmex-purpureus,202000,9109246,d3ac656e-9296-437e-8d90-867248d2b0d2,12307205,https://inaturalist-open-data.s3.amazonaws.com/photos/12307205/large.jpg,cc-by-nc-sa,"(c) Michael Skvarla, some rights reserved (CC BY-NC-SA)",e7b87efac69144c8eaa0f0ce911a3a5c951a882c07216375bd08f452a260f750,304499,662,1024,inat_api_gate_v2_readiness,n/a_fresh_row,n/a_fresh_row,n/a_fresh_row,n/a_fresh_row,n/a_fresh_row,n/a_fresh_row,202000,Iridomyrmex purpureus,species,network,https://inaturalist-open-data.s3.amazonaws.com/photos/12307205/square.jpg,n/a_fresh_row
known_holdout,Iridomyrmex purpureus,iridomyrmex-purpureus,202000,13692265,faab985e-ba6a-4bc1-8fd5-a9fa4f4c68fc,20169069,https://inaturalist-open-data.s3.amazonaws.com/photos/20169069/large.jpeg,cc-by-nc,"(c) Geoffrey Cox, some rights reserved (CC BY-NC)",5f9eeb848eba57bf48078f8adf937c36080fe986000d5391581a992b6107f5f5,558720,1024,683,inat_api_gate_v2_readiness,n/a_fresh_row,n/a_fresh_row,n/a_fresh_row,n/a_fresh_row,n/a_fresh_row,n/a_fresh_row,202000,Iridomyrmex purpureus,species,network,https://inaturalist-open-data.s3.amazonaws.com/photos/20169069/square.jpeg,n/a_fresh_row
known_holdout,Iridomyrmex purpureus,iridomyrmex-purpureus,202000,10387832,660c50c6-d207-47a5-9c6d-b03f29a42764,14419445,https://inaturalist-open-data.s3.amazonaws.com/photos/14419445/large.jpeg,cc-by-nc,"(c) Pete Woodall, some rights reserved (CC BY-NC)",7d82cb9a7bb6a469ce2ccee60e8cb3d25a9d04551245ad64cc546928115a64cc,589911,1024,683,inat_api_gate_v2_readiness,n/a_fresh_row,n/a_fresh_row,n/a_fresh_row,n/a_fresh_row,n/a_fresh_row,n/a_fresh_row,202000,Iridomyrmex purpureus,species,network,https://inaturalist-open-data.s3.amazonaws.com/photos/14419445/square.jpeg,n/a_fresh_row
known_holdout,Iridomyrmex purpureus,iridomyrmex-purpureus,202000,8230292,bfb8bd1b-964d-4ec0-a2cb-65abf9af3ba9,10912104,https://inaturalist-open-data.s3.amazonaws.com/photos/10912104/large.jpeg,cc-by-nc,"(c) Peter, some rights reserved (CC BY-NC)",34d0d4e6c3d431be0edbf8b6babf4dd4d0af5566392937c1ad4dae69c5d67322,349110,1024,849,inat_api_gate_v2_readiness,n/a_fresh_row,n/a_fresh_row,n/a_fresh_row,n/a_fresh_row,n/a_fresh_row,n/a_fresh_row,202000,Iridomyrmex purpureus,species,network,https://inaturalist-open-data.s3.amazonaws.com/photos/10912104/square.jpeg,n/a_fresh_row
known_holdout,Iridomyrmex purpureus,iridomyrmex-purpureus,202000,9152683,414203de-f49b-4af8-8dea-e1f7a1091ec0,12375964,https://inaturalist-open-data.s3.amazonaws.com/photos/12375964/large.jpeg,cc-by-nc-sa,"(c) Michael Skvarla, some rights reserved (CC BY-NC-SA)",4e91b1bae6d2d6c1f26ce053d164bb3ed492ad109dfbb32a921f8aeb12f7307a,300158,768,1024,inat_api_gate_v2_readiness,n/a_fresh_row,n/a_fresh_row,n/a_fresh_row,n/a_fresh_row,n/a_fresh_row,n/a_fresh_row,202000,Iridomyrmex purpureus,species,network,https://inaturalist-open-data.s3.amazonaws.com/photos/12375964/square.jpeg,n/a_fresh_row
known_holdout,Lasius americanus,lasius-americanus,966095,6099300,1c2cdcf5-6632-4263-beec-6f82d0dcba0c,7630223,https://inaturalist-open-data.s3.amazonaws.com/photos/7630223/large.jpg,cc-by,"(c) Rose Zappa, some rights reserved (CC BY)",3853cd615753918a53d59fbf776a6143fd5210529845184c8f9321145468bccf,179931,713,1024,inat_api_gate_v2_readiness,n/a_fresh_row,n/a_fresh_row,n/a_fresh_row,n/a_fresh_row,n/a_fresh_row,n/a_fresh_row,966095,Lasius americanus,species,network,https://inaturalist-open-data.s3.amazonaws.com/photos/7630223/square.jpg,n/a_fresh_row
known_holdout,Lasius americanus,lasius-americanus,966095,16184817,ffdd7f93-fddf-41b7-a012-ecb871a099c1,24273337,https://inaturalist-open-data.s3.amazonaws.com/photos/24273337/large.jpeg,cc-by,"(c) Even Dankowicz, some rights reserved (CC BY)",3ce685671fe8c87dec15b3e138b5a2bebd19f17f28654042802e3b32b7d1b5e0,116315,983,739,inat_api_gate_v2_readiness,n/a_fresh_row,n/a_fresh_row,n/a_fresh_row,n/a_fresh_row,n/a_fresh_row,n/a_fresh_row,966095,Lasius americanus,species,network,https://inaturalist-open-data.s3.amazonaws.com/photos/24273337/square.jpeg,n/a_fresh_row
known_holdout,Lasius americanus,lasius-americanus,966095,12513422,f024ce74-7b6d-4c41-88c9-3abccaae353d,18066728,https://inaturalist-open-data.s3.amazonaws.com/photos/18066728/large.jpg,cc-by-sa,"(c) Judy Gallagher, some rights reserved (CC BY-SA)",513a91a3c98be268da0061969a621816045c9a95c4370f760528d217dde3e5a1,246840,645,979,inat_api_gate_v2_readiness,n/a_fresh_row,n/a_fresh_row,n/a_fresh_row,n/a_fresh_row,n/a_fresh_row,n/a_fresh_row,966095,Lasius americanus,species,network,https://inaturalist-open-data.s3.amazonaws.com/photos/18066728/square.jpg,n/a_fresh_row
known_holdout,Lasius americanus,lasius-americanus,966095,22892707,ae2a5526-ea47-47eb-9eb6-f0d38e2d1834,35485080,https://inaturalist-open-data.s3.amazonaws.com/photos/35485080/large.jpg,cc-by,"(c) Serenella Linares, some rights reserved (CC BY)",02eb06486dc811b73d688c10a58974778a929a6af45d14f0399041e360804df6,305415,1024,768,inat_api_gate_v2_readiness,n/a_fresh_row,n/a_fresh_row,n/a_fresh_row,n/a_fresh_row,n/a_fresh_row,n/a_fresh_row,966095,Lasius americanus,species,network,https://inaturalist-open-data.s3.amazonaws.com/photos/35485080/square.jpg,n/a_fresh_row
known_holdout,Lasius americanus,lasius-americanus,966095,310527,a6893398-e8ad-4305-b6b3-165229b894af,385306,https://inaturalist-open-data.s3.amazonaws.com/photos/385306/large.jpg,cc-by-nc,"(c) Larry Clarfeld, some rights reserved (CC BY-NC)",0be99179beaa0c2db5b37b7f134c77488462493eb4cf4122ce0b01431e278e64,139327,533,355,inat_api_gate_v2_readiness,n/a_fresh_row,n/a_fresh_row,n/a_fresh_row,n/a_fresh_row,n/a_fresh_row,n/a_fresh_row,966095,Lasius americanus,species,network,https://inaturalist-open-data.s3.amazonaws.com/photos/385306/square.jpg,n/a_fresh_row
known_holdout,Lasius americanus,lasius-americanus,966095,13036317,74662d33-a4b4-4276-a4b0-be4d9bb8681b,18973311,https://inaturalist-open-data.s3.amazonaws.com/photos/18973311/large.jpg,cc-by-nc,"(c) David Cappaert, some rights reserved (CC BY-NC)",af2ecead2f59f2efb896436c58b6b6f8884f9d6131523b2db9649b650336d3c3,316597,1024,668,inat_api_gate_v2_readiness,n/a_fresh_row,n/a_fresh_row,n/a_fresh_row,n/a_fresh_row,n/a_fresh_row,n/a_fresh_row,966095,Lasius americanus,species,network,https://inaturalist-open-data.s3.amazonaws.com/photos/18973311/square.jpg,n/a_fresh_row
known_holdout,Lasius americanus,lasius-americanus,966095,28199782,c8b3f57c-9ba5-46c6-9486-c2f18e389bdb,43942315,https://inaturalist-open-data.s3.amazonaws.com/photos/43942315/large.jpeg,cc-by,"(c) Mark Richman, some rights reserved (CC BY)",ed81265c54a091b2aa73d6c2eb5d3d59a2161a396bf4946c15ad2c442c73f92d,272197,498,1024,inat_api_gate_v2_readiness,n/a_fresh_row,n/a_fresh_row,n/a_fresh_row,n/a_fresh_row,n/a_fresh_row,n/a_fresh_row,966095,Lasius americanus,species,network,https://inaturalist-open-data.s3.amazonaws.com/photos/43942315/square.jpeg,n/a_fresh_row
known_holdout,Lasius americanus,lasius-americanus,966095,16169853,8d9b454e-3944-4226-b95f-c1181efe0ed7,24245007,https://inaturalist-open-data.s3.amazonaws.com/photos/24245007/large.jpg,cc-by-nc,"(c) Martha O'Kennon, some rights reserved (CC BY-NC)",8b4377c51128a97c969cff8d7831b4db12e26c873f5c999edc2dc6d223e2bbfe,103070,479,498,inat_api_gate_v2_readiness,n/a_fresh_row,n/a_fresh_row,n/a_fresh_row,n/a_fresh_row,n/a_fresh_row,n/a_fresh_row,966095,Lasius americanus,species,network,https://inaturalist-open-data.s3.amazonaws.com/photos/24245007/square.jpg,n/a_fresh_row
known_holdout,Lasius americanus,lasius-americanus,966095,3515281,12e0c40c-535f-4e67-ac3d-143409123209,4093647,https://inaturalist-open-data.s3.amazonaws.com/photos/4093647/large.JPG,cc-by-nc,"(c) Tony Palmer, some rights reserved (CC BY-NC)",01cb2ea51e9bd56b92ff5adef062764ee75a954a760bac04d74c09c8d5688c64,143251,1024,683,inat_api_gate_v2_readiness,n/a_fresh_row,n/a_fresh_row,n/a_fresh_row,n/a_fresh_row,n/a_fresh_row,n/a_fresh_row,966095,Lasius americanus,species,network,https://inaturalist-open-data.s3.amazonaws.com/photos/4093647/square.JPG,n/a_fresh_row
known_holdout,Lasius americanus,lasius-americanus,966095,13094417,d556c426-be84-4b6a-a34c-f58d2e34f9aa,19071234,https://inaturalist-open-data.s3.amazonaws.com/photos/19071234/large.jpeg,cc-by,"(c) Thomas Koffel, some rights reserved (CC BY)",14f661e9ab63dbcfb18229b924d9b88180c3da21545df6446fc6734d76347b6d,72932,493,369,inat_api_gate_v2_readiness,n/a_fresh_row,n/a_fresh_row,n/a_fresh_row,n/a_fresh_row,n/a_fresh_row,n/a_fresh_row,966095,Lasius americanus,species,network,https://inaturalist-open-data.s3.amazonaws.com/photos/19071234/square.jpeg,n/a_fresh_row
known_holdout,Lasius aphidicola,lasius-aphidicola,1032788,3043965,3cc2ace9-4cbb-4e46-8efe-1cef6230f951,3504988,https://inaturalist-open-data.s3.amazonaws.com/photos/3504988/large.jpg,cc-by-nc,"(c) Joshua Doby, some rights reserved (CC BY-NC)",f2ae4fedb1fcb21502f35cd6ac8d638710cdf4cbc0f7a7bb4cf844c2e8db37e8,501235,1024,803,inat_api_gate_v2_readiness,n/a_fresh_row,n/a_fresh_row,n/a_fresh_row,n/a_fresh_row,n/a_fresh_row,n/a_fresh_row,1032788,Lasius aphidicola,species,network,https://inaturalist-open-data.s3.amazonaws.com/photos/3504988/square.jpg,n/a_fresh_row
known_holdout,Lasius aphidicola,lasius-aphidicola,1032788,16185236,88b01886-90bc-4ccd-9bc0-79b35900d538,24273840,https://inaturalist-open-data.s3.amazonaws.com/photos/24273840/large.jpeg,cc-by,"(c) Even Dankowicz, some rights reserved (CC BY)",5df54dae5893796ed5f0256ed428d07d7af8636ce1d37a5a22408f2f763f9468,366102,1024,768,inat_api_gate_v2_readiness,n/a_fresh_row,n/a_fresh_row,n/a_fresh_row,n/a_fresh_row,n/a_fresh_row,n/a_fresh_row,1032788,Lasius aphidicola,species,network,https://inaturalist-open-data.s3.amazonaws.com/photos/24273840/square.jpeg,n/a_fresh_row
known_holdout,Lasius aphidicola,lasius-aphidicola,1032788,4379557,bc0b05a1-ae47-43af-b582-9489747878ba,5254062,https://inaturalist-open-data.s3.amazonaws.com/photos/5254062/large.jpeg,cc-by-nc,"(c) kmkuder, some rights reserved (CC BY-NC)",10df164a3f1365f866e9a4c9bce0678b7f16cd8d01479f1a3f789de1ccaf9649,547619,576,1024,inat_api_gate_v2_readiness,n/a_fresh_row,n/a_fresh_row,n/a_fresh_row,n/a_fresh_row,n/a_fresh_row,n/a_fresh_row,1032788,Lasius aphidicola,species,network,https://inaturalist-open-data.s3.amazonaws.com/photos/5254062/square.jpeg,n/a_fresh_row
known_holdout,Lasius aphidicola,lasius-aphidicola,1032788,18861788,fa2c9f93-a530-4a9a-99d7-26954d103ca7,28899176,https://inaturalist-open-data.s3.amazonaws.com/photos/28899176/large.jpg,cc-by-nc,"(c) abaccell, some rights reserved (CC BY-NC)",6a5887700813f6c9b52db7430f67ca54c542eab253e45e7894a823928be4a4e1,149648,768,1024,inat_api_gate_v2_readiness,n/a_fresh_row,n/a_fresh_row,n/a_fresh_row,n/a_fresh_row,n/a_fresh_row,n/a_fresh_row,1032788,Lasius aphidicola,species,network,https://inaturalist-open-data.s3.amazonaws.com/photos/28899176/square.jpg,n/a_fresh_row
known_holdout,Lasius aphidicola,lasius-aphidicola,1032788,118030,c7f45222-db3e-4d07-b4a4-851705241e57,168581,https://inaturalist-open-data.s3.amazonaws.com/photos/168581/large.JPG,cc-by-nc-sa,"(c) Rob Curtis, some rights reserved (CC BY-NC-SA)",1dd4d5cffada16428bb8fd628681119f7d2aedf3bfd2a61a58b90f5efc2125a7,509587,1024,783,inat_api_gate_v2_readiness,n/a_fresh_row,n/a_fresh_row,n/a_fresh_row,n/a_fresh_row,n/a_fresh_row,n/a_fresh_row,1032788,Lasius aphidicola,species,network,https://inaturalist-open-data.s3.amazonaws.com/photos/168581/square.JPG,n/a_fresh_row
known_holdout,Lasius aphidicola,lasius-aphidicola,1032788,6694826,86f827c8-4761-4221-8790-8aa7270289de,8490176,https://inaturalist-open-data.s3.amazonaws.com/photos/8490176/large.jpg,cc-by-nc,"(c) thesoulflowers, some rights reserved (CC BY-NC)",ae5f46d1185c9d089b2f5f17096b4ae918fd9f0e54d94a63560aa8824f8ec6b6,143477,768,1024,inat_api_gate_v2_readiness,n/a_fresh_row,n/a_fresh_row,n/a_fresh_row,n/a_fresh_row,n/a_fresh_row,n/a_fresh_row,1032788,Lasius aphidicola,species,network,https://inaturalist-open-data.s3.amazonaws.com/photos/8490176/square.jpg,n/a_fresh_row
known_holdout,Lasius aphidicola,lasius-aphidicola,1032788,20266886,81e0b7e7-a5f2-44fb-bd00-7187a2ae7d67,31282122,https://inaturalist-open-data.s3.amazonaws.com/photos/31282122/large.jpeg,cc-by-nc,"(c) bne0005, some rights reserved (CC BY-NC)",4d5c2fa635c4d6e450932de9cc3b9c58052c1b482f18518bea982a0c5367c97b,222860,1024,683,inat_api_gate_v2_readiness,n/a_fresh_row,n/a_fresh_row,n/a_fresh_row,n/a_fresh_row,n/a_fresh_row,n/a_fresh_row,1032788,Lasius aphidicola,species,network,https://inaturalist-open-data.s3.amazonaws.com/photos/31282122/square.jpeg,n/a_fresh_row
known_holdout,Lasius aphidicola,lasius-aphidicola,1032788,12921127,3b9b95c2-77ae-4da9-82a2-216df5273995,18754482,https://inaturalist-open-data.s3.amazonaws.com/photos/18754482/large.jpeg,cc-by-nc,"(c) Sara Rall, some rights reserved (CC BY-NC)",1a3d4fb3d10e163e05805169b109a82cd4af0da51216afb2c9750f17a10a4387,23437,382,258,inat_api_gate_v2_readiness,n/a_fresh_row,n/a_fresh_row,n/a_fresh_row,n/a_fresh_row,n/a_fresh_row,n/a_fresh_row,1032788,Lasius aphidicola,species,network,https://inaturalist-open-data.s3.amazonaws.com/photos/18754482/square.jpeg,n/a_fresh_row
known_holdout,Lasius aphidicola,lasius-aphidicola,1032788,2704892,752bbf72-8b6c-44e4-aade-c1a6171c6bfa,3046383,https://inaturalist-open-data.s3.amazonaws.com/photos/3046383/large.jpg,cc-by-nc-sa,"(c) Rob Curtis, some rights reserved (CC BY-NC-SA)",cbfe7758c4e6a08e654cca9d07903c2dfc75a3741a715085bd9b4f312288ac51,1308849,1024,1024,inat_api_gate_v2_readiness,n/a_fresh_row,n/a_fresh_row,n/a_fresh_row,n/a_fresh_row,n/a_fresh_row,n/a_fresh_row,1032788,Lasius aphidicola,species,network,https://inaturalist-open-data.s3.amazonaws.com/photos/3046383/square.jpg,n/a_fresh_row
known_holdout,Lasius aphidicola,lasius-aphidicola,1032788,7891965,a8b708b7-f236-4089-a68f-c5f3ac67f23e,10407560,https://inaturalist-open-data.s3.amazonaws.com/photos/10407560/large.jpg,cc-by-nc-sa,"(c) pat_lorch, some rights reserved (CC BY-NC-SA)",22985907cd94d5638f32591c187f57904bcd649e9b96c8ba3cee3c7a30cf320c,298608,768,1024,inat_api_gate_v2_readiness,n/a_fresh_row,n/a_fresh_row,n/a_fresh_row,n/a_fresh_row,n/a_fresh_row,n/a_fresh_row,1032788,Lasius aphidicola,species,network,https://inaturalist-open-data.s3.amazonaws.com/photos/10407560/square.jpg,n/a_fresh_row
known_holdout,Lasius claviger,lasius-claviger,222712,4839195,ab925674-4674-4828-89de-0e20f74e21d6,5874730,https://inaturalist-open-data.s3.amazonaws.com/photos/5874730/large.jpg,cc-by-nc,"(c) whodamanhd, some rights reserved (CC BY-NC)",c7117d2338243dcebea64a3af86b92952f1787fa61515eac98f190b3f0106eb3,857799,765,1024,inat_api_gate_v2_readiness,n/a_fresh_row,n/a_fresh_row,n/a_fresh_row,n/a_fresh_row,n/a_fresh_row,n/a_fresh_row,222712,Lasius claviger,species,network,https://inaturalist-open-data.s3.amazonaws.com/photos/5874730/square.jpg,n/a_fresh_row
known_holdout,Lasius claviger,lasius-claviger,222712,8658953,0ea80a57-14b3-46dd-be94-0567c49b8d61,11596486,https://inaturalist-open-data.s3.amazonaws.com/photos/11596486/large.jpg,cc-by-nc,"(c) i_love_nature, some rights reserved (CC BY-NC)",86f0040e90f9f83093e7e7ae01fad3af128f93b916b67657203189199d080292,537422,1024,768,inat_api_gate_v2_readiness,n/a_fresh_row,n/a_fresh_row,n/a_fresh_row,n/a_fresh_row,n/a_fresh_row,n/a_fresh_row,222712,Lasius claviger,species,network,https://inaturalist-open-data.s3.amazonaws.com/photos/11596486/square.jpg,n/a_fresh_row
known_holdout,Lasius claviger,lasius-claviger,222712,4927773,2e535770-11ff-4cc6-bd96-721b309fbdf0,6005026,https://inaturalist-open-data.s3.amazonaws.com/photos/6005026/large.jpeg,cc-by-nc,"(c) Martha O'Kennon, some rights reserved (CC BY-NC)",d4de0b6acbf8f7afe75caad7cc7f8ce3e0bc994486f29320a3b4509567988488,15940,328,304,inat_api_gate_v2_readiness,n/a_fresh_row,n/a_fresh_row,n/a_fresh_row,n/a_fresh_row,n/a_fresh_row,n/a_fresh_row,222712,Lasius claviger,species,network,https://inaturalist-open-data.s3.amazonaws.com/photos/6005026/square.jpeg,n/a_fresh_row
known_holdout,Lasius claviger,lasius-claviger,222712,8924733,cbe7b59c-33db-439c-a378-fcc5fe0a4768,12018695,https://inaturalist-open-data.s3.amazonaws.com/photos/12018695/large.jpg,cc-by-nc,"(c) Alex Bairstow, some rights reserved (CC BY-NC)",192912ce06b4471f0ce3daf028d6f65d0b43ce591f969cd4bf98597c2d6f7b4d,303254,1024,837,inat_api_gate_v2_readiness,n/a_fresh_row,n/a_fresh_row,n/a_fresh_row,n/a_fresh_row,n/a_fresh_row,n/a_fresh_row,222712,Lasius claviger,species,network,https://inaturalist-open-data.s3.amazonaws.com/photos/12018695/square.jpg,n/a_fresh_row
known_holdout,Lasius claviger,lasius-claviger,222712,460795,438b75e5-743e-4a9f-8f92-f9278a551104,581141,https://inaturalist-open-data.s3.amazonaws.com/photos/581141/large.JPG,cc-by-nc,"(c) melodysiron, some rights reserved (CC BY-NC)",6d36bc712e7f40572b35e50a504c3754a4dd24abab8ed3c154ac661af7562413,277222,1024,768,inat_api_gate_v2_readiness,n/a_fresh_row,n/a_fresh_row,n/a_fresh_row,n/a_fresh_row,n/a_fresh_row,n/a_fresh_row,222712,Lasius claviger,species,network,https://inaturalist-open-data.s3.amazonaws.com/photos/581141/square.JPG,n/a_fresh_row
known_holdout,Lasius claviger,lasius-claviger,222712,5159006,c2c69c99-ec89-4d72-aff5-d560d16e332b,6357985,https://inaturalist-open-data.s3.amazonaws.com/photos/6357985/large.jpg,cc-by-nc,"(c) Scott King, some rights reserved (CC BY-NC)",b523be448838722882c85015e4474c020532535a1018205ae7f6afc883c1dbd2,196592,1024,718,inat_api_gate_v2_readiness,n/a_fresh_row,n/a_fresh_row,n/a_fresh_row,n/a_fresh_row,n/a_fresh_row,n/a_fresh_row,222712,Lasius claviger,species,network,https://inaturalist-open-data.s3.amazonaws.com/photos/6357985/square.jpg,n/a_fresh_row
known_holdout,Lasius claviger,lasius-claviger,222712,9629125,d4faf378-9deb-47e7-92fe-3c4a8c5d45de,13145390,https://inaturalist-open-data.s3.amazonaws.com/photos/13145390/large.jpeg,cc-by-sa,"(c) Alie / C.A. Kratzer, some rights reserved (CC BY-SA)",32219d4dc1b7d6422fa72839f5afd40011629cfc08acbfcac231b28ab90ef7a9,292827,768,1024,inat_api_gate_v2_readiness,n/a_fresh_row,n/a_fresh_row,n/a_fresh_row,n/a_fresh_row,n/a_fresh_row,n/a_fresh_row,222712,Lasius claviger,species,network,https://inaturalist-open-data.s3.amazonaws.com/photos/13145390/square.jpeg,n/a_fresh_row
known_holdout,Lasius claviger,lasius-claviger,222712,8285896,74d794a6-1c09-4a6e-9303-fab0c0fb77b6,10991946,https://inaturalist-open-data.s3.amazonaws.com/photos/10991946/large.jpg,cc-by,"(c) Dan MacNeal, some rights reserved (CC BY)",1e4b52f57ec5d457dd09686e5562bfcc3c9386c6004cd9a010372794261623e8,460471,768,1024,inat_api_gate_v2_readiness,n/a_fresh_row,n/a_fresh_row,n/a_fresh_row,n/a_fresh_row,n/a_fresh_row,n/a_fresh_row,222712,Lasius claviger,species,network,https://inaturalist-open-data.s3.amazonaws.com/photos/10991946/square.jpg,n/a_fresh_row
known_holdout,Lasius claviger,lasius-claviger,222712,4277910,8817ad34-b9cc-4cd2-a503-0d8d94e3cc1a,5124261,https://inaturalist-open-data.s3.amazonaws.com/photos/5124261/large.jpeg,cc-by-nc,"(c) Curtis Eckerman, some rights reserved (CC BY-NC)",2b376d40ea59d38e1616fc6fd5b3066a73390393aa679802cad89b4e8a91705d,405907,1024,768,inat_api_gate_v2_readiness,n/a_fresh_row,n/a_fresh_row,n/a_fresh_row,n/a_fresh_row,n/a_fresh_row,n/a_fresh_row,222712,Lasius claviger,species,network,https://inaturalist-open-data.s3.amazonaws.com/photos/5124261/square.jpeg,n/a_fresh_row
known_holdout,Lasius claviger,lasius-claviger,222712,7778466,e6e0d0ca-ec26-4f21-8255-7a4e7b680286,10221386,https://inaturalist-open-data.s3.amazonaws.com/photos/10221386/large.jpg,cc-by-nc-sa,"(c) Lee Elliott, some rights reserved (CC BY-NC-SA)",4164979de0818746d2cf5a26182316574acd13016385082cd1014e147a0be83a,665612,1024,768,inat_api_gate_v2_readiness,n/a_fresh_row,n/a_fresh_row,n/a_fresh_row,n/a_fresh_row,n/a_fresh_row,n/a_fresh_row,222712,Lasius claviger,species,network,https://inaturalist-open-data.s3.amazonaws.com/photos/10221386/square.jpg,n/a_fresh_row
known_holdout,Lasius emarginatus,lasius-emarginatus,341143,1462613,5d020559-23ca-4c37-96d9-fb0803d05f9b,1813584,https://inaturalist-open-data.s3.amazonaws.com/photos/1813584/large.jpg,cc-by,"(c) Mattia Menchetti, some rights reserved (CC BY)",7fe2bea103c475f2edfc3dc7047e32de64d68e25fcc96f73d3853d3688b69945,485490,1024,768,inat_api_gate_v2_readiness,n/a_fresh_row,n/a_fresh_row,n/a_fresh_row,n/a_fresh_row,n/a_fresh_row,n/a_fresh_row,341143,Lasius emarginatus,species,network,https://inaturalist-open-data.s3.amazonaws.com/photos/1813584/square.jpg,n/a_fresh_row
known_holdout,Lasius emarginatus,lasius-emarginatus,341143,5526650,f3ef784e-08cf-4d59-ade1-ed1ee27f8981,6818843,https://inaturalist-open-data.s3.amazonaws.com/photos/6818843/large.jpg,cc-by,"(c) Mattia Menchetti, some rights reserved (CC BY)",abb512cdfb7d8f001caa864ba9f189fbe4c9307fc5b9912246ed0ca29da74765,276134,1024,1024,inat_api_gate_v2_readiness,n/a_fresh_row,n/a_fresh_row,n/a_fresh_row,n/a_fresh_row,n/a_fresh_row,n/a_fresh_row,341143,Lasius emarginatus,species,network,https://inaturalist-open-data.s3.amazonaws.com/photos/6818843/square.jpg,n/a_fresh_row
known_holdout,Lasius emarginatus,lasius-emarginatus,341143,1464738,5b62bcec-230e-45bc-803c-634a210877bc,1816229,https://inaturalist-open-data.s3.amazonaws.com/photos/1816229/large.JPG,cc-by-nc,"(c) Cesar Pollo, some rights reserved (CC BY-NC)",4049008928732c5d4f3c5d6e5d430cd1550d42202e572a42a6b17986c885a44f,161454,1024,699,inat_api_gate_v2_readiness,n/a_fresh_row,n/a_fresh_row,n/a_fresh_row,n/a_fresh_row,n/a_fresh_row,n/a_fresh_row,341143,Lasius emarginatus,species,network,https://inaturalist-open-data.s3.amazonaws.com/photos/1816229/square.JPG,n/a_fresh_row
known_holdout,Lasius emarginatus,lasius-emarginatus,341143,5800758,ad89106b-55b2-43ee-b42d-ebd16451fa68,7209642,https://inaturalist-open-data.s3.amazonaws.com/photos/7209642/large.jpg,cc-by-nc,"(c) Susan J. Hewitt, some rights reserved (CC BY-NC)",09362dd4bd93a3affa24b9169036bc7792e6b9d908f6ec7cadc391c1afc3e99c,587775,1024,765,inat_api_gate_v2_readiness,n/a_fresh_row,n/a_fresh_row,n/a_fresh_row,n/a_fresh_row,n/a_fresh_row,n/a_fresh_row,341143,Lasius emarginatus,species,network,https://inaturalist-open-data.s3.amazonaws.com/photos/7209642/square.jpg,n/a_fresh_row
known_holdout,Lasius emarginatus,lasius-emarginatus,341143,511670,0e0f7aa8-2d2c-444d-a83f-04ad30b52781,651304,https://inaturalist-open-data.s3.amazonaws.com/photos/651304/large.jpg,cc-by-nc-sa,"(c) Marcello Consolo, some rights reserved (CC BY-NC-SA)",2f9d642943d626f9bdce5c52ee8a6d274db3f3ea57ec51b154312f6f70f475a9,490446,1024,723,inat_api_gate_v2_readiness,n/a_fresh_row,n/a_fresh_row,n/a_fresh_row,n/a_fresh_row,n/a_fresh_row,n/a_fresh_row,341143,Lasius emarginatus,species,network,https://inaturalist-open-data.s3.amazonaws.com/photos/651304/square.jpg,n/a_fresh_row
known_holdout,Lasius emarginatus,lasius-emarginatus,341143,1697543,a1c96a82-5980-429c-97fd-5aec6d8d9723,2055431,https://inaturalist-open-data.s3.amazonaws.com/photos/2055431/large.JPG,cc-by-nc,"(c) Jakob Fahr, some rights reserved (CC BY-NC)",d7c773d46b8953dd36c6db6980e28c610b1833c08532287652232a6eeac1685e,273322,1024,1024,inat_api_gate_v2_readiness,n/a_fresh_row,n/a_fresh_row,n/a_fresh_row,n/a_fresh_row,n/a_fresh_row,n/a_fresh_row,341143,Lasius emarginatus,species,network,https://inaturalist-open-data.s3.amazonaws.com/photos/2055431/square.JPG,n/a_fresh_row
known_holdout,Lasius emarginatus,lasius-emarginatus,341143,6333584,5b75d1ca-a550-45e9-888e-59c2d7375308,7979692,https://inaturalist-open-data.s3.amazonaws.com/photos/7979692/large.jpg,cc-by-nc,"(c) grefoxes, some rights reserved (CC BY-NC)",b05d1bc8e1779af14736e5c68aad94df517b7114f4dc52af14afc5f7b77df7ba,432929,1024,682,inat_api_gate_v2_readiness,n/a_fresh_row,n/a_fresh_row,n/a_fresh_row,n/a_fresh_row,n/a_fresh_row,n/a_fresh_row,341143,Lasius emarginatus,species,network,https://inaturalist-open-data.s3.amazonaws.com/photos/7979692/square.jpg,n/a_fresh_row
known_holdout,Lasius emarginatus,lasius-emarginatus,341143,5454488,3bd66319-b8aa-42c3-ba53-c41ecbe310a5,6713820,https://inaturalist-open-data.s3.amazonaws.com/photos/6713820/large.jpeg,cc-by,"(c) Mattia Menchetti, some rights reserved (CC BY)",68d43146b47793362eac0397987af17cab13093fcdd0f55c90405c8b542933fd,565333,1024,768,inat_api_gate_v2_readiness,n/a_fresh_row,n/a_fresh_row,n/a_fresh_row,n/a_fresh_row,n/a_fresh_row,n/a_fresh_row,341143,Lasius emarginatus,species,network,https://inaturalist-open-data.s3.amazonaws.com/photos/6713820/square.jpeg,n/a_fresh_row
known_holdout,Lasius emarginatus,lasius-emarginatus,341143,645645,c5a3fecc-8dc0-4da8-978a-18c1eeb38acd,813698,https://inaturalist-open-data.s3.amazonaws.com/photos/813698/large.jpg,cc-by-nc-sa,"(c) Marcello Consolo, some rights reserved (CC BY-NC-SA)",11c5597f363a3416b0a4da87b6d29c1d56ed12b1d4f07387d900ca205f9543b9,370016,1024,732,inat_api_gate_v2_readiness,n/a_fresh_row,n/a_fresh_row,n/a_fresh_row,n/a_fresh_row,n/a_fresh_row,n/a_fresh_row,341143,Lasius emarginatus,species,network,https://inaturalist-open-data.s3.amazonaws.com/photos/813698/square.jpg,n/a_fresh_row
known_holdout,Lasius emarginatus,lasius-emarginatus,341143,2691033,52d93929-222b-4a56-964b-9fe884148713,3027576,https://inaturalist-open-data.s3.amazonaws.com/photos/3027576/large.jpeg,cc-by-nc,"(c) maria_outeiro, some rights reserved (CC BY-NC)",b19ca22ced0558a8a073b52e5c73363afefcb065b8ea79e8237859dbc9b28109,451622,1024,576,inat_api_gate_v2_readiness,n/a_fresh_row,n/a_fresh_row,n/a_fresh_row,n/a_fresh_row,n/a_fresh_row,n/a_fresh_row,341143,Lasius emarginatus,species,network,https://inaturalist-open-data.s3.amazonaws.com/photos/3027576/square.jpeg,n/a_fresh_row
known_holdout,Lasius fuliginosus,lasius-fuliginosus,124150,847280,92dfbd42-18fc-4c95-a057-c9a74df46c0d,1127759,https://inaturalist-open-data.s3.amazonaws.com/photos/1127759/large.JPG,cc-by,"(c) Mattia Menchetti, some rights reserved (CC BY)",e83c45a7a007719d70136a3755274ea5d54d68b4417b5aab1ebf43c800f8a787,40786,719,432,inat_api_gate_v2_readiness,n/a_fresh_row,n/a_fresh_row,n/a_fresh_row,n/a_fresh_row,n/a_fresh_row,n/a_fresh_row,124150,Lasius fuliginosus,species,network,https://inaturalist-open-data.s3.amazonaws.com/photos/1127759/square.JPG,n/a_fresh_row
known_holdout,Lasius fuliginosus,lasius-fuliginosus,124150,5565929,684284a2-6d48-46b7-bcca-589242355a11,6871652,https://inaturalist-open-data.s3.amazonaws.com/photos/6871652/large.jpg,cc-by,"(c) Paul Cook, some rights reserved (CC BY)",b3bcf35088bacfb663a1e15e5094e0b1699021123abec64ccc4e539e473fea2f,666408,1024,832,inat_api_gate_v2_readiness,n/a_fresh_row,n/a_fresh_row,n/a_fresh_row,n/a_fresh_row,n/a_fresh_row,n/a_fresh_row,124150,Lasius fuliginosus,species,network,https://inaturalist-open-data.s3.amazonaws.com/photos/6871652/square.jpg,n/a_fresh_row
known_holdout,Lasius fuliginosus,lasius-fuliginosus,124150,847335,d30ac2b1-47ee-4f99-a939-c67186318c1c,1127776,https://inaturalist-open-data.s3.amazonaws.com/photos/1127776/large.jpg,cc-by,"(c) Mattia Menchetti, some rights reserved (CC BY)",43f48b9e7c4a936b0bc187a2b38f1ca55fca4b6f051e8580a6e579f2aa754e6d,496412,768,1024,inat_api_gate_v2_readiness,n/a_fresh_row,n/a_fresh_row,n/a_fresh_row,n/a_fresh_row,n/a_fresh_row,n/a_fresh_row,124150,Lasius fuliginosus,species,network,https://inaturalist-open-data.s3.amazonaws.com/photos/1127776/square.jpg,n/a_fresh_row
known_holdout,Lasius fuliginosus,lasius-fuliginosus,124150,5752533,1539ec5c-f195-4a69-ad3f-3d0d7a992af0,7140060,https://inaturalist-open-data.s3.amazonaws.com/photos/7140060/large.jpg,cc-by-nc,"(c) loyzn, some rights reserved (CC BY-NC)",11c51ce4e869c56f975f0c3a0b47b3b38f5521668b13305ce3b2da2588d92945,1094075,768,1024,inat_api_gate_v2_readiness,n/a_fresh_row,n/a_fresh_row,n/a_fresh_row,n/a_fresh_row,n/a_fresh_row,n/a_fresh_row,124150,Lasius fuliginosus,species,network,https://inaturalist-open-data.s3.amazonaws.com/photos/7140060/square.jpg,n/a_fresh_row
known_holdout,Lasius fuliginosus,lasius-fuliginosus,124150,52554,72ef1d17-f790-43c9-b796-05df9476109d,82959,https://inaturalist-open-data.s3.amazonaws.com/photos/82959/large.jpg,cc-by-nc,"(c) else15, some rights reserved (CC BY-NC)",b5fa51650c62300ff2935d52d163be4edf0cedb54f0c81f005fc806b56229efc,62078,565,610,inat_api_gate_v2_readiness,n/a_fresh_row,n/a_fresh_row,n/a_fresh_row,n/a_fresh_row,n/a_fresh_row,n/a_fresh_row,124150,Lasius fuliginosus,species,network,https://inaturalist-open-data.s3.amazonaws.com/photos/82959/square.jpg,n/a_fresh_row
known_holdout,Lasius fuliginosus,lasius-fuliginosus,124150,1907220,53a1fba2-f025-4fc9-82cb-5eb287d70224,2328083,https://inaturalist-open-data.s3.amazonaws.com/photos/2328083/large.jpg,cc-by,"(c) Mattia Menchetti, some rights reserved (CC BY)",b8657fb3b2c51ca3a95d18b261c8cda81f5c31826be82bae3a46bb311d82a562,685758,1024,768,inat_api_gate_v2_readiness,n/a_fresh_row,n/a_fresh_row,n/a_fresh_row,n/a_fresh_row,n/a_fresh_row,n/a_fresh_row,124150,Lasius fuliginosus,species,network,https://inaturalist-open-data.s3.amazonaws.com/photos/2328083/square.jpg,n/a_fresh_row
known_holdout,Lasius fuliginosus,lasius-fuliginosus,124150,6669410,034c06e6-ff25-44bf-9f78-5e1a4a04a116,8450995,https://inaturalist-open-data.s3.amazonaws.com/photos/8450995/large.jpg,cc-by,"(c) portioid, some rights reserved (CC BY)",4b9d94f8d19fa0ad0f52dbdb4f3c393dce57a900485a84c6764804a5e2efc6ea,174432,950,1024,inat_api_gate_v2_readiness,n/a_fresh_row,n/a_fresh_row,n/a_fresh_row,n/a_fresh_row,n/a_fresh_row,n/a_fresh_row,124150,Lasius fuliginosus,species,network,https://inaturalist-open-data.s3.amazonaws.com/photos/8450995/square.jpg,n/a_fresh_row
known_holdout,Lasius fuliginosus,lasius-fuliginosus,124150,3715205,4b224c02-3424-4129-825e-2edc4b5bf388,4317332,https://inaturalist-open-data.s3.amazonaws.com/photos/4317332/large.jpg,cc-by-nc,"(c) Martin Grimm, some rights reserved (CC BY-NC)",cf40688c1cc9364b26051e083b7611f63c01391f39e0817309b472729a53ddfa,91889,1024,683,inat_api_gate_v2_readiness,n/a_fresh_row,n/a_fresh_row,n/a_fresh_row,n/a_fresh_row,n/a_fresh_row,n/a_fresh_row,124150,Lasius fuliginosus,species,network,https://inaturalist-open-data.s3.amazonaws.com/photos/4317332/square.jpg,n/a_fresh_row
known_holdout,Lasius fuliginosus,lasius-fuliginosus,124150,847233,78b94b73-f436-4a2a-afd0-47a9a232510b,1127738,https://inaturalist-open-data.s3.amazonaws.com/photos/1127738/large.jpg,cc-by,"(c) Mattia Menchetti, some rights reserved (CC BY)",a458805f4dfe53f88674b80dfdf8380f18a3cc23ddca474e1885ddd554300ed7,360843,1024,768,inat_api_gate_v2_readiness,n/a_fresh_row,n/a_fresh_row,n/a_fresh_row,n/a_fresh_row,n/a_fresh_row,n/a_fresh_row,124150,Lasius fuliginosus,species,network,https://inaturalist-open-data.s3.amazonaws.com/photos/1127738/square.jpg,n/a_fresh_row
known_holdout,Lasius fuliginosus,lasius-fuliginosus,124150,3179914,8fe544f5-afc4-48b9-8e74-54c3d5a98699,3678329,https://inaturalist-open-data.s3.amazonaws.com/photos/3678329/large.jpeg,cc-by,"(c) Mattia Menchetti, some rights reserved (CC BY)",255f40e4812cd56cbdb5bcaf6a06af528539dde90e05ead2c8080aea67592197,546020,576,1024,inat_api_gate_v2_readiness,n/a_fresh_row,n/a_fresh_row,n/a_fresh_row,n/a_fresh_row,n/a_fresh_row,n/a_fresh_row,124150,Lasius fuliginosus,species,network,https://inaturalist-open-data.s3.amazonaws.com/photos/3678329/square.jpeg,n/a_fresh_row
known_holdout,Lasius interjectus,lasius-interjectus,222713,22267411,679e9cd0-5cfc-4a22-a8c8-938047c0f391,34481970,https://inaturalist-open-data.s3.amazonaws.com/photos/34481970/large.jpeg,cc-by-nc,"(c) Erik Attaway, some rights reserved (CC BY-NC)",7fdd1dfcdf5b2bfb44711ec819271b0eafb1efee87c93dd68be9e9a6bc46a505,232639,1024,576,inat_api_gate_v2_readiness,n/a_fresh_row,n/a_fresh_row,n/a_fresh_row,n/a_fresh_row,n/a_fresh_row,n/a_fresh_row,222713,Lasius interjectus,species,network,https://inaturalist-open-data.s3.amazonaws.com/photos/34481970/square.jpeg,n/a_fresh_row
known_holdout,Lasius interjectus,lasius-interjectus,222713,28774729,172de2ae-c275-4c15-a40a-306ced485e01,44877245,https://inaturalist-open-data.s3.amazonaws.com/photos/44877245/large.jpeg,cc-by-nc,"(c) Sequoia Janirella Wrens, some rights reserved (CC BY-NC)",a177cf5d4bb5a24bd061ec2731f5fddad9e534bf59abe610fb409d6f2745d883,198098,1024,768,inat_api_gate_v2_readiness,n/a_fresh_row,n/a_fresh_row,n/a_fresh_row,n/a_fresh_row,n/a_fresh_row,n/a_fresh_row,222713,Lasius interjectus,species,network,https://inaturalist-open-data.s3.amazonaws.com/photos/44877245/square.jpeg,n/a_fresh_row
known_holdout,Lasius interjectus,lasius-interjectus,222713,25405503,1147d390-c745-40c1-9006-9293882a4481,39340419,https://inaturalist-open-data.s3.amazonaws.com/photos/39340419/large.jpg,cc-by,"(c) Katja Schulz, some rights reserved (CC BY)",5edd0fb2f4c1b49724c6dc2a151f1af0dfa6119fd98e768f2fa93fa60240f7f6,408538,1024,768,inat_api_gate_v2_readiness,n/a_fresh_row,n/a_fresh_row,n/a_fresh_row,n/a_fresh_row,n/a_fresh_row,n/a_fresh_row,222713,Lasius interjectus,species,network,https://inaturalist-open-data.s3.amazonaws.com/photos/39340419/square.jpg,n/a_fresh_row
known_holdout,Lasius interjectus,lasius-interjectus,222713,31213503,ff6177cd-f024-455f-9d8e-d5cee5a7c374,48831229,https://inaturalist-open-data.s3.amazonaws.com/photos/48831229/large.jpeg,cc-by-nc,"(c) Jack Coulter, some rights reserved (CC BY-NC)",a23a1fdb78a12be5d78da0ff9abc1c8cc56536b7df2da9d78d7f5a2b72f14eef,992255,768,1024,inat_api_gate_v2_readiness,n/a_fresh_row,n/a_fresh_row,n/a_fresh_row,n/a_fresh_row,n/a_fresh_row,n/a_fresh_row,222713,Lasius interjectus,species,network,https://inaturalist-open-data.s3.amazonaws.com/photos/48831229/square.jpeg,n/a_fresh_row
known_holdout,Lasius interjectus,lasius-interjectus,222713,767433,898f36bd-a872-4f7b-a71b-373ab397b111,964565,https://inaturalist-open-data.s3.amazonaws.com/photos/964565/large.JPG,cc-by-nc,"(c) Sara Rall, some rights reserved (CC BY-NC)",0b6a53975f8614175915044be8eb8abcbd43618de14a83a53ac5414e2a2cc9dd,63376,630,761,inat_api_gate_v2_readiness,n/a_fresh_row,n/a_fresh_row,n/a_fresh_row,n/a_fresh_row,n/a_fresh_row,n/a_fresh_row,222713,Lasius interjectus,species,network,https://inaturalist-open-data.s3.amazonaws.com/photos/964565/square.JPG,n/a_fresh_row
known_holdout,Lasius interjectus,lasius-interjectus,222713,25952815,e952020c-b561-4669-9d74-8b90407272f0,40252836,https://inaturalist-open-data.s3.amazonaws.com/photos/40252836/large.jpeg,cc-by,"(c) Matt Muir, some rights reserved (CC BY)",3444178f4df4a3003c9437c6465ecef5b6eaf3a8d23a2fa105ab89ba12cc5f14,867423,1024,769,inat_api_gate_v2_readiness,n/a_fresh_row,n/a_fresh_row,n/a_fresh_row,n/a_fresh_row,n/a_fresh_row,n/a_fresh_row,222713,Lasius interjectus,species,network,https://inaturalist-open-data.s3.amazonaws.com/photos/40252836/square.jpeg,n/a_fresh_row
known_holdout,Lasius interjectus,lasius-interjectus,222713,34849877,03074e7d-12a1-49d2-9460-d3e390b76abf,54899506,https://inaturalist-open-data.s3.amazonaws.com/photos/54899506/large.jpg,cc-by-nc,"(c) Holly, some rights reserved (CC BY-NC)",99ecd940cb5c0b390a6cf817216fef690e143c1b5549f3a56ddff29bb6280346,332627,768,1024,inat_api_gate_v2_readiness,n/a_fresh_row,n/a_fresh_row,n/a_fresh_row,n/a_fresh_row,n/a_fresh_row,n/a_fresh_row,222713,Lasius interjectus,species,network,https://inaturalist-open-data.s3.amazonaws.com/photos/54899506/square.jpg,n/a_fresh_row
known_holdout,Lasius interjectus,lasius-interjectus,222713,28530044,9ca317fb-9a24-4f3d-ac6f-d437355f8d68,44480595,https://inaturalist-open-data.s3.amazonaws.com/photos/44480595/large.jpg,cc-by-nc,"(c) Hannah Mews, some rights reserved (CC BY-NC)",8d9f38d13bbcd629ef0e0372e1083bf885741477e09cc8e52e0d28753f94436c,139999,608,607,inat_api_gate_v2_readiness,n/a_fresh_row,n/a_fresh_row,n/a_fresh_row,n/a_fresh_row,n/a_fresh_row,n/a_fresh_row,222713,Lasius interjectus,species,network,https://inaturalist-open-data.s3.amazonaws.com/photos/44480595/square.jpg,n/a_fresh_row
known_holdout,Lasius interjectus,lasius-interjectus,222713,17175279,361cc30a-3252-410e-b691-d958f7960f14,26024177,https://inaturalist-open-data.s3.amazonaws.com/photos/26024177/large.jpeg,cc-by,"(c) Thomas Koffel, some rights reserved (CC BY)",46e9746c620a80bf530fb307205fd3fe68148308f794e5441c263d8dd8acaa60,263314,1024,768,inat_api_gate_v2_readiness,n/a_fresh_row,n/a_fresh_row,n/a_fresh_row,n/a_fresh_row,n/a_fresh_row,n/a_fresh_row,222713,Lasius interjectus,species,network,https://inaturalist-open-data.s3.amazonaws.com/photos/26024177/square.jpeg,n/a_fresh_row
known_holdout,Lasius interjectus,lasius-interjectus,222713,26324916,6676508b-4315-4f23-9189-e30ceaded3fc,40870377,https://inaturalist-open-data.s3.amazonaws.com/photos/40870377/large.jpeg,cc0,no rights reserved,c2db0a4d047b7f1bd79fd251237b04b8eb8d48375a5f31c7cae46aecc49277c1,447343,1024,576,inat_api_gate_v2_readiness,n/a_fresh_row,n/a_fresh_row,n/a_fresh_row,n/a_fresh_row,n/a_fresh_row,n/a_fresh_row,222713,Lasius interjectus,species,network,https://inaturalist-open-data.s3.amazonaws.com/photos/40870377/square.jpeg,n/a_fresh_row
known_holdout,Lasius neoniger,lasius-neoniger,69311,7960768,9db18b18-8bd5-42a5-88a2-304ea045fe26,10518524,https://inaturalist-open-data.s3.amazonaws.com/photos/10518524/large.jpeg,cc-by,"(c) Dilrukshan Priyantha Wijesinghe, some rights reserved (CC BY)",a2ddae073dd18f88d46d64a56c8287877520eb3716e1f4469b95452ddfd1ae2b,720706,1024,1024,inat_api_gate_v2_readiness,n/a_fresh_row,n/a_fresh_row,n/a_fresh_row,n/a_fresh_row,n/a_fresh_row,n/a_fresh_row,69311,Lasius neoniger,species,network,https://inaturalist-open-data.s3.amazonaws.com/photos/10518524/square.jpeg,n/a_fresh_row
known_holdout,Lasius neoniger,lasius-neoniger,69311,15145540,bb54f5f9-0aff-46d2-b669-2d39abcee1f6,22632956,https://inaturalist-open-data.s3.amazonaws.com/photos/22632956/large.jpg,cc-by-nc,"(c) cassi saari, some rights reserved (CC BY-NC)",0c301d25701b5104036d4200a46c37744cf51f92184617f52713a52ed31c7412,698445,925,815,inat_api_gate_v2_readiness,n/a_fresh_row,n/a_fresh_row,n/a_fresh_row,n/a_fresh_row,n/a_fresh_row,n/a_fresh_row,69311,Lasius neoniger,species,network,https://inaturalist-open-data.s3.amazonaws.com/photos/22632956/square.jpg,n/a_fresh_row
known_holdout,Lasius neoniger,lasius-neoniger,69311,8415397,f5bcbaf3-7d45-4b73-bf97-4b9b686d10e9,11201797,https://inaturalist-open-data.s3.amazonaws.com/photos/11201797/large.jpeg,cc-by-nc,"(c) Shuk Han (Nancy) Mak, some rights reserved (CC BY-NC)",c311b504f74c43fc9f8894ec4aea347f5ec61c39c12b9917343107db49b750d4,719964,1023,1023,inat_api_gate_v2_readiness,n/a_fresh_row,n/a_fresh_row,n/a_fresh_row,n/a_fresh_row,n/a_fresh_row,n/a_fresh_row,69311,Lasius neoniger,species,network,https://inaturalist-open-data.s3.amazonaws.com/photos/11201797/square.jpeg,n/a_fresh_row
known_holdout,Lasius neoniger,lasius-neoniger,69311,16185239,a5de906f-969e-4c89-bcc8-c340cefdc4fc,24273895,https://inaturalist-open-data.s3.amazonaws.com/photos/24273895/large.jpeg,cc-by,"(c) Even Dankowicz, some rights reserved (CC BY)",5ccc84b4610b695a028f489925150ba9d18f830c0520b676ac0125a919a4521d,601092,1024,683,inat_api_gate_v2_readiness,n/a_fresh_row,n/a_fresh_row,n/a_fresh_row,n/a_fresh_row,n/a_fresh_row,n/a_fresh_row,69311,Lasius neoniger,species,network,https://inaturalist-open-data.s3.amazonaws.com/photos/24273895/square.jpeg,n/a_fresh_row
known_holdout,Lasius neoniger,lasius-neoniger,69311,268773,f40f3c65-447c-4640-95f8-e3d620906edc,332567,https://inaturalist-open-data.s3.amazonaws.com/photos/332567/large.JPG,cc-by,"(c) Jeff Holmes, some rights reserved (CC BY)",c2b850146ed33f7f9087fc54b9e35a571d4aa0ed98a1e2ccbfd131f9be42f431,171215,1024,683,inat_api_gate_v2_readiness,n/a_fresh_row,n/a_fresh_row,n/a_fresh_row,n/a_fresh_row,n/a_fresh_row,n/a_fresh_row,69311,Lasius neoniger,species,network,https://inaturalist-open-data.s3.amazonaws.com/photos/332567/square.JPG,n/a_fresh_row
known_holdout,Lasius neoniger,lasius-neoniger,69311,9642341,85942ebb-ea80-40f0-8cf4-af96763c23ac,13168731,https://inaturalist-open-data.s3.amazonaws.com/photos/13168731/large.jpg,cc-by,"(c) Carrie Seltzer, some rights reserved (CC BY)",8927af96edaad1d2ff14f7844c84033807499733e58e3c02d1f438e975a8a76d,311453,951,1024,inat_api_gate_v2_readiness,n/a_fresh_row,n/a_fresh_row,n/a_fresh_row,n/a_fresh_row,n/a_fresh_row,n/a_fresh_row,69311,Lasius neoniger,species,network,https://inaturalist-open-data.s3.amazonaws.com/photos/13168731/square.jpg,n/a_fresh_row
known_holdout,Lasius neoniger,lasius-neoniger,69311,16674080,69fed9cb-84d3-4f74-981f-203a793b7ddc,25146764,https://inaturalist-open-data.s3.amazonaws.com/photos/25146764/large.jpg,cc0,no rights reserved,dc002f1a076b9204a1720f6edd3833612e16609cb7a630137757ca9f9cc73dfd,517177,768,1024,inat_api_gate_v2_readiness,n/a_fresh_row,n/a_fresh_row,n/a_fresh_row,n/a_fresh_row,n/a_fresh_row,n/a_fresh_row,69311,Lasius neoniger,species,network,https://inaturalist-open-data.s3.amazonaws.com/photos/25146764/square.jpg,n/a_fresh_row
known_holdout,Lasius neoniger,lasius-neoniger,69311,13313941,09714fc8-cb26-4fd0-9ca5-087c6c064b0a,19500887,https://inaturalist-open-data.s3.amazonaws.com/photos/19500887/large.jpg,cc-by-nc,"(c) Jennifer Rycenga, some rights reserved (CC BY-NC)",6643d59552cb7da9b25c77d70bbcea8a9ebd460a327ac367ac2d9ec5440bafde,298775,1024,768,inat_api_gate_v2_readiness,n/a_fresh_row,n/a_fresh_row,n/a_fresh_row,n/a_fresh_row,n/a_fresh_row,n/a_fresh_row,69311,Lasius neoniger,species,network,https://inaturalist-open-data.s3.amazonaws.com/photos/19500887/square.jpg,n/a_fresh_row
known_holdout,Lasius neoniger,lasius-neoniger,69311,4290191,7c41cd90-4c22-46d8-b9f9-68878ef474d5,5144966,https://inaturalist-open-data.s3.amazonaws.com/photos/5144966/large.jpeg,cc-by-nc,"(c) Jennifer Leader Anderson, some rights reserved (CC BY-NC)",815ee67d9de89ce5596c74efaf00a1b8859236414b0265e88a02347152cdd777,542062,576,1024,inat_api_gate_v2_readiness,n/a_fresh_row,n/a_fresh_row,n/a_fresh_row,n/a_fresh_row,n/a_fresh_row,n/a_fresh_row,69311,Lasius neoniger,species,network,https://inaturalist-open-data.s3.amazonaws.com/photos/5144966/square.jpeg,n/a_fresh_row
known_holdout,Lasius neoniger,lasius-neoniger,69311,10248791,7c7331a9-204a-4308-98e7-6da300f4826d,14176026,https://inaturalist-open-data.s3.amazonaws.com/photos/14176026/large.jpeg,cc-by-nc,"(c) Ludo Leclerc, some rights reserved (CC BY-NC)",a2f8507e464d54c8eae475375d6f036cb573c27ec30acb73ccfa643915f87ad8,478350,1024,678,inat_api_gate_v2_readiness,n/a_fresh_row,n/a_fresh_row,n/a_fresh_row,n/a_fresh_row,n/a_fresh_row,n/a_fresh_row,69311,Lasius neoniger,species,network,https://inaturalist-open-data.s3.amazonaws.com/photos/14176026/square.jpeg,n/a_fresh_row
known_holdout,Leptomyrmex erythrocephalus,leptomyrmex-erythrocephalus,129515,9240169,a2ff7bb4-1b41-4406-990b-4fb04df2248d,12507720,https://inaturalist-open-data.s3.amazonaws.com/photos/12507720/large.jpeg,cc-by-nc,"(c) Reiner Richter, some rights reserved (CC BY-NC)",7d3f5c936bc1594b7fa6053e769c8900c20839d4caf298caffea6794850e67de,265358,1024,847,inat_api_gate_v2_readiness,n/a_fresh_row,n/a_fresh_row,n/a_fresh_row,n/a_fresh_row,n/a_fresh_row,n/a_fresh_row,129515,Leptomyrmex erythrocephalus,species,network,https://inaturalist-open-data.s3.amazonaws.com/photos/12507720/square.jpeg,n/a_fresh_row
known_holdout,Leptomyrmex erythrocephalus,leptomyrmex-erythrocephalus,129515,18466882,3eb5a4b8-15d0-45ed-a640-4548cd576e0d,28236301,https://inaturalist-open-data.s3.amazonaws.com/photos/28236301/large.jpeg,cc-by-nc,"(c) Wayne Martin, some rights reserved (CC BY-NC)",a6a869716075e11cf7efb4bbedde7ea65df66453bc0e2db73188f3d3e0c51cbc,291324,1024,768,inat_api_gate_v2_readiness,n/a_fresh_row,n/a_fresh_row,n/a_fresh_row,n/a_fresh_row,n/a_fresh_row,n/a_fresh_row,129515,Leptomyrmex erythrocephalus,species,network,https://inaturalist-open-data.s3.amazonaws.com/photos/28236301/square.jpeg,n/a_fresh_row
known_holdout,Leptomyrmex erythrocephalus,leptomyrmex-erythrocephalus,129515,9955709,e1477956-9ae8-4b63-9bfd-6e9e02a729bf,13670037,https://inaturalist-open-data.s3.amazonaws.com/photos/13670037/large.jpeg,cc-by-nc-sa,"(c) Reiner Richter, some rights reserved (CC BY-NC-SA)",16018f8589bdaa1339d5999ba81db7e96490deca5642c1f9a2fcd6b8ad6cab01,273960,1024,734,inat_api_gate_v2_readiness,n/a_fresh_row,n/a_fresh_row,n/a_fresh_row,n/a_fresh_row,n/a_fresh_row,n/a_fresh_row,129515,Leptomyrmex erythrocephalus,species,network,https://inaturalist-open-data.s3.amazonaws.com/photos/13670037/square.jpeg,n/a_fresh_row
known_holdout,Leptomyrmex erythrocephalus,leptomyrmex-erythrocephalus,129515,19689790,5bc39c1d-b771-49e8-9716-898287e085b2,30329267,https://inaturalist-open-data.s3.amazonaws.com/photos/30329267/large.jpeg,cc-by-nc-sa,"(c) Reiner Richter, some rights reserved (CC BY-NC-SA)",bd310cbd76ac4c92879eb57f0fc7407ebce863a673dd41fd061be86238302735,86730,1024,880,inat_api_gate_v2_readiness,n/a_fresh_row,n/a_fresh_row,n/a_fresh_row,n/a_fresh_row,n/a_fresh_row,n/a_fresh_row,129515,Leptomyrmex erythrocephalus,species,network,https://inaturalist-open-data.s3.amazonaws.com/photos/30329267/square.jpeg,n/a_fresh_row
known_holdout,Leptomyrmex erythrocephalus,leptomyrmex-erythrocephalus,129515,6454796,93960aee-07e9-4de7-b28d-395699cc50ff,8158128,https://inaturalist-open-data.s3.amazonaws.com/photos/8158128/large.jpeg,cc-by-nc,"(c) Russell Massang, some rights reserved (CC BY-NC)",a11b90c9722c6490fd83cffc15aca9ee29fad6ee881d817abdd35fbae9896ef1,242023,849,849,inat_api_gate_v2_readiness,n/a_fresh_row,n/a_fresh_row,n/a_fresh_row,n/a_fresh_row,n/a_fresh_row,n/a_fresh_row,129515,Leptomyrmex erythrocephalus,species,network,https://inaturalist-open-data.s3.amazonaws.com/photos/8158128/square.jpeg,n/a_fresh_row
known_holdout,Leptomyrmex erythrocephalus,leptomyrmex-erythrocephalus,129515,10136176,ea7c532d-156c-4912-b207-f889cba0f915,13981414,https://inaturalist-open-data.s3.amazonaws.com/photos/13981414/large.jpeg,cc-by-nc-sa,"(c) Reiner Richter, some rights reserved (CC BY-NC-SA)",7a075d90ee9d4050ea475a1326ca62cef73701579fc2c0b80ae4dea238ac6e3e,170721,1024,829,inat_api_gate_v2_readiness,n/a_fresh_row,n/a_fresh_row,n/a_fresh_row,n/a_fresh_row,n/a_fresh_row,n/a_fresh_row,129515,Leptomyrmex erythrocephalus,species,network,https://inaturalist-open-data.s3.amazonaws.com/photos/13981414/square.jpeg,n/a_fresh_row
known_holdout,Leptomyrmex erythrocephalus,leptomyrmex-erythrocephalus,129515,20742176,f2a27998-4943-46f3-bd08-6d87a19032a5,31981710,https://inaturalist-open-data.s3.amazonaws.com/photos/31981710/large.jpg,cc-by,"(c) Terra Occ, some rights reserved (CC BY)",cc9e0172b173c6c538f87595d8d164635f817d148046a2c459ccd1011f787584,157991,1024,768,inat_api_gate_v2_readiness,n/a_fresh_row,n/a_fresh_row,n/a_fresh_row,n/a_fresh_row,n/a_fresh_row,n/a_fresh_row,129515,Leptomyrmex erythrocephalus,species,network,https://inaturalist-open-data.s3.amazonaws.com/photos/31981710/square.jpg,n/a_fresh_row
known_holdout,Leptomyrmex erythrocephalus,leptomyrmex-erythrocephalus,129515,17208521,abe8eaba-120d-4b2e-8c65-89c8a99b4e31,26087776,https://inaturalist-open-data.s3.amazonaws.com/photos/26087776/large.jpeg,cc-by-nc-sa,"(c) Reiner Richter, some rights reserved (CC BY-NC-SA)",c50e7b3985cd4705b94b6241c2250b920ed4f7a5f4e3c1326c29455a801232a9,190557,1024,800,inat_api_gate_v2_readiness,n/a_fresh_row,n/a_fresh_row,n/a_fresh_row,n/a_fresh_row,n/a_fresh_row,n/a_fresh_row,129515,Leptomyrmex erythrocephalus,species,network,https://inaturalist-open-data.s3.amazonaws.com/photos/26087776/square.jpeg,n/a_fresh_row
known_holdout,Leptomyrmex erythrocephalus,leptomyrmex-erythrocephalus,129515,8916303,2be51657-9831-48bd-b5a4-914d19bca381,12004114,https://inaturalist-open-data.s3.amazonaws.com/photos/12004114/large.jpeg,cc-by,"(c) Nathan Odgers, some rights reserved (CC BY)",032308efa806c4e8773e869130df05bf7be5b90fbd6d26af2989da945d4df70b,380953,1024,768,inat_api_gate_v2_readiness,n/a_fresh_row,n/a_fresh_row,n/a_fresh_row,n/a_fresh_row,n/a_fresh_row,n/a_fresh_row,129515,Leptomyrmex erythrocephalus,species,network,https://inaturalist-open-data.s3.amazonaws.com/photos/12004114/square.jpeg,n/a_fresh_row
known_holdout,Leptomyrmex erythrocephalus,leptomyrmex-erythrocephalus,129515,10372580,1d541467-f901-42cf-9487-a48b19afff63,14393584,https://inaturalist-open-data.s3.amazonaws.com/photos/14393584/large.jpeg,cc-by-nc-sa,"(c) Reiner Richter, some rights reserved (CC BY-NC-SA)",0058935374517693e931fd49c5af6d4bbe50d63a8bebe17c5b45d5f5f4f55712,144465,1024,716,inat_api_gate_v2_readiness,n/a_fresh_row,n/a_fresh_row,n/a_fresh_row,n/a_fresh_row,n/a_fresh_row,n/a_fresh_row,129515,Leptomyrmex erythrocephalus,species,network,https://inaturalist-open-data.s3.amazonaws.com/photos/14393584/square.jpeg,n/a_fresh_row
known_holdout,Linepithema humile,linepithema-humile,68165,547846,96308c09-6b5c-4271-923d-258ea45a9131,699446,https://inaturalist-open-data.s3.amazonaws.com/photos/699446/large.jpg,cc-by-nc,"(c) Thomas Zedrick, some rights reserved (CC BY-NC)",597ef20370dc928fd1e1aa749cbb92c473a2b8861d813ce41bbd1f7237da69af,336210,768,1024,inat_api_gate_v2_readiness,n/a_fresh_row,n/a_fresh_row,n/a_fresh_row,n/a_fresh_row,n/a_fresh_row,n/a_fresh_row,68165,Linepithema humile,species,network,https://inaturalist-open-data.s3.amazonaws.com/photos/699446/square.jpg,n/a_fresh_row
known_holdout,Linepithema humile,linepithema-humile,68165,411676,43121482-c5a6-4bfb-83ba-888fc13d53df,518118,https://inaturalist-open-data.s3.amazonaws.com/photos/518118/large.jpg,cc-by-nc,"(c) lelanicerteza, some rights reserved (CC BY-NC)",9235c407b9a4ad442b135492223f619de86bb36057603cfd8f52ff7f93bca454,358571,768,1024,inat_api_gate_v2_readiness,n/a_fresh_row,n/a_fresh_row,n/a_fresh_row,n/a_fresh_row,n/a_fresh_row,n/a_fresh_row,68165,Linepithema humile,species,network,https://inaturalist-open-data.s3.amazonaws.com/photos/518118/square.jpg,n/a_fresh_row
known_holdout,Linepithema humile,linepithema-humile,68165,226672,b83e9226-90a0-48ce-9161-6085ce82052c,285441,https://inaturalist-open-data.s3.amazonaws.com/photos/285441/large.jpg,cc-by-nc,"(c) Eric Andersen, some rights reserved (CC BY-NC)",2a96ead085c8d442114ad93096df46aaf93b52c867228cacd93fa0f24137ed5e,153246,1024,768,inat_api_gate_v2_readiness,n/a_fresh_row,n/a_fresh_row,n/a_fresh_row,n/a_fresh_row,n/a_fresh_row,n/a_fresh_row,68165,Linepithema humile,species,network,https://inaturalist-open-data.s3.amazonaws.com/photos/285441/square.jpg,n/a_fresh_row
known_holdout,Linepithema humile,linepithema-humile,68165,270884,a620f68a-8287-4e27-8926-b1714806ccbe,334966,https://inaturalist-open-data.s3.amazonaws.com/photos/334966/large.jpg,cc-by-sa,"(c) Thraen, some rights reserved (CC BY-SA)",c443b18f405a61b37c2f03f475bf335c1eee79cd8b8e69dd0394721d518b8c6e,444311,720,960,inat_api_gate_v2_readiness,n/a_fresh_row,n/a_fresh_row,n/a_fresh_row,n/a_fresh_row,n/a_fresh_row,n/a_fresh_row,68165,Linepithema humile,species,network,https://inaturalist-open-data.s3.amazonaws.com/photos/334966/square.jpg,n/a_fresh_row
known_holdout,Linepithema humile,linepithema-humile,68165,127240,d4309a56-37b3-4b5c-a627-2a4dfabba68c,179910,https://inaturalist-open-data.s3.amazonaws.com/photos/179910/large.jpg,cc-by-nc,"(c) hardrockmonkey, some rights reserved (CC BY-NC)",caa8151bce0acdfd347afa69dc8b4c03fc31c34a25fa43d88d29b41cdd1ff971,200095,1024,768,inat_api_gate_v2_readiness,n/a_fresh_row,n/a_fresh_row,n/a_fresh_row,n/a_fresh_row,n/a_fresh_row,n/a_fresh_row,68165,Linepithema humile,species,network,https://inaturalist-open-data.s3.amazonaws.com/photos/179910/square.jpg,n/a_fresh_row
known_holdout,Linepithema humile,linepithema-humile,68165,305335,4a4bda7e-aea1-4c4b-afb5-83481b85f0e2,378984,https://inaturalist-open-data.s3.amazonaws.com/photos/378984/large.jpg,cc-by-nc,"(c) ivanku, some rights reserved (CC BY-NC)",96a17cc151cb9579793b5401d5d2059642f197d3aeb5cdb0e5ca6fb02b70ec41,253376,578,1024,inat_api_gate_v2_readiness,n/a_fresh_row,n/a_fresh_row,n/a_fresh_row,n/a_fresh_row,n/a_fresh_row,n/a_fresh_row,68165,Linepithema humile,species,network,https://inaturalist-open-data.s3.amazonaws.com/photos/378984/square.jpg,n/a_fresh_row
known_holdout,Linepithema humile,linepithema-humile,68165,480372,f0553655-0a0b-4696-b49e-9b73943545f4,606365,https://inaturalist-open-data.s3.amazonaws.com/photos/606365/large.jpg,cc-by-nc,"(c) Jennifer Rycenga, some rights reserved (CC BY-NC)",78260b87656caaf0b2d04bbe1e2e213a55f583ff6b3a84cf903d38a4ce957509,915264,1024,632,inat_api_gate_v2_readiness,n/a_fresh_row,n/a_fresh_row,n/a_fresh_row,n/a_fresh_row,n/a_fresh_row,n/a_fresh_row,68165,Linepithema humile,species,network,https://inaturalist-open-data.s3.amazonaws.com/photos/606365/square.jpg,n/a_fresh_row
known_holdout,Linepithema humile,linepithema-humile,68165,163468,1a625ff9-f6e9-4264-b45b-8ce9f9a68703,220206,https://inaturalist-open-data.s3.amazonaws.com/photos/220206/large.jpg,cc-by-nc,"(c) Nicolas Dante, some rights reserved (CC BY-NC)",48318aa1e1bfc9fcc0f6a2a9aea1c6c86d595bc03073f205219deab4b20f38a4,57136,720,960,inat_api_gate_v2_readiness,n/a_fresh_row,n/a_fresh_row,n/a_fresh_row,n/a_fresh_row,n/a_fresh_row,n/a_fresh_row,68165,Linepithema humile,species,network,https://inaturalist-open-data.s3.amazonaws.com/photos/220206/square.jpg,n/a_fresh_row
known_holdout,Linepithema humile,linepithema-humile,68165,285346,643901a7-3ce9-4b3e-920a-d870538d2a38,353077,https://inaturalist-open-data.s3.amazonaws.com/photos/353077/large.JPG,cc-by,"(c) Richard Smart (he, him, his), some rights reserved (CC BY)",68b61948a1472d897f72bc22bce4c462a3396c96b62f39b6f4c137dba16990a4,273388,1024,681,inat_api_gate_v2_readiness,n/a_fresh_row,n/a_fresh_row,n/a_fresh_row,n/a_fresh_row,n/a_fresh_row,n/a_fresh_row,68165,Linepithema humile,species,network,https://inaturalist-open-data.s3.amazonaws.com/photos/353077/square.JPG,n/a_fresh_row
known_holdout,Linepithema humile,linepithema-humile,68165,402720,4522e0db-c9bb-4d86-9efe-9c6578a2bae9,504239,https://inaturalist-open-data.s3.amazonaws.com/photos/504239/large.jpg,cc-by-nc,"(c) cactusman9000, some rights reserved (CC BY-NC)",63dae054366861546700de793886fffc118662bfe528d0ab92d1331fe7a24877,221451,578,1024,inat_api_gate_v2_readiness,n/a_fresh_row,n/a_fresh_row,n/a_fresh_row,n/a_fresh_row,n/a_fresh_row,n/a_fresh_row,68165,Linepithema humile,species,network,https://inaturalist-open-data.s3.amazonaws.com/photos/504239/square.jpg,n/a_fresh_row
known_holdout,Liometopum occidentale,liometopum-occidentale,68993,688131,cdff230b-1256-4cd6-9276-f94913af3d0b,865325,https://inaturalist-open-data.s3.amazonaws.com/photos/865325/large.jpg,cc-by-nc,"(c) hcavaliere, some rights reserved (CC BY-NC)",f633adddcdf655565d43e994abca15231e3a830f4a762f2b1463330eea316b56,75652,480,358,inat_api_gate_v2_readiness,n/a_fresh_row,n/a_fresh_row,n/a_fresh_row,n/a_fresh_row,n/a_fresh_row,n/a_fresh_row,68993,Liometopum occidentale,species,network,https://inaturalist-open-data.s3.amazonaws.com/photos/865325/square.jpg,n/a_fresh_row
known_holdout,Liometopum occidentale,liometopum-occidentale,68993,1353563,04a957fc-e734-477f-ac62-08b955098184,1674990,https://inaturalist-open-data.s3.amazonaws.com/photos/1674990/large.jpg,cc-by-nc,"(c) khuerta, some rights reserved (CC BY-NC)",e86affe301b252bce42960692ba03af738b5ec8e0b097e9074fcb0af33f0b807,966382,1024,768,inat_api_gate_v2_readiness,n/a_fresh_row,n/a_fresh_row,n/a_fresh_row,n/a_fresh_row,n/a_fresh_row,n/a_fresh_row,68993,Liometopum occidentale,species,network,https://inaturalist-open-data.s3.amazonaws.com/photos/1674990/square.jpg,n/a_fresh_row
known_holdout,Liometopum occidentale,liometopum-occidentale,68993,711436,c802d07d-9fd9-46ec-9a93-5a1c10200a19,893792,https://inaturalist-open-data.s3.amazonaws.com/photos/893792/large.JPG,cc-by-nc,"(c) Steven Valdez, some rights reserved (CC BY-NC)",caf310262d28f60d8366acad772a9ff0c2a7d21cbcf27115125623e76908aa72,156163,1024,768,inat_api_gate_v2_readiness,n/a_fresh_row,n/a_fresh_row,n/a_fresh_row,n/a_fresh_row,n/a_fresh_row,n/a_fresh_row,68993,Liometopum occidentale,species,network,https://inaturalist-open-data.s3.amazonaws.com/photos/893792/square.JPG,n/a_fresh_row
known_holdout,Liometopum occidentale,liometopum-occidentale,68993,1476789,72406bdf-81e3-4af8-9ed9-a2533f4c6cb0,1831233,https://inaturalist-open-data.s3.amazonaws.com/photos/1831233/large.jpg,cc-by-nc,"(c) Scot Pipkin, some rights reserved (CC BY-NC)",26c436d2ac4e45cf8f521a5d0d59e31608ccc07829de43a8adccb6272eb308a3,918666,768,1024,inat_api_gate_v2_readiness,n/a_fresh_row,n/a_fresh_row,n/a_fresh_row,n/a_fresh_row,n/a_fresh_row,n/a_fresh_row,68993,Liometopum occidentale,species,network,https://inaturalist-open-data.s3.amazonaws.com/photos/1831233/square.jpg,n/a_fresh_row
known_holdout,Liometopum occidentale,liometopum-occidentale,68993,153367,8c5dac22-8cbd-4d40-ab40-474f379d54e0,210538,https://inaturalist-open-data.s3.amazonaws.com/photos/210538/large.JPG,cc-by-nc,"(c) jadesu, some rights reserved (CC BY-NC)",cdd7bc15862d7ee1828db2d2e52d1837bfa7931e6c1e60d66f3d7181dd9727f8,387975,765,1024,inat_api_gate_v2_readiness,n/a_fresh_row,n/a_fresh_row,n/a_fresh_row,n/a_fresh_row,n/a_fresh_row,n/a_fresh_row,68993,Liometopum occidentale,species,network,https://inaturalist-open-data.s3.amazonaws.com/photos/210538/square.JPG,n/a_fresh_row
known_holdout,Liometopum occidentale,liometopum-occidentale,68993,1101469,7faa4fa4-6f13-4d5b-aa18-c5457913b202,1384593,https://inaturalist-open-data.s3.amazonaws.com/photos/1384593/large.jpg,cc-by,"(c) Jon Sullivan, some rights reserved (CC BY)",58c3edce6f4d566a12c2b215a9130cf77d439ec084c06c42f7bec075225e937e,202879,1024,1024,inat_api_gate_v2_readiness,n/a_fresh_row,n/a_fresh_row,n/a_fresh_row,n/a_fresh_row,n/a_fresh_row,n/a_fresh_row,68993,Liometopum occidentale,species,network,https://inaturalist-open-data.s3.amazonaws.com/photos/1384593/square.jpg,n/a_fresh_row
known_holdout,Liometopum occidentale,liometopum-occidentale,68993,1566147,448ed586-977c-4ddb-91d3-579742c2f133,1938864,https://inaturalist-open-data.s3.amazonaws.com/photos/1938864/large.JPG,cc-by,"(c) Jesse Rorabaugh, some rights reserved (CC BY)",531357ee02a8de7c8aee94e4007062c87d95963c59e962ae5695ba73b5712273,412123,874,1024,inat_api_gate_v2_readiness,n/a_fresh_row,n/a_fresh_row,n/a_fresh_row,n/a_fresh_row,n/a_fresh_row,n/a_fresh_row,68993,Liometopum occidentale,species,network,https://inaturalist-open-data.s3.amazonaws.com/photos/1938864/square.JPG,n/a_fresh_row
known_holdout,Liometopum occidentale,liometopum-occidentale,68993,1344327,aab461d2-1428-4757-bf21-a3bad6a3fb5c,1663220,https://inaturalist-open-data.s3.amazonaws.com/photos/1663220/large.JPG,cc-by,"(c) 101595408250610106310, some rights reserved (CC BY)",9264c6d4ed7a4699e58bd0df2a74b8308ccd73e2bfa166fc040b7e43661bd0ae,40023,512,385,inat_api_gate_v2_readiness,n/a_fresh_row,n/a_fresh_row,n/a_fresh_row,n/a_fresh_row,n/a_fresh_row,n/a_fresh_row,68993,Liometopum occidentale,species,network,https://inaturalist-open-data.s3.amazonaws.com/photos/1663220/square.JPG,n/a_fresh_row
known_holdout,Liometopum occidentale,liometopum-occidentale,68993,300239,5b7435bf-96d8-40eb-b7cf-ffe3370744a7,372142,https://inaturalist-open-data.s3.amazonaws.com/photos/372142/large.jpg,cc-by,"(c) Don Loarie, some rights reserved (CC BY)",28803ca16131e733a170193997dd93c49050107c91c59c89091efb062ea04b85,148591,849,940,inat_api_gate_v2_readiness,n/a_fresh_row,n/a_fresh_row,n/a_fresh_row,n/a_fresh_row,n/a_fresh_row,n/a_fresh_row,68993,Liometopum occidentale,species,network,https://inaturalist-open-data.s3.amazonaws.com/photos/372142/square.jpg,n/a_fresh_row
known_holdout,Liometopum occidentale,liometopum-occidentale,68993,1226941,d68543a0-34eb-44b0-908a-c6d0fb34e08f,1545445,https://inaturalist-open-data.s3.amazonaws.com/photos/1545445/large.jpg,cc-by-nc,"(c) BJ Stacey, some rights reserved (CC BY-NC)",c60aad073cb1035845b582fa88219e43759aa953c4d64087455d3bdad19a295a,92811,808,539,inat_api_gate_v2_readiness,n/a_fresh_row,n/a_fresh_row,n/a_fresh_row,n/a_fresh_row,n/a_fresh_row,n/a_fresh_row,68993,Liometopum occidentale,species,network,https://inaturalist-open-data.s3.amazonaws.com/photos/1545445/square.jpg,n/a_fresh_row
known_holdout,Megaponera analis,megaponera-analis,426190,3149518,2ac5afe8-c36b-49a9-945d-de6b2041bdd5,3640051,https://inaturalist-open-data.s3.amazonaws.com/photos/3640051/large.jpeg,cc-by-nc,"(c) Howard, some rights reserved (CC BY-NC)",a1f098824e925e13c5539752e68b2308cfab341f9244445c82058f8b1dad644f,761224,1024,768,inat_api_gate_v2_readiness,n/a_fresh_row,n/a_fresh_row,n/a_fresh_row,n/a_fresh_row,n/a_fresh_row,n/a_fresh_row,426190,Megaponera analis,species,network,https://inaturalist-open-data.s3.amazonaws.com/photos/3640051/square.jpeg,n/a_fresh_row
known_holdout,Megaponera analis,megaponera-analis,426190,9711095,f6c83082-5487-43dd-a75c-ac1c923104cd,13279601,https://inaturalist-open-data.s3.amazonaws.com/photos/13279601/large.jpeg,cc-by-nc,"(c) Christine Sydes, some rights reserved (CC BY-NC)",23d6ce68bd0a7d2e681a74d577168ff791902c29779aaae3605b952de3824c4f,261771,1024,755,inat_api_gate_v2_readiness,n/a_fresh_row,n/a_fresh_row,n/a_fresh_row,n/a_fresh_row,n/a_fresh_row,n/a_fresh_row,426190,Megaponera analis,species,network,https://inaturalist-open-data.s3.amazonaws.com/photos/13279601/square.jpeg,n/a_fresh_row
known_holdout,Megaponera analis,megaponera-analis,426190,3468963,074d5726-9497-4c36-bbd4-2df8e54c0d1d,4029194,https://inaturalist-open-data.s3.amazonaws.com/photos/4029194/large.JPG,cc-by,"(c) Matt Muir, some rights reserved (CC BY)",d89af2ec174a63fdec5b8696d889b08d14882634da02621e3d805a8fa0f8c76c,584831,1024,769,inat_api_gate_v2_readiness,n/a_fresh_row,n/a_fresh_row,n/a_fresh_row,n/a_fresh_row,n/a_fresh_row,n/a_fresh_row,426190,Megaponera analis,species,network,https://inaturalist-open-data.s3.amazonaws.com/photos/4029194/square.JPG,n/a_fresh_row
known_holdout,Megaponera analis,megaponera-analis,426190,10883274,0456b32f-e17c-4af8-9b2a-2f6b8b8f2ba4,15285163,https://inaturalist-open-data.s3.amazonaws.com/photos/15285163/large.jpg,cc-by,"(c) Ryan van Huyssteen, some rights reserved (CC BY)",70fc6ab52a60a27eb320fa95ab7c33e8258987d964c386566c632f63088cef42,147568,1024,768,inat_api_gate_v2_readiness,n/a_fresh_row,n/a_fresh_row,n/a_fresh_row,n/a_fresh_row,n/a_fresh_row,n/a_fresh_row,426190,Megaponera analis,species,network,https://inaturalist-open-data.s3.amazonaws.com/photos/15285163/square.jpg,n/a_fresh_row
known_holdout,Megaponera analis,megaponera-analis,426190,507918,62eb868b-8bfa-49eb-82c0-c999ed90d3e2,646641,https://inaturalist-open-data.s3.amazonaws.com/photos/646641/large.jpg,cc-by-nc,"(c) Jakob Fahr, some rights reserved (CC BY-NC)",aa363b29dc5ae095b061fdf61701c8f226efab29ca8a3c0fc4763287661fb819,300253,1024,682,inat_api_gate_v2_readiness,n/a_fresh_row,n/a_fresh_row,n/a_fresh_row,n/a_fresh_row,n/a_fresh_row,n/a_fresh_row,426190,Megaponera analis,species,network,https://inaturalist-open-data.s3.amazonaws.com/photos/646641/square.jpg,n/a_fresh_row
known_holdout,Megaponera analis,megaponera-analis,426190,3866960,0603771e-a900-4730-beba-48a2b4ea85cb,4533155,https://inaturalist-open-data.s3.amazonaws.com/photos/4533155/large.jpg,cc-by-nc,"(c) daniel09, some rights reserved (CC BY-NC)",7ead8133cdc6a0a295c8871409243f0319e992d5a578d55384b964d5ff71ab80,734069,768,1024,inat_api_gate_v2_readiness,n/a_fresh_row,n/a_fresh_row,n/a_fresh_row,n/a_fresh_row,n/a_fresh_row,n/a_fresh_row,426190,Megaponera analis,species,network,https://inaturalist-open-data.s3.amazonaws.com/photos/4533155/square.jpg,n/a_fresh_row
known_holdout,Megaponera analis,megaponera-analis,426190,11180865,f04f6d92-934e-4906-a54d-714a60746db0,15839359,https://inaturalist-open-data.s3.amazonaws.com/photos/15839359/large.jpg,cc0,no rights reserved,5e6114c8e7350964555d3da983a946c799455bd68b5344d86a6d47a07df38be6,190616,1024,768,inat_api_gate_v2_readiness,n/a_fresh_row,n/a_fresh_row,n/a_fresh_row,n/a_fresh_row,n/a_fresh_row,n/a_fresh_row,426190,Megaponera analis,species,network,https://inaturalist-open-data.s3.amazonaws.com/photos/15839359/square.jpg,n/a_fresh_row
known_holdout,Megaponera analis,megaponera-analis,426190,9517655,718b541a-e143-47c9-a830-4fd9847a01ad,12975005,https://inaturalist-open-data.s3.amazonaws.com/photos/12975005/large.jpg,cc-by,"(c) i_c_riddell, some rights reserved (CC BY)",438e54376e70babbdb55bcebceb62a5483c86a8ffc88511618b1c12e1ea3fe96,648263,1024,638,inat_api_gate_v2_readiness,n/a_fresh_row,n/a_fresh_row,n/a_fresh_row,n/a_fresh_row,n/a_fresh_row,n/a_fresh_row,426190,Megaponera analis,species,network,https://inaturalist-open-data.s3.amazonaws.com/photos/12975005/square.jpg,n/a_fresh_row
known_holdout,Megaponera analis,megaponera-analis,426190,1161239,c0c0af02-8e17-41fd-9cc0-5814b951c50d,1463604,https://inaturalist-open-data.s3.amazonaws.com/photos/1463604/large.JPG,cc-by-nc,"(c) Jakob Fahr, some rights reserved (CC BY-NC)",a8c10e08285fddff70adde267b2e7f224eb1103badaad4e227c86fd8c6ce365d,149884,1024,576,inat_api_gate_v2_readiness,n/a_fresh_row,n/a_fresh_row,n/a_fresh_row,n/a_fresh_row,n/a_fresh_row,n/a_fresh_row,426190,Megaponera analis,species,network,https://inaturalist-open-data.s3.amazonaws.com/photos/1463604/square.JPG,n/a_fresh_row
known_holdout,Megaponera analis,megaponera-analis,426190,3882084,718ee117-3617-4354-a8f4-a6afa53f4864,4554761,https://inaturalist-open-data.s3.amazonaws.com/photos/4554761/large.jpg,cc-by-nc,"(c) ONG OeBenin, some rights reserved (CC BY-NC)",2f599aacd8bd8531a87ae665c94ff66612345efb9961ecaa6adddb71576b5c06,98039,1024,729,inat_api_gate_v2_readiness,n/a_fresh_row,n/a_fresh_row,n/a_fresh_row,n/a_fresh_row,n/a_fresh_row,n/a_fresh_row,426190,Megaponera analis,species,network,https://inaturalist-open-data.s3.amazonaws.com/photos/4554761/square.jpg,n/a_fresh_row
known_holdout,Messor barbarus,messor-barbarus,118487,3188017,9484efef-2771-4a82-8e85-68d4ed3fbb02,3689426,https://inaturalist-open-data.s3.amazonaws.com/photos/3689426/large.JPG,cc-by-sa,"(c) Fabien Piednoir, some rights reserved (CC BY-SA)",0492c9f0ebfdb9dad55d9f85b4584058e04e6b76218b0afecbfd668e256d261a,583522,1024,683,inat_api_gate_v2_readiness,n/a_fresh_row,n/a_fresh_row,n/a_fresh_row,n/a_fresh_row,n/a_fresh_row,n/a_fresh_row,118487,Messor barbarus,species,network,https://inaturalist-open-data.s3.amazonaws.com/photos/3689426/square.JPG,n/a_fresh_row
known_holdout,Messor barbarus,messor-barbarus,118487,7531458,2f41d71f-de51-460b-813a-58876a56f2fd,9823100,https://inaturalist-open-data.s3.amazonaws.com/photos/9823100/large.jpg,cc-by-nc,"(c) Cesar Pollo, some rights reserved (CC BY-NC)",2a5f78c56b38bf4ffdc076aab1d9790791f0358b377baad50627c808132d5bf8,617773,768,1024,inat_api_gate_v2_readiness,n/a_fresh_row,n/a_fresh_row,n/a_fresh_row,n/a_fresh_row,n/a_fresh_row,n/a_fresh_row,118487,Messor barbarus,species,network,https://inaturalist-open-data.s3.amazonaws.com/photos/9823100/square.jpg,n/a_fresh_row
known_holdout,Messor barbarus,messor-barbarus,118487,3188039,b7a6fc05-17b4-4e13-8dff-3557c8b3af1a,3689464,https://inaturalist-open-data.s3.amazonaws.com/photos/3689464/large.JPG,cc-by-sa,"(c) Fabien Piednoir, some rights reserved (CC BY-SA)",a5d3b6fbaf6e801850d312320250f1832e35e732ca0d9e2435d5d071fc16ba98,555499,1024,683,inat_api_gate_v2_readiness,n/a_fresh_row,n/a_fresh_row,n/a_fresh_row,n/a_fresh_row,n/a_fresh_row,n/a_fresh_row,118487,Messor barbarus,species,network,https://inaturalist-open-data.s3.amazonaws.com/photos/3689464/square.JPG,n/a_fresh_row
known_holdout,Messor barbarus,messor-barbarus,118487,7842938,307d4c00-d6dc-4823-9248-1b5e9efeadfd,10329131,https://inaturalist-open-data.s3.amazonaws.com/photos/10329131/large.jpeg,cc-by-nc,"(c) Hugo Gaspar, some rights reserved (CC BY-NC)",f70ab009f8ace28a99286bd59d9b7223dd1afb63cd34dba5651e0e558b51c42e,312662,1024,768,inat_api_gate_v2_readiness,n/a_fresh_row,n/a_fresh_row,n/a_fresh_row,n/a_fresh_row,n/a_fresh_row,n/a_fresh_row,118487,Messor barbarus,species,network,https://inaturalist-open-data.s3.amazonaws.com/photos/10329131/square.jpeg,n/a_fresh_row
known_holdout,Messor barbarus,messor-barbarus,118487,94030,310f064a-9da7-44c1-85a9-e90c9a14bc83,136847,https://inaturalist-open-data.s3.amazonaws.com/photos/136847/large.jpg,cc-by-nc,"(c) 103917170835602529469, some rights reserved (CC BY-NC)",a1df3c454a859b314dca44a7a774c5e05255fa5862f8338c6bb2c106f9a8cf5c,51704,512,341,inat_api_gate_v2_readiness,n/a_fresh_row,n/a_fresh_row,n/a_fresh_row,n/a_fresh_row,n/a_fresh_row,n/a_fresh_row,118487,Messor barbarus,species,network,https://inaturalist-open-data.s3.amazonaws.com/photos/136847/square.jpg,n/a_fresh_row
known_holdout,Messor barbarus,messor-barbarus,118487,3215696,34eb276e-2ebe-4c8e-9fc2-6ca26fe3ee58,3722782,https://inaturalist-open-data.s3.amazonaws.com/photos/3722782/large.jpeg,cc-by-nc,"(c) Andre Silva, some rights reserved (CC BY-NC)",79b650094ffedf6fc837259f606f376be4e5ac836308e7d02d4c9a9c378697b1,798853,768,1024,inat_api_gate_v2_readiness,n/a_fresh_row,n/a_fresh_row,n/a_fresh_row,n/a_fresh_row,n/a_fresh_row,n/a_fresh_row,118487,Messor barbarus,species,network,https://inaturalist-open-data.s3.amazonaws.com/photos/3722782/square.jpeg,n/a_fresh_row
known_holdout,Messor barbarus,messor-barbarus,118487,9291263,7dee751b-a7b0-4cc3-82e2-a3661b1bb060,12595427,https://inaturalist-open-data.s3.amazonaws.com/photos/12595427/large.jpg,cc-by-nc,"(c) cassi saari, some rights reserved (CC BY-NC)",687c0bee5857dcda287a2236930b21270fd99744e7e92cf953e5c842cee38b9e,246294,1024,791,inat_api_gate_v2_readiness,n/a_fresh_row,n/a_fresh_row,n/a_fresh_row,n/a_fresh_row,n/a_fresh_row,n/a_fresh_row,118487,Messor barbarus,species,network,https://inaturalist-open-data.s3.amazonaws.com/photos/12595427/square.jpg,n/a_fresh_row
known_holdout,Messor barbarus,messor-barbarus,118487,7304530,f28bb108-f28c-469d-a6d4-d2f9a62dae95,9453610,https://inaturalist-open-data.s3.amazonaws.com/photos/9453610/large.jpeg,cc-by,"(c) Mattia Menchetti, some rights reserved (CC BY)",0d3eeb73e166c9cc0002a21785398ef25a19074c9725750aaf66d8fcd147cfeb,741032,768,1024,inat_api_gate_v2_readiness,n/a_fresh_row,n/a_fresh_row,n/a_fresh_row,n/a_fresh_row,n/a_fresh_row,n/a_fresh_row,118487,Messor barbarus,species,network,https://inaturalist-open-data.s3.amazonaws.com/photos/9453610/square.jpeg,n/a_fresh_row
known_holdout,Messor barbarus,messor-barbarus,118487,2945472,b23c45cf-0698-4d88-a823-512a0d5168e9,3378089,https://inaturalist-open-data.s3.amazonaws.com/photos/3378089/large.JPG,cc-by-sa,"(c) Fabien Piednoir, some rights reserved (CC BY-SA)",365aa3a5de39ab3abc95763dcbe18aceddf03366a5c954353faef52c869256a3,660655,1024,683,inat_api_gate_v2_readiness,n/a_fresh_row,n/a_fresh_row,n/a_fresh_row,n/a_fresh_row,n/a_fresh_row,n/a_fresh_row,118487,Messor barbarus,species,network,https://inaturalist-open-data.s3.amazonaws.com/photos/3378089/square.JPG,n/a_fresh_row
known_holdout,Messor barbarus,messor-barbarus,118487,4470594,a27b39a0-3d6b-464b-853c-967cd7161146,5393665,https://inaturalist-open-data.s3.amazonaws.com/photos/5393665/large.jpeg,cc-by-nc-sa,"(c) Marco Schmidt, some rights reserved (CC BY-NC-SA)",16f6b4ce62cadb1fa12c67e55340afef143dae0a0ea65bf3f053627b4765127b,455479,1024,768,inat_api_gate_v2_readiness,n/a_fresh_row,n/a_fresh_row,n/a_fresh_row,n/a_fresh_row,n/a_fresh_row,n/a_fresh_row,118487,Messor barbarus,species,network,https://inaturalist-open-data.s3.amazonaws.com/photos/5393665/square.jpeg,n/a_fresh_row
known_holdout,Myrmecia pilosula,myrmecia-pilosula,122515,2583312,8ff5449d-ac73-4e4c-82b4-f5cbd985585b,2884794,https://inaturalist-open-data.s3.amazonaws.com/photos/2884794/large.jpg,cc-by,"(c) Lek Khauv, some rights reserved (CC BY)",6b7133e975434b9b9e9d8c686df3115653d78fa83d1909442868b6577402ef15,347712,1024,682,inat_api_gate_v2_readiness,n/a_fresh_row,n/a_fresh_row,n/a_fresh_row,n/a_fresh_row,n/a_fresh_row,n/a_fresh_row,122515,Myrmecia pilosula,species,network,https://inaturalist-open-data.s3.amazonaws.com/photos/2884794/square.jpg,n/a_fresh_row
known_holdout,Myrmecia pilosula,myrmecia-pilosula,122515,8369951,bc717f9a-eff4-4f77-a937-ff62285d2611,11128712,https://inaturalist-open-data.s3.amazonaws.com/photos/11128712/large.jpeg,cc-by-nc,"(c) Reiner Richter, some rights reserved (CC BY-NC)",617d5c42f68ca2c060180bf5af803cc1ec85544bc506d46513a51906ae98d17d,161079,752,592,inat_api_gate_v2_readiness,n/a_fresh_row,n/a_fresh_row,n/a_fresh_row,n/a_fresh_row,n/a_fresh_row,n/a_fresh_row,122515,Myrmecia pilosula,species,network,https://inaturalist-open-data.s3.amazonaws.com/photos/11128712/square.jpeg,n/a_fresh_row
known_holdout,Myrmecia pilosula,myrmecia-pilosula,122515,4014503,bbbd1d58-433b-4bd9-b981-70d0585ebe27,4741015,https://inaturalist-open-data.s3.amazonaws.com/photos/4741015/large.jpeg,cc-by-nc,"(c) Shaun Thurstans, some rights reserved (CC BY-NC)",cd86802832707603297b3ff28511e28870711893bb8bbc7e772ae4250492b42d,500647,1024,576,inat_api_gate_v2_readiness,n/a_fresh_row,n/a_fresh_row,n/a_fresh_row,n/a_fresh_row,n/a_fresh_row,n/a_fresh_row,122515,Myrmecia pilosula,species,network,https://inaturalist-open-data.s3.amazonaws.com/photos/4741015/square.jpeg,n/a_fresh_row
known_holdout,Myrmecia pilosula,myrmecia-pilosula,122515,8501409,82dec0a3-2789-4ec3-a80d-f963e04c124b,11342344,https://inaturalist-open-data.s3.amazonaws.com/photos/11342344/large.jpeg,cc-by-nc,"(c) Reiner Richter, some rights reserved (CC BY-NC)",05db3b37a10dc407b46140498b691b84c68ba14828ab52c502e8dc136403acbc,303447,897,1024,inat_api_gate_v2_readiness,n/a_fresh_row,n/a_fresh_row,n/a_fresh_row,n/a_fresh_row,n/a_fresh_row,n/a_fresh_row,122515,Myrmecia pilosula,species,network,https://inaturalist-open-data.s3.amazonaws.com/photos/11342344/square.jpeg,n/a_fresh_row
known_holdout,Myrmecia pilosula,myrmecia-pilosula,122515,391348,7789f621-4129-4cac-bae0-bfcf7e2a9190,489619,https://inaturalist-open-data.s3.amazonaws.com/photos/489619/large.jpg,cc-by-sa,"(c) dr.scott.mills, some rights reserved (CC BY-SA)",8fe630f7024fc5b7ee582049e64dfca8fd4180434c75b879d4b97b46f3e84298,351985,1024,733,inat_api_gate_v2_readiness,n/a_fresh_row,n/a_fresh_row,n/a_fresh_row,n/a_fresh_row,n/a_fresh_row,n/a_fresh_row,122515,Myrmecia pilosula,species,network,https://inaturalist-open-data.s3.amazonaws.com/photos/489619/square.jpg,n/a_fresh_row
known_holdout,Myrmecia pilosula,myrmecia-pilosula,122515,4021409,fe36e1e2-04c8-4be5-bdb7-245e2475745a,4751554,https://inaturalist-open-data.s3.amazonaws.com/photos/4751554/large.jpg,cc-by-nc,"(c) priscillatas, some rights reserved (CC BY-NC)",c2537fc01ef88dc472221cd269b5af9bcd3bb7b1a2c6b904fb62c09d09ca53b6,1133300,768,1024,inat_api_gate_v2_readiness,n/a_fresh_row,n/a_fresh_row,n/a_fresh_row,n/a_fresh_row,n/a_fresh_row,n/a_fresh_row,122515,Myrmecia pilosula,species,network,https://inaturalist-open-data.s3.amazonaws.com/photos/4751554/square.jpg,n/a_fresh_row
known_holdout,Myrmecia pilosula,myrmecia-pilosula,122515,4904652,c40af88e-4a29-4ea0-87b6-c4c87ee9fd7e,24164475,https://inaturalist-open-data.s3.amazonaws.com/photos/24164475/large.jpg,cc-by,"(c) Lek Khauv, some rights reserved (CC BY)",a6b893b7571637b602f7af7945b93be0e712bbaf553f6d77642da2a28ffa6b2e,378802,1024,682,inat_api_gate_v2_readiness,n/a_fresh_row,n/a_fresh_row,n/a_fresh_row,n/a_fresh_row,n/a_fresh_row,n/a_fresh_row,122515,Myrmecia pilosula,species,network,https://inaturalist-open-data.s3.amazonaws.com/photos/24164475/square.jpg,n/a_fresh_row
known_holdout,Myrmecia pilosula,myrmecia-pilosula,122515,8067692,8c70d43f-046b-4474-a5d4-e64507fd502f,10692804,https://inaturalist-open-data.s3.amazonaws.com/photos/10692804/large.jpeg,cc-by-nc,"(c) Reiner Richter, some rights reserved (CC BY-NC)",c7c55985d429341432c89d97f5c3fc601a24dd82d2944b7f5cccc3c00ff913be,332937,1024,871,inat_api_gate_v2_readiness,n/a_fresh_row,n/a_fresh_row,n/a_fresh_row,n/a_fresh_row,n/a_fresh_row,n/a_fresh_row,122515,Myrmecia pilosula,species,network,https://inaturalist-open-data.s3.amazonaws.com/photos/10692804/square.jpeg,n/a_fresh_row
known_holdout,Myrmecia pilosula,myrmecia-pilosula,122515,2511755,6407b860-e398-4221-ac29-8c02338c7584,2822971,https://inaturalist-open-data.s3.amazonaws.com/photos/2822971/large.jpg,cc-by,"(c) Lek Khauv, some rights reserved (CC BY)",df8104deb3ed76e85c079410e0cacab5e65a8d471c682f4b844f4d500f28dbb7,227662,1024,682,inat_api_gate_v2_readiness,n/a_fresh_row,n/a_fresh_row,n/a_fresh_row,n/a_fresh_row,n/a_fresh_row,n/a_fresh_row,122515,Myrmecia pilosula,species,network,https://inaturalist-open-data.s3.amazonaws.com/photos/2822971/square.jpg,n/a_fresh_row
known_holdout,Myrmecia pilosula,myrmecia-pilosula,122515,4177227,510ab50f-f105-4a1e-a0d4-bb6a6e7ff3c0,4975132,https://inaturalist-open-data.s3.amazonaws.com/photos/4975132/large.jpeg,cc-by-nc,"(c) tachel, some rights reserved (CC BY-NC)",60ffcf043a8a32a9cd220000c995cc6c891427d6f8ff62af87239a3ebe1ab379,536595,576,1024,inat_api_gate_v2_readiness,n/a_fresh_row,n/a_fresh_row,n/a_fresh_row,n/a_fresh_row,n/a_fresh_row,n/a_fresh_row,122515,Myrmecia pilosula,species,network,https://inaturalist-open-data.s3.amazonaws.com/photos/4975132/square.jpeg,n/a_fresh_row
known_holdout,Myrmecia pyriformis,myrmecia-pyriformis,711955,13474242,73ed00f1-3a96-45a4-8687-f70bbaeba5d8,19783865,https://inaturalist-open-data.s3.amazonaws.com/photos/19783865/large.jpeg,cc-by-nc-sa,"(c) Reiner Richter, some rights reserved (CC BY-NC-SA)",5bc9b779534b1989c900076d592e55b93cfa47061703a00528c82fb939cd8435,333059,1024,752,inat_api_gate_v2_readiness,n/a_fresh_row,n/a_fresh_row,n/a_fresh_row,n/a_fresh_row,n/a_fresh_row,n/a_fresh_row,711955,Myrmecia pyriformis,species,network,https://inaturalist-open-data.s3.amazonaws.com/photos/19783865/square.jpeg,n/a_fresh_row
known_holdout,Myrmecia pyriformis,myrmecia-pyriformis,711955,25739786,be33e514-70ac-4e0f-a44e-f4d5c2ae8f31,39900924,https://inaturalist-open-data.s3.amazonaws.com/photos/39900924/large.jpeg,cc-by-nc-sa,"(c) Reiner Richter, some rights reserved (CC BY-NC-SA)",ec9a8bbd7f454348b1f42348181ff620aedd69b53ef18ab19295690efa4371da,75513,1024,768,inat_api_gate_v2_readiness,n/a_fresh_row,n/a_fresh_row,n/a_fresh_row,n/a_fresh_row,n/a_fresh_row,n/a_fresh_row,711955,Myrmecia pyriformis,species,network,https://inaturalist-open-data.s3.amazonaws.com/photos/39900924/square.jpeg,n/a_fresh_row
known_holdout,Myrmecia pyriformis,myrmecia-pyriformis,711955,17374682,79c9b6cf-c865-4967-b2c8-92dc93566002,26389686,https://inaturalist-open-data.s3.amazonaws.com/photos/26389686/large.jpeg,cc-by-nc,"(c) Geoffrey Cox, some rights reserved (CC BY-NC)",bdeeb208da8c817742ccda6b3fe6d7c7df52cb48d7a6763fc779fc45f23e8756,692540,1024,682,inat_api_gate_v2_readiness,n/a_fresh_row,n/a_fresh_row,n/a_fresh_row,n/a_fresh_row,n/a_fresh_row,n/a_fresh_row,711955,Myrmecia pyriformis,species,network,https://inaturalist-open-data.s3.amazonaws.com/photos/26389686/square.jpeg,n/a_fresh_row
known_holdout,Myrmecia pyriformis,myrmecia-pyriformis,711955,26346741,e202c676-517c-4f59-8a1e-766215a44147,40904366,https://inaturalist-open-data.s3.amazonaws.com/photos/40904366/large.jpeg,cc-by-nc-sa,"(c) Adam Edmonds, some rights reserved (CC BY-NC-SA)",60951932eff16762b7f466060adc432f1b6e07bbb8829717027e74643259ee18,185549,1024,771,inat_api_gate_v2_readiness,n/a_fresh_row,n/a_fresh_row,n/a_fresh_row,n/a_fresh_row,n/a_fresh_row,n/a_fresh_row,711955,Myrmecia pyriformis,species,network,https://inaturalist-open-data.s3.amazonaws.com/photos/40904366/square.jpeg,n/a_fresh_row
known_holdout,Myrmecia pyriformis,myrmecia-pyriformis,711955,1704578,fa6184b5-94e8-4d73-bfe9-208d6a9610f6,2064594,https://inaturalist-open-data.s3.amazonaws.com/photos/2064594/large.jpg,cc-by-nc,"(c) Rakali, some rights reserved (CC BY-NC)",0ef969e29d9d402e0f25b76c50364c5595036cf7effbcbd0d1ea91ff5d4e5922,414639,576,1024,inat_api_gate_v2_readiness,n/a_fresh_row,n/a_fresh_row,n/a_fresh_row,n/a_fresh_row,n/a_fresh_row,n/a_fresh_row,711955,Myrmecia pyriformis,species,network,https://inaturalist-open-data.s3.amazonaws.com/photos/2064594/square.jpg,n/a_fresh_row
known_holdout,Myrmecia pyriformis,myrmecia-pyriformis,711955,20354629,02ecef49-a048-457a-b0e7-b3fbd077e23e,31431257,https://inaturalist-open-data.s3.amazonaws.com/photos/31431257/large.jpeg,cc-by-nc,"(c) Natasha, some rights reserved (CC BY-NC)",6efaf1d0ae969c257272ba4f6a86e877463916be0177317ce88cb9912f3fd924,585944,1024,576,inat_api_gate_v2_readiness,n/a_fresh_row,n/a_fresh_row,n/a_fresh_row,n/a_fresh_row,n/a_fresh_row,n/a_fresh_row,711955,Myrmecia pyriformis,species,network,https://inaturalist-open-data.s3.amazonaws.com/photos/31431257/square.jpeg,n/a_fresh_row
known_holdout,Myrmecia pyriformis,myrmecia-pyriformis,711955,29042754,9089d848-d59d-4985-bf16-0e2028a723db,45309434,https://inaturalist-open-data.s3.amazonaws.com/photos/45309434/large.jpg,cc-by,"(c) Andrew Allen, some rights reserved (CC BY)",591b5d55237382439d8f53188932e7e1853d26847a4cb0b052e8b6b22d9a53f8,705710,1024,683,inat_api_gate_v2_readiness,n/a_fresh_row,n/a_fresh_row,n/a_fresh_row,n/a_fresh_row,n/a_fresh_row,n/a_fresh_row,711955,Myrmecia pyriformis,species,network,https://inaturalist-open-data.s3.amazonaws.com/photos/45309434/square.jpg,n/a_fresh_row
known_holdout,Myrmecia pyriformis,myrmecia-pyriformis,711955,25725950,d09d4064-955e-4660-869f-88ebc7c5bd85,39878731,https://inaturalist-open-data.s3.amazonaws.com/photos/39878731/large.jpeg,cc-by-nc-sa,"(c) Reiner Richter, some rights reserved (CC BY-NC-SA)",4a64fc6d725dabd5b0884a1e8ac537833ae0c52f7a32c42148381aa96fc43e8e,145610,1024,768,inat_api_gate_v2_readiness,n/a_fresh_row,n/a_fresh_row,n/a_fresh_row,n/a_fresh_row,n/a_fresh_row,n/a_fresh_row,711955,Myrmecia pyriformis,species,network,https://inaturalist-open-data.s3.amazonaws.com/photos/39878731/square.jpeg,n/a_fresh_row
known_holdout,Myrmecia pyriformis,myrmecia-pyriformis,711955,9976816,88803236-7050-46b4-96bb-3beabb246499,13708808,https://inaturalist-open-data.s3.amazonaws.com/photos/13708808/large.jpeg,cc-by-nc,"(c) David Spencer Muirhead, some rights reserved (CC BY-NC)",ebed66944d59d668c29dd666d1f4e1ebc6fd164abbd87b73bde37d28c89cd780,219753,1024,422,inat_api_gate_v2_readiness,n/a_fresh_row,n/a_fresh_row,n/a_fresh_row,n/a_fresh_row,n/a_fresh_row,n/a_fresh_row,711955,Myrmecia pyriformis,species,network,https://inaturalist-open-data.s3.amazonaws.com/photos/13708808/square.jpeg,n/a_fresh_row
known_holdout,Myrmecia pyriformis,myrmecia-pyriformis,711955,21546989,aa948b18-73ea-40d9-8e99-1f0d89a417bc,33347961,https://inaturalist-open-data.s3.amazonaws.com/photos/33347961/large.jpeg,cc-by-nc,"(c) Daniel, some rights reserved (CC BY-NC)",c7c97f3f69d53449730cfc2dbe35bd9b364ee559d744591825f5474add033b94,268834,1024,717,inat_api_gate_v2_readiness,n/a_fresh_row,n/a_fresh_row,n/a_fresh_row,n/a_fresh_row,n/a_fresh_row,n/a_fresh_row,711955,Myrmecia pyriformis,species,network,https://inaturalist-open-data.s3.amazonaws.com/photos/33347961/square.jpeg,n/a_fresh_row
known_holdout,Myrmica rubra,myrmica-rubra,119172,6664645,29bec2b0-aa6b-40cd-84be-8ca65eb37e03,8445010,https://inaturalist-open-data.s3.amazonaws.com/photos/8445010/large.jpg,cc-by,"(c) portioid, some rights reserved (CC BY)",a30f162c1eee3f729df0f1127101a0697615748786d169dd04b9f492c1a37265,230266,1024,886,inat_api_gate_v2_readiness,n/a_fresh_row,n/a_fresh_row,n/a_fresh_row,n/a_fresh_row,n/a_fresh_row,n/a_fresh_row,119172,Myrmica rubra,species,network,https://inaturalist-open-data.s3.amazonaws.com/photos/8445010/square.jpg,n/a_fresh_row
known_holdout,Myrmica rubra,myrmica-rubra,119172,9357596,91bd665b-7c4e-46ff-a314-216b703567c2,12702332,https://inaturalist-open-data.s3.amazonaws.com/photos/12702332/large.jpg,cc-by-nc,"(c) Andrea Peterlongo, some rights reserved (CC BY-NC)",b59ec6b0a0dddacca05dd9d6ef5ae3b44c6ff1ea47967a9c93e1eb3b19dccd9d,192778,971,1024,inat_api_gate_v2_readiness,n/a_fresh_row,n/a_fresh_row,n/a_fresh_row,n/a_fresh_row,n/a_fresh_row,n/a_fresh_row,119172,Myrmica rubra,species,network,https://inaturalist-open-data.s3.amazonaws.com/photos/12702332/square.jpg,n/a_fresh_row
known_holdout,Myrmica rubra,myrmica-rubra,119172,6676185,1c5fb908-acd8-40a5-80b8-5f45aef25180,8461392,https://inaturalist-open-data.s3.amazonaws.com/photos/8461392/large.jpg,cc-by,"(c) portioid, some rights reserved (CC BY)",e83c7b1af1bea84976f29188e9c9eaf0bce175509d8e117b1d7d7487e0332069,68710,1024,805,inat_api_gate_v2_readiness,n/a_fresh_row,n/a_fresh_row,n/a_fresh_row,n/a_fresh_row,n/a_fresh_row,n/a_fresh_row,119172,Myrmica rubra,species,network,https://inaturalist-open-data.s3.amazonaws.com/photos/8461392/square.jpg,n/a_fresh_row
known_holdout,Myrmica rubra,myrmica-rubra,119172,11259488,ad7634de-a111-4bcb-8a81-e45e62bc8eed,15998423,https://inaturalist-open-data.s3.amazonaws.com/photos/15998423/large.jpg,cc-by-nc,"(c) Kevin Gielen, some rights reserved (CC BY-NC)",df256fe3349da67bf42254bc4fb8f711ae2b87e9df08e6e47b3f38ccdcce1951,62869,1024,683,inat_api_gate_v2_readiness,n/a_fresh_row,n/a_fresh_row,n/a_fresh_row,n/a_fresh_row,n/a_fresh_row,n/a_fresh_row,119172,Myrmica rubra,species,network,https://inaturalist-open-data.s3.amazonaws.com/photos/15998423/square.jpg,n/a_fresh_row
known_holdout,Myrmica rubra,myrmica-rubra,119172,266243,65e3632f-7fcb-4729-abfa-1af54b236de3,329992,https://inaturalist-open-data.s3.amazonaws.com/photos/329992/large.jpg,cc-by-nc,"(c) Jay Smith, some rights reserved (CC BY-NC)",43383498811f130a6f5108de7b56e3b83a92e885024522decce5a34b9f4bc181,96457,1024,682,inat_api_gate_v2_readiness,n/a_fresh_row,n/a_fresh_row,n/a_fresh_row,n/a_fresh_row,n/a_fresh_row,n/a_fresh_row,119172,Myrmica rubra,species,network,https://inaturalist-open-data.s3.amazonaws.com/photos/329992/square.jpg,n/a_fresh_row
known_holdout,Myrmica rubra,myrmica-rubra,119172,6979061,1bbc7131-e4a0-41ba-96b5-c93cdc22ad93,8931105,https://inaturalist-open-data.s3.amazonaws.com/photos/8931105/large.jpeg,cc-by-nc,"(c) Don Sutherland, some rights reserved (CC BY-NC)",19bfcdea800dbbbcb70bfa784ed462cd9e217c483d01e0a3b5e48254f0b3c95d,187872,1024,683,inat_api_gate_v2_readiness,n/a_fresh_row,n/a_fresh_row,n/a_fresh_row,n/a_fresh_row,n/a_fresh_row,n/a_fresh_row,119172,Myrmica rubra,species,network,https://inaturalist-open-data.s3.amazonaws.com/photos/8931105/square.jpeg,n/a_fresh_row
known_holdout,Myrmica rubra,myrmica-rubra,119172,13444185,83929377-6689-4b87-8542-85f3be6f2ca5,19732182,https://inaturalist-open-data.s3.amazonaws.com/photos/19732182/large.jpeg,cc-by,"(c) carnifex, some rights reserved (CC BY)",9fdade1aab8378b525230bb84ed456b98ae59b7f28b08ba2294550d16a77bf1b,569637,1024,909,inat_api_gate_v2_readiness,n/a_fresh_row,n/a_fresh_row,n/a_fresh_row,n/a_fresh_row,n/a_fresh_row,n/a_fresh_row,119172,Myrmica rubra,species,network,https://inaturalist-open-data.s3.amazonaws.com/photos/19732182/square.jpeg,n/a_fresh_row
known_holdout,Myrmica rubra,myrmica-rubra,119172,9270961,ff362c13-6cb4-4515-8afa-81dcf2dbff97,12560873,https://inaturalist-open-data.s3.amazonaws.com/photos/12560873/large.jpeg,cc-by,"(c) Paul Prior, some rights reserved (CC BY)",c86e743c6f0880a9462b1b58e3a2ef4557d2069f8fda5386972fd55690cf21de,321608,857,1024,inat_api_gate_v2_readiness,n/a_fresh_row,n/a_fresh_row,n/a_fresh_row,n/a_fresh_row,n/a_fresh_row,n/a_fresh_row,119172,Myrmica rubra,species,network,https://inaturalist-open-data.s3.amazonaws.com/photos/12560873/square.jpeg,n/a_fresh_row
known_holdout,Myrmica rubra,myrmica-rubra,119172,6409750,9125ca6e-6fbd-4196-924b-a936c6eca50c,8085510,https://inaturalist-open-data.s3.amazonaws.com/photos/8085510/large.jpg,cc-by-nc,"(c) Tyler Christensen, some rights reserved (CC BY-NC)",77e5da1ef8651b7e2ff05f13a4f1b4ae529c6e1c7e8b10f45b361f79c6142da3,225590,1024,732,inat_api_gate_v2_readiness,n/a_fresh_row,n/a_fresh_row,n/a_fresh_row,n/a_fresh_row,n/a_fresh_row,n/a_fresh_row,119172,Myrmica rubra,species,network,https://inaturalist-open-data.s3.amazonaws.com/photos/8085510/square.jpg,n/a_fresh_row
known_holdout,Myrmica rubra,myrmica-rubra,119172,8360510,f61f6cbf-7f76-4ffc-b3d6-3f1e5235bb1b,11112403,https://inaturalist-open-data.s3.amazonaws.com/photos/11112403/large.jpg,cc-by-nc-sa,"(c) Nicolas Zwahlen, some rights reserved (CC BY-NC-SA)",f0c1e71a1bfd7c57dd2df2b6b06ca8077503d0507326de0904bd3a96e4c62ce7,477424,1024,683,inat_api_gate_v2_readiness,n/a_fresh_row,n/a_fresh_row,n/a_fresh_row,n/a_fresh_row,n/a_fresh_row,n/a_fresh_row,119172,Myrmica rubra,species,network,https://inaturalist-open-data.s3.amazonaws.com/photos/11112403/square.jpg,n/a_fresh_row
known_holdout,Nylanderia flavipes,nylanderia-flavipes,372712,2603497,351697b6-b46e-4bed-92ab-b16d7b17ee10,2908246,https://inaturalist-open-data.s3.amazonaws.com/photos/2908246/large.JPG,cc-by-nc,"(c) misooksun, some rights reserved (CC BY-NC)",63c43bc3b70715f84e2a958a1582046d7f4397925e9349de8d4ab6f550d165fb,123828,1024,724,inat_api_gate_v2_readiness,n/a_fresh_row,n/a_fresh_row,n/a_fresh_row,n/a_fresh_row,n/a_fresh_row,n/a_fresh_row,372712,Nylanderia flavipes,species,network,https://inaturalist-open-data.s3.amazonaws.com/photos/2908246/square.JPG,n/a_fresh_row
known_holdout,Nylanderia flavipes,nylanderia-flavipes,372712,11490623,5e4340ad-c018-4619-a489-6e59cf5b5947,16401732,https://inaturalist-open-data.s3.amazonaws.com/photos/16401732/large.jpg,cc-by-nc,"(c) Kelly L. O'Donnell, some rights reserved (CC BY-NC)",a5f39092627576b40aa80091ee04e8eebd323c906a36be408deaf294846eff91,590803,768,1024,inat_api_gate_v2_readiness,n/a_fresh_row,n/a_fresh_row,n/a_fresh_row,n/a_fresh_row,n/a_fresh_row,n/a_fresh_row,372712,Nylanderia flavipes,species,network,https://inaturalist-open-data.s3.amazonaws.com/photos/16401732/square.jpg,n/a_fresh_row
known_holdout,Nylanderia flavipes,nylanderia-flavipes,372712,2943874,274a3556-7e4e-4420-a5db-464ba84e7ac1,3375808,https://inaturalist-open-data.s3.amazonaws.com/photos/3375808/large.jpg,cc-by-nc,"(c) the_redstarts, some rights reserved (CC BY-NC)",70bd7b0d8651b3f68f25ebee1e9271a29a68f0e2c24f90c2d7201e10880fef6c,791150,768,1024,inat_api_gate_v2_readiness,n/a_fresh_row,n/a_fresh_row,n/a_fresh_row,n/a_fresh_row,n/a_fresh_row,n/a_fresh_row,372712,Nylanderia flavipes,species,network,https://inaturalist-open-data.s3.amazonaws.com/photos/3375808/square.jpg,n/a_fresh_row
known_holdout,Nylanderia flavipes,nylanderia-flavipes,372712,12005015,e211ab2a-742d-40d9-819b-a6e944c3f33b,17197130,https://inaturalist-open-data.s3.amazonaws.com/photos/17197130/large.jpeg,cc-by-nc,"(c) Kelly L. O'Donnell, some rights reserved (CC BY-NC)",408ddb850d2dbd3103657e489598d4fb5ecef29a1fcc0a2b61c55c52361ab0cf,523127,1024,768,inat_api_gate_v2_readiness,n/a_fresh_row,n/a_fresh_row,n/a_fresh_row,n/a_fresh_row,n/a_fresh_row,n/a_fresh_row,372712,Nylanderia flavipes,species,network,https://inaturalist-open-data.s3.amazonaws.com/photos/17197130/square.jpeg,n/a_fresh_row
known_holdout,Nylanderia flavipes,nylanderia-flavipes,372712,269095,82419974-cb8c-4867-91f0-7965a065ca34,332969,https://inaturalist-open-data.s3.amazonaws.com/photos/332969/large.JPG,cc-by-nc,"(c) Patrick Gorring, PhD, some rights reserved (CC BY-NC)",e91935b10db9df383efe9cc88395bb9d604218b0321c099cc414ba70cd6d2c96,125722,1024,683,inat_api_gate_v2_readiness,n/a_fresh_row,n/a_fresh_row,n/a_fresh_row,n/a_fresh_row,n/a_fresh_row,n/a_fresh_row,372712,Nylanderia flavipes,species,network,https://inaturalist-open-data.s3.amazonaws.com/photos/332969/square.JPG,n/a_fresh_row
known_holdout,Nylanderia flavipes,nylanderia-flavipes,372712,3247543,d06906ba-4764-4485-8021-d4184ec9d084,3757415,https://inaturalist-open-data.s3.amazonaws.com/photos/3757415/large.jpeg,cc-by-nc,"(c) paldrich88, some rights reserved (CC BY-NC)",02c77d1eb5c0da30be306f1617a35ce37a7bfc3528d75d9053ae26412b89041e,489808,1024,768,inat_api_gate_v2_readiness,n/a_fresh_row,n/a_fresh_row,n/a_fresh_row,n/a_fresh_row,n/a_fresh_row,n/a_fresh_row,372712,Nylanderia flavipes,species,network,https://inaturalist-open-data.s3.amazonaws.com/photos/3757415/square.jpeg,n/a_fresh_row
known_holdout,Nylanderia flavipes,nylanderia-flavipes,372712,13878878,9766c2a3-13ad-4854-9c88-b327a63b2d87,20492194,https://inaturalist-open-data.s3.amazonaws.com/photos/20492194/large.jpg,cc-by-nc,"(c) Alexander Ganse, some rights reserved (CC BY-NC)",5dfb701c113a73250cc325733d1e2843cf49dd7d4184c5f939c039901ff48680,239978,1024,468,inat_api_gate_v2_readiness,n/a_fresh_row,n/a_fresh_row,n/a_fresh_row,n/a_fresh_row,n/a_fresh_row,n/a_fresh_row,372712,Nylanderia flavipes,species,network,https://inaturalist-open-data.s3.amazonaws.com/photos/20492194/square.jpg,n/a_fresh_row
known_holdout,Nylanderia flavipes,nylanderia-flavipes,372712,7605281,8e645971-84c5-4ca4-a292-fae6a2222c9f,9938709,https://inaturalist-open-data.s3.amazonaws.com/photos/9938709/large.jpg,cc-by-nc,"(c) bkmertz, some rights reserved (CC BY-NC)",037ab00190985203c1f990295f0bd2cf708f734130a5953ce56c3a753a7e5a1b,193516,768,1024,inat_api_gate_v2_readiness,n/a_fresh_row,n/a_fresh_row,n/a_fresh_row,n/a_fresh_row,n/a_fresh_row,n/a_fresh_row,372712,Nylanderia flavipes,species,network,https://inaturalist-open-data.s3.amazonaws.com/photos/9938709/square.jpg,n/a_fresh_row
known_holdout,Nylanderia flavipes,nylanderia-flavipes,372712,1478931,0ca1a709-4ac4-4d14-bcf5-92e3274d977d,1833421,https://inaturalist-open-data.s3.amazonaws.com/photos/1833421/large.jpg,cc-by,"(c) Patrick Leary, some rights reserved (CC BY)",0dda9f095777ab11541ccfa67081fa626499b703a5d980eae78a032ddc2e07e1,150192,1024,683,inat_api_gate_v2_readiness,n/a_fresh_row,n/a_fresh_row,n/a_fresh_row,n/a_fresh_row,n/a_fresh_row,n/a_fresh_row,372712,Nylanderia flavipes,species,network,https://inaturalist-open-data.s3.amazonaws.com/photos/1833421/square.jpg,n/a_fresh_row
known_holdout,Nylanderia flavipes,nylanderia-flavipes,372712,3291228,d2620310-2c6e-4a41-8230-0083ad469b8d,3804215,https://inaturalist-open-data.s3.amazonaws.com/photos/3804215/large.jpg,cc-by-nc,"(c) treefinder, some rights reserved (CC BY-NC)",61172a1e598779af1dbebed5c1e3b3cebb232b793856e13f2ff99951967568d7,346908,1024,768,inat_api_gate_v2_readiness,n/a_fresh_row,n/a_fresh_row,n/a_fresh_row,n/a_fresh_row,n/a_fresh_row,n/a_fresh_row,372712,Nylanderia flavipes,species,network,https://inaturalist-open-data.s3.amazonaws.com/photos/3804215/square.jpg,n/a_fresh_row
known_holdout,Odontomachus erythrocephalus,odontomachus-erythrocephalus,321869,20078129,a40ce4f5-1a20-4669-9479-dc78824ccdac,31004664,https://inaturalist-open-data.s3.amazonaws.com/photos/31004664/large.jpeg,cc-by-nc,"(c) Santi MD, some rights reserved (CC BY-NC)",dabf19cef2971a163d5dd3ff91f970959ca0a0217dbc6a6d417040239c27fb5e,597958,1024,768,inat_api_gate_v2_readiness,n/a_fresh_row,n/a_fresh_row,n/a_fresh_row,n/a_fresh_row,n/a_fresh_row,n/a_fresh_row,321869,Odontomachus erythrocephalus,species,network,https://inaturalist-open-data.s3.amazonaws.com/photos/31004664/square.jpeg,n/a_fresh_row
known_holdout,Odontomachus erythrocephalus,odontomachus-erythrocephalus,321869,24336887,489274cc-0639-439b-9578-d6575b73e9bd,37625635,https://inaturalist-open-data.s3.amazonaws.com/photos/37625635/large.jpeg,cc0,no rights reserved,94532bdfa921eca6dbb06655f4e91b5f419d9c092dead8123e259882ac7c4d33,202961,938,1024,inat_api_gate_v2_readiness,n/a_fresh_row,n/a_fresh_row,n/a_fresh_row,n/a_fresh_row,n/a_fresh_row,n/a_fresh_row,321869,Odontomachus erythrocephalus,species,network,https://inaturalist-open-data.s3.amazonaws.com/photos/37625635/square.jpeg,n/a_fresh_row
known_holdout,Odontomachus erythrocephalus,odontomachus-erythrocephalus,321869,21753314,179d0c63-4bb9-4c8f-aeb3-28cbbae0a194,33690613,https://inaturalist-open-data.s3.amazonaws.com/photos/33690613/large.jpeg,cc-by-nc,"(c) María Paula González (semillero camaleón), some rights reserved (CC BY-NC)",75912df4685ecd8252a4c1e5a1fb042661f40b7ca4f8ee38d121f54413ce763f,602841,768,1024,inat_api_gate_v2_readiness,n/a_fresh_row,n/a_fresh_row,n/a_fresh_row,n/a_fresh_row,n/a_fresh_row,n/a_fresh_row,321869,Odontomachus erythrocephalus,species,network,https://inaturalist-open-data.s3.amazonaws.com/photos/33690613/square.jpeg,n/a_fresh_row
known_holdout,Odontomachus erythrocephalus,odontomachus-erythrocephalus,321869,30654627,66881e08-9ea3-4658-a587-d6afccfbc5eb,47902527,https://inaturalist-open-data.s3.amazonaws.com/photos/47902527/large.jpeg,cc-by-nc,"(c) Julián Maya, some rights reserved (CC BY-NC)",58bda0baa6da2c0a7d34ead3615aa2ce087a26a684556421e10c22311336f9bf,538216,768,1024,inat_api_gate_v2_readiness,n/a_fresh_row,n/a_fresh_row,n/a_fresh_row,n/a_fresh_row,n/a_fresh_row,n/a_fresh_row,321869,Odontomachus erythrocephalus,species,network,https://inaturalist-open-data.s3.amazonaws.com/photos/47902527/square.jpeg,n/a_fresh_row
known_holdout,Odontomachus erythrocephalus,odontomachus-erythrocephalus,321869,2505389,07ca4f7a-8f52-436d-9162-8157624ff96b,2814538,https://inaturalist-open-data.s3.amazonaws.com/photos/2814538/large.jpg,cc-by-nc,"(c) José Edilson Espitia Barrera, some rights reserved (CC BY-NC)",e606a231fb736cb71beed93ecc4601cbed0c5648755631e1ab9596cedcb4b38f,880300,1024,1024,inat_api_gate_v2_readiness,n/a_fresh_row,n/a_fresh_row,n/a_fresh_row,n/a_fresh_row,n/a_fresh_row,n/a_fresh_row,321869,Odontomachus erythrocephalus,species,network,https://inaturalist-open-data.s3.amazonaws.com/photos/2814538/square.jpg,n/a_fresh_row
known_holdout,Odontomachus erythrocephalus,odontomachus-erythrocephalus,321869,21753389,06f35010-986a-461b-ae92-95a510d0bd88,33690708,https://inaturalist-open-data.s3.amazonaws.com/photos/33690708/large.jpg,cc-by-nc,"(c) biologiauisluisalejandroortiz1, some rights reserved (CC BY-NC)",ebd0f78588c46c0e05459fce3f62e34815c57ea95cf6ff440cdfefc116517acb,77585,732,1024,inat_api_gate_v2_readiness,n/a_fresh_row,n/a_fresh_row,n/a_fresh_row,n/a_fresh_row,n/a_fresh_row,n/a_fresh_row,321869,Odontomachus erythrocephalus,species,network,https://inaturalist-open-data.s3.amazonaws.com/photos/33690708/square.jpg,n/a_fresh_row
known_holdout,Odontomachus erythrocephalus,odontomachus-erythrocephalus,321869,35903749,43354ac2-ad90-444d-81fb-c783d0a66289,56676493,https://inaturalist-open-data.s3.amazonaws.com/photos/56676493/large.jpg,cc-by-nc,"(c) Nicolás Zambrano, some rights reserved (CC BY-NC)",56ca9a4baa32652e23fbd90760e6f7eb77ad73ed37d249c49ccedfac59925534,210757,720,717,inat_api_gate_v2_readiness,n/a_fresh_row,n/a_fresh_row,n/a_fresh_row,n/a_fresh_row,n/a_fresh_row,n/a_fresh_row,321869,Odontomachus erythrocephalus,species,network,https://inaturalist-open-data.s3.amazonaws.com/photos/56676493/square.jpg,n/a_fresh_row
known_holdout,Odontomachus erythrocephalus,odontomachus-erythrocephalus,321869,23560666,759d57ae-51aa-4b22-ae38-35eb3356ec5e,36476192,https://inaturalist-open-data.s3.amazonaws.com/photos/36476192/large.jpeg,cc-by,"(c) Sebastian Serna Muñoz, some rights reserved (CC BY)",380409477ced896c97debfe76d131a94d99a47ff21ac97e8830134027213bf55,386743,1024,683,inat_api_gate_v2_readiness,n/a_fresh_row,n/a_fresh_row,n/a_fresh_row,n/a_fresh_row,n/a_fresh_row,n/a_fresh_row,321869,Odontomachus erythrocephalus,species,network,https://inaturalist-open-data.s3.amazonaws.com/photos/36476192/square.jpeg,n/a_fresh_row
known_holdout,Odontomachus erythrocephalus,odontomachus-erythrocephalus,321869,19105314,c35872de-7267-4327-b231-eb54475274d6,29320933,https://inaturalist-open-data.s3.amazonaws.com/photos/29320933/large.jpg,cc-by-nc,"(c) Bioexploradores Farallones, some rights reserved (CC BY-NC)",f408e4498851fbfb7130929796e1e80f582ca5eae205fa09c032c3cb454a0dbc,482892,819,614,inat_api_gate_v2_readiness,n/a_fresh_row,n/a_fresh_row,n/a_fresh_row,n/a_fresh_row,n/a_fresh_row,n/a_fresh_row,321869,Odontomachus erythrocephalus,species,network,https://inaturalist-open-data.s3.amazonaws.com/photos/29320933/square.jpg,n/a_fresh_row
known_holdout,Odontomachus erythrocephalus,odontomachus-erythrocephalus,321869,21775639,68ef146d-e33b-4ab2-939f-1392739f3d5d,33728506,https://inaturalist-open-data.s3.amazonaws.com/photos/33728506/large.jpeg,cc-by-nc,"(c) carlos1993, some rights reserved (CC BY-NC)",4de37f5d5eac07d7decaae91d095540ee7a11db4a00b228ab3eac6966276548d,601976,1024,768,inat_api_gate_v2_readiness,n/a_fresh_row,n/a_fresh_row,n/a_fresh_row,n/a_fresh_row,n/a_fresh_row,n/a_fresh_row,321869,Odontomachus erythrocephalus,species,network,https://inaturalist-open-data.s3.amazonaws.com/photos/33728506/square.jpeg,n/a_fresh_row
known_holdout,Odontomachus simillimus,odontomachus-simillimus,411282,10273316,17d96ceb-4778-45f6-87ee-e4a1e6417b69,14220547,https://inaturalist-open-data.s3.amazonaws.com/photos/14220547/large.jpg,cc-by-sa,"(c) AnnLazaro, some rights reserved (CC BY-SA)",500ccd1720c62b03f66b6991da1a977647576b283057468f298a97c299267bc6,181468,1024,768,inat_api_gate_v2_readiness,n/a_fresh_row,n/a_fresh_row,n/a_fresh_row,n/a_fresh_row,n/a_fresh_row,n/a_fresh_row,411282,Odontomachus simillimus,species,network,https://inaturalist-open-data.s3.amazonaws.com/photos/14220547/square.jpg,n/a_fresh_row
known_holdout,Odontomachus simillimus,odontomachus-simillimus,411282,19901422,9856168c-d849-4e00-9cda-79fabb6f04d3,30693127,https://inaturalist-open-data.s3.amazonaws.com/photos/30693127/large.jpeg,cc-by-nc,"(c) Soh Kam Yung, some rights reserved (CC BY-NC)",04f5173270c822e05f944af044359651a33b7a9940d6656fb0181d17854527c5,169440,1024,681,inat_api_gate_v2_readiness,n/a_fresh_row,n/a_fresh_row,n/a_fresh_row,n/a_fresh_row,n/a_fresh_row,n/a_fresh_row,411282,Odontomachus simillimus,species,network,https://inaturalist-open-data.s3.amazonaws.com/photos/30693127/square.jpeg,n/a_fresh_row
known_holdout,Odontomachus simillimus,odontomachus-simillimus,411282,12317399,5d7c3271-8ba2-474f-b8e6-0b24cf41bee0,17727511,https://inaturalist-open-data.s3.amazonaws.com/photos/17727511/large.jpg,cc-by-nc,"(c) Giverny, some rights reserved (CC BY-NC)",bd0244e246019042ea91b1d1f1623a5b4b4ea2f6b45ed8d4cdf19f16611816c7,162808,1024,678,inat_api_gate_v2_readiness,n/a_fresh_row,n/a_fresh_row,n/a_fresh_row,n/a_fresh_row,n/a_fresh_row,n/a_fresh_row,411282,Odontomachus simillimus,species,network,https://inaturalist-open-data.s3.amazonaws.com/photos/17727511/square.jpg,n/a_fresh_row
known_holdout,Odontomachus simillimus,odontomachus-simillimus,411282,21554859,011a4e41-f326-435b-9048-a5b5fb3b8d6d,33360400,https://inaturalist-open-data.s3.amazonaws.com/photos/33360400/large.jpeg,cc-by,"(c) Franz Anthony, some rights reserved (CC BY)",0b03efd3ce0666418c38d320bcca1d40f12cdedf7af45d83738d691ac8296f7c,430992,1024,1024,inat_api_gate_v2_readiness,n/a_fresh_row,n/a_fresh_row,n/a_fresh_row,n/a_fresh_row,n/a_fresh_row,n/a_fresh_row,411282,Odontomachus simillimus,species,network,https://inaturalist-open-data.s3.amazonaws.com/photos/33360400/square.jpeg,n/a_fresh_row
known_holdout,Odontomachus simillimus,odontomachus-simillimus,411282,515648,c23edcd7-eaae-44dc-b3ab-e8753503dd03,657133,https://inaturalist-open-data.s3.amazonaws.com/photos/657133/large.JPG,cc-by-nc,"(c) Carmelo López Abad, some rights reserved (CC BY-NC)",db2abc471169b86670317a274a29ad52d0fd0e47eb3ad47683b59cb8698c648f,202849,1024,931,inat_api_gate_v2_readiness,n/a_fresh_row,n/a_fresh_row,n/a_fresh_row,n/a_fresh_row,n/a_fresh_row,n/a_fresh_row,411282,Odontomachus simillimus,species,network,https://inaturalist-open-data.s3.amazonaws.com/photos/657133/square.JPG,n/a_fresh_row
known_holdout,Odontomachus simillimus,odontomachus-simillimus,411282,12946968,afdd1abf-b179-416f-b266-fb267586ca18,18817214,https://inaturalist-open-data.s3.amazonaws.com/photos/18817214/large.jpeg,cc-by-nc,"(c) Micah Freedman, some rights reserved (CC BY-NC)",bf65e50c3793d499f920140420e984f5fc35c98473a15fa37107e646290f6349,231860,1024,619,inat_api_gate_v2_readiness,n/a_fresh_row,n/a_fresh_row,n/a_fresh_row,n/a_fresh_row,n/a_fresh_row,n/a_fresh_row,411282,Odontomachus simillimus,species,network,https://inaturalist-open-data.s3.amazonaws.com/photos/18817214/square.jpeg,n/a_fresh_row
known_holdout,Odontomachus simillimus,odontomachus-simillimus,411282,30442427,21c743bd-7e0e-493e-990f-64d2404e900d,47561010,https://inaturalist-open-data.s3.amazonaws.com/photos/47561010/large.jpeg,cc0,no rights reserved,550040801b1847d6f04c203a78c7675a326a137aa98a4a6ba6db20fee821bfd5,406379,768,1024,inat_api_gate_v2_readiness,n/a_fresh_row,n/a_fresh_row,n/a_fresh_row,n/a_fresh_row,n/a_fresh_row,n/a_fresh_row,411282,Odontomachus simillimus,species,network,https://inaturalist-open-data.s3.amazonaws.com/photos/47561010/square.jpeg,n/a_fresh_row
known_holdout,Odontomachus simillimus,odontomachus-simillimus,411282,18843619,41832a35-a786-435f-ae0d-38d092b443ce,28866872,https://inaturalist-open-data.s3.amazonaws.com/photos/28866872/large.jpg,cc-by-nc,"(c) Arnold Wijker, some rights reserved (CC BY-NC)",d909baa7facc74129c241e593f9837c06ff447fc3d2eab42763a236d88364ff5,948462,1024,872,inat_api_gate_v2_readiness,n/a_fresh_row,n/a_fresh_row,n/a_fresh_row,n/a_fresh_row,n/a_fresh_row,n/a_fresh_row,411282,Odontomachus simillimus,species,network,https://inaturalist-open-data.s3.amazonaws.com/photos/28866872/square.jpg,n/a_fresh_row
known_holdout,Odontomachus simillimus,odontomachus-simillimus,411282,4150635,9a26fadd-37c0-4697-8b4f-d7b66d6c260b,4942485,https://inaturalist-open-data.s3.amazonaws.com/photos/4942485/large.jpg,cc-by,"(c) Dilrukshan Priyantha Wijesinghe, some rights reserved (CC BY)",8a7ac95a6228bcd56f1ecc9429ff6ff44c16b3ca9922907b11c6ed7ed080c7c3,226695,587,587,inat_api_gate_v2_readiness,n/a_fresh_row,n/a_fresh_row,n/a_fresh_row,n/a_fresh_row,n/a_fresh_row,n/a_fresh_row,411282,Odontomachus simillimus,species,network,https://inaturalist-open-data.s3.amazonaws.com/photos/4942485/square.jpg,n/a_fresh_row
known_holdout,Odontomachus simillimus,odontomachus-simillimus,411282,13880635,a54da8f1-77dd-4dea-99c3-66c2db8060a9,20495443,https://inaturalist-open-data.s3.amazonaws.com/photos/20495443/large.jpg,cc-by-nc,"(c) John Howes, some rights reserved (CC BY-NC)",650655ffddcb6472fc2f8f328a48c81aef58c807cd962c45b4fdb3844e9da82b,160519,1024,847,inat_api_gate_v2_readiness,n/a_fresh_row,n/a_fresh_row,n/a_fresh_row,n/a_fresh_row,n/a_fresh_row,n/a_fresh_row,411282,Odontomachus simillimus,species,network,https://inaturalist-open-data.s3.amazonaws.com/photos/20495443/square.jpg,n/a_fresh_row
known_holdout,Odontoponera denticulata,odontoponera-denticulata,628334,7685862,56806b25-dbd7-4cec-9228-beda0a4f0f86,10069614,https://inaturalist-open-data.s3.amazonaws.com/photos/10069614/large.jpg,cc-by,"(c) portioid, some rights reserved (CC BY)",b6612afab27490ace75b19f0f065fde0053fae706682d18ede0946a27497146f,140996,1024,577,inat_api_gate_v2_readiness,n/a_fresh_row,n/a_fresh_row,n/a_fresh_row,n/a_fresh_row,n/a_fresh_row,n/a_fresh_row,628334,Odontoponera denticulata,species,network,https://inaturalist-open-data.s3.amazonaws.com/photos/10069614/square.jpg,n/a_fresh_row
known_holdout,Odontoponera denticulata,odontoponera-denticulata,628334,10565729,405abd9a-f9c1-4b1d-9d65-11250a554713,14720778,https://inaturalist-open-data.s3.amazonaws.com/photos/14720778/large.jpg,cc-by,"(c) portioid, some rights reserved (CC BY)",cfd88c7a0160ab211aa1b1f0b28700c5dcaff9fd936a802d9bf0d2b052ba0a3b,243115,1024,735,inat_api_gate_v2_readiness,n/a_fresh_row,n/a_fresh_row,n/a_fresh_row,n/a_fresh_row,n/a_fresh_row,n/a_fresh_row,628334,Odontoponera denticulata,species,network,https://inaturalist-open-data.s3.amazonaws.com/photos/14720778/square.jpg,n/a_fresh_row
known_holdout,Odontoponera denticulata,odontoponera-denticulata,628334,8034565,078b38b4-3d03-42ea-b81c-1995346d2b23,10639048,https://inaturalist-open-data.s3.amazonaws.com/photos/10639048/large.jpg,cc-by,"(c) portioid, some rights reserved (CC BY)",30c5fcc998193047735d2ecc1ab377d9ea6ea8acc722833d82736001a4b99a22,193500,844,1024,inat_api_gate_v2_readiness,n/a_fresh_row,n/a_fresh_row,n/a_fresh_row,n/a_fresh_row,n/a_fresh_row,n/a_fresh_row,628334,Odontoponera denticulata,species,network,https://inaturalist-open-data.s3.amazonaws.com/photos/10639048/square.jpg,n/a_fresh_row
known_holdout,Odontoponera denticulata,odontoponera-denticulata,628334,11176214,f662a90a-9475-46b6-aa73-520e08e825b9,15829216,https://inaturalist-open-data.s3.amazonaws.com/photos/15829216/large.jpg,cc-by,"(c) portioid, some rights reserved (CC BY)",a93b6d4e0b36b46f6d8b67ac746b9a2d9d5d45a0526f791e8ed540aa22dc7653,199018,1024,784,inat_api_gate_v2_readiness,n/a_fresh_row,n/a_fresh_row,n/a_fresh_row,n/a_fresh_row,n/a_fresh_row,n/a_fresh_row,628334,Odontoponera denticulata,species,network,https://inaturalist-open-data.s3.amazonaws.com/photos/15829216/square.jpg,n/a_fresh_row
known_holdout,Odontoponera denticulata,odontoponera-denticulata,628334,569709,2d582cfb-f8fe-4db6-bb61-e001b67cd634,724350,https://inaturalist-open-data.s3.amazonaws.com/photos/724350/large.JPG,cc-by-nc,"(c) Alessandro Siletto, some rights reserved (CC BY-NC)",3cf76c4102b98659d0312ece39215d6aa357ed044bc8fdd0b7e01dcdcd5a3fe6,121874,800,600,inat_api_gate_v2_readiness,n/a_fresh_row,n/a_fresh_row,n/a_fresh_row,n/a_fresh_row,n/a_fresh_row,n/a_fresh_row,628334,Odontoponera denticulata,species,network,https://inaturalist-open-data.s3.amazonaws.com/photos/724350/square.JPG,n/a_fresh_row
known_holdout,Odontoponera denticulata,odontoponera-denticulata,628334,8747838,a7514efe-85db-4ade-b06e-ba998a590f17,11743236,https://inaturalist-open-data.s3.amazonaws.com/photos/11743236/large.jpg,cc-by,"(c) portioid, some rights reserved (CC BY)",05ea86a0590010c1a4b5f37579c6681b2da3c27565b7bc3d905ecaf5d1be285e,240755,1024,704,inat_api_gate_v2_readiness,n/a_fresh_row,n/a_fresh_row,n/a_fresh_row,n/a_fresh_row,n/a_fresh_row,n/a_fresh_row,628334,Odontoponera denticulata,species,network,https://inaturalist-open-data.s3.amazonaws.com/photos/11743236/square.jpg,n/a_fresh_row
known_holdout,Odontoponera denticulata,odontoponera-denticulata,628334,12348422,aca04030-0535-4ead-9514-616b276e2e3c,17782169,https://inaturalist-open-data.s3.amazonaws.com/photos/17782169/large.jpg,cc-by,"(c) portioid, some rights reserved (CC BY)",15b24c472c0a1a684e37779b976e17cf065a0aabbc0d14747b73384c0bfbefa7,220108,1024,919,inat_api_gate_v2_readiness,n/a_fresh_row,n/a_fresh_row,n/a_fresh_row,n/a_fresh_row,n/a_fresh_row,n/a_fresh_row,628334,Odontoponera denticulata,species,network,https://inaturalist-open-data.s3.amazonaws.com/photos/17782169/square.jpg,n/a_fresh_row
known_holdout,Odontoponera denticulata,odontoponera-denticulata,628334,9638084,7211d661-364f-480c-9317-e5c042b62e9a,13161565,https://inaturalist-open-data.s3.amazonaws.com/photos/13161565/large.jpg,cc-by-sa,"(c) AnnLazaro, some rights reserved (CC BY-SA)",b1314a9518c46d6bce5b40a25d747f2c086e9cb543885cb948fc859b35c1e716,224508,1024,768,inat_api_gate_v2_readiness,n/a_fresh_row,n/a_fresh_row,n/a_fresh_row,n/a_fresh_row,n/a_fresh_row,n/a_fresh_row,628334,Odontoponera denticulata,species,network,https://inaturalist-open-data.s3.amazonaws.com/photos/13161565/square.jpg,n/a_fresh_row
known_holdout,Odontoponera denticulata,odontoponera-denticulata,628334,6862284,228193a9-6199-4f89-992f-e583aefdf449,8746422,https://inaturalist-open-data.s3.amazonaws.com/photos/8746422/large.jpg,cc-by,"(c) portioid, some rights reserved (CC BY)",8a7187916c531aeceb9be82f64a99d74e96ea438403849294c9f21c7aa05d82a,311195,1024,876,inat_api_gate_v2_readiness,n/a_fresh_row,n/a_fresh_row,n/a_fresh_row,n/a_fresh_row,n/a_fresh_row,n/a_fresh_row,628334,Odontoponera denticulata,species,network,https://inaturalist-open-data.s3.amazonaws.com/photos/8746422/square.jpg,n/a_fresh_row
known_holdout,Odontoponera denticulata,odontoponera-denticulata,628334,9233515,f058c7b6-2e99-4c76-a33e-2b922349a126,12496619,https://inaturalist-open-data.s3.amazonaws.com/photos/12496619/large.jpg,cc-by,"(c) portioid, some rights reserved (CC BY)",64fa2fa3515704a9d54203333a0706857c52c826cccb8b1b9ea1f0e285a2d4d2,280165,1024,929,inat_api_gate_v2_readiness,n/a_fresh_row,n/a_fresh_row,n/a_fresh_row,n/a_fresh_row,n/a_fresh_row,n/a_fresh_row,628334,Odontoponera denticulata,species,network,https://inaturalist-open-data.s3.amazonaws.com/photos/12496619/square.jpg,n/a_fresh_row
known_holdout,Oecophylla smaragdina,oecophylla-smaragdina,117293,531048,d32acc14-258f-4bd9-9a58-d64e4f266030,675654,https://inaturalist-open-data.s3.amazonaws.com/photos/675654/large.JPG,cc0,no rights reserved,0b232b90c8618369c1963d631521de26b7ffe8a162171a237e516c6b8d8f0f8e,195872,1024,684,inat_api_gate_v2_readiness,n/a_fresh_row,n/a_fresh_row,n/a_fresh_row,n/a_fresh_row,n/a_fresh_row,n/a_fresh_row,117293,Oecophylla smaragdina,species,network,https://inaturalist-open-data.s3.amazonaws.com/photos/675654/square.JPG,n/a_fresh_row
known_holdout,Oecophylla smaragdina,oecophylla-smaragdina,117293,862305,b8acd757-be79-4f19-9fc0-c31e900e2152,1093930,https://inaturalist-open-data.s3.amazonaws.com/photos/1093930/large.jpg,cc-by-nc,"(c) Tan Kok Hui, some rights reserved (CC BY-NC)",aff781acfc3c37387dcc2c9869f32e8064c76af0e1fd4a34bbdf8a76194ea6ab,71785,480,320,inat_api_gate_v2_readiness,n/a_fresh_row,n/a_fresh_row,n/a_fresh_row,n/a_fresh_row,n/a_fresh_row,n/a_fresh_row,117293,Oecophylla smaragdina,species,network,https://inaturalist-open-data.s3.amazonaws.com/photos/1093930/square.jpg,n/a_fresh_row
known_holdout,Oecophylla smaragdina,oecophylla-smaragdina,117293,557295,d9d37228-8fd6-41cc-815d-90a15c731eac,710468,https://inaturalist-open-data.s3.amazonaws.com/photos/710468/large.JPG,cc0,no rights reserved,0de8404f3f515d426c0b0268a219992d6b00b8a418ad4f2407ce513ba947a584,231461,1024,683,inat_api_gate_v2_readiness,n/a_fresh_row,n/a_fresh_row,n/a_fresh_row,n/a_fresh_row,n/a_fresh_row,n/a_fresh_row,117293,Oecophylla smaragdina,species,network,https://inaturalist-open-data.s3.amazonaws.com/photos/710468/square.JPG,n/a_fresh_row
known_holdout,Oecophylla smaragdina,oecophylla-smaragdina,117293,1034756,ed30a84b-087a-41d7-be37-4af0e6905678,1297402,https://inaturalist-open-data.s3.amazonaws.com/photos/1297402/large.jpg,cc-by-nc,"(c) Megan, some rights reserved (CC BY-NC)",3fbd15b59db056961f6c91cd7d8b72259484abe67f4d6e7cc5ddd1f2b0d4b774,274351,480,358,inat_api_gate_v2_readiness,n/a_fresh_row,n/a_fresh_row,n/a_fresh_row,n/a_fresh_row,n/a_fresh_row,n/a_fresh_row,117293,Oecophylla smaragdina,species,network,https://inaturalist-open-data.s3.amazonaws.com/photos/1297402/square.jpg,n/a_fresh_row
known_holdout,Oecophylla smaragdina,oecophylla-smaragdina,117293,3075,f1d83a5a-2eb9-41a4-8d24-4328efd06446,4428,https://inaturalist-open-data.s3.amazonaws.com/photos/4428/large.jpg,cc-by-nc-sa,"(c) Vishal Bhave, some rights reserved (CC BY-NC-SA)",6f602fc8a50a74bdbb2e3d2f50ce4e80247ac0600011d45e241a37fd164ddc2f,146300,1024,732,inat_api_gate_v2_readiness,n/a_fresh_row,n/a_fresh_row,n/a_fresh_row,n/a_fresh_row,n/a_fresh_row,n/a_fresh_row,117293,Oecophylla smaragdina,species,network,https://inaturalist-open-data.s3.amazonaws.com/photos/4428/square.jpg,n/a_fresh_row
known_holdout,Oecophylla smaragdina,oecophylla-smaragdina,117293,569705,afec65cb-97d8-4fc8-82b8-9fe7d125fe3a,724346,https://inaturalist-open-data.s3.amazonaws.com/photos/724346/large.JPG,cc-by-nc,"(c) Alessandro Siletto, some rights reserved (CC BY-NC)",1f61e355933d483f6c56b3f2d468efa368591695b1447bafeb9dfdab0de9156f,206841,800,600,inat_api_gate_v2_readiness,n/a_fresh_row,n/a_fresh_row,n/a_fresh_row,n/a_fresh_row,n/a_fresh_row,n/a_fresh_row,117293,Oecophylla smaragdina,species,network,https://inaturalist-open-data.s3.amazonaws.com/photos/724346/square.JPG,n/a_fresh_row
known_holdout,Oecophylla smaragdina,oecophylla-smaragdina,117293,1176371,ed36a297-1599-4546-98cc-2f37147a9eb3,1484469,https://inaturalist-open-data.s3.amazonaws.com/photos/1484469/large.jpg,cc-by-nc,"(c) Mike, some rights reserved (CC BY-NC)",b5d31ac8bd51a82f03ec41e8e1c3f6429f4d9d6de160b9b5e848e1d829263fda,582663,1024,437,inat_api_gate_v2_readiness,n/a_fresh_row,n/a_fresh_row,n/a_fresh_row,n/a_fresh_row,n/a_fresh_row,n/a_fresh_row,117293,Oecophylla smaragdina,species,network,https://inaturalist-open-data.s3.amazonaws.com/photos/1484469/square.jpg,n/a_fresh_row
known_holdout,Oecophylla smaragdina,oecophylla-smaragdina,117293,677928,72ba1d8d-4a83-4128-82aa-b15496b2b202,853933,https://inaturalist-open-data.s3.amazonaws.com/photos/853933/large.JPG,cc-by-nc-sa,"(c) 106611639464075912591, some rights reserved (CC BY-NC-SA)",880ad011408fff5834f99052120e26a50e549cab73f3eed63e9cf66c76779708,36312,512,384,inat_api_gate_v2_readiness,n/a_fresh_row,n/a_fresh_row,n/a_fresh_row,n/a_fresh_row,n/a_fresh_row,n/a_fresh_row,117293,Oecophylla smaragdina,species,network,https://inaturalist-open-data.s3.amazonaws.com/photos/853933/square.JPG,n/a_fresh_row
known_holdout,Oecophylla smaragdina,oecophylla-smaragdina,117293,292499,02849c4d-e090-4ecf-bc60-fc2d08159e34,362251,https://inaturalist-open-data.s3.amazonaws.com/photos/362251/large.jpg,cc-by-nc-sa,"(c) Vijay Anand Ismavel, some rights reserved (CC BY-NC-SA)",0ffd6a34ec28e48a45049257e63936c649f0b51b5aa67a080273e0a1b0c98e5b,882717,683,1024,inat_api_gate_v2_readiness,n/a_fresh_row,n/a_fresh_row,n/a_fresh_row,n/a_fresh_row,n/a_fresh_row,n/a_fresh_row,117293,Oecophylla smaragdina,species,network,https://inaturalist-open-data.s3.amazonaws.com/photos/362251/square.jpg,n/a_fresh_row
known_holdout,Oecophylla smaragdina,oecophylla-smaragdina,117293,569746,d2faec37-bf73-4bad-b43c-397f88ecdaad,724387,https://inaturalist-open-data.s3.amazonaws.com/photos/724387/large.JPG,cc-by-nc,"(c) Alessandro Siletto, some rights reserved (CC BY-NC)",18c2e119516e55cee4e07c056829e517c59fe2c1a816721764926627424ff6dc,222539,800,600,inat_api_gate_v2_readiness,n/a_fresh_row,n/a_fresh_row,n/a_fresh_row,n/a_fresh_row,n/a_fresh_row,n/a_fresh_row,117293,Oecophylla smaragdina,species,network,https://inaturalist-open-data.s3.amazonaws.com/photos/724387/square.JPG,n/a_fresh_row
known_holdout,Paltothyreus tarsatus,paltothyreus-tarsatus,475699,7347265,5d73040c-7a72-470e-a375-9dc48252fbcd,9523172,https://inaturalist-open-data.s3.amazonaws.com/photos/9523172/large.jpg,cc-by-nc,"(c) Jonny Campbell, some rights reserved (CC BY-NC)",aa3c1a83a54b326305fadce123a5b4f430ec14f75335ebd8251d92359bb7fdfd,552128,1024,1024,inat_api_gate_v2_readiness,n/a_fresh_row,n/a_fresh_row,n/a_fresh_row,n/a_fresh_row,n/a_fresh_row,n/a_fresh_row,475699,Paltothyreus tarsatus,species,network,https://inaturalist-open-data.s3.amazonaws.com/photos/9523172/square.jpg,n/a_fresh_row
known_holdout,Paltothyreus tarsatus,paltothyreus-tarsatus,475699,10243967,a31b0274-6aec-43e1-a85d-e2be83826fcd,14167391,https://inaturalist-open-data.s3.amazonaws.com/photos/14167391/large.jpg,cc-by-nc,"(c) tjeerd, some rights reserved (CC BY-NC)",fc6828dabace6b92e338cbcd454e09991c6079070fc70dd7d125f5f529eca37d,860136,1000,636,inat_api_gate_v2_readiness,n/a_fresh_row,n/a_fresh_row,n/a_fresh_row,n/a_fresh_row,n/a_fresh_row,n/a_fresh_row,475699,Paltothyreus tarsatus,species,network,https://inaturalist-open-data.s3.amazonaws.com/photos/14167391/square.jpg,n/a_fresh_row
known_holdout,Paltothyreus tarsatus,paltothyreus-tarsatus,475699,9248007,6ea591d6-ea91-48a3-bec6-3a6183bdae8e,12520837,https://inaturalist-open-data.s3.amazonaws.com/photos/12520837/large.jpeg,cc-by-nc,"(c) Kai Joaquin, some rights reserved (CC BY-NC)",16d020ec95dd542aa93dfb042ebf46c45d10864fa4770e000014f791225e67e3,641597,1024,973,inat_api_gate_v2_readiness,n/a_fresh_row,n/a_fresh_row,n/a_fresh_row,n/a_fresh_row,n/a_fresh_row,n/a_fresh_row,475699,Paltothyreus tarsatus,species,network,https://inaturalist-open-data.s3.amazonaws.com/photos/12520837/square.jpeg,n/a_fresh_row
known_holdout,Paltothyreus tarsatus,paltothyreus-tarsatus,475699,11112873,6f09be19-2d22-4e58-aae7-4c530a94dac0,15707667,https://inaturalist-open-data.s3.amazonaws.com/photos/15707667/large.jpg,cc-by,"(c) Robert Taylor, some rights reserved (CC BY)",38a82916a1dec752e0ece557c5de3f328eb8a42e4a2d3cd05baa96e690436ed2,88600,1024,637,inat_api_gate_v2_readiness,n/a_fresh_row,n/a_fresh_row,n/a_fresh_row,n/a_fresh_row,n/a_fresh_row,n/a_fresh_row,475699,Paltothyreus tarsatus,species,network,https://inaturalist-open-data.s3.amazonaws.com/photos/15707667/square.jpg,n/a_fresh_row
known_holdout,Paltothyreus tarsatus,paltothyreus-tarsatus,475699,507275,31c2a420-b3d9-4fb2-b041-c43dd413384e,645777,https://inaturalist-open-data.s3.amazonaws.com/photos/645777/large.JPG,cc-by-nc,"(c) James Steamer, some rights reserved (CC BY-NC)",d40d0b3e3bc619ea75c749318728f51e3737427ff5ef3832b45de88485f60814,291041,1024,742,inat_api_gate_v2_readiness,n/a_fresh_row,n/a_fresh_row,n/a_fresh_row,n/a_fresh_row,n/a_fresh_row,n/a_fresh_row,475699,Paltothyreus tarsatus,species,network,https://inaturalist-open-data.s3.amazonaws.com/photos/645777/square.JPG,n/a_fresh_row
known_holdout,Paltothyreus tarsatus,paltothyreus-tarsatus,475699,9248019,67dcdf53-b375-4f66-9dec-5e9b0fb8c1e8,12520878,https://inaturalist-open-data.s3.amazonaws.com/photos/12520878/large.jpeg,cc-by-nc,"(c) Kai Joaquin, some rights reserved (CC BY-NC)",21f84be2fcbbedaa5686d443d18b073f2bbecf8fd1c8efc7c80028ff2479f23c,523821,1024,845,inat_api_gate_v2_readiness,n/a_fresh_row,n/a_fresh_row,n/a_fresh_row,n/a_fresh_row,n/a_fresh_row,n/a_fresh_row,475699,Paltothyreus tarsatus,species,network,https://inaturalist-open-data.s3.amazonaws.com/photos/12520878/square.jpeg,n/a_fresh_row
known_holdout,Paltothyreus tarsatus,paltothyreus-tarsatus,475699,11181482,5e822170-5bb3-458c-9b06-65346c3b1ad7,15840769,https://inaturalist-open-data.s3.amazonaws.com/photos/15840769/large.jpg,cc0,no rights reserved,effbd1c8569bed0402a7d46eafa3ad5b59c9582f370205780955c38ae80fd7d4,180265,1024,768,inat_api_gate_v2_readiness,n/a_fresh_row,n/a_fresh_row,n/a_fresh_row,n/a_fresh_row,n/a_fresh_row,n/a_fresh_row,475699,Paltothyreus tarsatus,species,network,https://inaturalist-open-data.s3.amazonaws.com/photos/15840769/square.jpg,n/a_fresh_row
known_holdout,Paltothyreus tarsatus,paltothyreus-tarsatus,475699,10036861,62072023-bd83-4816-ac2d-41169b9f7970,13807717,https://inaturalist-open-data.s3.amazonaws.com/photos/13807717/large.jpeg,cc-by-nc,"(c) Mike Plagens, some rights reserved (CC BY-NC)",df21864468c1071c4184edb9a7b3c82768341c68b38b28091ee436410c64f763,411073,1024,768,inat_api_gate_v2_readiness,n/a_fresh_row,n/a_fresh_row,n/a_fresh_row,n/a_fresh_row,n/a_fresh_row,n/a_fresh_row,475699,Paltothyreus tarsatus,species,network,https://inaturalist-open-data.s3.amazonaws.com/photos/13807717/square.jpeg,n/a_fresh_row
known_holdout,Paltothyreus tarsatus,paltothyreus-tarsatus,475699,3985871,4f982f30-a022-48ff-a450-fb6e3a4c2536,4716728,https://inaturalist-open-data.s3.amazonaws.com/photos/4716728/large.jpg,cc-by,"(c) Matt Muir, some rights reserved (CC BY)",03462d744c21effda7d7ab64641559b70935fec505b04fd09a1c2407c18be0ea,262961,1024,766,inat_api_gate_v2_readiness,n/a_fresh_row,n/a_fresh_row,n/a_fresh_row,n/a_fresh_row,n/a_fresh_row,n/a_fresh_row,475699,Paltothyreus tarsatus,species,network,https://inaturalist-open-data.s3.amazonaws.com/photos/4716728/square.jpg,n/a_fresh_row
known_holdout,Paltothyreus tarsatus,paltothyreus-tarsatus,475699,9345994,4eb523ba-c942-4a7f-8cae-4f146a325110,12682033,https://inaturalist-open-data.s3.amazonaws.com/photos/12682033/large.jpg,cc-by-sa,"(c) Chris Vynbos, some rights reserved (CC BY-SA)",59090bcb75e188d861ce07c1e16be72011a149aa476ce0b06a58bc7550120ba9,159217,768,1024,inat_api_gate_v2_readiness,n/a_fresh_row,n/a_fresh_row,n/a_fresh_row,n/a_fresh_row,n/a_fresh_row,n/a_fresh_row,475699,Paltothyreus tarsatus,species,network,https://inaturalist-open-data.s3.amazonaws.com/photos/12682033/square.jpg,n/a_fresh_row
known_holdout,Paraponera clavata,paraponera-clavata,67986,2357074,f4721f1f-c262-431f-ba8c-c1b704512fd2,2621409,https://inaturalist-open-data.s3.amazonaws.com/photos/2621409/large.jpg,cc-by-nc,"(c) manimiranda, some rights reserved (CC BY-NC)",286c4d2c6efa5f58f3e93361fb68b4553ac1fefad5d001ffa3124aa65aa77937,880573,1024,768,inat_api_gate_v2_readiness,n/a_fresh_row,n/a_fresh_row,n/a_fresh_row,n/a_fresh_row,n/a_fresh_row,n/a_fresh_row,67986,Paraponera clavata,species,network,https://inaturalist-open-data.s3.amazonaws.com/photos/2621409/square.jpg,n/a_fresh_row
known_holdout,Paraponera clavata,paraponera-clavata,67986,3621664,d771f09c-7bfd-4a5a-914b-e12881676f10,4180821,https://inaturalist-open-data.s3.amazonaws.com/photos/4180821/large.JPG,cc-by-sa,"(c) Lena Struwe, some rights reserved (CC BY-SA)",4da95ceaf76551616a9cd0dac8eb89dc6a765e2d523928e0a71fc53752f07a0e,711495,768,1024,inat_api_gate_v2_readiness,n/a_fresh_row,n/a_fresh_row,n/a_fresh_row,n/a_fresh_row,n/a_fresh_row,n/a_fresh_row,67986,Paraponera clavata,species,network,https://inaturalist-open-data.s3.amazonaws.com/photos/4180821/square.JPG,n/a_fresh_row
known_holdout,Paraponera clavata,paraponera-clavata,67986,2455224,e3d85c57-f22f-403a-8445-9b9a401ba942,2745119,https://inaturalist-open-data.s3.amazonaws.com/photos/2745119/large.jpg,cc-by-nc,"(c) Patrick Kleeman, some rights reserved (CC BY-NC)",28c806fadfdba3eda620a8396fa51de5df02c5a58ef401bde3d12a258c630dbc,184567,768,1024,inat_api_gate_v2_readiness,n/a_fresh_row,n/a_fresh_row,n/a_fresh_row,n/a_fresh_row,n/a_fresh_row,n/a_fresh_row,67986,Paraponera clavata,species,network,https://inaturalist-open-data.s3.amazonaws.com/photos/2745119/square.jpg,n/a_fresh_row
known_holdout,Paraponera clavata,paraponera-clavata,67986,3689006,0f7b29aa-51ce-47cd-ba2d-3eaf1c892f38,4279325,https://inaturalist-open-data.s3.amazonaws.com/photos/4279325/large.jpeg,cc-by-nc,"(c) Sierra Wallace, some rights reserved (CC BY-NC)",fde2d64bf4d354733585e3486c519f197eaee10f792034c1b39401125d095e5a,240630,1024,768,inat_api_gate_v2_readiness,n/a_fresh_row,n/a_fresh_row,n/a_fresh_row,n/a_fresh_row,n/a_fresh_row,n/a_fresh_row,67986,Paraponera clavata,species,network,https://inaturalist-open-data.s3.amazonaws.com/photos/4279325/square.jpeg,n/a_fresh_row
known_holdout,Paraponera clavata,paraponera-clavata,67986,63621,9e83bd15-0a46-4993-bff4-2a3a8a087783,97734,https://inaturalist-open-data.s3.amazonaws.com/photos/97734/large.JPG,cc-by-nc-sa,"(c) 114657621531739755000, some rights reserved (CC BY-NC-SA)",86c28966b65084d426c9b78c092cdc8e16b3e9593f8c4b576f5e0d7fbde44df7,69704,512,384,inat_api_gate_v2_readiness,n/a_fresh_row,n/a_fresh_row,n/a_fresh_row,n/a_fresh_row,n/a_fresh_row,n/a_fresh_row,67986,Paraponera clavata,species,network,https://inaturalist-open-data.s3.amazonaws.com/photos/97734/square.JPG,n/a_fresh_row
known_holdout,Paraponera clavata,paraponera-clavata,67986,2475586,b688ce22-d913-4a1c-82fb-2df9e3f85363,2771838,https://inaturalist-open-data.s3.amazonaws.com/photos/2771838/large.jpg,cc-by,"(c) Gordon C. Snelling, some rights reserved (CC BY)",ee2f003144e236af52e3fd189af38a8c6bf2350a53d0df80a3fd116e33aa525b,126232,1024,768,inat_api_gate_v2_readiness,n/a_fresh_row,n/a_fresh_row,n/a_fresh_row,n/a_fresh_row,n/a_fresh_row,n/a_fresh_row,67986,Paraponera clavata,species,network,https://inaturalist-open-data.s3.amazonaws.com/photos/2771838/square.jpg,n/a_fresh_row
known_holdout,Paraponera clavata,paraponera-clavata,67986,3883751,2dcb4cd3-fc62-4241-aa67-f215917766dd,4557442,https://inaturalist-open-data.s3.amazonaws.com/photos/4557442/large.jpg,cc-by-nc,"(c) Jaico Caballero, some rights reserved (CC BY-NC)",24097fbeeac888d977be908b94ebf82a2c695442bb841fed4ae699d602ce88c3,839280,768,1024,inat_api_gate_v2_readiness,n/a_fresh_row,n/a_fresh_row,n/a_fresh_row,n/a_fresh_row,n/a_fresh_row,n/a_fresh_row,67986,Paraponera clavata,species,network,https://inaturalist-open-data.s3.amazonaws.com/photos/4557442/square.jpg,n/a_fresh_row
known_holdout,Paraponera clavata,paraponera-clavata,67986,2740317,33867046-fd78-4cdb-92f7-f61fd83d90ca,3094209,https://inaturalist-open-data.s3.amazonaws.com/photos/3094209/large.jpg,cc-by-nc,"(c) Andy Jones, some rights reserved (CC BY-NC)",c5818edd0b2ba1672e2467abe81271bbd94b9616927ac745b658a32014f11c64,991623,768,1024,inat_api_gate_v2_readiness,n/a_fresh_row,n/a_fresh_row,n/a_fresh_row,n/a_fresh_row,n/a_fresh_row,n/a_fresh_row,67986,Paraponera clavata,species,network,https://inaturalist-open-data.s3.amazonaws.com/photos/3094209/square.jpg,n/a_fresh_row
known_holdout,Paraponera clavata,paraponera-clavata,67986,1351503,0c6f884b-c496-4ada-ac04-1c7f5485af8c,1672186,https://inaturalist-open-data.s3.amazonaws.com/photos/1672186/large.JPG,cc-by-nc,"(c) Carmelo López Abad, some rights reserved (CC BY-NC)",445a08f49c8f8340cb3be014d1b2cb030a2eba066e5bb9876d993b6988e4a51f,369653,800,790,inat_api_gate_v2_readiness,n/a_fresh_row,n/a_fresh_row,n/a_fresh_row,n/a_fresh_row,n/a_fresh_row,n/a_fresh_row,67986,Paraponera clavata,species,network,https://inaturalist-open-data.s3.amazonaws.com/photos/1672186/square.JPG,n/a_fresh_row
known_holdout,Paraponera clavata,paraponera-clavata,67986,2659298,68d73b5b-8920-4f6b-a836-80a8f152898d,2989282,https://inaturalist-open-data.s3.amazonaws.com/photos/2989282/large.JPG,cc-by-nc,"(c) Carmelo López Abad, some rights reserved (CC BY-NC)",2c280ca12c124ca091e220b4daf905ba867a9da909794e86b21ae0bfcb3a8d8b,106712,1024,764,inat_api_gate_v2_readiness,n/a_fresh_row,n/a_fresh_row,n/a_fresh_row,n/a_fresh_row,n/a_fresh_row,n/a_fresh_row,67986,Paraponera clavata,species,network,https://inaturalist-open-data.s3.amazonaws.com/photos/2989282/square.JPG,n/a_fresh_row
known_holdout,Paratrechina longicornis,paratrechina-longicornis,69388,888283,ac665341-1fff-4654-9035-36d482b859c2,1128272,https://inaturalist-open-data.s3.amazonaws.com/photos/1128272/large.jpg,cc-by-nc,"(c) aaronhernandez, some rights reserved (CC BY-NC)",3391899df6b619fc8d30c00b5d71943803e1a72c23978848ec03b584f29999e7,757861,768,1024,inat_api_gate_v2_readiness,n/a_fresh_row,n/a_fresh_row,n/a_fresh_row,n/a_fresh_row,n/a_fresh_row,n/a_fresh_row,69388,Paratrechina longicornis,species,network,https://inaturalist-open-data.s3.amazonaws.com/photos/1128272/square.jpg,n/a_fresh_row
known_holdout,Paratrechina longicornis,paratrechina-longicornis,69388,1522226,a1aa7eb0-be88-4bc8-95a0-b227061ac1c1,1886230,https://inaturalist-open-data.s3.amazonaws.com/photos/1886230/large.png,cc-by-nc,"(c) Esther, some rights reserved (CC BY-NC)",409da7ef7e7a9850c6269e9331dc57e341a6d936886030aa3476bc001df66a10,542938,822,561,inat_api_gate_v2_readiness,n/a_fresh_row,n/a_fresh_row,n/a_fresh_row,n/a_fresh_row,n/a_fresh_row,n/a_fresh_row,69388,Paratrechina longicornis,species,network,https://inaturalist-open-data.s3.amazonaws.com/photos/1886230/square.png,n/a_fresh_row
known_holdout,Paratrechina longicornis,paratrechina-longicornis,69388,916454,9e2887b8-7e95-4654-99be-dbd59e7e8b19,1169777,https://inaturalist-open-data.s3.amazonaws.com/photos/1169777/large.JPG,cc-by-nc,"(c) edgaravilaa01338409, some rights reserved (CC BY-NC)",12598c5f8671835ea5321b9019b3157875010893f969050680c32e9b820db524,157268,1024,576,inat_api_gate_v2_readiness,n/a_fresh_row,n/a_fresh_row,n/a_fresh_row,n/a_fresh_row,n/a_fresh_row,n/a_fresh_row,69388,Paratrechina longicornis,species,network,https://inaturalist-open-data.s3.amazonaws.com/photos/1169777/square.JPG,n/a_fresh_row
known_holdout,Paratrechina longicornis,paratrechina-longicornis,69388,1899175,55e82df7-5949-4477-adbd-6e1c5b609086,2317190,https://inaturalist-open-data.s3.amazonaws.com/photos/2317190/large.jpg,cc-by-nc,"(c) Benjamin K Maples, some rights reserved (CC BY-NC)",4317ce82e896efb4e34ae9cca40bbe3a6bc14cd29c573786bc733d64142f6594,306851,1024,761,inat_api_gate_v2_readiness,n/a_fresh_row,n/a_fresh_row,n/a_fresh_row,n/a_fresh_row,n/a_fresh_row,n/a_fresh_row,69388,Paratrechina longicornis,species,network,https://inaturalist-open-data.s3.amazonaws.com/photos/2317190/square.jpg,n/a_fresh_row
known_holdout,Paratrechina longicornis,paratrechina-longicornis,69388,139143,a383776f-860c-4a6e-9627-15e1e41a8f9d,192977,https://inaturalist-open-data.s3.amazonaws.com/photos/192977/large.jpg,cc-by-nc,"(c) Cullen Hanks, some rights reserved (CC BY-NC)",69af10b2bb5712aeabfe5bc55f2569be8a4a07c949401a89e9a10bf095156545,299587,1024,683,inat_api_gate_v2_readiness,n/a_fresh_row,n/a_fresh_row,n/a_fresh_row,n/a_fresh_row,n/a_fresh_row,n/a_fresh_row,69388,Paratrechina longicornis,species,network,https://inaturalist-open-data.s3.amazonaws.com/photos/192977/square.jpg,n/a_fresh_row
known_holdout,Paratrechina longicornis,paratrechina-longicornis,69388,1051803,ce8b8655-afb2-443d-81eb-29ce1dbfc6bb,1320901,https://inaturalist-open-data.s3.amazonaws.com/photos/1320901/large.jpg,cc-by-nc,"(c) Diana Mirella Pabón Figueroa, some rights reserved (CC BY-NC)",8ec5c04ce5472b030286ac66372f2a0c64314f2519b8d2c8e5ee372ac82b2de2,284710,425,568,inat_api_gate_v2_readiness,n/a_fresh_row,n/a_fresh_row,n/a_fresh_row,n/a_fresh_row,n/a_fresh_row,n/a_fresh_row,69388,Paratrechina longicornis,species,network,https://inaturalist-open-data.s3.amazonaws.com/photos/1320901/square.jpg,n/a_fresh_row
known_holdout,Paratrechina longicornis,paratrechina-longicornis,69388,2793257,f6e7e6af-8cf9-427e-8833-848e57bd8cf8,3170184,https://inaturalist-open-data.s3.amazonaws.com/photos/3170184/large.JPG,cc-by,"(c) Francisco Farriols Sarabia, some rights reserved (CC BY)",f54591d8f2a123448c7d9f9fc867c23c0d135b09ad33bd29822be4edf227fed0,79917,462,352,inat_api_gate_v2_readiness,n/a_fresh_row,n/a_fresh_row,n/a_fresh_row,n/a_fresh_row,n/a_fresh_row,n/a_fresh_row,69388,Paratrechina longicornis,species,network,https://inaturalist-open-data.s3.amazonaws.com/photos/3170184/square.JPG,n/a_fresh_row
known_holdout,Paratrechina longicornis,paratrechina-longicornis,69388,1415931,9a68f76f-0c0c-4f73-a646-4fcfbf760ccb,1751847,https://inaturalist-open-data.s3.amazonaws.com/photos/1751847/large.PNG,cc-by-nc,"(c) laurenrivera, some rights reserved (CC BY-NC)",c5862659d06cc565c188ce3d05d964ad5762fdb4e96babdb15a45b6a4f626d40,971564,575,1024,inat_api_gate_v2_readiness,n/a_fresh_row,n/a_fresh_row,n/a_fresh_row,n/a_fresh_row,n/a_fresh_row,n/a_fresh_row,69388,Paratrechina longicornis,species,network,https://inaturalist-open-data.s3.amazonaws.com/photos/1751847/square.PNG,n/a_fresh_row
known_holdout,Paratrechina longicornis,paratrechina-longicornis,69388,486813,394b7e29-2d41-4612-9e5d-a0a24d2c3c18,615361,https://inaturalist-open-data.s3.amazonaws.com/photos/615361/large.JPG,cc-by-sa,"(c) Juan Cruzado Cortés, some rights reserved (CC BY-SA)",c42fa579b051dc28cd1edf1e579212e3f3258b0c309ecea454e434a550bbc259,105579,1024,643,inat_api_gate_v2_readiness,n/a_fresh_row,n/a_fresh_row,n/a_fresh_row,n/a_fresh_row,n/a_fresh_row,n/a_fresh_row,69388,Paratrechina longicornis,species,network,https://inaturalist-open-data.s3.amazonaws.com/photos/615361/square.JPG,n/a_fresh_row
known_holdout,Paratrechina longicornis,paratrechina-longicornis,69388,1072850,735538ea-1993-4065-b6f3-07d40468a705,1344950,https://inaturalist-open-data.s3.amazonaws.com/photos/1344950/large.jpg,cc-by-nc,"(c) danielavina, some rights reserved (CC BY-NC)",81fcbec144b10a064ae6f5a9abc02d9686e262fd71eb1859efc42030d3e2befe,190414,578,1024,inat_api_gate_v2_readiness,n/a_fresh_row,n/a_fresh_row,n/a_fresh_row,n/a_fresh_row,n/a_fresh_row,n/a_fresh_row,69388,Paratrechina longicornis,species,network,https://inaturalist-open-data.s3.amazonaws.com/photos/1344950/square.jpg,n/a_fresh_row
known_holdout,Pheidole pallidula,pheidole-pallidula,343179,2976496,8fd64f2b-0b31-4920-9a83-1fe440dd0a94,3420864,https://inaturalist-open-data.s3.amazonaws.com/photos/3420864/large.jpeg,cc-by,"(c) Mattia Menchetti, some rights reserved (CC BY)",a315b3c4adf78b911ca37744edffdd816b979cd1bf52cc945f9a566867f27f58,685894,768,1024,inat_api_gate_v2_readiness,n/a_fresh_row,n/a_fresh_row,n/a_fresh_row,n/a_fresh_row,n/a_fresh_row,n/a_fresh_row,343179,Pheidole pallidula,species,network,https://inaturalist-open-data.s3.amazonaws.com/photos/3420864/square.jpeg,n/a_fresh_row
known_holdout,Pheidole pallidula,pheidole-pallidula,343179,5594006,f3b87b32-45b3-421f-9d78-1c04bd423de0,6909450,https://inaturalist-open-data.s3.amazonaws.com/photos/6909450/large.jpeg,cc-by-sa,"(c) Fabien Piednoir, some rights reserved (CC BY-SA)",3cf8f4ec2ca34faec57b657b395dca8eb2cf92a546021b8e06b1b652d9b69cf8,608380,1024,683,inat_api_gate_v2_readiness,n/a_fresh_row,n/a_fresh_row,n/a_fresh_row,n/a_fresh_row,n/a_fresh_row,n/a_fresh_row,343179,Pheidole pallidula,species,network,https://inaturalist-open-data.s3.amazonaws.com/photos/6909450/square.jpeg,n/a_fresh_row
known_holdout,Pheidole pallidula,pheidole-pallidula,343179,3125477,fce92404-b022-469c-99de-36b01c80ab18,3615117,https://inaturalist-open-data.s3.amazonaws.com/photos/3615117/large.jpg,cc-by-nc,"(c) sofia-b, some rights reserved (CC BY-NC)",0f397dd529f0d881064b1d457385ee03aaa2ce9430bbeb9af8f1aa4f46ee2326,1271473,768,1024,inat_api_gate_v2_readiness,n/a_fresh_row,n/a_fresh_row,n/a_fresh_row,n/a_fresh_row,n/a_fresh_row,n/a_fresh_row,343179,Pheidole pallidula,species,network,https://inaturalist-open-data.s3.amazonaws.com/photos/3615117/square.jpg,n/a_fresh_row
known_holdout,Pheidole pallidula,pheidole-pallidula,343179,6110417,576ebb4d-0b91-4711-bb50-9773fb723f1a,7646475,https://inaturalist-open-data.s3.amazonaws.com/photos/7646475/large.jpeg,cc-by,"(c) Mattia Menchetti, some rights reserved (CC BY)",b8f13551c83cae0a53903a6a65c523f5b2bca7228bc72c808fc254d22d0d9eec,651190,768,1024,inat_api_gate_v2_readiness,n/a_fresh_row,n/a_fresh_row,n/a_fresh_row,n/a_fresh_row,n/a_fresh_row,n/a_fresh_row,343179,Pheidole pallidula,species,network,https://inaturalist-open-data.s3.amazonaws.com/photos/7646475/square.jpeg,n/a_fresh_row
known_holdout,Pheidole pallidula,pheidole-pallidula,343179,536836,6db8972a-e3bb-4311-be39-5f60f373c109,682728,https://inaturalist-open-data.s3.amazonaws.com/photos/682728/large.jpg,cc-by,"(c) Mattia Menchetti, some rights reserved (CC BY)",13ffac9241d525e91a1e46b65c79222db92c0ed251a8c324b769dbc1e3fd63c0,209015,768,1024,inat_api_gate_v2_readiness,n/a_fresh_row,n/a_fresh_row,n/a_fresh_row,n/a_fresh_row,n/a_fresh_row,n/a_fresh_row,343179,Pheidole pallidula,species,network,https://inaturalist-open-data.s3.amazonaws.com/photos/682728/square.jpg,n/a_fresh_row
known_holdout,Pheidole pallidula,pheidole-pallidula,343179,3437539,dd20419c-9a6f-42ef-803d-c2c15f1e65e1,3983834,https://inaturalist-open-data.s3.amazonaws.com/photos/3983834/large.JPG,cc-by-nc,"(c) Dino Biancolini, some rights reserved (CC BY-NC)",a59e3197ffa721a66213f706d612d84b34c2bdf17b26f987469817b3a2472dae,269173,875,886,inat_api_gate_v2_readiness,n/a_fresh_row,n/a_fresh_row,n/a_fresh_row,n/a_fresh_row,n/a_fresh_row,n/a_fresh_row,343179,Pheidole pallidula,species,network,https://inaturalist-open-data.s3.amazonaws.com/photos/3983834/square.JPG,n/a_fresh_row
known_holdout,Pheidole pallidula,pheidole-pallidula,343179,6527322,32044094-a657-4f8d-9c55-24ef4b69b0e0,8269687,https://inaturalist-open-data.s3.amazonaws.com/photos/8269687/large.jpg,cc-by-nc,"(c) Davide, some rights reserved (CC BY-NC)",78b6bd374027b88d383c177b0d1cd47c6d7deca2544100d81b4e3537496afd15,373448,993,783,inat_api_gate_v2_readiness,n/a_fresh_row,n/a_fresh_row,n/a_fresh_row,n/a_fresh_row,n/a_fresh_row,n/a_fresh_row,343179,Pheidole pallidula,species,network,https://inaturalist-open-data.s3.amazonaws.com/photos/8269687/square.jpg,n/a_fresh_row
known_holdout,Pheidole pallidula,pheidole-pallidula,343179,5509100,58f925de-c983-4c1f-b864-660ec2939840,6818274,https://inaturalist-open-data.s3.amazonaws.com/photos/6818274/large.jpg,cc-by,"(c) Mattia Menchetti, some rights reserved (CC BY)",f5a734f474f24a9fe298522f8b5999bb24e992efd07caaeb02871624af1d8b23,171796,1023,1024,inat_api_gate_v2_readiness,n/a_fresh_row,n/a_fresh_row,n/a_fresh_row,n/a_fresh_row,n/a_fresh_row,n/a_fresh_row,343179,Pheidole pallidula,species,network,https://inaturalist-open-data.s3.amazonaws.com/photos/6818274/square.jpg,n/a_fresh_row
known_holdout,Pheidole pallidula,pheidole-pallidula,343179,2707875,fb82fcd0-713d-4a2e-b629-47726c1fedf0,3050714,https://inaturalist-open-data.s3.amazonaws.com/photos/3050714/large.JPG,cc-by,"(c) Julien Renoult, some rights reserved (CC BY)",b25eafe14ffd738cd244a1014f80b91fa7cddd7551a8b4a148e65886ec94070f,707460,1024,683,inat_api_gate_v2_readiness,n/a_fresh_row,n/a_fresh_row,n/a_fresh_row,n/a_fresh_row,n/a_fresh_row,n/a_fresh_row,343179,Pheidole pallidula,species,network,https://inaturalist-open-data.s3.amazonaws.com/photos/3050714/square.JPG,n/a_fresh_row
known_holdout,Pheidole pallidula,pheidole-pallidula,343179,3807037,ebf16ec3-ab6c-4527-8021-05611bfb6e1a,4448457,https://inaturalist-open-data.s3.amazonaws.com/photos/4448457/large.jpg,cc-by-nc,"(c) Davide, some rights reserved (CC BY-NC)",10cf94660f37f209575823e3d379d682d436bdefbfe601369d2908439d83b09e,644774,935,956,inat_api_gate_v2_readiness,n/a_fresh_row,n/a_fresh_row,n/a_fresh_row,n/a_fresh_row,n/a_fresh_row,n/a_fresh_row,343179,Pheidole pallidula,species,network,https://inaturalist-open-data.s3.amazonaws.com/photos/4448457/square.jpg,n/a_fresh_row
known_holdout,Pogonomyrmex barbatus,pogonomyrmex-barbatus,194690,459044,ef0827d0-3851-4c8c-9189-e975051ae31d,578681,https://inaturalist-open-data.s3.amazonaws.com/photos/578681/large.jpg,cc-by,"(c) Sam Kieschnick, some rights reserved (CC BY)",b8d372c5c24f82e8ef9a2384e5f1571582357c5d0c71f6555be636cc8be760a7,305258,358,480,inat_api_gate_v2_readiness,n/a_fresh_row,n/a_fresh_row,n/a_fresh_row,n/a_fresh_row,n/a_fresh_row,n/a_fresh_row,194690,Pogonomyrmex barbatus,species,network,https://inaturalist-open-data.s3.amazonaws.com/photos/578681/square.jpg,n/a_fresh_row
known_holdout,Pogonomyrmex barbatus,pogonomyrmex-barbatus,194690,666027,6a1059fd-eed2-4286-bf16-63c77ab40b1c,839246,https://inaturalist-open-data.s3.amazonaws.com/photos/839246/large.JPG,cc-by,"(c) 116916927065934112165, some rights reserved (CC BY)",14fc17fed6bac6268d81714f547dfd7066e9602abb5d96d8a33d01d80172b759,93035,512,385,inat_api_gate_v2_readiness,n/a_fresh_row,n/a_fresh_row,n/a_fresh_row,n/a_fresh_row,n/a_fresh_row,n/a_fresh_row,194690,Pogonomyrmex barbatus,species,network,https://inaturalist-open-data.s3.amazonaws.com/photos/839246/square.JPG,n/a_fresh_row
known_holdout,Pogonomyrmex barbatus,pogonomyrmex-barbatus,194690,459159,c944bcc5-8e98-425e-a39c-9c460d3571f5,578845,https://inaturalist-open-data.s3.amazonaws.com/photos/578845/large.JPG,cc-by-nc,"(c) Elizabeth Torres Bahena, some rights reserved (CC BY-NC)",7e874a2350a08e157b2b689e93512844279ff6aa76376f00ecdc67f5b9a95aff,424389,1024,768,inat_api_gate_v2_readiness,n/a_fresh_row,n/a_fresh_row,n/a_fresh_row,n/a_fresh_row,n/a_fresh_row,n/a_fresh_row,194690,Pogonomyrmex barbatus,species,network,https://inaturalist-open-data.s3.amazonaws.com/photos/578845/square.JPG,n/a_fresh_row
known_holdout,Pogonomyrmex barbatus,pogonomyrmex-barbatus,194690,769036,f43a8e88-96f5-4426-80be-973b4bbb94e0,966168,https://inaturalist-open-data.s3.amazonaws.com/photos/966168/large.jpg,cc-by-nc,"(c) Elizabeth Rosenauer, some rights reserved (CC BY-NC)",ee9bbf1b148fd94532bba72222a865d8cc845328482f52009a8d5730a8d41fcf,283338,576,1024,inat_api_gate_v2_readiness,n/a_fresh_row,n/a_fresh_row,n/a_fresh_row,n/a_fresh_row,n/a_fresh_row,n/a_fresh_row,194690,Pogonomyrmex barbatus,species,network,https://inaturalist-open-data.s3.amazonaws.com/photos/966168/square.jpg,n/a_fresh_row
known_holdout,Pogonomyrmex barbatus,pogonomyrmex-barbatus,194690,404308,b068f698-8a84-4545-a66c-d5464108c5da,506028,https://inaturalist-open-data.s3.amazonaws.com/photos/506028/large.jpg,cc-by-nc,"(c) Shelia Hargis, some rights reserved (CC BY-NC)",26485118353692cbc11424a5d6ffb22b1a0ad40c743dd1988be538a8028e10a0,280447,1024,768,inat_api_gate_v2_readiness,n/a_fresh_row,n/a_fresh_row,n/a_fresh_row,n/a_fresh_row,n/a_fresh_row,n/a_fresh_row,194690,Pogonomyrmex barbatus,species,network,https://inaturalist-open-data.s3.amazonaws.com/photos/506028/square.jpg,n/a_fresh_row
known_holdout,Pogonomyrmex barbatus,pogonomyrmex-barbatus,194690,490734,4d452efa-adf0-4ddf-93ec-21b30cababa6,621017,https://inaturalist-open-data.s3.amazonaws.com/photos/621017/large.JPG,cc-by-nc,"(c) Carlos Galindo-Leal, some rights reserved (CC BY-NC)",8139d8b6b06212ce63f331c987dd81c9d6e8c1b7596ccb633f4e8e1b3c5e8c46,409861,1024,768,inat_api_gate_v2_readiness,n/a_fresh_row,n/a_fresh_row,n/a_fresh_row,n/a_fresh_row,n/a_fresh_row,n/a_fresh_row,194690,Pogonomyrmex barbatus,species,network,https://inaturalist-open-data.s3.amazonaws.com/photos/621017/square.JPG,n/a_fresh_row
known_holdout,Pogonomyrmex barbatus,pogonomyrmex-barbatus,194690,904555,8e732ebe-79d8-4edf-9b9c-5e9ce2c5f09e,1152783,https://inaturalist-open-data.s3.amazonaws.com/photos/1152783/large.jpg,cc-by-nc,"(c) Cullen Hanks, some rights reserved (CC BY-NC)",5629678b6470d5e0ba831423a6c3b5753a3da3a4136b1365a0e5b363ecc5c394,719467,1024,957,inat_api_gate_v2_readiness,n/a_fresh_row,n/a_fresh_row,n/a_fresh_row,n/a_fresh_row,n/a_fresh_row,n/a_fresh_row,194690,Pogonomyrmex barbatus,species,network,https://inaturalist-open-data.s3.amazonaws.com/photos/1152783/square.jpg,n/a_fresh_row
known_holdout,Pogonomyrmex barbatus,pogonomyrmex-barbatus,194690,642171,8e6e8f7c-1beb-4743-bb31-70c10ba30e4a,809394,https://inaturalist-open-data.s3.amazonaws.com/photos/809394/large.JPG,cc-by-nc,"(c) Joseph Byrne, some rights reserved (CC BY-NC)",61099c8d77fcf7472f91861ed8c50aa799fb822ebab2e15fa3a3b5893fd41e64,619828,1024,769,inat_api_gate_v2_readiness,n/a_fresh_row,n/a_fresh_row,n/a_fresh_row,n/a_fresh_row,n/a_fresh_row,n/a_fresh_row,194690,Pogonomyrmex barbatus,species,network,https://inaturalist-open-data.s3.amazonaws.com/photos/809394/square.JPG,n/a_fresh_row
known_holdout,Pogonomyrmex barbatus,pogonomyrmex-barbatus,194690,427820,d4e2bae9-41a7-4de7-9241-b1b1b556d70a,538798,https://inaturalist-open-data.s3.amazonaws.com/photos/538798/large.jpg,cc-by,"(c) Sam Kieschnick, some rights reserved (CC BY)",122a7caf81147dcaffe9d313ec2212b26b734cb497240209317c418cc2e42fcc,254590,358,480,inat_api_gate_v2_readiness,n/a_fresh_row,n/a_fresh_row,n/a_fresh_row,n/a_fresh_row,n/a_fresh_row,n/a_fresh_row,194690,Pogonomyrmex barbatus,species,network,https://inaturalist-open-data.s3.amazonaws.com/photos/538798/square.jpg,n/a_fresh_row
known_holdout,Pogonomyrmex barbatus,pogonomyrmex-barbatus,194690,499958,263a1acb-8aaf-455b-947a-7086fc0ef2c9,636037,https://inaturalist-open-data.s3.amazonaws.com/photos/636037/large.jpg,cc-by-nc,"(c) Cullen Hanks, some rights reserved (CC BY-NC)",feab8a56e0a7582dbddb98f41dac36600ec671ad480670fef2280f7dde4d30a5,1084441,1024,733,inat_api_gate_v2_readiness,n/a_fresh_row,n/a_fresh_row,n/a_fresh_row,n/a_fresh_row,n/a_fresh_row,n/a_fresh_row,194690,Pogonomyrmex barbatus,species,network,https://inaturalist-open-data.s3.amazonaws.com/photos/636037/square.jpg,n/a_fresh_row
known_holdout,Pogonomyrmex rugosus,pogonomyrmex-rugosus,69517,646862,da89b1e5-b9e2-46ef-ad08-7d0ad5a44c58,815279,https://inaturalist-open-data.s3.amazonaws.com/photos/815279/large.PNG,cc-by-nc,"(c) Jeanette Vong, some rights reserved (CC BY-NC)",22b6f1cb0cb6946cc537d0f77cd7df6c5b9e6bc55d02eebc194bc7f74b078581,1320097,577,1024,inat_api_gate_v2_readiness,n/a_fresh_row,n/a_fresh_row,n/a_fresh_row,n/a_fresh_row,n/a_fresh_row,n/a_fresh_row,69517,Pogonomyrmex rugosus,species,network,https://inaturalist-open-data.s3.amazonaws.com/photos/815279/square.PNG,n/a_fresh_row
known_holdout,Pogonomyrmex rugosus,pogonomyrmex-rugosus,69517,1288570,39e7fa5d-3e9b-4775-952f-f960ff225b8b,1616211,https://inaturalist-open-data.s3.amazonaws.com/photos/1616211/large.jpg,cc-by-nc,"(c) Museum of Riverside, some rights reserved (CC BY-NC)",3047b90d42b64956461d394e189b9427eb0ad4cba71f59c85dd0da8ebc972c4f,224587,640,640,inat_api_gate_v2_readiness,n/a_fresh_row,n/a_fresh_row,n/a_fresh_row,n/a_fresh_row,n/a_fresh_row,n/a_fresh_row,69517,Pogonomyrmex rugosus,species,network,https://inaturalist-open-data.s3.amazonaws.com/photos/1616211/square.jpg,n/a_fresh_row
known_holdout,Pogonomyrmex rugosus,pogonomyrmex-rugosus,69517,886890,08b56589-4ea6-48c3-9072-cc301b1f41c7,1126151,https://inaturalist-open-data.s3.amazonaws.com/photos/1126151/large.jpg,cc0,no rights reserved,0ff0a9802e35e0234f2fe74d626a7232e58cb995015a05ec7cd0827b3d48fd36,31585,736,498,inat_api_gate_v2_readiness,n/a_fresh_row,n/a_fresh_row,n/a_fresh_row,n/a_fresh_row,n/a_fresh_row,n/a_fresh_row,69517,Pogonomyrmex rugosus,species,network,https://inaturalist-open-data.s3.amazonaws.com/photos/1126151/square.jpg,n/a_fresh_row
known_holdout,Pogonomyrmex rugosus,pogonomyrmex-rugosus,69517,1431977,29773932-4478-4038-8822-521fd9a2d2b0,1772234,https://inaturalist-open-data.s3.amazonaws.com/photos/1772234/large.png,cc-by-nc,"(c) Mayra Melendez, some rights reserved (CC BY-NC)",ccb932b169657f975001968397a268ee726aa38abc2b1f19391aa50b68b7ff83,1277720,575,1024,inat_api_gate_v2_readiness,n/a_fresh_row,n/a_fresh_row,n/a_fresh_row,n/a_fresh_row,n/a_fresh_row,n/a_fresh_row,69517,Pogonomyrmex rugosus,species,network,https://inaturalist-open-data.s3.amazonaws.com/photos/1772234/square.png,n/a_fresh_row
known_holdout,Pogonomyrmex rugosus,pogonomyrmex-rugosus,69517,284260,37d536a2-e151-4ea3-bbce-ae41bc0e286d,351740,https://inaturalist-open-data.s3.amazonaws.com/photos/351740/large.JPG,cc-by-sa,"(c) Juan Cruzado Cortés, some rights reserved (CC BY-SA)",d3695cfbaf22b8b180a8a91448486bd9f8e4c8adb40be2a43c5748cdc1d862a1,114265,480,640,inat_api_gate_v2_readiness,n/a_fresh_row,n/a_fresh_row,n/a_fresh_row,n/a_fresh_row,n/a_fresh_row,n/a_fresh_row,69517,Pogonomyrmex rugosus,species,network,https://inaturalist-open-data.s3.amazonaws.com/photos/351740/square.JPG,n/a_fresh_row
known_holdout,Pogonomyrmex rugosus,pogonomyrmex-rugosus,69517,887303,526007fb-ffd7-4a91-8650-2e6926532d21,1126716,https://inaturalist-open-data.s3.amazonaws.com/photos/1126716/large.jpg,cc0,no rights reserved,5b74c0ad71ea3761e33a6b5e31848e104b7eeaf626b0c8bbaa1184c4d3e54adb,26001,555,506,inat_api_gate_v2_readiness,n/a_fresh_row,n/a_fresh_row,n/a_fresh_row,n/a_fresh_row,n/a_fresh_row,n/a_fresh_row,69517,Pogonomyrmex rugosus,species,network,https://inaturalist-open-data.s3.amazonaws.com/photos/1126716/square.jpg,n/a_fresh_row
known_holdout,Pogonomyrmex rugosus,pogonomyrmex-rugosus,69517,1518860,331d115f-e1b5-4f12-8cad-229414f57810,1881615,https://inaturalist-open-data.s3.amazonaws.com/photos/1881615/large.jpg,cc-by-nc,"(c) Chuck Sexton, some rights reserved (CC BY-NC)",2d66eabacfb2b3479f0220cc84b93e5c39d726e3b7fc9768b1426e2367481604,435790,679,679,inat_api_gate_v2_readiness,n/a_fresh_row,n/a_fresh_row,n/a_fresh_row,n/a_fresh_row,n/a_fresh_row,n/a_fresh_row,69517,Pogonomyrmex rugosus,species,network,https://inaturalist-open-data.s3.amazonaws.com/photos/1881615/square.jpg,n/a_fresh_row
known_holdout,Pogonomyrmex rugosus,pogonomyrmex-rugosus,69517,1102686,f83387f3-bd81-45f9-abdc-a05f28e73632,1386167,https://inaturalist-open-data.s3.amazonaws.com/photos/1386167/large.JPG,cc-by,"(c) Sam Kieschnick, some rights reserved (CC BY)",8bbd3bd0d882b146ae9980ddd3b396345281536f8262f0bbce1dbf4011dfd59f,265502,1024,768,inat_api_gate_v2_readiness,n/a_fresh_row,n/a_fresh_row,n/a_fresh_row,n/a_fresh_row,n/a_fresh_row,n/a_fresh_row,69517,Pogonomyrmex rugosus,species,network,https://inaturalist-open-data.s3.amazonaws.com/photos/1386167/square.JPG,n/a_fresh_row
known_holdout,Pogonomyrmex rugosus,pogonomyrmex-rugosus,69517,386498,a72f5ba1-b57c-498a-8365-3cb4022a882c,483401,https://inaturalist-open-data.s3.amazonaws.com/photos/483401/large.jpg,cc-by-nc,"(c) Wanda Olszewski, some rights reserved (CC BY-NC)",70de21b92e1a9d6d5c87a79827792c75b299ed7c3a35ab787f331479ec10c952,236009,787,768,inat_api_gate_v2_readiness,n/a_fresh_row,n/a_fresh_row,n/a_fresh_row,n/a_fresh_row,n/a_fresh_row,n/a_fresh_row,69517,Pogonomyrmex rugosus,species,network,https://inaturalist-open-data.s3.amazonaws.com/photos/483401/square.jpg,n/a_fresh_row
known_holdout,Pogonomyrmex rugosus,pogonomyrmex-rugosus,69517,1018151,ebcea1c2-492d-4740-b8cf-4c40fbcae24e,1179094,https://inaturalist-open-data.s3.amazonaws.com/photos/1179094/large.JPG,cc-by-nc,"(c) lonnyholmes, some rights reserved (CC BY-NC)",91f63befa0263ee3be03d5c585d12dfec1f37b99f1e271066dc6e19ea0c49290,704811,1024,932,inat_api_gate_v2_readiness,n/a_fresh_row,n/a_fresh_row,n/a_fresh_row,n/a_fresh_row,n/a_fresh_row,n/a_fresh_row,69517,Pogonomyrmex rugosus,species,network,https://inaturalist-open-data.s3.amazonaws.com/photos/1179094/square.JPG,n/a_fresh_row
known_holdout,Polyrhachis dives,polyrhachis-dives,424544,9331650,bf5c08dd-3c46-4f11-a3ba-f1422446084f,12658971,https://inaturalist-open-data.s3.amazonaws.com/photos/12658971/large.jpeg,cc-by-nc,"(c) pauleng, some rights reserved (CC BY-NC)",5148556944014d981f945b64947b96b6ee774a3a2c6c38ff4936eb9d80bd39f5,590107,576,1024,inat_api_gate_v2_readiness,n/a_fresh_row,n/a_fresh_row,n/a_fresh_row,n/a_fresh_row,n/a_fresh_row,n/a_fresh_row,424544,Polyrhachis dives,species,network,https://inaturalist-open-data.s3.amazonaws.com/photos/12658971/square.jpeg,n/a_fresh_row
known_holdout,Polyrhachis dives,polyrhachis-dives,424544,12854181,e7956d8a-3085-43ac-8ae1-e64a29350518,18654032,https://inaturalist-open-data.s3.amazonaws.com/photos/18654032/large.jpg,cc-by-nc,"(c) Carol Kwok, some rights reserved (CC BY-NC)",97c9c4dc3f5a4739769ed3fb912ccd358f40396fdac7132b7cce5adb761f24ed,38624,720,404,inat_api_gate_v2_readiness,n/a_fresh_row,n/a_fresh_row,n/a_fresh_row,n/a_fresh_row,n/a_fresh_row,n/a_fresh_row,424544,Polyrhachis dives,species,network,https://inaturalist-open-data.s3.amazonaws.com/photos/18654032/square.jpg,n/a_fresh_row
known_holdout,Polyrhachis dives,polyrhachis-dives,424544,9371022,b9ab7ba5-d49c-4070-bc5b-5a1933fe1cc6,12724804,https://inaturalist-open-data.s3.amazonaws.com/photos/12724804/large.jpg,cc-by,"(c) aubrey_moore, some rights reserved (CC BY)",73db9a4ec403919102f0a608e6bff394f8d222d2bf855d10365f7a51d8af5db4,68138,1024,649,inat_api_gate_v2_readiness,n/a_fresh_row,n/a_fresh_row,n/a_fresh_row,n/a_fresh_row,n/a_fresh_row,n/a_fresh_row,424544,Polyrhachis dives,species,network,https://inaturalist-open-data.s3.amazonaws.com/photos/12724804/square.jpg,n/a_fresh_row
known_holdout,Polyrhachis dives,polyrhachis-dives,424544,13858407,53dc1f2c-1c90-4dec-8962-697708194a15,20453133,https://inaturalist-open-data.s3.amazonaws.com/photos/20453133/large.jpg,cc-by,"(c) portioid, some rights reserved (CC BY)",ec1dddc08759324f464f37a85c7ce706ac6467e986ac7915b6a48b1f52ca5ba5,161560,1024,878,inat_api_gate_v2_readiness,n/a_fresh_row,n/a_fresh_row,n/a_fresh_row,n/a_fresh_row,n/a_fresh_row,n/a_fresh_row,424544,Polyrhachis dives,species,network,https://inaturalist-open-data.s3.amazonaws.com/photos/20453133/square.jpg,n/a_fresh_row
known_holdout,Polyrhachis dives,polyrhachis-dives,424544,1121799,5c1bfc8b-1cec-4fa1-bfd8-734a58f845b1,1409788,https://inaturalist-open-data.s3.amazonaws.com/photos/1409788/large.JPG,cc-by-nc,"(c) mkaggabao, some rights reserved (CC BY-NC)",0b1507ccadca62eb0fd5e4120244d7d605b259a9e93ef093d96f8d24ad586687,231440,1024,768,inat_api_gate_v2_readiness,n/a_fresh_row,n/a_fresh_row,n/a_fresh_row,n/a_fresh_row,n/a_fresh_row,n/a_fresh_row,424544,Polyrhachis dives,species,network,https://inaturalist-open-data.s3.amazonaws.com/photos/1409788/square.JPG,n/a_fresh_row
known_holdout,Polyrhachis dives,polyrhachis-dives,424544,9371023,593c1795-6009-4a55-9c4b-7e2f59717c51,12724805,https://inaturalist-open-data.s3.amazonaws.com/photos/12724805/large.jpg,cc-by,"(c) aubrey_moore, some rights reserved (CC BY)",8632bb28ff556ac25f7e5b7a7ce93d1c567d9196754a52357f976036f8d80988,124692,1024,770,inat_api_gate_v2_readiness,n/a_fresh_row,n/a_fresh_row,n/a_fresh_row,n/a_fresh_row,n/a_fresh_row,n/a_fresh_row,424544,Polyrhachis dives,species,network,https://inaturalist-open-data.s3.amazonaws.com/photos/12724805/square.jpg,n/a_fresh_row
known_holdout,Polyrhachis dives,polyrhachis-dives,424544,14636183,82d7964a-35bc-4c69-b92c-0370a8bc20ae,21826880,https://inaturalist-open-data.s3.amazonaws.com/photos/21826880/large.jpg,cc-by,"(c) portioid, some rights reserved (CC BY)",8ea04c6e284913a3e461ba8d7269da3b0887f409bd62068d2ed259e766e8dcb9,250683,1024,749,inat_api_gate_v2_readiness,n/a_fresh_row,n/a_fresh_row,n/a_fresh_row,n/a_fresh_row,n/a_fresh_row,n/a_fresh_row,424544,Polyrhachis dives,species,network,https://inaturalist-open-data.s3.amazonaws.com/photos/21826880/square.jpg,n/a_fresh_row
known_holdout,Polyrhachis dives,polyrhachis-dives,424544,11596092,d42dd03a-864e-45a4-9dcf-3edfbe92588e,16564976,https://inaturalist-open-data.s3.amazonaws.com/photos/16564976/large.jpg,cc-by-nc,"(c) Tony Tang, some rights reserved (CC BY-NC)",a4204000f14dd51ae0441fd5d4379e3119cbcef71d9cea27d1fc152d979117ba,223459,1024,683,inat_api_gate_v2_readiness,n/a_fresh_row,n/a_fresh_row,n/a_fresh_row,n/a_fresh_row,n/a_fresh_row,n/a_fresh_row,424544,Polyrhachis dives,species,network,https://inaturalist-open-data.s3.amazonaws.com/photos/16564976/square.jpg,n/a_fresh_row
known_holdout,Polyrhachis dives,polyrhachis-dives,424544,8758911,053c30b8-ebaa-4676-812d-c21c611ca83f,11762181,https://inaturalist-open-data.s3.amazonaws.com/photos/11762181/large.jpeg,cc-by-nc,"(c) weise, some rights reserved (CC BY-NC)",0fc259a1efc7e73d004193f1855b7f7daaa282e46842eb890660ff1d1aa6b240,437294,576,1024,inat_api_gate_v2_readiness,n/a_fresh_row,n/a_fresh_row,n/a_fresh_row,n/a_fresh_row,n/a_fresh_row,n/a_fresh_row,424544,Polyrhachis dives,species,network,https://inaturalist-open-data.s3.amazonaws.com/photos/11762181/square.jpeg,n/a_fresh_row
known_holdout,Polyrhachis dives,polyrhachis-dives,424544,9387757,282d540f-0848-4fff-9b02-8908d9fbc383,12760602,https://inaturalist-open-data.s3.amazonaws.com/photos/12760602/large.jpg,cc-by-nc,"(c) Gabriel, some rights reserved (CC BY-NC)",794674d238a1258dc94475dca02fb07d15a92a2bf18c993e51ba966083a5907d,270311,768,1024,inat_api_gate_v2_readiness,n/a_fresh_row,n/a_fresh_row,n/a_fresh_row,n/a_fresh_row,n/a_fresh_row,n/a_fresh_row,424544,Polyrhachis dives,species,network,https://inaturalist-open-data.s3.amazonaws.com/photos/12760602/square.jpg,n/a_fresh_row
known_holdout,Polyrhachis schistacea,polyrhachis-schistacea,574721,10800258,a6844d94-fd43-48e3-ac9b-0576fb962d56,15118059,https://inaturalist-open-data.s3.amazonaws.com/photos/15118059/large.jpg,cc-by-nc,"(c) peterwebb, some rights reserved (CC BY-NC)",62b98391c859c0059a5f6bd26db97c22d55b61d5d68c74805a8a5c0e4d46381c,546232,1024,509,inat_api_gate_v2_readiness,n/a_fresh_row,n/a_fresh_row,n/a_fresh_row,n/a_fresh_row,n/a_fresh_row,n/a_fresh_row,574721,Polyrhachis schistacea,species,network,https://inaturalist-open-data.s3.amazonaws.com/photos/15118059/square.jpg,n/a_fresh_row
known_holdout,Polyrhachis schistacea,polyrhachis-schistacea,574721,10996400,87975e64-f59b-4f2c-a835-0de909040ee8,15492845,https://inaturalist-open-data.s3.amazonaws.com/photos/15492845/large.jpg,cc-by,"(c) Wynand Uys, some rights reserved (CC BY)",9020ab57d987addfee1bf0fa2b2bb0159eea6909fd2f7c1ac5480c4d3b080147,78988,983,705,inat_api_gate_v2_readiness,n/a_fresh_row,n/a_fresh_row,n/a_fresh_row,n/a_fresh_row,n/a_fresh_row,n/a_fresh_row,574721,Polyrhachis schistacea,species,network,https://inaturalist-open-data.s3.amazonaws.com/photos/15492845/square.jpg,n/a_fresh_row
known_holdout,Polyrhachis schistacea,polyrhachis-schistacea,574721,10816544,64e8ae1b-3124-4ba7-b579-f01522fe2cd4,15150370,https://inaturalist-open-data.s3.amazonaws.com/photos/15150370/large.jpg,cc-by-nc,"(c) Suvarna Parbhoo Mohan, some rights reserved (CC BY-NC)",bfaf537950f1cf6e9d46dcbfa7cbb6c35fe59b2c99a10409e4022edc1e612f95,153878,1024,768,inat_api_gate_v2_readiness,n/a_fresh_row,n/a_fresh_row,n/a_fresh_row,n/a_fresh_row,n/a_fresh_row,n/a_fresh_row,574721,Polyrhachis schistacea,species,network,https://inaturalist-open-data.s3.amazonaws.com/photos/15150370/square.jpg,n/a_fresh_row
known_holdout,Polyrhachis schistacea,polyrhachis-schistacea,574721,11064145,1c8c4d6d-4a14-4524-8e43-95ea14562632,15611265,https://inaturalist-open-data.s3.amazonaws.com/photos/15611265/large.jpg,cc-by-sa,"(c) Nicola van Berkel, some rights reserved (CC BY-SA)",230e9a073402f43f6a084ec2ee791fd3d98c9f8de4a7d5077c6a93a10699e714,105058,735,826,inat_api_gate_v2_readiness,n/a_fresh_row,n/a_fresh_row,n/a_fresh_row,n/a_fresh_row,n/a_fresh_row,n/a_fresh_row,574721,Polyrhachis schistacea,species,network,https://inaturalist-open-data.s3.amazonaws.com/photos/15611265/square.jpg,n/a_fresh_row
known_holdout,Polyrhachis schistacea,polyrhachis-schistacea,574721,1548596,fe3041ae-26dc-43d0-992a-fb25e4de741a,1918396,https://inaturalist-open-data.s3.amazonaws.com/photos/1918396/large.JPG,cc-by-nc,"(c) Sidney Shema, some rights reserved (CC BY-NC)",a86932fe1c9e70f39cc028abbf7cd1ded168499ed0e4dc9d0ba92885908bcef5,209152,1024,989,inat_api_gate_v2_readiness,n/a_fresh_row,n/a_fresh_row,n/a_fresh_row,n/a_fresh_row,n/a_fresh_row,n/a_fresh_row,574721,Polyrhachis schistacea,species,network,https://inaturalist-open-data.s3.amazonaws.com/photos/1918396/square.JPG,n/a_fresh_row
known_holdout,Polyrhachis schistacea,polyrhachis-schistacea,574721,10821351,e02109f2-4fdb-442b-b1bc-aff72ff0f1cf,15159646,https://inaturalist-open-data.s3.amazonaws.com/photos/15159646/large.jpg,cc-by-sa,"(c) Nicola van Berkel, some rights reserved (CC BY-SA)",0f173e591a3ddba8f0bd5e27ecac441f5b8f729b6af383689aa4c95235b4c796,110697,967,1024,inat_api_gate_v2_readiness,n/a_fresh_row,n/a_fresh_row,n/a_fresh_row,n/a_fresh_row,n/a_fresh_row,n/a_fresh_row,574721,Polyrhachis schistacea,species,network,https://inaturalist-open-data.s3.amazonaws.com/photos/15159646/square.jpg,n/a_fresh_row
known_holdout,Polyrhachis schistacea,polyrhachis-schistacea,574721,10797636,61b9296e-6478-4e67-8002-4f7a92ea3068,19174243,https://inaturalist-open-data.s3.amazonaws.com/photos/19174243/large.jpg,cc-by-nc,"(c) aaubrey, some rights reserved (CC BY-NC)",c633c6648deaa22db5ffbd7b3f79ab2ee0d51e0ca30a042e23a364b8ed709f1a,171773,1024,939,inat_api_gate_v2_readiness,n/a_fresh_row,n/a_fresh_row,n/a_fresh_row,n/a_fresh_row,n/a_fresh_row,n/a_fresh_row,574721,Polyrhachis schistacea,species,network,https://inaturalist-open-data.s3.amazonaws.com/photos/19174243/square.jpg,n/a_fresh_row
known_holdout,Polyrhachis schistacea,polyrhachis-schistacea,574721,10985129,60fede1d-42bc-487c-914d-7bf6a4df5278,15472356,https://inaturalist-open-data.s3.amazonaws.com/photos/15472356/large.jpg,cc-by,"(c) Wynand Uys, some rights reserved (CC BY)",1ee2a4110a18eda02eb448fed218366b4f4030481d468e8f627bfbe42d4a0562,64472,899,684,inat_api_gate_v2_readiness,n/a_fresh_row,n/a_fresh_row,n/a_fresh_row,n/a_fresh_row,n/a_fresh_row,n/a_fresh_row,574721,Polyrhachis schistacea,species,network,https://inaturalist-open-data.s3.amazonaws.com/photos/15472356/square.jpg,n/a_fresh_row
known_holdout,Polyrhachis schistacea,polyrhachis-schistacea,574721,9428470,2081b5a2-5902-4075-b6c2-5b4cf1ff93e5,12814581,https://inaturalist-open-data.s3.amazonaws.com/photos/12814581/large.jpg,cc-by-nc,"(c) Chrissie Fourie, some rights reserved (CC BY-NC)",88824ee8e69f9f8e8b5832d96cfda38d62fb8aa5619ee6714933d1fa7944843d,341058,597,795,inat_api_gate_v2_readiness,n/a_fresh_row,n/a_fresh_row,n/a_fresh_row,n/a_fresh_row,n/a_fresh_row,n/a_fresh_row,574721,Polyrhachis schistacea,species,network,https://inaturalist-open-data.s3.amazonaws.com/photos/12814581/square.jpg,n/a_fresh_row
known_holdout,Polyrhachis schistacea,polyrhachis-schistacea,574721,10883584,6ba8dea5-26fb-4c92-ac16-07a08d99dc45,15285820,https://inaturalist-open-data.s3.amazonaws.com/photos/15285820/large.jpg,cc-by,"(c) Ryan van Huyssteen, some rights reserved (CC BY)",2d6eecd3f9df4510f0dd60d6e55f1f5c22ebaae771835be5e534beecdbe97068,58823,1024,575,inat_api_gate_v2_readiness,n/a_fresh_row,n/a_fresh_row,n/a_fresh_row,n/a_fresh_row,n/a_fresh_row,n/a_fresh_row,574721,Polyrhachis schistacea,species,network,https://inaturalist-open-data.s3.amazonaws.com/photos/15285820/square.jpg,n/a_fresh_row
known_holdout,Ponera pennsylvanica,ponera-pennsylvanica,203419,17000322,d6a315ba-343e-4c0f-b2de-db1fb3a76993,25706522,https://inaturalist-open-data.s3.amazonaws.com/photos/25706522/large.jpeg,cc-by,"(c) Even Dankowicz, some rights reserved (CC BY)",a1e95a2117584e27b091dcba6b6c53ae490319aed9e7d1efe2e264f76caa595d,297392,1024,682,inat_api_gate_v2_readiness,n/a_fresh_row,n/a_fresh_row,n/a_fresh_row,n/a_fresh_row,n/a_fresh_row,n/a_fresh_row,203419,Ponera pennsylvanica,species,network,https://inaturalist-open-data.s3.amazonaws.com/photos/25706522/square.jpeg,n/a_fresh_row
known_holdout,Ponera pennsylvanica,ponera-pennsylvanica,203419,17000345,b56f3621-8f33-47de-a87d-38b7c114f5cb,25706598,https://inaturalist-open-data.s3.amazonaws.com/photos/25706598/large.jpeg,cc-by,"(c) Even Dankowicz, some rights reserved (CC BY)",6e4721d1ffcdd6f6030ed743469b5353f919e8159d9a4e2ab4c309dc32d830e4,202199,872,896,inat_api_gate_v2_readiness,n/a_fresh_row,n/a_fresh_row,n/a_fresh_row,n/a_fresh_row,n/a_fresh_row,n/a_fresh_row,203419,Ponera pennsylvanica,species,network,https://inaturalist-open-data.s3.amazonaws.com/photos/25706598/square.jpeg,n/a_fresh_row
known_holdout,Ponera pennsylvanica,ponera-pennsylvanica,203419,17000324,2edfa0e9-6d5b-4624-94e0-1d050d0fdeaf,25706524,https://inaturalist-open-data.s3.amazonaws.com/photos/25706524/large.jpeg,cc-by,"(c) Even Dankowicz, some rights reserved (CC BY)",75bcfef5a3723ebdf88c0dcfec1643a6a842c5b8b3c23949d89bd6b31045232d,342860,1024,821,inat_api_gate_v2_readiness,n/a_fresh_row,n/a_fresh_row,n/a_fresh_row,n/a_fresh_row,n/a_fresh_row,n/a_fresh_row,203419,Ponera pennsylvanica,species,network,https://inaturalist-open-data.s3.amazonaws.com/photos/25706524/square.jpeg,n/a_fresh_row
known_holdout,Ponera pennsylvanica,ponera-pennsylvanica,203419,18290969,a207731c-f75e-4270-93b5-d5b07db77d5f,27944472,https://inaturalist-open-data.s3.amazonaws.com/photos/27944472/large.jpg,cc-by-nc,"(c) James Louderman, some rights reserved (CC BY-NC)",7bf9ba3d2e0d023ba3f82b0e2836123b703b6cc2799549c179fa4ce46898e8d4,30829,559,560,inat_api_gate_v2_readiness,n/a_fresh_row,n/a_fresh_row,n/a_fresh_row,n/a_fresh_row,n/a_fresh_row,n/a_fresh_row,203419,Ponera pennsylvanica,species,network,https://inaturalist-open-data.s3.amazonaws.com/photos/27944472/square.jpg,n/a_fresh_row
known_holdout,Ponera pennsylvanica,ponera-pennsylvanica,203419,1800588,0ec5fcc2-a81b-42cc-aac7-450dc0e67276,2180930,https://inaturalist-open-data.s3.amazonaws.com/photos/2180930/large.jpg,cc-by-nc,"(c) prairiemountain, some rights reserved (CC BY-NC)",bdc8aa8f839ee72e4407548b0fe66440591c8362190580f400681d3b7c39c753,507236,1024,768,inat_api_gate_v2_readiness,n/a_fresh_row,n/a_fresh_row,n/a_fresh_row,n/a_fresh_row,n/a_fresh_row,n/a_fresh_row,203419,Ponera pennsylvanica,species,network,https://inaturalist-open-data.s3.amazonaws.com/photos/2180930/square.jpg,n/a_fresh_row
known_holdout,Ponera pennsylvanica,ponera-pennsylvanica,203419,17000330,a180a0d5-c6cb-4231-9bf2-d4da3a578889,25706526,https://inaturalist-open-data.s3.amazonaws.com/photos/25706526/large.jpeg,cc-by,"(c) Even Dankowicz, some rights reserved (CC BY)",2b329b627671c20052de2be51020d6f343d9a23c59b0e6d26f6c7480b7aa37f4,257638,825,752,inat_api_gate_v2_readiness,n/a_fresh_row,n/a_fresh_row,n/a_fresh_row,n/a_fresh_row,n/a_fresh_row,n/a_fresh_row,203419,Ponera pennsylvanica,species,network,https://inaturalist-open-data.s3.amazonaws.com/photos/25706526/square.jpeg,n/a_fresh_row
known_holdout,Ponera pennsylvanica,ponera-pennsylvanica,203419,28324498,425adf5c-73a4-4033-807e-03facc2697b1,44144002,https://inaturalist-open-data.s3.amazonaws.com/photos/44144002/large.jpg,cc-by-nc-sa,"(c) Jane Waters, some rights reserved (CC BY-NC-SA)",d55614a48a8f1f0938fb6953bf5f57fec210d7594eead0acc56460e8828547bc,270008,1024,768,inat_api_gate_v2_readiness,n/a_fresh_row,n/a_fresh_row,n/a_fresh_row,n/a_fresh_row,n/a_fresh_row,n/a_fresh_row,203419,Ponera pennsylvanica,species,network,https://inaturalist-open-data.s3.amazonaws.com/photos/44144002/square.jpg,n/a_fresh_row
known_holdout,Ponera pennsylvanica,ponera-pennsylvanica,203419,17000340,d620db40-c447-4906-abd4-ba5d71bac892,25706575,https://inaturalist-open-data.s3.amazonaws.com/photos/25706575/large.jpeg,cc-by,"(c) Even Dankowicz, some rights reserved (CC BY)",209cdfb3b5d8af3496383bce9ff2b7baf9b14cc194db6340d2e0f64698acdc6b,103298,826,584,inat_api_gate_v2_readiness,n/a_fresh_row,n/a_fresh_row,n/a_fresh_row,n/a_fresh_row,n/a_fresh_row,n/a_fresh_row,203419,Ponera pennsylvanica,species,network,https://inaturalist-open-data.s3.amazonaws.com/photos/25706575/square.jpeg,n/a_fresh_row
known_holdout,Ponera pennsylvanica,ponera-pennsylvanica,203419,14460825,5bc67dd0-6d51-47b1-b21d-b8e582246f1f,21523047,https://inaturalist-open-data.s3.amazonaws.com/photos/21523047/large.jpg,cc-by-nc-sa,"(c) Jane Waters, some rights reserved (CC BY-NC-SA)",48366189d7ab757df9cdebbc633e299c00839d26f9a9988404c0e5a622d9a59f,254709,1024,682,inat_api_gate_v2_readiness,n/a_fresh_row,n/a_fresh_row,n/a_fresh_row,n/a_fresh_row,n/a_fresh_row,n/a_fresh_row,203419,Ponera pennsylvanica,species,network,https://inaturalist-open-data.s3.amazonaws.com/photos/21523047/square.jpg,n/a_fresh_row
known_holdout,Ponera pennsylvanica,ponera-pennsylvanica,203419,17000331,f0410128-46a7-4a84-a788-7b6f5f907900,25706532,https://inaturalist-open-data.s3.amazonaws.com/photos/25706532/large.jpeg,cc-by,"(c) Even Dankowicz, some rights reserved (CC BY)",d016a0b3ee6fa340c9db9bc18e74e857e51b54d49712480e4a8cb2afbdaabe1e,351842,1024,683,inat_api_gate_v2_readiness,n/a_fresh_row,n/a_fresh_row,n/a_fresh_row,n/a_fresh_row,n/a_fresh_row,n/a_fresh_row,203419,Ponera pennsylvanica,species,network,https://inaturalist-open-data.s3.amazonaws.com/photos/25706532/square.jpeg,n/a_fresh_row
known_holdout,Prenolepis imparis,prenolepis-imparis,68142,217978,374aa9e7-59a9-4ec6-90ce-ae449cd7e94c,274675,https://inaturalist-open-data.s3.amazonaws.com/photos/274675/large.JPG,cc-by,"(c) 101595408250610106310, some rights reserved (CC BY)",2085058b7a197c4c9a774968bf64f77d23def1c4142453c8eb247f7b9765525f,21463,381,512,inat_api_gate_v2_readiness,n/a_fresh_row,n/a_fresh_row,n/a_fresh_row,n/a_fresh_row,n/a_fresh_row,n/a_fresh_row,68142,Prenolepis imparis,species,network,https://inaturalist-open-data.s3.amazonaws.com/photos/274675/square.JPG,n/a_fresh_row
known_holdout,Prenolepis imparis,prenolepis-imparis,68142,378778,184f1615-64ae-4ced-bab6-84060f07f7fc,473644,https://inaturalist-open-data.s3.amazonaws.com/photos/473644/large.jpg,cc-by-nc,"(c) chrisinatralist, some rights reserved (CC BY-NC)",4798e8a0eae5ab6c8e7878effd97dd35192e9221c16581ea1c3ace56be62fe00,380456,1024,768,inat_api_gate_v2_readiness,n/a_fresh_row,n/a_fresh_row,n/a_fresh_row,n/a_fresh_row,n/a_fresh_row,n/a_fresh_row,68142,Prenolepis imparis,species,network,https://inaturalist-open-data.s3.amazonaws.com/photos/473644/square.jpg,n/a_fresh_row
known_holdout,Prenolepis imparis,prenolepis-imparis,68142,222181,f02907e4-f474-4d34-ac10-4fff27d2975f,279865,https://inaturalist-open-data.s3.amazonaws.com/photos/279865/large.jpg,cc-by-nc,"(c) Maia Wachtel, some rights reserved (CC BY-NC)",612416d5448803c81e5ea9c09419f5d48aa6235b125194feb7c2ce7ab068e1cc,260389,768,1024,inat_api_gate_v2_readiness,n/a_fresh_row,n/a_fresh_row,n/a_fresh_row,n/a_fresh_row,n/a_fresh_row,n/a_fresh_row,68142,Prenolepis imparis,species,network,https://inaturalist-open-data.s3.amazonaws.com/photos/279865/square.jpg,n/a_fresh_row
known_holdout,Prenolepis imparis,prenolepis-imparis,68142,519725,1a18f7e1-58ad-471c-8542-61040138a256,661908,https://inaturalist-open-data.s3.amazonaws.com/photos/661908/large.jpg,cc-by-nc,"(c) Eric-Michael, some rights reserved (CC BY-NC)",73f16d40329dbb56ed3217dd7ae5b9c61cd7880efe8b6527bb7ec0e842815b8b,216001,426,568,inat_api_gate_v2_readiness,n/a_fresh_row,n/a_fresh_row,n/a_fresh_row,n/a_fresh_row,n/a_fresh_row,n/a_fresh_row,68142,Prenolepis imparis,species,network,https://inaturalist-open-data.s3.amazonaws.com/photos/661908/square.jpg,n/a_fresh_row
known_holdout,Prenolepis imparis,prenolepis-imparis,68142,13663,0af57682-a221-4cec-8057-ae77af53e763,27094,https://inaturalist-open-data.s3.amazonaws.com/photos/27094/large.jpg,cc-by,"(c) Ken-ichi Ueda, some rights reserved (CC BY)",4f98116c7de4c6597f6c09d62e30ffe640e6437cdb972e15138ba6f6ea1c6c2a,326647,1024,683,inat_api_gate_v2_readiness,n/a_fresh_row,n/a_fresh_row,n/a_fresh_row,n/a_fresh_row,n/a_fresh_row,n/a_fresh_row,68142,Prenolepis imparis,species,network,https://inaturalist-open-data.s3.amazonaws.com/photos/27094/square.jpg,n/a_fresh_row
known_holdout,Prenolepis imparis,prenolepis-imparis,68142,224106,6b1f9e39-5166-4f63-b9a4-e70112ec3050,282237,https://inaturalist-open-data.s3.amazonaws.com/photos/282237/large.jpg,cc0,no rights reserved,55507e272353d35f8343d8dc03f09083dc031ad00170c56b4177f216cba39514,349278,1024,629,inat_api_gate_v2_readiness,n/a_fresh_row,n/a_fresh_row,n/a_fresh_row,n/a_fresh_row,n/a_fresh_row,n/a_fresh_row,68142,Prenolepis imparis,species,network,https://inaturalist-open-data.s3.amazonaws.com/photos/282237/square.jpg,n/a_fresh_row
known_holdout,Prenolepis imparis,prenolepis-imparis,68142,541201,346b27cd-2917-4747-8133-507a91e47e6f,687429,https://inaturalist-open-data.s3.amazonaws.com/photos/687429/large.jpg,cc0,no rights reserved,5fc1cd01493cfc1a46fac8d11f93930579d07107d724138d1946ba771c0a10ff,966165,768,1024,inat_api_gate_v2_readiness,n/a_fresh_row,n/a_fresh_row,n/a_fresh_row,n/a_fresh_row,n/a_fresh_row,n/a_fresh_row,68142,Prenolepis imparis,species,network,https://inaturalist-open-data.s3.amazonaws.com/photos/687429/square.jpg,n/a_fresh_row
known_holdout,Prenolepis imparis,prenolepis-imparis,68142,266504,2c0588bc-7ac9-4381-8baa-e5560359f32d,330207,https://inaturalist-open-data.s3.amazonaws.com/photos/330207/large.jpg,cc-by-nc,"(c) Jay Smith, some rights reserved (CC BY-NC)",4630a3f2276b32e7f10b186387839d9b88005c8608c0bcf0246eabc7500912ed,121018,1024,682,inat_api_gate_v2_readiness,n/a_fresh_row,n/a_fresh_row,n/a_fresh_row,n/a_fresh_row,n/a_fresh_row,n/a_fresh_row,68142,Prenolepis imparis,species,network,https://inaturalist-open-data.s3.amazonaws.com/photos/330207/square.jpg,n/a_fresh_row
known_holdout,Prenolepis imparis,prenolepis-imparis,68142,146700,c9e761a3-77b2-4def-a7dd-c79f609c2dc9,202986,https://inaturalist-open-data.s3.amazonaws.com/photos/202986/large.JPG,cc-by,"(c) 116916927065934112165, some rights reserved (CC BY)",1eb0b6ab741730882e33c3e2ef1a8bce355ded2e033269afc7f4a61e46937e7b,101624,512,385,inat_api_gate_v2_readiness,n/a_fresh_row,n/a_fresh_row,n/a_fresh_row,n/a_fresh_row,n/a_fresh_row,n/a_fresh_row,68142,Prenolepis imparis,species,network,https://inaturalist-open-data.s3.amazonaws.com/photos/202986/square.JPG,n/a_fresh_row
known_holdout,Prenolepis imparis,prenolepis-imparis,68142,246668,f3bfc2db-a419-4756-8696-6fe78fd4af64,308064,https://inaturalist-open-data.s3.amazonaws.com/photos/308064/large.jpg,cc-by-nc,"(c) geckyle, some rights reserved (CC BY-NC)",097df1a0afb2870199fb81e37974178fcb33474a4cf613cf847fcbd4c5f63f55,120134,360,480,inat_api_gate_v2_readiness,n/a_fresh_row,n/a_fresh_row,n/a_fresh_row,n/a_fresh_row,n/a_fresh_row,n/a_fresh_row,68142,Prenolepis imparis,species,network,https://inaturalist-open-data.s3.amazonaws.com/photos/308064/square.jpg,n/a_fresh_row
known_holdout,Pristomyrmex punctatus,pristomyrmex-punctatus,360058,2485753,f81596a1-446e-48d2-9311-0ad4cd0fb2c1,2786511,https://inaturalist-open-data.s3.amazonaws.com/photos/2786511/large.jpg,cc-by,"(c) Kim, Hyun-tae, some rights reserved (CC BY)",d5ebe5c8136125e5da373db53aa7cae185e327c5a42432fcb7c043acccd05960,282198,800,534,inat_api_gate_v2_readiness,n/a_fresh_row,n/a_fresh_row,n/a_fresh_row,n/a_fresh_row,n/a_fresh_row,n/a_fresh_row,360058,Pristomyrmex punctatus,species,network,https://inaturalist-open-data.s3.amazonaws.com/photos/2786511/square.jpg,n/a_fresh_row
known_holdout,Pristomyrmex punctatus,pristomyrmex-punctatus,360058,11845355,ed525f1a-6426-4043-b3b0-bdecb51d0d7a,16951773,https://inaturalist-open-data.s3.amazonaws.com/photos/16951773/large.jpg,cc-by-nc,"(c) shrnsmt, some rights reserved (CC BY-NC)",c712ff5a08e3dbd7803e0bb7cfba204b21b605a19727f2b5d856942999a600fe,258572,1024,1024,inat_api_gate_v2_readiness,n/a_fresh_row,n/a_fresh_row,n/a_fresh_row,n/a_fresh_row,n/a_fresh_row,n/a_fresh_row,360058,Pristomyrmex punctatus,species,network,https://inaturalist-open-data.s3.amazonaws.com/photos/16951773/square.jpg,n/a_fresh_row
known_holdout,Pristomyrmex punctatus,pristomyrmex-punctatus,360058,2485936,d6870713-9740-40fe-af3f-2fe42ac53f39,2786824,https://inaturalist-open-data.s3.amazonaws.com/photos/2786824/large.jpg,cc-by,"(c) Kim, Hyun-tae, some rights reserved (CC BY)",83cab7c3b4ae260a5c6a3f81a0422154bf2e5a3bb88ad457ed889f05b0fea619,258599,800,534,inat_api_gate_v2_readiness,n/a_fresh_row,n/a_fresh_row,n/a_fresh_row,n/a_fresh_row,n/a_fresh_row,n/a_fresh_row,360058,Pristomyrmex punctatus,species,network,https://inaturalist-open-data.s3.amazonaws.com/photos/2786824/square.jpg,n/a_fresh_row
known_holdout,Pristomyrmex punctatus,pristomyrmex-punctatus,360058,12850511,f13fc79c-d5e4-4f6e-9f9d-8371495d004f,18647364,https://inaturalist-open-data.s3.amazonaws.com/photos/18647364/large.jpg,cc-by-nc,"(c) Kim, Hyun-tae, some rights reserved (CC BY-NC)",7c20ba7230655f017b05d4eba233826ac87a25cc35d172519e59a8d4bb5d0bd8,192826,1024,576,inat_api_gate_v2_readiness,n/a_fresh_row,n/a_fresh_row,n/a_fresh_row,n/a_fresh_row,n/a_fresh_row,n/a_fresh_row,360058,Pristomyrmex punctatus,species,network,https://inaturalist-open-data.s3.amazonaws.com/photos/18647364/square.jpg,n/a_fresh_row
known_holdout,Pristomyrmex punctatus,pristomyrmex-punctatus,360058,748578,4b7a2fe5-5a08-49db-8944-3f568ee762f3,940896,https://inaturalist-open-data.s3.amazonaws.com/photos/940896/large.JPG,cc-by-sa,"(c) harum.koh, some rights reserved (CC BY-SA)",99dc8113d27a010a6dfb6b7cf657271faa1f5750a19148544fc7418a2d6c36aa,428120,1024,683,inat_api_gate_v2_readiness,n/a_fresh_row,n/a_fresh_row,n/a_fresh_row,n/a_fresh_row,n/a_fresh_row,n/a_fresh_row,360058,Pristomyrmex punctatus,species,network,https://inaturalist-open-data.s3.amazonaws.com/photos/940896/square.JPG,n/a_fresh_row
known_holdout,Pristomyrmex punctatus,pristomyrmex-punctatus,360058,3537907,10c239a5-c75b-4555-9f36-6a3793d9a6d3,4123419,https://inaturalist-open-data.s3.amazonaws.com/photos/4123419/large.jpg,cc-by,"(c) Carrie Seltzer, some rights reserved (CC BY)",b387e581b6f897b495833ac59ee7bffc9157a028a169c7b17614019e74a6ac7e,339986,1024,1024,inat_api_gate_v2_readiness,n/a_fresh_row,n/a_fresh_row,n/a_fresh_row,n/a_fresh_row,n/a_fresh_row,n/a_fresh_row,360058,Pristomyrmex punctatus,species,network,https://inaturalist-open-data.s3.amazonaws.com/photos/4123419/square.jpg,n/a_fresh_row
known_holdout,Pristomyrmex punctatus,pristomyrmex-punctatus,360058,13450350,b63a04ea-ca35-4933-896e-77f5c179b3de,19742504,https://inaturalist-open-data.s3.amazonaws.com/photos/19742504/large.jpeg,cc-by-nc,"(c) Kim, Hyun-tae, some rights reserved (CC BY-NC)",17e8479fd07321addcb1b435b2462483d646f9ac2e45778d14ec7db58f124e1e,177415,1024,768,inat_api_gate_v2_readiness,n/a_fresh_row,n/a_fresh_row,n/a_fresh_row,n/a_fresh_row,n/a_fresh_row,n/a_fresh_row,360058,Pristomyrmex punctatus,species,network,https://inaturalist-open-data.s3.amazonaws.com/photos/19742504/square.jpeg,n/a_fresh_row
known_holdout,Pristomyrmex punctatus,pristomyrmex-punctatus,360058,8200399,2b7699bc-3136-4915-a457-0650a6be0e31,10862233,https://inaturalist-open-data.s3.amazonaws.com/photos/10862233/large.jpg,cc-by,"(c) Kim, Hyun-tae, some rights reserved (CC BY)",43e890042563cd49dfbeb6f296c9373ae385a82f6025ab7d307136b334b6efc4,101999,1024,576,inat_api_gate_v2_readiness,n/a_fresh_row,n/a_fresh_row,n/a_fresh_row,n/a_fresh_row,n/a_fresh_row,n/a_fresh_row,360058,Pristomyrmex punctatus,species,network,https://inaturalist-open-data.s3.amazonaws.com/photos/10862233/square.jpg,n/a_fresh_row
known_holdout,Pristomyrmex punctatus,pristomyrmex-punctatus,360058,1845062,cb9c5b8d-9944-4aaf-b25b-b76ba756545e,2242170,https://inaturalist-open-data.s3.amazonaws.com/photos/2242170/large.jpg,cc-by-nc,"(c) Zack, some rights reserved (CC BY-NC)",d121c13cab54406c5ce9ae97b85b163b67187fcd37aece1adea2bbc957593f6b,431949,1024,768,inat_api_gate_v2_readiness,n/a_fresh_row,n/a_fresh_row,n/a_fresh_row,n/a_fresh_row,n/a_fresh_row,n/a_fresh_row,360058,Pristomyrmex punctatus,species,network,https://inaturalist-open-data.s3.amazonaws.com/photos/2242170/square.jpg,n/a_fresh_row
known_holdout,Pristomyrmex punctatus,pristomyrmex-punctatus,360058,4626360,efe4bc87-ddf7-40b8-b0d3-e0d84ed26f38,5596731,https://inaturalist-open-data.s3.amazonaws.com/photos/5596731/large.jpg,cc-by,"(c) Kim, Hyun-tae, some rights reserved (CC BY)",e2766ea9eadafac91b35c32c182b1513445f39740bdc06dbfdaee1102d27c8e4,288177,900,506,inat_api_gate_v2_readiness,n/a_fresh_row,n/a_fresh_row,n/a_fresh_row,n/a_fresh_row,n/a_fresh_row,n/a_fresh_row,360058,Pristomyrmex punctatus,species,network,https://inaturalist-open-data.s3.amazonaws.com/photos/5596731/square.jpg,n/a_fresh_row
known_holdout,Pseudomyrmex gracilis,pseudomyrmex-gracilis,300301,789589,6ef24756-619c-4ff1-bd8f-a47f9bd1befb,992987,https://inaturalist-open-data.s3.amazonaws.com/photos/992987/large.JPG,cc-by-sa,"(c) Juan Cruzado Cortés, some rights reserved (CC BY-SA)",003d29ea1ece608c7d2f543528408d2dfa067029b8243c771e04b497939b1585,109544,884,662,inat_api_gate_v2_readiness,n/a_fresh_row,n/a_fresh_row,n/a_fresh_row,n/a_fresh_row,n/a_fresh_row,n/a_fresh_row,300301,Pseudomyrmex gracilis,species,network,https://inaturalist-open-data.s3.amazonaws.com/photos/992987/square.JPG,n/a_fresh_row
known_holdout,Pseudomyrmex gracilis,pseudomyrmex-gracilis,300301,1613607,1570d5fa-9619-4a3f-a03c-4ee1deceea80,1983104,https://inaturalist-open-data.s3.amazonaws.com/photos/1983104/large.jpg,cc-by-nc,"(c) Kelly Conrad Simon, some rights reserved (CC BY-NC)",d1ded2d82db0ebff9c5aef7a248eed0e7cc8a082167ee8424fcf492b140a5d4d,601543,960,720,inat_api_gate_v2_readiness,n/a_fresh_row,n/a_fresh_row,n/a_fresh_row,n/a_fresh_row,n/a_fresh_row,n/a_fresh_row,300301,Pseudomyrmex gracilis,species,network,https://inaturalist-open-data.s3.amazonaws.com/photos/1983104/square.jpg,n/a_fresh_row
known_holdout,Pseudomyrmex gracilis,pseudomyrmex-gracilis,300301,1146907,44953e03-4186-40a5-b9ea-0d303af66dd7,1444147,https://inaturalist-open-data.s3.amazonaws.com/photos/1444147/large.JPG,cc-by,"(c) Francisco Farriols Sarabia, some rights reserved (CC BY)",d8d1f0039a68992d36f43de3519a5cf7e5181830c236a0bfd162b0768b47a26b,315456,1024,768,inat_api_gate_v2_readiness,n/a_fresh_row,n/a_fresh_row,n/a_fresh_row,n/a_fresh_row,n/a_fresh_row,n/a_fresh_row,300301,Pseudomyrmex gracilis,species,network,https://inaturalist-open-data.s3.amazonaws.com/photos/1444147/square.JPG,n/a_fresh_row
known_holdout,Pseudomyrmex gracilis,pseudomyrmex-gracilis,300301,1779994,143eb314-1677-4724-967a-39ad91382f7c,2154196,https://inaturalist-open-data.s3.amazonaws.com/photos/2154196/large.jpg,cc-by-nc,"(c) carlaag, some rights reserved (CC BY-NC)",e6df7a314bf8223bc578e58d37d1e463380b2612bcf5900619e3a46105533acd,668971,772,1024,inat_api_gate_v2_readiness,n/a_fresh_row,n/a_fresh_row,n/a_fresh_row,n/a_fresh_row,n/a_fresh_row,n/a_fresh_row,300301,Pseudomyrmex gracilis,species,network,https://inaturalist-open-data.s3.amazonaws.com/photos/2154196/square.jpg,n/a_fresh_row
known_holdout,Pseudomyrmex gracilis,pseudomyrmex-gracilis,300301,484681,c8b87cbe-e745-44a6-b837-6d45dc9c9134,613015,https://inaturalist-open-data.s3.amazonaws.com/photos/613015/large.jpg,cc-by,"(c) Jessica, some rights reserved (CC BY)",e48cd5bf500d04073cb21294b977afa0c53c7d0de069f3c05c5bb8ef92e048ec,193533,482,642,inat_api_gate_v2_readiness,n/a_fresh_row,n/a_fresh_row,n/a_fresh_row,n/a_fresh_row,n/a_fresh_row,n/a_fresh_row,300301,Pseudomyrmex gracilis,species,network,https://inaturalist-open-data.s3.amazonaws.com/photos/613015/square.jpg,n/a_fresh_row
known_holdout,Pseudomyrmex gracilis,pseudomyrmex-gracilis,300301,1217983,3ecc3b88-471f-49b0-ac0b-9f4e13a5259e,1537250,https://inaturalist-open-data.s3.amazonaws.com/photos/1537250/large.jpg,cc-by-nc,"(c) James W. Beck, some rights reserved (CC BY-NC)",0afa93de640e169ef23979c9dca769f9c9695e6fe34170f17a7b038078ccb5a0,410799,681,1024,inat_api_gate_v2_readiness,n/a_fresh_row,n/a_fresh_row,n/a_fresh_row,n/a_fresh_row,n/a_fresh_row,n/a_fresh_row,300301,Pseudomyrmex gracilis,species,network,https://inaturalist-open-data.s3.amazonaws.com/photos/1537250/square.jpg,n/a_fresh_row
known_holdout,Pseudomyrmex gracilis,pseudomyrmex-gracilis,300301,108273,20188dcb-d2cb-47c8-95cc-9a2c96293975,5131951,https://inaturalist-open-data.s3.amazonaws.com/photos/5131951/large.jpeg,cc-by-nc-sa,"(c) Christy King, some rights reserved (CC BY-NC-SA)",f798a12f585228cc7e5d0547429bf5cedf686248f257d14c4fca4aeb210107cb,80248,894,699,inat_api_gate_v2_readiness,n/a_fresh_row,n/a_fresh_row,n/a_fresh_row,n/a_fresh_row,n/a_fresh_row,n/a_fresh_row,300301,Pseudomyrmex gracilis,species,network,https://inaturalist-open-data.s3.amazonaws.com/photos/5131951/square.jpeg,n/a_fresh_row
known_holdout,Pseudomyrmex gracilis,pseudomyrmex-gracilis,300301,1383270,73ec3ff4-706c-4c1b-87fd-e54c926740a5,1709373,https://inaturalist-open-data.s3.amazonaws.com/photos/1709373/large.JPG,cc-by-sa,"(c) Juan Cruzado Cortés, some rights reserved (CC BY-SA)",59b2c96d757e267567f9f0803ac753a50d14d0ababc0bdea79cc89b853075a27,120922,1024,713,inat_api_gate_v2_readiness,n/a_fresh_row,n/a_fresh_row,n/a_fresh_row,n/a_fresh_row,n/a_fresh_row,n/a_fresh_row,300301,Pseudomyrmex gracilis,species,network,https://inaturalist-open-data.s3.amazonaws.com/photos/1709373/square.JPG,n/a_fresh_row
known_holdout,Pseudomyrmex gracilis,pseudomyrmex-gracilis,300301,646870,7e66f198-e359-4459-acfe-274f0eb12203,815289,https://inaturalist-open-data.s3.amazonaws.com/photos/815289/large.jpg,cc-by-nc,"(c) colinmorita, some rights reserved (CC BY-NC)",4da3ee5f8f0dc63400d1140d3c1967396a16a1d7642bc297883b7c2872ce7af7,101512,473,471,inat_api_gate_v2_readiness,n/a_fresh_row,n/a_fresh_row,n/a_fresh_row,n/a_fresh_row,n/a_fresh_row,n/a_fresh_row,300301,Pseudomyrmex gracilis,species,network,https://inaturalist-open-data.s3.amazonaws.com/photos/815289/square.jpg,n/a_fresh_row
known_holdout,Pseudomyrmex gracilis,pseudomyrmex-gracilis,300301,1253587,e0faa2ee-e4f6-4686-9048-b8f4c39eb9f9,1573545,https://inaturalist-open-data.s3.amazonaws.com/photos/1573545/large.jpg,cc-by-nc,"(c) FRANCISCO MIGUEL FARRIOLS ESTRADA, some rights reserved (CC BY-NC)",2f97423d3ef9fbd83b475100460f2bf0cafdd19a8e1890e6a8b4b4384ebbdb9c,383854,1024,768,inat_api_gate_v2_readiness,n/a_fresh_row,n/a_fresh_row,n/a_fresh_row,n/a_fresh_row,n/a_fresh_row,n/a_fresh_row,300301,Pseudomyrmex gracilis,species,network,https://inaturalist-open-data.s3.amazonaws.com/photos/1573545/square.jpg,n/a_fresh_row
known_holdout,Rhytidoponera metallica,rhytidoponera-metallica,201975,6035317,edebb127-3c96-4256-9856-fd4bf5785485,7558766,https://inaturalist-open-data.s3.amazonaws.com/photos/7558766/large.jpeg,cc-by,"(c) Nathan Odgers, some rights reserved (CC BY)",64b841c7f57213536a2fc30952432acfc4b8541c7a33ba56e05a65745a13dcbf,489797,1024,768,inat_api_gate_v2_readiness,n/a_fresh_row,n/a_fresh_row,n/a_fresh_row,n/a_fresh_row,n/a_fresh_row,n/a_fresh_row,201975,Rhytidoponera metallica,species,network,https://inaturalist-open-data.s3.amazonaws.com/photos/7558766/square.jpeg,n/a_fresh_row
known_holdout,Rhytidoponera metallica,rhytidoponera-metallica,201975,14538171,f10bbf7c-806f-4afc-a200-7c587839e725,21653047,https://inaturalist-open-data.s3.amazonaws.com/photos/21653047/large.jpeg,cc-by-nc-sa,"(c) Reiner Richter, some rights reserved (CC BY-NC-SA)",b5423b45d01b08d62a1223a49aa2bd59edf207bbe5814c5e7c6f62e5989d8d88,306505,1024,909,inat_api_gate_v2_readiness,n/a_fresh_row,n/a_fresh_row,n/a_fresh_row,n/a_fresh_row,n/a_fresh_row,n/a_fresh_row,201975,Rhytidoponera metallica,species,network,https://inaturalist-open-data.s3.amazonaws.com/photos/21653047/square.jpeg,n/a_fresh_row
known_holdout,Rhytidoponera metallica,rhytidoponera-metallica,201975,8769702,4792aafa-2ade-416a-b2a7-0f1a9a59fe5d,11776450,https://inaturalist-open-data.s3.amazonaws.com/photos/11776450/large.jpeg,cc-by-nc,"(c) fwald7, some rights reserved (CC BY-NC)",a62ea27592da9912976d557fc5faafbb744a0a9bb93a561af7925d9785e8f099,445286,1024,576,inat_api_gate_v2_readiness,n/a_fresh_row,n/a_fresh_row,n/a_fresh_row,n/a_fresh_row,n/a_fresh_row,n/a_fresh_row,201975,Rhytidoponera metallica,species,network,https://inaturalist-open-data.s3.amazonaws.com/photos/11776450/square.jpeg,n/a_fresh_row
known_holdout,Rhytidoponera metallica,rhytidoponera-metallica,201975,15067617,4e73b028-9688-45f8-a667-02867454a390,22498914,https://inaturalist-open-data.s3.amazonaws.com/photos/22498914/large.jpeg,cc-by-nc-sa,"(c) Reiner Richter, some rights reserved (CC BY-NC-SA)",e0dc8cc68beda22e1e16b908ffbe425fc1ab4f2854b886dab26d5aa5fef12bc9,319160,1024,945,inat_api_gate_v2_readiness,n/a_fresh_row,n/a_fresh_row,n/a_fresh_row,n/a_fresh_row,n/a_fresh_row,n/a_fresh_row,201975,Rhytidoponera metallica,species,network,https://inaturalist-open-data.s3.amazonaws.com/photos/22498914/square.jpeg,n/a_fresh_row
known_holdout,Rhytidoponera metallica,rhytidoponera-metallica,201975,895511,3cf4e898-4e14-44f0-bdb5-11b32ed75277,1139279,https://inaturalist-open-data.s3.amazonaws.com/photos/1139279/large.JPG,cc-by-nc,"(c) Russell Massang, some rights reserved (CC BY-NC)",a8d1af890cfb014ab0262f4d61fffc546879d43786418f85f74fca38d6134e22,378895,1017,707,inat_api_gate_v2_readiness,n/a_fresh_row,n/a_fresh_row,n/a_fresh_row,n/a_fresh_row,n/a_fresh_row,n/a_fresh_row,201975,Rhytidoponera metallica,species,network,https://inaturalist-open-data.s3.amazonaws.com/photos/1139279/square.JPG,n/a_fresh_row
known_holdout,Rhytidoponera metallica,rhytidoponera-metallica,201975,8806303,d1840c37-e7f9-488f-99ae-84337020ec9e,11826803,https://inaturalist-open-data.s3.amazonaws.com/photos/11826803/large.jpeg,cc0,no rights reserved,e319756c62bcc77bc9d062b563d098b073282bfe0f0726e34035ef65bc8ef9ae,550829,1024,683,inat_api_gate_v2_readiness,n/a_fresh_row,n/a_fresh_row,n/a_fresh_row,n/a_fresh_row,n/a_fresh_row,n/a_fresh_row,201975,Rhytidoponera metallica,species,network,https://inaturalist-open-data.s3.amazonaws.com/photos/11826803/square.jpeg,n/a_fresh_row
known_holdout,Rhytidoponera metallica,rhytidoponera-metallica,201975,15099226,1e9f1cab-b267-4186-bc18-d51d6c05ca7b,22553470,https://inaturalist-open-data.s3.amazonaws.com/photos/22553470/large.jpeg,cc-by-nc-sa,"(c) Reiner Richter, some rights reserved (CC BY-NC-SA)",07dd3130dd37cb7ca972d8be2219a27b1af5b8593de2418e83b64ecf83f6abc6,231589,1024,903,inat_api_gate_v2_readiness,n/a_fresh_row,n/a_fresh_row,n/a_fresh_row,n/a_fresh_row,n/a_fresh_row,n/a_fresh_row,201975,Rhytidoponera metallica,species,network,https://inaturalist-open-data.s3.amazonaws.com/photos/22553470/square.jpeg,n/a_fresh_row
known_holdout,Rhytidoponera metallica,rhytidoponera-metallica,201975,12317400,2aee7864-2f61-4cb8-a809-4e4724b082a4,17727523,https://inaturalist-open-data.s3.amazonaws.com/photos/17727523/large.jpg,cc-by-nc,"(c) Giverny, some rights reserved (CC BY-NC)",c261b8d1271c2153ecf6061fa3c47c0298e058c70942c765d26089606bb702a0,332605,1024,678,inat_api_gate_v2_readiness,n/a_fresh_row,n/a_fresh_row,n/a_fresh_row,n/a_fresh_row,n/a_fresh_row,n/a_fresh_row,201975,Rhytidoponera metallica,species,network,https://inaturalist-open-data.s3.amazonaws.com/photos/17727523/square.jpg,n/a_fresh_row
known_holdout,Rhytidoponera metallica,rhytidoponera-metallica,201975,1399477,da16cb84-ff96-41c4-90d7-c8e4613a2ae1,1730988,https://inaturalist-open-data.s3.amazonaws.com/photos/1730988/large.jpg,cc-by,"(c) Steve Kerr, some rights reserved (CC BY)",83a7b1e306015d5a0950924f3a77a7273adc31889b63dbe59752cd9a731e7445,95600,1024,604,inat_api_gate_v2_readiness,n/a_fresh_row,n/a_fresh_row,n/a_fresh_row,n/a_fresh_row,n/a_fresh_row,n/a_fresh_row,201975,Rhytidoponera metallica,species,network,https://inaturalist-open-data.s3.amazonaws.com/photos/1730988/square.jpg,n/a_fresh_row
known_holdout,Rhytidoponera metallica,rhytidoponera-metallica,201975,8871007,eea92e70-0ed3-41db-879f-3bcc593e8fdb,11928077,https://inaturalist-open-data.s3.amazonaws.com/photos/11928077/large.jpeg,cc-by-nc-sa,"(c) Nick Lambert, some rights reserved (CC BY-NC-SA)",58a0518e21c51b3fecb0c7c1f00cd91527ef6e3d14fe760cf1f2d24ef085f5d7,624360,1024,768,inat_api_gate_v2_readiness,n/a_fresh_row,n/a_fresh_row,n/a_fresh_row,n/a_fresh_row,n/a_fresh_row,n/a_fresh_row,201975,Rhytidoponera metallica,species,network,https://inaturalist-open-data.s3.amazonaws.com/photos/11928077/square.jpeg,n/a_fresh_row
known_holdout,Solenopsis invicta,solenopsis-invicta,67598,352221,9bbe5b24-6b01-40a9-9299-d2f7d01e794b,439166,https://inaturalist-open-data.s3.amazonaws.com/photos/439166/large.jpg,cc-by-nc,"(c) Juan Ramirez, some rights reserved (CC BY-NC)",09c7950daa6064fa682b4508ea75fac399caed2e8051b62629704eeefb384e46,94147,1024,681,inat_api_gate_v2_readiness,n/a_fresh_row,n/a_fresh_row,n/a_fresh_row,n/a_fresh_row,n/a_fresh_row,n/a_fresh_row,67598,Solenopsis invicta,species,network,https://inaturalist-open-data.s3.amazonaws.com/photos/439166/square.jpg,n/a_fresh_row
known_holdout,Solenopsis invicta,solenopsis-invicta,67598,489340,bd981ce7-0352-4ff6-aee0-20a1a0f37f2f,618933,https://inaturalist-open-data.s3.amazonaws.com/photos/618933/large.JPG,cc-by-nc,"(c) Jennifer Rycenga, some rights reserved (CC BY-NC)",1d426c49c9ebcf0d01c90b34858e4e970103cabf3f4062f84b85cf0457326171,554703,1024,768,inat_api_gate_v2_readiness,n/a_fresh_row,n/a_fresh_row,n/a_fresh_row,n/a_fresh_row,n/a_fresh_row,n/a_fresh_row,67598,Solenopsis invicta,species,network,https://inaturalist-open-data.s3.amazonaws.com/photos/618933/square.JPG,n/a_fresh_row
known_holdout,Solenopsis invicta,solenopsis-invicta,67598,407244,c1e1a19f-33d7-43be-9d3b-cb087d64119c,509390,https://inaturalist-open-data.s3.amazonaws.com/photos/509390/large.jpg,cc-by-nc,"(c) andy gluesenkamp, some rights reserved (CC BY-NC)",b6cae59d5e3c154f019e54f71bfb0a6a37b36623302fd1a05d92819d290913ea,909078,717,960,inat_api_gate_v2_readiness,n/a_fresh_row,n/a_fresh_row,n/a_fresh_row,n/a_fresh_row,n/a_fresh_row,n/a_fresh_row,67598,Solenopsis invicta,species,network,https://inaturalist-open-data.s3.amazonaws.com/photos/509390/square.jpg,n/a_fresh_row
known_holdout,Solenopsis invicta,solenopsis-invicta,67598,821729,1b1b9dbb-7a0f-43c4-8864-3d3b698df7b6,1037026,https://inaturalist-open-data.s3.amazonaws.com/photos/1037026/large.jpg,cc-by-nc,"(c) Cullen Hanks, some rights reserved (CC BY-NC)",9cb83da79c32987805724737fdffa4ed40128973fff2b3b3a9e8352cfe386920,513905,1024,683,inat_api_gate_v2_readiness,n/a_fresh_row,n/a_fresh_row,n/a_fresh_row,n/a_fresh_row,n/a_fresh_row,n/a_fresh_row,67598,Solenopsis invicta,species,network,https://inaturalist-open-data.s3.amazonaws.com/photos/1037026/square.jpg,n/a_fresh_row
known_holdout,Solenopsis invicta,solenopsis-invicta,67598,101425,ed355cc9-72cb-40a0-b226-2254848ec444,146905,https://inaturalist-open-data.s3.amazonaws.com/photos/146905/large.JPG,cc-by-nc-sa,"(c) 106584015630019574849, some rights reserved (CC BY-NC-SA)",5531cef0ed1d37c9d7f9f38aeb3835ec3a44390b811ec192de5d3bd172854621,67294,512,342,inat_api_gate_v2_readiness,n/a_fresh_row,n/a_fresh_row,n/a_fresh_row,n/a_fresh_row,n/a_fresh_row,n/a_fresh_row,67598,Solenopsis invicta,species,network,https://inaturalist-open-data.s3.amazonaws.com/photos/146905/square.JPG,n/a_fresh_row
known_holdout,Solenopsis invicta,solenopsis-invicta,67598,407288,1a4021f8-2f75-4ada-a44c-c8ac8c27e2e6,509446,https://inaturalist-open-data.s3.amazonaws.com/photos/509446/large.jpg,cc-by-nc,"(c) Richard Heilbrun, some rights reserved (CC BY-NC)",759c584020046548bff22bf3a03eccab8b341d883ceb87add302a11531481d5a,389723,568,426,inat_api_gate_v2_readiness,n/a_fresh_row,n/a_fresh_row,n/a_fresh_row,n/a_fresh_row,n/a_fresh_row,n/a_fresh_row,67598,Solenopsis invicta,species,network,https://inaturalist-open-data.s3.amazonaws.com/photos/509446/square.jpg,n/a_fresh_row
known_holdout,Solenopsis invicta,solenopsis-invicta,67598,895760,6284501a-2c86-4120-a570-b1b065ef75d6,1139518,https://inaturalist-open-data.s3.amazonaws.com/photos/1139518/large.jpg,cc-by-nc,"(c) Gnevans, some rights reserved (CC BY-NC)",79546a2bf4175ddeb7fe8c9d7997f1161b3cf155b1b2430a2b38871aee58ab94,338059,768,1024,inat_api_gate_v2_readiness,n/a_fresh_row,n/a_fresh_row,n/a_fresh_row,n/a_fresh_row,n/a_fresh_row,n/a_fresh_row,67598,Solenopsis invicta,species,network,https://inaturalist-open-data.s3.amazonaws.com/photos/1139518/square.jpg,n/a_fresh_row
known_holdout,Solenopsis invicta,solenopsis-invicta,67598,478088,0cfcc846-4865-4c0a-ad1d-f5d17d357c66,603379,https://inaturalist-open-data.s3.amazonaws.com/photos/603379/large.JPG,cc-by-sa,"(c) Colin Meurk, some rights reserved (CC BY-SA)",bca1e6fbe1ca3509e148cb4e6d9aecb82420fe7bd317e5cbec37b6e81398574d,283747,1024,683,inat_api_gate_v2_readiness,n/a_fresh_row,n/a_fresh_row,n/a_fresh_row,n/a_fresh_row,n/a_fresh_row,n/a_fresh_row,67598,Solenopsis invicta,species,network,https://inaturalist-open-data.s3.amazonaws.com/photos/603379/square.JPG,n/a_fresh_row
known_holdout,Solenopsis invicta,solenopsis-invicta,67598,213257,52b40af6-df36-4528-9e7e-4dedb624fd22,269039,https://inaturalist-open-data.s3.amazonaws.com/photos/269039/large.JPG,cc-by-sa,"(c) Fluff Berger, some rights reserved (CC BY-SA)",a7ba87d2bbb7c0fe5b41204a8f4ae12cb86d478189e940b0226735b79e492cbd,188620,701,1024,inat_api_gate_v2_readiness,n/a_fresh_row,n/a_fresh_row,n/a_fresh_row,n/a_fresh_row,n/a_fresh_row,n/a_fresh_row,67598,Solenopsis invicta,species,network,https://inaturalist-open-data.s3.amazonaws.com/photos/269039/square.JPG,n/a_fresh_row
known_holdout,Solenopsis invicta,solenopsis-invicta,67598,407345,de06b2ef-9199-468f-b4fc-678abb1ea5c7,509496,https://inaturalist-open-data.s3.amazonaws.com/photos/509496/large.jpg,cc-by-nc,"(c) Cullen Hanks, some rights reserved (CC BY-NC)",29fd53fe14d296ab3e2f3776c0fdeed96c8ef0f12ab9d18c1295534449c4f132,358211,426,568,inat_api_gate_v2_readiness,n/a_fresh_row,n/a_fresh_row,n/a_fresh_row,n/a_fresh_row,n/a_fresh_row,n/a_fresh_row,67598,Solenopsis invicta,species,network,https://inaturalist-open-data.s3.amazonaws.com/photos/509496/square.jpg,n/a_fresh_row
known_holdout,Tapinoma sessile,tapinoma-sessile,47340,627866,a522c486-dcc8-40a4-b225-3c933b3eeaf1,790255,https://inaturalist-open-data.s3.amazonaws.com/photos/790255/large.JPG,cc-by,"(c) Jason Eckberg, some rights reserved (CC BY)",2d3f822a402841827789515abab7e7c9dc699c740c9b4b61ef9318be6f2fb049,118602,1024,768,inat_api_gate_v2_readiness,n/a_fresh_row,n/a_fresh_row,n/a_fresh_row,n/a_fresh_row,n/a_fresh_row,n/a_fresh_row,47340,Tapinoma sessile,species,network,https://inaturalist-open-data.s3.amazonaws.com/photos/790255/square.JPG,n/a_fresh_row
known_holdout,Tapinoma sessile,tapinoma-sessile,47340,1167860,563c356d-1106-4e33-b81b-c728d94f1307,1472889,https://inaturalist-open-data.s3.amazonaws.com/photos/1472889/large.jpg,cc-by,"(c) Bill Keim, some rights reserved (CC BY)",31aa3ffbf8ef51734eaeec6445966212794fe1de1d2f83cb784f9550a0eb002e,135063,751,751,inat_api_gate_v2_readiness,n/a_fresh_row,n/a_fresh_row,n/a_fresh_row,n/a_fresh_row,n/a_fresh_row,n/a_fresh_row,47340,Tapinoma sessile,species,network,https://inaturalist-open-data.s3.amazonaws.com/photos/1472889/square.jpg,n/a_fresh_row
known_holdout,Tapinoma sessile,tapinoma-sessile,47340,649929,d02b4d79-116f-48cb-988c-687acbcac152,819626,https://inaturalist-open-data.s3.amazonaws.com/photos/819626/large.jpg,cc-by-sa,"(c) Eddie Dunbar, some rights reserved (CC BY-SA)",f230077484ad04dc142ea139d21ffc5cc941c121a5b8dabcb6b7d3661ce6ba9e,498330,1024,768,inat_api_gate_v2_readiness,n/a_fresh_row,n/a_fresh_row,n/a_fresh_row,n/a_fresh_row,n/a_fresh_row,n/a_fresh_row,47340,Tapinoma sessile,species,network,https://inaturalist-open-data.s3.amazonaws.com/photos/819626/square.jpg,n/a_fresh_row
known_holdout,Tapinoma sessile,tapinoma-sessile,47340,1386665,5b333bd7-5db8-4f80-bc89-e0547d7ad6a0,1713431,https://inaturalist-open-data.s3.amazonaws.com/photos/1713431/large.jpg,cc-by-nc,"(c) Nicholas Pollock, some rights reserved (CC BY-NC)",680e9d9133a21ca645b7e600a7bb8e07883a0e0c7d3a82c4b7e9790fc5e6510e,395637,1024,980,inat_api_gate_v2_readiness,n/a_fresh_row,n/a_fresh_row,n/a_fresh_row,n/a_fresh_row,n/a_fresh_row,n/a_fresh_row,47340,Tapinoma sessile,species,network,https://inaturalist-open-data.s3.amazonaws.com/photos/1713431/square.jpg,n/a_fresh_row
known_holdout,Tapinoma sessile,tapinoma-sessile,47340,13771,159375de-b561-4153-b16b-5d7de8c86351,27182,https://inaturalist-open-data.s3.amazonaws.com/photos/27182/large.jpg,cc-by,"(c) dloarie, some rights reserved (CC BY)",bb1b8ce783667a3eee2ca825605417d8dddd1fc7734b6e4471a4e0c157fdafbd,724220,1024,678,inat_api_gate_v2_readiness,n/a_fresh_row,n/a_fresh_row,n/a_fresh_row,n/a_fresh_row,n/a_fresh_row,n/a_fresh_row,47340,Tapinoma sessile,species,network,https://inaturalist-open-data.s3.amazonaws.com/photos/27182/square.jpg,n/a_fresh_row
known_holdout,Tapinoma sessile,tapinoma-sessile,47340,650953,c16dec5f-50d6-4b1f-9cc9-e220c8fe62a6,821018,https://inaturalist-open-data.s3.amazonaws.com/photos/821018/large.jpg,cc-by-nc,"(c) brookedean, some rights reserved (CC BY-NC)",28ae3b52ed8dbe72769ca2ce0888ac194caf8891a664ea6e2a815df33d220a47,258831,576,1024,inat_api_gate_v2_readiness,n/a_fresh_row,n/a_fresh_row,n/a_fresh_row,n/a_fresh_row,n/a_fresh_row,n/a_fresh_row,47340,Tapinoma sessile,species,network,https://inaturalist-open-data.s3.amazonaws.com/photos/821018/square.jpg,n/a_fresh_row
known_holdout,Tapinoma sessile,tapinoma-sessile,47340,1745079,4c0e4b24-2fcd-4a52-8b46-e26879e10ea7,2116761,https://inaturalist-open-data.s3.amazonaws.com/photos/2116761/large.jpg,cc-by,"(c) Carrie Seltzer, some rights reserved (CC BY)",3f9d3f77802d77926c3dbacead26534f548de13fa7809f54fc413f3bb4a46f58,762048,768,1024,inat_api_gate_v2_readiness,n/a_fresh_row,n/a_fresh_row,n/a_fresh_row,n/a_fresh_row,n/a_fresh_row,n/a_fresh_row,47340,Tapinoma sessile,species,network,https://inaturalist-open-data.s3.amazonaws.com/photos/2116761/square.jpg,n/a_fresh_row
known_holdout,Tapinoma sessile,tapinoma-sessile,47340,874262,177aa48e-9611-40fe-9725-42661bd7ce43,1109520,https://inaturalist-open-data.s3.amazonaws.com/photos/1109520/large.jpg,cc0,no rights reserved,4535d2b149d31749b635d1d65ec1b046d73cddb391038bba779421ae2b186f66,177788,1024,768,inat_api_gate_v2_readiness,n/a_fresh_row,n/a_fresh_row,n/a_fresh_row,n/a_fresh_row,n/a_fresh_row,n/a_fresh_row,47340,Tapinoma sessile,species,network,https://inaturalist-open-data.s3.amazonaws.com/photos/1109520/square.jpg,n/a_fresh_row
known_holdout,Tapinoma sessile,tapinoma-sessile,47340,259082,f2638a58-ffd3-4ac0-a5dd-0d45b43e8f72,321386,https://inaturalist-open-data.s3.amazonaws.com/photos/321386/large.jpg,cc-by-nc,"(c) Kyle Jones, some rights reserved (CC BY-NC)",4d09e26ed6a6586a2e0da84ee7eb002e75b969e5529ab0af8f6f26ef22235f29,836945,717,960,inat_api_gate_v2_readiness,n/a_fresh_row,n/a_fresh_row,n/a_fresh_row,n/a_fresh_row,n/a_fresh_row,n/a_fresh_row,47340,Tapinoma sessile,species,network,https://inaturalist-open-data.s3.amazonaws.com/photos/321386/square.jpg,n/a_fresh_row
known_holdout,Tapinoma sessile,tapinoma-sessile,47340,659353,5ab18190-2a07-4d03-a7ad-55ab66fdee47,831071,https://inaturalist-open-data.s3.amazonaws.com/photos/831071/large.jpg,cc-by-nc-sa,"(c) Adrian Cotter, some rights reserved (CC BY-NC-SA)",98d76661a77d386ce92685f130a8f42983e0d2a2b36bcc35c01856dbc8b20c3a,225489,480,360,inat_api_gate_v2_readiness,n/a_fresh_row,n/a_fresh_row,n/a_fresh_row,n/a_fresh_row,n/a_fresh_row,n/a_fresh_row,47340,Tapinoma sessile,species,network,https://inaturalist-open-data.s3.amazonaws.com/photos/831071/square.jpg,n/a_fresh_row
known_holdout,Temnothorax curvispinosus,temnothorax-curvispinosus,232366,15409607,0f46f8a6-8776-4590-8c4d-661f77936c96,23099409,https://inaturalist-open-data.s3.amazonaws.com/photos/23099409/large.jpeg,cc-by-nc,"(c) Robby Deans, some rights reserved (CC BY-NC)",ff1052b96c29c68d0d1b3fd71995e28b80fb8a23fbb473e7e8a3448605066177,141358,1024,753,inat_api_gate_v2_readiness,n/a_fresh_row,n/a_fresh_row,n/a_fresh_row,n/a_fresh_row,n/a_fresh_row,n/a_fresh_row,232366,Temnothorax curvispinosus,species,network,https://inaturalist-open-data.s3.amazonaws.com/photos/23099409/square.jpeg,n/a_fresh_row
known_holdout,Temnothorax curvispinosus,temnothorax-curvispinosus,232366,16189680,5b92b90e-4ef9-4094-8f68-2ec2e0d426c0,24282723,https://inaturalist-open-data.s3.amazonaws.com/photos/24282723/large.jpeg,cc-by,"(c) Even Dankowicz, some rights reserved (CC BY)",f0e111350f8b38a7a1c10cde8d6b5b6567604a836c8a90cce68ecc24d8c5bd8b,145501,927,618,inat_api_gate_v2_readiness,n/a_fresh_row,n/a_fresh_row,n/a_fresh_row,n/a_fresh_row,n/a_fresh_row,n/a_fresh_row,232366,Temnothorax curvispinosus,species,network,https://inaturalist-open-data.s3.amazonaws.com/photos/24282723/square.jpeg,n/a_fresh_row
known_holdout,Temnothorax curvispinosus,temnothorax-curvispinosus,232366,16189667,7abc45ea-d273-48dc-98b1-eb0254fd3010,24282613,https://inaturalist-open-data.s3.amazonaws.com/photos/24282613/large.jpeg,cc-by,"(c) Even Dankowicz, some rights reserved (CC BY)",7fb4ab6203262067d8fa268c2998d583fdc2dc2b9637cfd24f20af68fa27465e,288741,1024,683,inat_api_gate_v2_readiness,n/a_fresh_row,n/a_fresh_row,n/a_fresh_row,n/a_fresh_row,n/a_fresh_row,n/a_fresh_row,232366,Temnothorax curvispinosus,species,network,https://inaturalist-open-data.s3.amazonaws.com/photos/24282613/square.jpeg,n/a_fresh_row
known_holdout,Temnothorax curvispinosus,temnothorax-curvispinosus,232366,16189693,586caa93-b86d-4ba1-8348-7ee35ffbf8ff,24282761,https://inaturalist-open-data.s3.amazonaws.com/photos/24282761/large.jpeg,cc-by,"(c) Even Dankowicz, some rights reserved (CC BY)",15b9a8404a725feccf911bf98b63f910f968917b1a250634d9def691a7e89892,204471,943,629,inat_api_gate_v2_readiness,n/a_fresh_row,n/a_fresh_row,n/a_fresh_row,n/a_fresh_row,n/a_fresh_row,n/a_fresh_row,232366,Temnothorax curvispinosus,species,network,https://inaturalist-open-data.s3.amazonaws.com/photos/24282761/square.jpeg,n/a_fresh_row
known_holdout,Temnothorax curvispinosus,temnothorax-curvispinosus,232366,3130893,40a2d5ed-fe99-45cf-b9bf-ec648e7f9cd2,3622689,https://inaturalist-open-data.s3.amazonaws.com/photos/3622689/large.jpeg,cc-by-nc,"(c) Bill Stitt, some rights reserved (CC BY-NC)",482e38740e09394dbfaddc2b6f97679e85910d9115b45040673b7084f14797d3,129669,1024,918,inat_api_gate_v2_readiness,n/a_fresh_row,n/a_fresh_row,n/a_fresh_row,n/a_fresh_row,n/a_fresh_row,n/a_fresh_row,232366,Temnothorax curvispinosus,species,network,https://inaturalist-open-data.s3.amazonaws.com/photos/3622689/square.jpeg,n/a_fresh_row
known_holdout,Temnothorax curvispinosus,temnothorax-curvispinosus,232366,16189668,b1a22630-a9d3-45ba-9c29-0f69215b9be3,24282614,https://inaturalist-open-data.s3.amazonaws.com/photos/24282614/large.jpeg,cc-by,"(c) Even Dankowicz, some rights reserved (CC BY)",baa1c162cc084ce12f5687d510828bcad7f39d1c9b0cf1a96d69c2cc8b35072a,60422,584,447,inat_api_gate_v2_readiness,n/a_fresh_row,n/a_fresh_row,n/a_fresh_row,n/a_fresh_row,n/a_fresh_row,n/a_fresh_row,232366,Temnothorax curvispinosus,species,network,https://inaturalist-open-data.s3.amazonaws.com/photos/24282614/square.jpeg,n/a_fresh_row
known_holdout,Temnothorax curvispinosus,temnothorax-curvispinosus,232366,16239649,3a2bc4de-fd96-4506-a417-3f5c7b56c31e,24376196,https://inaturalist-open-data.s3.amazonaws.com/photos/24376196/large.jpg,cc-by-nc,"(c) Nathan Peters, some rights reserved (CC BY-NC)",d1714cb318edc24efab6ed33e433e0aeffeb71bada44811ba31c689cef7a56a9,311907,768,1024,inat_api_gate_v2_readiness,n/a_fresh_row,n/a_fresh_row,n/a_fresh_row,n/a_fresh_row,n/a_fresh_row,n/a_fresh_row,232366,Temnothorax curvispinosus,species,network,https://inaturalist-open-data.s3.amazonaws.com/photos/24376196/square.jpg,n/a_fresh_row
known_holdout,Temnothorax curvispinosus,temnothorax-curvispinosus,232366,16189678,b2f5817b-d34e-4fa3-8cbc-d6643a57a462,24282696,https://inaturalist-open-data.s3.amazonaws.com/photos/24282696/large.jpeg,cc-by,"(c) Even Dankowicz, some rights reserved (CC BY)",5af930d550fe85f0eaa4d7c10b1736bc7829930a7c4f1855dbce03e7c8b1bdd7,29253,295,274,inat_api_gate_v2_readiness,n/a_fresh_row,n/a_fresh_row,n/a_fresh_row,n/a_fresh_row,n/a_fresh_row,n/a_fresh_row,232366,Temnothorax curvispinosus,species,network,https://inaturalist-open-data.s3.amazonaws.com/photos/24282696/square.jpeg,n/a_fresh_row
known_holdout,Temnothorax curvispinosus,temnothorax-curvispinosus,232366,13034136,d677494a-431b-4f9e-ad72-7070d17a6705,18969978,https://inaturalist-open-data.s3.amazonaws.com/photos/18969978/large.jpeg,cc-by-nc-sa,"(c) Rob Norris, some rights reserved (CC BY-NC-SA)",52f9ecbf2bf2e0b4d114c5d33260deaf08a9f3fa0c4cb7c7e2cc5df2fbb95a9d,538120,1024,768,inat_api_gate_v2_readiness,n/a_fresh_row,n/a_fresh_row,n/a_fresh_row,n/a_fresh_row,n/a_fresh_row,n/a_fresh_row,232366,Temnothorax curvispinosus,species,network,https://inaturalist-open-data.s3.amazonaws.com/photos/18969978/square.jpeg,n/a_fresh_row
known_holdout,Temnothorax curvispinosus,temnothorax-curvispinosus,232366,16189672,fb8843e2-dbc3-42a6-a659-221b5bd62b7e,24282654,https://inaturalist-open-data.s3.amazonaws.com/photos/24282654/large.jpeg,cc-by,"(c) Even Dankowicz, some rights reserved (CC BY)",7b3e0fbecb75138e355044e4cbf18dd3a7b41054f422addad5b51b59371f79ed,329367,908,837,inat_api_gate_v2_readiness,n/a_fresh_row,n/a_fresh_row,n/a_fresh_row,n/a_fresh_row,n/a_fresh_row,n/a_fresh_row,232366,Temnothorax curvispinosus,species,network,https://inaturalist-open-data.s3.amazonaws.com/photos/24282654/square.jpeg,n/a_fresh_row
known_holdout,Tetramorium immigrans,tetramorium-immigrans,569552,378776,6528c303-4d39-426c-b40f-b7743f6ed3dc,473641,https://inaturalist-open-data.s3.amazonaws.com/photos/473641/large.jpg,cc-by-nc,"(c) chrisinatralist, some rights reserved (CC BY-NC)",9ffa976e3e13966fec6e73531c1a932aa2e082f354c7dc286484e80801336774,359992,1024,768,inat_api_gate_v2_readiness,n/a_fresh_row,n/a_fresh_row,n/a_fresh_row,n/a_fresh_row,n/a_fresh_row,n/a_fresh_row,569552,Tetramorium immigrans,species,network,https://inaturalist-open-data.s3.amazonaws.com/photos/473641/square.jpg,n/a_fresh_row
known_holdout,Tetramorium immigrans,tetramorium-immigrans,569552,1522677,3fb2ec4b-8c30-4f02-a723-5784d4b4bc48,1886868,https://inaturalist-open-data.s3.amazonaws.com/photos/1886868/large.jpg,cc-by,"(c) Carrie Seltzer, some rights reserved (CC BY)",066fdd8cd7c1082921b0504f6f6bb3eb9795f49d785bc878c998e70af5a1a918,1319089,1024,912,inat_api_gate_v2_readiness,n/a_fresh_row,n/a_fresh_row,n/a_fresh_row,n/a_fresh_row,n/a_fresh_row,n/a_fresh_row,569552,Tetramorium immigrans,species,network,https://inaturalist-open-data.s3.amazonaws.com/photos/1886868/square.jpg,n/a_fresh_row
known_holdout,Tetramorium immigrans,tetramorium-immigrans,569552,399561,53510212-051d-4f7d-9932-a3e9a7dad25f,500069,https://inaturalist-open-data.s3.amazonaws.com/photos/500069/large.jpg,cc-by-nc,"(c) Charles R Berenguer Jr, some rights reserved (CC BY-NC)",24e5c028ac70f6d6534316a4bb6a4310d629aa2c57729bcf476c081c858f5aec,854852,1024,681,inat_api_gate_v2_readiness,n/a_fresh_row,n/a_fresh_row,n/a_fresh_row,n/a_fresh_row,n/a_fresh_row,n/a_fresh_row,569552,Tetramorium immigrans,species,network,https://inaturalist-open-data.s3.amazonaws.com/photos/500069/square.jpg,n/a_fresh_row
known_holdout,Tetramorium immigrans,tetramorium-immigrans,569552,2085081,1fcb6bdb-f22e-44f2-885d-222bc9a22a3c,2494093,https://inaturalist-open-data.s3.amazonaws.com/photos/2494093/large.jpg,cc-by-nc,"(c) dianawong, some rights reserved (CC BY-NC)",c4775b8a9844da412af7e1b5d408de57e3c7e0eb2c84219f3aa5a3859cc946fc,415438,576,1024,inat_api_gate_v2_readiness,n/a_fresh_row,n/a_fresh_row,n/a_fresh_row,n/a_fresh_row,n/a_fresh_row,n/a_fresh_row,569552,Tetramorium immigrans,species,network,https://inaturalist-open-data.s3.amazonaws.com/photos/2494093/square.jpg,n/a_fresh_row
known_holdout,Tetramorium immigrans,tetramorium-immigrans,569552,79660,08714ca2-c0ad-4572-beb3-1f7d0bf2cc03,117500,https://inaturalist-open-data.s3.amazonaws.com/photos/117500/large.jpg,cc-by,"(c) Edward Hurme, some rights reserved (CC BY)",137c7068127aaa0e6c66605a4172806e8a5b5548cf351bdd89a3c1d5981439f4,978354,720,960,inat_api_gate_v2_readiness,n/a_fresh_row,n/a_fresh_row,n/a_fresh_row,n/a_fresh_row,n/a_fresh_row,n/a_fresh_row,569552,Tetramorium immigrans,species,network,https://inaturalist-open-data.s3.amazonaws.com/photos/117500/square.jpg,n/a_fresh_row
known_holdout,Tetramorium immigrans,tetramorium-immigrans,569552,569694,fd5cc65e-f4b2-4c81-a4af-f1f287d065c9,724335,https://inaturalist-open-data.s3.amazonaws.com/photos/724335/large.jpg,cc-by,"(c) Justin Johnsen, some rights reserved (CC BY)",64580a346ec5dfd3bc44461b9c5f0fd0e8213a115256710651082d88abf21e25,450294,1024,768,inat_api_gate_v2_readiness,n/a_fresh_row,n/a_fresh_row,n/a_fresh_row,n/a_fresh_row,n/a_fresh_row,n/a_fresh_row,569552,Tetramorium immigrans,species,network,https://inaturalist-open-data.s3.amazonaws.com/photos/724335/square.jpg,n/a_fresh_row
known_holdout,Tetramorium immigrans,tetramorium-immigrans,569552,3198270,738f555a-0d9d-41b4-98af-2cba29465e84,3701194,https://inaturalist-open-data.s3.amazonaws.com/photos/3701194/large.jpg,cc-by-nc,"(c) Jennifer Rycenga, some rights reserved (CC BY-NC)",ace3a75bfc1df0ad63ab117c9d893a47cf6d29db5cdb6b5fb1797b57d451a4c7,1262742,768,1024,inat_api_gate_v2_readiness,n/a_fresh_row,n/a_fresh_row,n/a_fresh_row,n/a_fresh_row,n/a_fresh_row,n/a_fresh_row,569552,Tetramorium immigrans,species,network,https://inaturalist-open-data.s3.amazonaws.com/photos/3701194/square.jpg,n/a_fresh_row
known_holdout,Tetramorium immigrans,tetramorium-immigrans,569552,1391931,5d7c66af-8084-4a55-a3b6-22b345b8a5e5,1720929,https://inaturalist-open-data.s3.amazonaws.com/photos/1720929/large.jpg,cc-by-nc,"(c) Jennifer Rycenga, some rights reserved (CC BY-NC)",115226ac979c2f49de87f9411bf2e84103aef9fecd43be174b0950adbb27a336,235644,497,568,inat_api_gate_v2_readiness,n/a_fresh_row,n/a_fresh_row,n/a_fresh_row,n/a_fresh_row,n/a_fresh_row,n/a_fresh_row,569552,Tetramorium immigrans,species,network,https://inaturalist-open-data.s3.amazonaws.com/photos/1720929/square.jpg,n/a_fresh_row
known_holdout,Tetramorium immigrans,tetramorium-immigrans,569552,126169,0d8fe8b3-d85f-4f1a-b113-25ffd25bd8d4,178577,https://inaturalist-open-data.s3.amazonaws.com/photos/178577/large.jpg,cc-by-nc-sa,"(c) 109483576619263888197, some rights reserved (CC BY-NC-SA)",d04ba03452997381ab706ac564058c7c8105f606b19cce68c6aae59d3ba857d6,66033,512,382,inat_api_gate_v2_readiness,n/a_fresh_row,n/a_fresh_row,n/a_fresh_row,n/a_fresh_row,n/a_fresh_row,n/a_fresh_row,569552,Tetramorium immigrans,species,network,https://inaturalist-open-data.s3.amazonaws.com/photos/178577/square.jpg,n/a_fresh_row
known_holdout,Tetramorium immigrans,tetramorium-immigrans,569552,676096,0d8af507-3fc5-451d-84af-b4ee7d440cf6,851701,https://inaturalist-open-data.s3.amazonaws.com/photos/851701/large.jpg,cc-by,"(c) Justin, some rights reserved (CC BY)",bcb588669833daf903f18667ed47649713ed08901559bca83412d063fa358fa1,485320,778,710,inat_api_gate_v2_readiness,n/a_fresh_row,n/a_fresh_row,n/a_fresh_row,n/a_fresh_row,n/a_fresh_row,n/a_fresh_row,569552,Tetramorium immigrans,species,network,https://inaturalist-open-data.s3.amazonaws.com/photos/851701/square.jpg,n/a_fresh_row
known_holdout,Tetraponera rufonigra,tetraponera-rufonigra,155026,6221521,81ff10bb-5c3d-4e15-bc05-9874c63f2e58,7816754,https://inaturalist-open-data.s3.amazonaws.com/photos/7816754/large.jpeg,cc-by-nc,"(c) hazreeneleida, some rights reserved (CC BY-NC)",fd8a0d31a6b1a994d5633c6e57ea51365a710654f6657898549f6c0795ec331b,550549,577,1024,inat_api_gate_v2_readiness,n/a_fresh_row,n/a_fresh_row,n/a_fresh_row,n/a_fresh_row,n/a_fresh_row,n/a_fresh_row,155026,Tetraponera rufonigra,species,network,https://inaturalist-open-data.s3.amazonaws.com/photos/7816754/square.jpeg,n/a_fresh_row
known_holdout,Tetraponera rufonigra,tetraponera-rufonigra,155026,10011627,e37c2379-eaa6-42fc-b285-060705a462c7,13767863,https://inaturalist-open-data.s3.amazonaws.com/photos/13767863/large.jpeg,cc-by-nc,"(c) aimiayuni98, some rights reserved (CC BY-NC)",fe931220b79aa5b8adcb198aa5e8a702dd3437b6d465ab1b4ee780e96c9a279d,750500,908,1024,inat_api_gate_v2_readiness,n/a_fresh_row,n/a_fresh_row,n/a_fresh_row,n/a_fresh_row,n/a_fresh_row,n/a_fresh_row,155026,Tetraponera rufonigra,species,network,https://inaturalist-open-data.s3.amazonaws.com/photos/13767863/square.jpeg,n/a_fresh_row
known_holdout,Tetraponera rufonigra,tetraponera-rufonigra,155026,9053038,5b0969ec-82db-494f-8a5e-d5ffb4114a90,12219662,https://inaturalist-open-data.s3.amazonaws.com/photos/12219662/large.jpeg,cc-by-nc,"(c) suyuahmad, some rights reserved (CC BY-NC)",a5c5574d3779514a956b7a777dc23b3a7a03494b42eaf44a1e1d7599354d5a66,62527,1024,768,inat_api_gate_v2_readiness,n/a_fresh_row,n/a_fresh_row,n/a_fresh_row,n/a_fresh_row,n/a_fresh_row,n/a_fresh_row,155026,Tetraponera rufonigra,species,network,https://inaturalist-open-data.s3.amazonaws.com/photos/12219662/square.jpeg,n/a_fresh_row
known_holdout,Tetraponera rufonigra,tetraponera-rufonigra,155026,10150665,dc233626-b9eb-4aa5-b181-6830afc8266d,14006612,https://inaturalist-open-data.s3.amazonaws.com/photos/14006612/large.jpeg,cc-by,"(c) anukma, some rights reserved (CC BY)",8db316a5200cbbc5dedcbe6b7464b1bbf27a197c357dd0990230820eea548069,428487,827,1024,inat_api_gate_v2_readiness,n/a_fresh_row,n/a_fresh_row,n/a_fresh_row,n/a_fresh_row,n/a_fresh_row,n/a_fresh_row,155026,Tetraponera rufonigra,species,network,https://inaturalist-open-data.s3.amazonaws.com/photos/14006612/square.jpeg,n/a_fresh_row
known_holdout,Tetraponera rufonigra,tetraponera-rufonigra,155026,134812,e4be6b6b-2994-4cc6-91de-26cfa60a1644,187874,https://inaturalist-open-data.s3.amazonaws.com/photos/187874/large.jpg,cc-by-nc-sa,"(c) Vijay Anand Ismavel, some rights reserved (CC BY-NC-SA)",f375025fc66fcf20dcad26e8fb4bbf3419cd2a6937437e306cbe4b28507dd420,720999,1024,683,inat_api_gate_v2_readiness,n/a_fresh_row,n/a_fresh_row,n/a_fresh_row,n/a_fresh_row,n/a_fresh_row,n/a_fresh_row,155026,Tetraponera rufonigra,species,network,https://inaturalist-open-data.s3.amazonaws.com/photos/187874/square.jpg,n/a_fresh_row
known_holdout,Tetraponera rufonigra,tetraponera-rufonigra,155026,9075689,6cc69c60-91b5-443c-bd21-3912b0fa257f,12257508,https://inaturalist-open-data.s3.amazonaws.com/photos/12257508/large.jpg,cc-by-nc,"(c) djhiker, some rights reserved (CC BY-NC)",2b2b9a5c71acfea80d5ee1cd47556770413025b0f52e4aa4abe98b962f162237,288865,1000,707,inat_api_gate_v2_readiness,n/a_fresh_row,n/a_fresh_row,n/a_fresh_row,n/a_fresh_row,n/a_fresh_row,n/a_fresh_row,155026,Tetraponera rufonigra,species,network,https://inaturalist-open-data.s3.amazonaws.com/photos/12257508/square.jpg,n/a_fresh_row
known_holdout,Tetraponera rufonigra,tetraponera-rufonigra,155026,11879331,c203e7a4-2cb1-44e6-8d9c-38ce840f4302,17004274,https://inaturalist-open-data.s3.amazonaws.com/photos/17004274/large.jpeg,cc-by-nc,"(c) Rushabh Balu Chaudhari, some rights reserved (CC BY-NC)",3bf24d16f835bd98fc534c3341193403cf2444ea89e16ec7b9a4ad083fe838d4,257678,576,1024,inat_api_gate_v2_readiness,n/a_fresh_row,n/a_fresh_row,n/a_fresh_row,n/a_fresh_row,n/a_fresh_row,n/a_fresh_row,155026,Tetraponera rufonigra,species,network,https://inaturalist-open-data.s3.amazonaws.com/photos/17004274/square.jpeg,n/a_fresh_row
known_holdout,Tetraponera rufonigra,tetraponera-rufonigra,155026,9998424,5dce7e04-a517-4593-851f-493404fe9372,13745947,https://inaturalist-open-data.s3.amazonaws.com/photos/13745947/large.jpeg,cc-by-nc,"(c) Nor Siti Aishah binti Abd Hamid, some rights reserved (CC BY-NC)",e261543740faccadc573909dc19b190ceb109c6b52f8b179e52116bd92ab05e6,542756,757,1024,inat_api_gate_v2_readiness,n/a_fresh_row,n/a_fresh_row,n/a_fresh_row,n/a_fresh_row,n/a_fresh_row,n/a_fresh_row,155026,Tetraponera rufonigra,species,network,https://inaturalist-open-data.s3.amazonaws.com/photos/13745947/square.jpeg,n/a_fresh_row
known_holdout,Tetraponera rufonigra,tetraponera-rufonigra,155026,5672578,7baff4e4-6f21-42cb-9cb4-fd1535ff5407,7025326,https://inaturalist-open-data.s3.amazonaws.com/photos/7025326/large.png,cc-by-nc,"(c) vince95, some rights reserved (CC BY-NC)",1f87bf122a6f80cfa1683aee5bd87de06824a354048429a8b9f49e8a4e41397d,1042603,576,1024,inat_api_gate_v2_readiness,n/a_fresh_row,n/a_fresh_row,n/a_fresh_row,n/a_fresh_row,n/a_fresh_row,n/a_fresh_row,155026,Tetraponera rufonigra,species,network,https://inaturalist-open-data.s3.amazonaws.com/photos/7025326/square.png,n/a_fresh_row
known_holdout,Tetraponera rufonigra,tetraponera-rufonigra,155026,9080255,155eb2b4-e7f9-45d6-be4c-4be5b6268bd1,12262284,https://inaturalist-open-data.s3.amazonaws.com/photos/12262284/large.jpg,cc-by-nc,"(c) djhiker, some rights reserved (CC BY-NC)",77e1ef8ce44e312c5ca3159a85d9470bfb11e0afb1cd2614e4fec9e42a981a2f,295109,1000,707,inat_api_gate_v2_readiness,n/a_fresh_row,n/a_fresh_row,n/a_fresh_row,n/a_fresh_row,n/a_fresh_row,n/a_fresh_row,155026,Tetraponera rufonigra,species,network,https://inaturalist-open-data.s3.amazonaws.com/photos/12262284/square.jpg,n/a_fresh_row
known_holdout,Veromessor pergandei,veromessor-pergandei,371172,1107640,51b50c5d-c806-44ea-9f37-ec5de1c93172,1392537,https://inaturalist-open-data.s3.amazonaws.com/photos/1392537/large.JPG,cc-by,"(c) Sam Kieschnick, some rights reserved (CC BY)",12a551636015fa39c3e97ca91fe2c48e41b172ef44e484a7e124a2b51567449d,274144,1024,768,inat_api_gate_v2_readiness,n/a_fresh_row,n/a_fresh_row,n/a_fresh_row,n/a_fresh_row,n/a_fresh_row,n/a_fresh_row,371172,Veromessor pergandei,species,network,https://inaturalist-open-data.s3.amazonaws.com/photos/1392537/square.JPG,n/a_fresh_row
known_holdout,Veromessor pergandei,veromessor-pergandei,371172,1496283,dde4c8a2-f872-4863-b885-88748e497a4e,1853458,https://inaturalist-open-data.s3.amazonaws.com/photos/1853458/large.JPG,cc-by-nc,"(c) James Bailey, some rights reserved (CC BY-NC)",046e513860af31ff6a4d84b122cd12f17ea04366b9defaabb260f4fed3e408c8,409206,1024,788,inat_api_gate_v2_readiness,n/a_fresh_row,n/a_fresh_row,n/a_fresh_row,n/a_fresh_row,n/a_fresh_row,n/a_fresh_row,371172,Veromessor pergandei,species,network,https://inaturalist-open-data.s3.amazonaws.com/photos/1853458/square.JPG,n/a_fresh_row
known_holdout,Veromessor pergandei,veromessor-pergandei,371172,1218994,a096e269-faaa-43c5-bc9d-3995140e0dc3,1538584,https://inaturalist-open-data.s3.amazonaws.com/photos/1538584/large.jpg,cc-by,"(c) Jesse Rorabaugh, some rights reserved (CC BY)",3ade45c8412cfbdd0ebbbd62170e34b47bfb2f7a29ed58c1d391c760777553fc,268618,521,521,inat_api_gate_v2_readiness,n/a_fresh_row,n/a_fresh_row,n/a_fresh_row,n/a_fresh_row,n/a_fresh_row,n/a_fresh_row,371172,Veromessor pergandei,species,network,https://inaturalist-open-data.s3.amazonaws.com/photos/1538584/square.jpg,n/a_fresh_row
known_holdout,Veromessor pergandei,veromessor-pergandei,371172,2409204,c58c93ee-e184-41f7-9a2b-f59cd85fddad,2688637,https://inaturalist-open-data.s3.amazonaws.com/photos/2688637/large.jpg,cc-by-nc,"(c) Colin Barrows, some rights reserved (CC BY-NC)",9692092867a4e2b417abfab82e79a56214e1f2915437c153023e7e602afc2bc7,297990,1024,640,inat_api_gate_v2_readiness,n/a_fresh_row,n/a_fresh_row,n/a_fresh_row,n/a_fresh_row,n/a_fresh_row,n/a_fresh_row,371172,Veromessor pergandei,species,network,https://inaturalist-open-data.s3.amazonaws.com/photos/2688637/square.jpg,n/a_fresh_row
known_holdout,Veromessor pergandei,veromessor-pergandei,371172,220489,b88fcddc-509a-4d49-bd60-c9a91d5f236a,277824,https://inaturalist-open-data.s3.amazonaws.com/photos/277824/large.jpg,cc-by-nc,"(c) BJ Stacey, some rights reserved (CC BY-NC)",0c2760f8861bf21d5664074d6a404088b1312d03644a27ec7d81a21f7a5175f2,108728,713,474,inat_api_gate_v2_readiness,n/a_fresh_row,n/a_fresh_row,n/a_fresh_row,n/a_fresh_row,n/a_fresh_row,n/a_fresh_row,371172,Veromessor pergandei,species,network,https://inaturalist-open-data.s3.amazonaws.com/photos/277824/square.jpg,n/a_fresh_row
known_holdout,Veromessor pergandei,veromessor-pergandei,371172,1360808,95fe0aa8-d64d-4bed-8405-3445b633cfee,1682751,https://inaturalist-open-data.s3.amazonaws.com/photos/1682751/large.JPG,cc-by,"(c) Jesse Rorabaugh, some rights reserved (CC BY)",ee91f663ff06a8556531d37126339a64f228127610248a0b795c06a680790754,526086,813,1024,inat_api_gate_v2_readiness,n/a_fresh_row,n/a_fresh_row,n/a_fresh_row,n/a_fresh_row,n/a_fresh_row,n/a_fresh_row,371172,Veromessor pergandei,species,network,https://inaturalist-open-data.s3.amazonaws.com/photos/1682751/square.JPG,n/a_fresh_row
known_holdout,Veromessor pergandei,veromessor-pergandei,371172,2584838,b1a86f9d-be7a-40bc-804c-42eec21c575f,2886932,https://inaturalist-open-data.s3.amazonaws.com/photos/2886932/large.jpeg,cc-by,"(c) Millie Basden, some rights reserved (CC BY)",f0bc5c78431c318103b4e131019e1eda556e01ec618d39e6ca3c6e5e916dbe38,640911,576,1024,inat_api_gate_v2_readiness,n/a_fresh_row,n/a_fresh_row,n/a_fresh_row,n/a_fresh_row,n/a_fresh_row,n/a_fresh_row,371172,Veromessor pergandei,species,network,https://inaturalist-open-data.s3.amazonaws.com/photos/2886932/square.jpeg,n/a_fresh_row
known_holdout,Veromessor pergandei,veromessor-pergandei,371172,1424476,bffb00cd-75b7-48a1-874f-d7627d7dcee5,1762936,https://inaturalist-open-data.s3.amazonaws.com/photos/1762936/large.JPG,cc-by,"(c) Jesse Rorabaugh, some rights reserved (CC BY)",6ca4db0e3b5de26579d81203b8bd3a59e99f45d9125158990d549e0a1bfbcffc,457918,966,1024,inat_api_gate_v2_readiness,n/a_fresh_row,n/a_fresh_row,n/a_fresh_row,n/a_fresh_row,n/a_fresh_row,n/a_fresh_row,371172,Veromessor pergandei,species,network,https://inaturalist-open-data.s3.amazonaws.com/photos/1762936/square.JPG,n/a_fresh_row
known_holdout,Veromessor pergandei,veromessor-pergandei,371172,608348,d3832744-db7a-4e85-9858-d199d1521086,767002,https://inaturalist-open-data.s3.amazonaws.com/photos/767002/large.JPG,cc-by-nc-sa,"(c) Matthew O'Donnell, some rights reserved (CC BY-NC-SA)",92fefaf6aa8fe4bbdc33b540967510180fbfd816747026c0b643407ebcf4a056,563901,1024,1024,inat_api_gate_v2_readiness,n/a_fresh_row,n/a_fresh_row,n/a_fresh_row,n/a_fresh_row,n/a_fresh_row,n/a_fresh_row,371172,Veromessor pergandei,species,network,https://inaturalist-open-data.s3.amazonaws.com/photos/767002/square.JPG,n/a_fresh_row
known_holdout,Veromessor pergandei,veromessor-pergandei,371172,1360870,c19e872b-28cc-4ce2-9838-8edfdb730a55,1682859,https://inaturalist-open-data.s3.amazonaws.com/photos/1682859/large.JPG,cc-by,"(c) Jesse Rorabaugh, some rights reserved (CC BY)",df09de79e4a7d78e8d0e758e4cd631322f112d7af410536b00bf09b23b70e5be,317551,1024,768,inat_api_gate_v2_readiness,n/a_fresh_row,n/a_fresh_row,n/a_fresh_row,n/a_fresh_row,n/a_fresh_row,n/a_fresh_row,371172,Veromessor pergandei,species,network,https://inaturalist-open-data.s3.amazonaws.com/photos/1682859/square.JPG,n/a_fresh_row
out_of_scope_ant,Acromyrmex octospinosus,acromyrmex-octospinosus,265941,67595894,e0e3ddf2-a861-44f0-97df-69ae5edb9110,109250201,https://inaturalist-open-data.s3.amazonaws.com/photos/109250201/large.jpeg,cc-by-nc,"(c) Prash, some rights reserved (CC BY-NC)",5dea4ff0e4dcac241e6d0ba1896b38e5d700e111ddc1c986628d47bdf3121480,317417,498,1024,inat_api_gate_v2_readiness,n/a_fresh_row,n/a_fresh_row,n/a_fresh_row,n/a_fresh_row,n/a_fresh_row,n/a_fresh_row,265941,Acromyrmex octospinosus,not_recorded_in_source,network,https://inaturalist-open-data.s3.amazonaws.com/photos/109250201/square.jpeg,n/a_fresh_row
out_of_scope_ant,Acromyrmex octospinosus,acromyrmex-octospinosus,265941,103308924,4bf6d8f9-e659-43d6-ab5f-074c0100c4a4,172871147,https://inaturalist-open-data.s3.amazonaws.com/photos/172871147/large.jpg,cc-by-nc,"(c) Dr M Chin Sue Min, some rights reserved (CC BY-NC)",e83e32e0438077b3e857d9ad9748d04e7a70118beb8a211dce690b66579dc4cd,154360,768,1024,inat_api_gate_v2_readiness,n/a_fresh_row,n/a_fresh_row,n/a_fresh_row,n/a_fresh_row,n/a_fresh_row,n/a_fresh_row,265941,Acromyrmex octospinosus,not_recorded_in_source,network,https://inaturalist-open-data.s3.amazonaws.com/photos/172871147/square.jpg,n/a_fresh_row
out_of_scope_ant,Acromyrmex octospinosus,acromyrmex-octospinosus,265941,100871282,c073d60c-d6b7-4658-b0a9-3122f799ae55,168401352,https://inaturalist-open-data.s3.amazonaws.com/photos/168401352/large.jpg,cc-by-nc,"(c) Dr M Chin Sue Min, some rights reserved (CC BY-NC)",dd096fdc9d62a7dca735054412adc767f4f155cb7ad2ef701e7b9efb141f2c2e,253713,768,1024,inat_api_gate_v2_readiness,n/a_fresh_row,n/a_fresh_row,n/a_fresh_row,n/a_fresh_row,n/a_fresh_row,n/a_fresh_row,265941,Acromyrmex octospinosus,not_recorded_in_source,network,https://inaturalist-open-data.s3.amazonaws.com/photos/168401352/square.jpg,n/a_fresh_row
out_of_scope_ant,Acromyrmex octospinosus,acromyrmex-octospinosus,265941,77477626,57c391d6-cc6a-44eb-a8c3-77120341322d,126711222,https://inaturalist-open-data.s3.amazonaws.com/photos/126711222/large.jpeg,cc-by-nc,"(c) Dr M Chin Sue Min, some rights reserved (CC BY-NC)",13da5ff2ca7018e8c2d2fd603f9a21f68c3ac594bd4a69434042706d2e2a3ff0,260969,768,1024,inat_api_gate_v2_readiness,n/a_fresh_row,n/a_fresh_row,n/a_fresh_row,n/a_fresh_row,n/a_fresh_row,n/a_fresh_row,265941,Acromyrmex octospinosus,not_recorded_in_source,network,https://inaturalist-open-data.s3.amazonaws.com/photos/126711222/square.jpeg,n/a_fresh_row
out_of_scope_ant,Acromyrmex octospinosus,acromyrmex-octospinosus,265941,98828018,dc5c6d6c-d12a-4afd-8237-4be932b20eb4,164626628,https://inaturalist-open-data.s3.amazonaws.com/photos/164626628/large.jpg,cc0,no rights reserved,8a251b9d51e026397becdc9c32d348290f89fd069b53db9554b6f907580924d7,200061,1024,680,inat_api_gate_v2_readiness,n/a_fresh_row,n/a_fresh_row,n/a_fresh_row,n/a_fresh_row,n/a_fresh_row,n/a_fresh_row,265941,Acromyrmex octospinosus,not_recorded_in_source,network,https://inaturalist-open-data.s3.amazonaws.com/photos/164626628/square.jpg,n/a_fresh_row
out_of_scope_ant,Acromyrmex octospinosus,acromyrmex-octospinosus,265941,102747700,1781b37a-7754-49b5-8242-9bf9779c3fef,171820676,https://inaturalist-open-data.s3.amazonaws.com/photos/171820676/large.jpg,cc-by-nc,"(c) Merav Vonshak, some rights reserved (CC BY-NC)",ce517cdec0d54b45c4ee7918fc72853a39ae644ad5cb892098a8f84be60b893d,182810,1024,683,inat_api_gate_v2_readiness,n/a_fresh_row,n/a_fresh_row,n/a_fresh_row,n/a_fresh_row,n/a_fresh_row,n/a_fresh_row,265941,Acromyrmex octospinosus,not_recorded_in_source,network,https://inaturalist-open-data.s3.amazonaws.com/photos/171820676/square.jpg,n/a_fresh_row
out_of_scope_ant,Acromyrmex octospinosus,acromyrmex-octospinosus,265941,56810603,aaf7705f-934d-445d-bdd8-34d44b936a47,90560715,https://inaturalist-open-data.s3.amazonaws.com/photos/90560715/large.jpeg,cc-by-sa,"(c) Juan Cruzado Cortés, some rights reserved (CC BY-SA)",4c4747288165d578a58a8675b6fecd807badebf5c4f6dd671154bddd3eb1cfac,109195,1024,683,inat_api_gate_v2_readiness,n/a_fresh_row,n/a_fresh_row,n/a_fresh_row,n/a_fresh_row,n/a_fresh_row,n/a_fresh_row,265941,Acromyrmex octospinosus,not_recorded_in_source,network,https://inaturalist-open-data.s3.amazonaws.com/photos/90560715/square.jpeg,n/a_fresh_row
out_of_scope_ant,Acromyrmex octospinosus,acromyrmex-octospinosus,265941,44813308,92314016-b7a3-4eab-9fe9-8caf38a211de,71041058,https://inaturalist-open-data.s3.amazonaws.com/photos/71041058/large.jpeg,cc-by-nc,"(c) Amy Deacon, some rights reserved (CC BY-NC)",0d9c7ec8a9dd1f45cf42205bcb1c7551ed02157db9f6c0cf2a6430ffe1e59579,197107,1024,768,inat_api_gate_v2_readiness,n/a_fresh_row,n/a_fresh_row,n/a_fresh_row,n/a_fresh_row,n/a_fresh_row,n/a_fresh_row,265941,Acromyrmex octospinosus,not_recorded_in_source,network,https://inaturalist-open-data.s3.amazonaws.com/photos/71041058/square.jpeg,n/a_fresh_row
out_of_scope_ant,Acromyrmex octospinosus,acromyrmex-octospinosus,265941,37100742,e2875955-f0d5-49d6-924a-f31e8aff8539,58758622,https://inaturalist-open-data.s3.amazonaws.com/photos/58758622/large.jpeg,cc-by-nc,"(c) Erick Noe Tapia Banda, some rights reserved (CC BY-NC)",2226ca1b31e6b8c20589ef9edc34a851a77e3a6e8f89613fddfa0c9e30a49833,279867,1024,681,inat_api_gate_v2_readiness,n/a_fresh_row,n/a_fresh_row,n/a_fresh_row,n/a_fresh_row,n/a_fresh_row,n/a_fresh_row,265941,Acromyrmex octospinosus,not_recorded_in_source,network,https://inaturalist-open-data.s3.amazonaws.com/photos/58758622/square.jpeg,n/a_fresh_row
out_of_scope_ant,Acromyrmex octospinosus,acromyrmex-octospinosus,265941,102011549,528c7c0a-1cac-4a0f-8a5f-1552fc7cea33,170445680,https://inaturalist-open-data.s3.amazonaws.com/photos/170445680/large.jpg,cc-by-nc,"(c) Nic Korte, some rights reserved (CC BY-NC)",bf0360dd507ce26af9fbd1b6cdc793b5dfdfc28576339905d9b2eb86a804426c,573593,1023,816,inat_api_gate_v2_readiness,n/a_fresh_row,n/a_fresh_row,n/a_fresh_row,n/a_fresh_row,n/a_fresh_row,n/a_fresh_row,265941,Acromyrmex octospinosus,not_recorded_in_source,network,https://inaturalist-open-data.s3.amazonaws.com/photos/170445680/square.jpg,n/a_fresh_row
out_of_scope_ant,Acromyrmex octospinosus,acromyrmex-octospinosus,265941,65355148,fce5db4f-5a3d-4ad2-8fcd-fa96ae4e292c,105174398,https://inaturalist-open-data.s3.amazonaws.com/photos/105174398/large.jpeg,cc-by-nc,"(c) Mark Hulme, some rights reserved (CC BY-NC)",0421504bc5be48f4167f69684a3a1fc71479b122ddd09a35d056dbf196fde766,390090,1024,683,inat_api_gate_v2_readiness,n/a_fresh_row,n/a_fresh_row,n/a_fresh_row,n/a_fresh_row,n/a_fresh_row,n/a_fresh_row,265941,Acromyrmex octospinosus,not_recorded_in_source,network,https://inaturalist-open-data.s3.amazonaws.com/photos/105174398/square.jpeg,n/a_fresh_row
out_of_scope_ant,Acromyrmex octospinosus,acromyrmex-octospinosus,265941,63252843,1521ce46-f4d5-4d78-98f9-8a7d236e42e3,101590651,https://inaturalist-open-data.s3.amazonaws.com/photos/101590651/large.jpeg,cc-by-nc,"(c) Xavierfr, some rights reserved (CC BY-NC)",b02584d389f47ce60824d6659273b5ef01f0e5eb142ec5ed8471f300ab477a56,605072,768,1024,inat_api_gate_v2_readiness,n/a_fresh_row,n/a_fresh_row,n/a_fresh_row,n/a_fresh_row,n/a_fresh_row,n/a_fresh_row,265941,Acromyrmex octospinosus,not_recorded_in_source,network,https://inaturalist-open-data.s3.amazonaws.com/photos/101590651/square.jpeg,n/a_fresh_row
out_of_scope_ant,Acromyrmex octospinosus,acromyrmex-octospinosus,265941,44487803,d76529fe-018d-4e4d-8bb1-9c1e956c8906,70534906,https://inaturalist-open-data.s3.amazonaws.com/photos/70534906/large.jpeg,cc-by-nc,"(c) Tom Murray, some rights reserved (CC BY-NC)",7e45e0ecd4b5b0fb0890a82935307aa1c8b66fa030c95752fbe4b24dffaaddcd,305153,800,600,inat_api_gate_v2_readiness,n/a_fresh_row,n/a_fresh_row,n/a_fresh_row,n/a_fresh_row,n/a_fresh_row,n/a_fresh_row,265941,Acromyrmex octospinosus,not_recorded_in_source,network,https://inaturalist-open-data.s3.amazonaws.com/photos/70534906/square.jpeg,n/a_fresh_row
out_of_scope_ant,Acromyrmex octospinosus,acromyrmex-octospinosus,265941,65352926,617b8f34-cfd7-4377-a57e-d28ce2e3e818,105170979,https://inaturalist-open-data.s3.amazonaws.com/photos/105170979/large.jpg,cc-by-nc,"(c) lynlopez, some rights reserved (CC BY-NC)",016384ec11251d44f6ef4dab591dac718056394d55fe07821c0db503bde23d67,406575,768,1024,inat_api_gate_v2_readiness,n/a_fresh_row,n/a_fresh_row,n/a_fresh_row,n/a_fresh_row,n/a_fresh_row,n/a_fresh_row,265941,Acromyrmex octospinosus,not_recorded_in_source,network,https://inaturalist-open-data.s3.amazonaws.com/photos/105170979/square.jpg,n/a_fresh_row
out_of_scope_ant,Acromyrmex octospinosus,acromyrmex-octospinosus,265941,102185565,e8b05fc5-8b5c-4bdc-b343-6246eaa8357d,170764930,https://inaturalist-open-data.s3.amazonaws.com/photos/170764930/large.jpg,cc-by-nc,"(c) Dr M Chin Sue Min, some rights reserved (CC BY-NC)",48a4c80bc5a135dc8a2f70248b4b2d440c28b2b3dc953bfbfd5da2e41c144c82,138484,1024,768,inat_api_gate_v2_readiness,n/a_fresh_row,n/a_fresh_row,n/a_fresh_row,n/a_fresh_row,n/a_fresh_row,n/a_fresh_row,265941,Acromyrmex octospinosus,not_recorded_in_source,network,https://inaturalist-open-data.s3.amazonaws.com/photos/170764930/square.jpg,n/a_fresh_row
out_of_scope_ant,Acromyrmex octospinosus,acromyrmex-octospinosus,265941,64946628,df2930ea-3757-4973-84e7-ecfaf274d6a4,104495608,https://inaturalist-open-data.s3.amazonaws.com/photos/104495608/large.jpg,cc-by-nc,"(c) shivanand1, some rights reserved (CC BY-NC)",5ae1e227ece0f328283ada73629c5fd965099d651050217a87cf29e1eb75719d,327433,768,1024,inat_api_gate_v2_readiness,n/a_fresh_row,n/a_fresh_row,n/a_fresh_row,n/a_fresh_row,n/a_fresh_row,n/a_fresh_row,265941,Acromyrmex octospinosus,not_recorded_in_source,network,https://inaturalist-open-data.s3.amazonaws.com/photos/104495608/square.jpg,n/a_fresh_row
out_of_scope_ant,Acromyrmex octospinosus,acromyrmex-octospinosus,265941,99981108,1b8aa3c5-ee2e-4f10-82c8-d2b77567823d,166797370,https://inaturalist-open-data.s3.amazonaws.com/photos/166797370/large.jpeg,cc-by-nc,"(c) sarikaseenath, some rights reserved (CC BY-NC)",a89722f0d64b3db3de1e99bf1bfbb81d4869167be2aeb0762ed66eb4241c0b7b,110558,768,1024,inat_api_gate_v2_readiness,n/a_fresh_row,n/a_fresh_row,n/a_fresh_row,n/a_fresh_row,n/a_fresh_row,n/a_fresh_row,265941,Acromyrmex octospinosus,not_recorded_in_source,network,https://inaturalist-open-data.s3.amazonaws.com/photos/166797370/square.jpeg,n/a_fresh_row
out_of_scope_ant,Acromyrmex octospinosus,acromyrmex-octospinosus,265941,4602256,d6c0c563-8d8e-490e-8621-b089d34b4b04,5563979,https://inaturalist-open-data.s3.amazonaws.com/photos/5563979/large.jpg,cc-by,"(c) Jessica, some rights reserved (CC BY)",2a99762f5a1f677a6b4530a7b2357cada5cc519143f9bf66e1ee262f47ff64f7,327401,782,644,inat_api_gate_v2_readiness,n/a_fresh_row,n/a_fresh_row,n/a_fresh_row,n/a_fresh_row,n/a_fresh_row,n/a_fresh_row,265941,Acromyrmex octospinosus,not_recorded_in_source,network,https://inaturalist-open-data.s3.amazonaws.com/photos/5563979/square.jpg,n/a_fresh_row
out_of_scope_ant,Acromyrmex octospinosus,acromyrmex-octospinosus,265941,41270172,da2ccb11-c438-4531-82da-7c13b2ac84ad,65455234,https://inaturalist-open-data.s3.amazonaws.com/photos/65455234/large.jpeg,cc-by-nc,"(c) Jason J. Dombroskie, some rights reserved (CC BY-NC)",e209ea2648a9cab0fe4d43ba3888fa7fc579917a625915453d140b970adcd020,489986,1024,766,inat_api_gate_v2_readiness,n/a_fresh_row,n/a_fresh_row,n/a_fresh_row,n/a_fresh_row,n/a_fresh_row,n/a_fresh_row,265941,Acromyrmex octospinosus,not_recorded_in_source,network,https://inaturalist-open-data.s3.amazonaws.com/photos/65455234/square.jpeg,n/a_fresh_row
out_of_scope_ant,Acromyrmex octospinosus,acromyrmex-octospinosus,265941,76033546,e7ac590d-9b91-443a-8694-6b95e918c2e7,124406439,https://inaturalist-open-data.s3.amazonaws.com/photos/124406439/large.jpg,cc-by-nc-sa,"(c) Alejandra Flores, some rights reserved (CC BY-NC-SA)",b9c015ef33f6fa4bb0b6be795fabfdfe2599c9a07ddb48f78b0f3137a1e82405,177641,768,1024,inat_api_gate_v2_readiness,n/a_fresh_row,n/a_fresh_row,n/a_fresh_row,n/a_fresh_row,n/a_fresh_row,n/a_fresh_row,265941,Acromyrmex octospinosus,not_recorded_in_source,network,https://inaturalist-open-data.s3.amazonaws.com/photos/124406439/square.jpg,n/a_fresh_row
out_of_scope_ant,Acromyrmex octospinosus,acromyrmex-octospinosus,265941,67885994,fa2dab6a-7622-4dc6-a3dc-3f88d0f7ecf5,109795472,https://inaturalist-open-data.s3.amazonaws.com/photos/109795472/large.jpg,cc-by-nc,"(c) Bryan Ramdeen, some rights reserved (CC BY-NC)",bf5c068b691e6d08b8401bbc4e28e368b904fad01f2320bc9f42c7e77a4ef7fa,305634,1024,683,inat_api_gate_v2_readiness,n/a_fresh_row,n/a_fresh_row,n/a_fresh_row,n/a_fresh_row,n/a_fresh_row,n/a_fresh_row,265941,Acromyrmex octospinosus,not_recorded_in_source,network,https://inaturalist-open-data.s3.amazonaws.com/photos/109795472/square.jpg,n/a_fresh_row
out_of_scope_ant,Acromyrmex octospinosus,acromyrmex-octospinosus,265941,30422785,2f07075f-d9f5-45f8-a76f-b74bb9f83d66,47530003,https://inaturalist-open-data.s3.amazonaws.com/photos/47530003/large.jpg,cc-by-nc,"(c) Dr M Chin Sue Min, some rights reserved (CC BY-NC)",5f0439e55a7970f9bfba2660793a687899220df5d42fc1cdaecd397c4d5ba2d2,555932,768,1024,inat_api_gate_v2_readiness,n/a_fresh_row,n/a_fresh_row,n/a_fresh_row,n/a_fresh_row,n/a_fresh_row,n/a_fresh_row,265941,Acromyrmex octospinosus,not_recorded_in_source,network,https://inaturalist-open-data.s3.amazonaws.com/photos/47530003/square.jpg,n/a_fresh_row
out_of_scope_ant,Acromyrmex octospinosus,acromyrmex-octospinosus,265941,91586328,3368bcd5-de46-433d-bbe8-841748464dd7,151519724,https://inaturalist-open-data.s3.amazonaws.com/photos/151519724/large.jpg,cc-by-nc,"(c) Andrés Matos, some rights reserved (CC BY-NC)",8fc5aa17f6a59e7cefdf93b9db245c8f05ab234ae85ec3f7ab9125012bf4fa97,738715,1024,683,inat_api_gate_v2_readiness,n/a_fresh_row,n/a_fresh_row,n/a_fresh_row,n/a_fresh_row,n/a_fresh_row,n/a_fresh_row,265941,Acromyrmex octospinosus,not_recorded_in_source,network,https://inaturalist-open-data.s3.amazonaws.com/photos/151519724/square.jpg,n/a_fresh_row
out_of_scope_ant,Acromyrmex octospinosus,acromyrmex-octospinosus,265941,65656342,8ea88dd0-20fb-4440-b03b-dd096d68b6c6,105710672,https://inaturalist-open-data.s3.amazonaws.com/photos/105710672/large.jpeg,cc-by-nc,"(c) Mike G. Rutherford, some rights reserved (CC BY-NC)",5a46f99cb75fc85e737b35a59623c5860a8c11f92c5b1d2182d01dde3d7f5118,193534,1024,768,inat_api_gate_v2_readiness,n/a_fresh_row,n/a_fresh_row,n/a_fresh_row,n/a_fresh_row,n/a_fresh_row,n/a_fresh_row,265941,Acromyrmex octospinosus,not_recorded_in_source,network,https://inaturalist-open-data.s3.amazonaws.com/photos/105710672/square.jpeg,n/a_fresh_row
out_of_scope_ant,Acromyrmex octospinosus,acromyrmex-octospinosus,265941,77076725,614f1870-d30d-4636-8ceb-9bb624b9f6b4,126046141,https://inaturalist-open-data.s3.amazonaws.com/photos/126046141/large.jpg,cc-by-nc,"(c) Bryan Ramdeen, some rights reserved (CC BY-NC)",8e0fe6c890618bf61db61bd1a670b52c5f1c9035e69373395df4f7e78707e55f,192119,1024,845,inat_api_gate_v2_readiness,n/a_fresh_row,n/a_fresh_row,n/a_fresh_row,n/a_fresh_row,n/a_fresh_row,n/a_fresh_row,265941,Acromyrmex octospinosus,not_recorded_in_source,network,https://inaturalist-open-data.s3.amazonaws.com/photos/126046141/square.jpg,n/a_fresh_row
out_of_scope_ant,Acromyrmex octospinosus,acromyrmex-octospinosus,265941,39413012,28e006df-8be0-403f-be10-b1483f9b806c,62526571,https://inaturalist-open-data.s3.amazonaws.com/photos/62526571/large.png,cc-by-nc,"(c) J. Jourdan, some rights reserved (CC BY-NC)",c971a3a0ff45b35da089f51a3fcfd15efe4ed8366ce4ac2fdc24546adfe780e1,781946,663,524,inat_api_gate_v2_readiness,n/a_fresh_row,n/a_fresh_row,n/a_fresh_row,n/a_fresh_row,n/a_fresh_row,n/a_fresh_row,265941,Acromyrmex octospinosus,not_recorded_in_source,network,https://inaturalist-open-data.s3.amazonaws.com/photos/62526571/square.png,n/a_fresh_row
out_of_scope_ant,Acromyrmex octospinosus,acromyrmex-octospinosus,265941,40159377,be4687f5-13cb-45b2-8f9a-52e1a3b569d1,63788164,https://inaturalist-open-data.s3.amazonaws.com/photos/63788164/large.jpeg,cc-by-sa,"(c) Juan Cruzado Cortés, some rights reserved (CC BY-SA)",470b74f36ae6399a1c1b889a1a12f345f62a803d245c3a21d4a9581b08adab5a,192236,1024,683,inat_api_gate_v2_readiness,n/a_fresh_row,n/a_fresh_row,n/a_fresh_row,n/a_fresh_row,n/a_fresh_row,n/a_fresh_row,265941,Acromyrmex octospinosus,not_recorded_in_source,network,https://inaturalist-open-data.s3.amazonaws.com/photos/63788164/square.jpeg,n/a_fresh_row
out_of_scope_ant,Acromyrmex octospinosus,acromyrmex-octospinosus,265941,103308867,8ef3c822-1960-4778-9b81-ddeb7016223b,172870976,https://inaturalist-open-data.s3.amazonaws.com/photos/172870976/large.jpg,cc-by-nc,"(c) Dr M Chin Sue Min, some rights reserved (CC BY-NC)",b84739b00fc1ed53d3f0a2d4b60177af7ee40b62cb9ede861072003645add7b1,165044,768,1024,inat_api_gate_v2_readiness,n/a_fresh_row,n/a_fresh_row,n/a_fresh_row,n/a_fresh_row,n/a_fresh_row,n/a_fresh_row,265941,Acromyrmex octospinosus,not_recorded_in_source,network,https://inaturalist-open-data.s3.amazonaws.com/photos/172870976/square.jpg,n/a_fresh_row
out_of_scope_ant,Acromyrmex octospinosus,acromyrmex-octospinosus,265941,77077246,f0ca0f74-a1de-4029-8bdb-edfc88951863,126046658,https://inaturalist-open-data.s3.amazonaws.com/photos/126046658/large.jpg,cc-by-nc,"(c) Bryan Ramdeen, some rights reserved (CC BY-NC)",d493ed89673057117c752ffbe89366cde50cf5028720b96695d31e5478baef7d,374876,1024,924,inat_api_gate_v2_readiness,n/a_fresh_row,n/a_fresh_row,n/a_fresh_row,n/a_fresh_row,n/a_fresh_row,n/a_fresh_row,265941,Acromyrmex octospinosus,not_recorded_in_source,network,https://inaturalist-open-data.s3.amazonaws.com/photos/126046658/square.jpg,n/a_fresh_row
out_of_scope_ant,Acromyrmex octospinosus,acromyrmex-octospinosus,265941,76913470,bd14536f-f417-41bd-a4f9-d37d812d49b1,125788105,https://inaturalist-open-data.s3.amazonaws.com/photos/125788105/large.jpg,cc-by-nc,"(c) Bryan Ramdeen, some rights reserved (CC BY-NC)",73af52cdd3ce2c30d67bc0f1a8c753825ff84247d310882e2517b7f2ed3f4928,451759,1024,1024,inat_api_gate_v2_readiness,n/a_fresh_row,n/a_fresh_row,n/a_fresh_row,n/a_fresh_row,n/a_fresh_row,n/a_fresh_row,265941,Acromyrmex octospinosus,not_recorded_in_source,network,https://inaturalist-open-data.s3.amazonaws.com/photos/125788105/square.jpg,n/a_fresh_row
out_of_scope_ant,Acromyrmex octospinosus,acromyrmex-octospinosus,265941,62921170,b63249d3-43d6-4b36-97e0-250cb76a1a62,100898649,https://inaturalist-open-data.s3.amazonaws.com/photos/100898649/large.jpg,cc-by-nc,"(c) Dr M Chin Sue Min, some rights reserved (CC BY-NC)",7d19bebf5ff29ab3c2a2a24e89537249ad7f2c21d210a89436836c0784e9ca68,326241,768,1024,inat_api_gate_v2_readiness,n/a_fresh_row,n/a_fresh_row,n/a_fresh_row,n/a_fresh_row,n/a_fresh_row,n/a_fresh_row,265941,Acromyrmex octospinosus,not_recorded_in_source,network,https://inaturalist-open-data.s3.amazonaws.com/photos/100898649/square.jpg,n/a_fresh_row
out_of_scope_ant,Acromyrmex octospinosus,acromyrmex-octospinosus,265941,35020556,5f440661-f391-4638-854a-36368afec649,55193274,https://inaturalist-open-data.s3.amazonaws.com/photos/55193274/large.jpg,cc-by-nc,"(c) Dr M Chin Sue Min, some rights reserved (CC BY-NC)",112d56fabca1894c3e6b321874c2f6ec1b463408b238eeccd8ed7f4fd1e819be,352002,576,1024,inat_api_gate_v2_readiness,n/a_fresh_row,n/a_fresh_row,n/a_fresh_row,n/a_fresh_row,n/a_fresh_row,n/a_fresh_row,265941,Acromyrmex octospinosus,not_recorded_in_source,network,https://inaturalist-open-data.s3.amazonaws.com/photos/55193274/square.jpg,n/a_fresh_row
out_of_scope_ant,Acromyrmex octospinosus,acromyrmex-octospinosus,265941,93630259,510d5a01-1b16-40a8-8cdf-7933cb8e1e95,155207599,https://inaturalist-open-data.s3.amazonaws.com/photos/155207599/large.jpeg,cc-by-nc,"(c) Dr M Chin Sue Min, some rights reserved (CC BY-NC)",7a5107e27fcf91a20e6e00fdf544abfde55ef88ac6352208d87d9ae588e84fc5,289155,768,1024,inat_api_gate_v2_readiness,n/a_fresh_row,n/a_fresh_row,n/a_fresh_row,n/a_fresh_row,n/a_fresh_row,n/a_fresh_row,265941,Acromyrmex octospinosus,not_recorded_in_source,network,https://inaturalist-open-data.s3.amazonaws.com/photos/155207599/square.jpeg,n/a_fresh_row
out_of_scope_ant,Acromyrmex octospinosus,acromyrmex-octospinosus,265941,80893022,c09a28a1-bd78-48c0-88da-f28e40f8a453,132623288,https://inaturalist-open-data.s3.amazonaws.com/photos/132623288/large.jpeg,cc-by-nc,"(c) Andrés Matos, some rights reserved (CC BY-NC)",e775d345f4fb3914925d479cc4a0daa38b40c61c779589031daf81acd4c5688d,516392,1024,683,inat_api_gate_v2_readiness,n/a_fresh_row,n/a_fresh_row,n/a_fresh_row,n/a_fresh_row,n/a_fresh_row,n/a_fresh_row,265941,Acromyrmex octospinosus,not_recorded_in_source,network,https://inaturalist-open-data.s3.amazonaws.com/photos/132623288/square.jpeg,n/a_fresh_row
out_of_scope_ant,Acromyrmex octospinosus,acromyrmex-octospinosus,265941,56615919,b532b99e-dd9c-4491-bdb7-d8595d29ca7d,90235285,https://inaturalist-open-data.s3.amazonaws.com/photos/90235285/large.jpg,cc-by-nc,"(c) Dr M Chin Sue Min, some rights reserved (CC BY-NC)",eeb69acc777b13a4fcd189e66e58086816ffb5d82c196af7e3392d25a820e5c3,180553,768,1024,inat_api_gate_v2_readiness,n/a_fresh_row,n/a_fresh_row,n/a_fresh_row,n/a_fresh_row,n/a_fresh_row,n/a_fresh_row,265941,Acromyrmex octospinosus,not_recorded_in_source,network,https://inaturalist-open-data.s3.amazonaws.com/photos/90235285/square.jpg,n/a_fresh_row
out_of_scope_ant,Acromyrmex octospinosus,acromyrmex-octospinosus,265941,68812903,85d7289c-5c77-4468-b579-015a9ee4b9e2,111517409,https://inaturalist-open-data.s3.amazonaws.com/photos/111517409/large.jpeg,cc-by-nc,"(c) frogman44, some rights reserved (CC BY-NC)",3d06c496717302fed07205dba5f209db188a38d362e886f7a06ff4a4a0cd1a9e,712831,768,1024,inat_api_gate_v2_readiness,n/a_fresh_row,n/a_fresh_row,n/a_fresh_row,n/a_fresh_row,n/a_fresh_row,n/a_fresh_row,265941,Acromyrmex octospinosus,not_recorded_in_source,network,https://inaturalist-open-data.s3.amazonaws.com/photos/111517409/square.jpeg,n/a_fresh_row
out_of_scope_ant,Acromyrmex octospinosus,acromyrmex-octospinosus,265941,11780717,151de46e-8839-4866-bf9c-55e07920129c,16849169,https://inaturalist-open-data.s3.amazonaws.com/photos/16849169/large.jpeg,cc-by-nc,"(c) Damien LÉONARD, some rights reserved (CC BY-NC)",7e8c40c4aa2e141d9a9c099aafa793642750ffcf3e602228e0a53aac11686be2,397302,1024,683,inat_api_gate_v2_readiness,n/a_fresh_row,n/a_fresh_row,n/a_fresh_row,n/a_fresh_row,n/a_fresh_row,n/a_fresh_row,265941,Acromyrmex octospinosus,not_recorded_in_source,network,https://inaturalist-open-data.s3.amazonaws.com/photos/16849169/square.jpeg,n/a_fresh_row
out_of_scope_ant,Acromyrmex octospinosus,acromyrmex-octospinosus,265941,66101434,26834533-c3ef-4000-b77e-1bd6d0fb0f04,106487405,https://inaturalist-open-data.s3.amazonaws.com/photos/106487405/large.jpg,cc-by-nc,"(c) Bryan Ramdeen, some rights reserved (CC BY-NC)",173af99107b1e5fe61b16c8ae387c5e9c54cce90082d324711b6f8695aa1ddba,468683,768,1024,inat_api_gate_v2_readiness,n/a_fresh_row,n/a_fresh_row,n/a_fresh_row,n/a_fresh_row,n/a_fresh_row,n/a_fresh_row,265941,Acromyrmex octospinosus,not_recorded_in_source,network,https://inaturalist-open-data.s3.amazonaws.com/photos/106487405/square.jpg,n/a_fresh_row
out_of_scope_ant,Acromyrmex octospinosus,acromyrmex-octospinosus,265941,60961764,e7269165-4d68-4460-a502-d386ac97115a,97508477,https://inaturalist-open-data.s3.amazonaws.com/photos/97508477/large.jpg,cc-by-nc,"(c) Dr M Chin Sue Min, some rights reserved (CC BY-NC)",f963740572b0392bb8d24504223af527fcdc34f8ef6168f7263e6a590dfb5ab0,267421,768,1024,inat_api_gate_v2_readiness,n/a_fresh_row,n/a_fresh_row,n/a_fresh_row,n/a_fresh_row,n/a_fresh_row,n/a_fresh_row,265941,Acromyrmex octospinosus,not_recorded_in_source,network,https://inaturalist-open-data.s3.amazonaws.com/photos/97508477/square.jpg,n/a_fresh_row
out_of_scope_ant,Acromyrmex octospinosus,acromyrmex-octospinosus,265941,77678059,68fae5fa-0309-43ec-ab4f-de947243646e,127055463,https://inaturalist-open-data.s3.amazonaws.com/photos/127055463/large.jpg,cc-by-nc,"(c) Bryan Ramdeen, some rights reserved (CC BY-NC)",4d4d0e8fc62366e24a62698186167ddc0ebe70eab7757fae06c5b1d5e729f55d,244014,1024,683,inat_api_gate_v2_readiness,n/a_fresh_row,n/a_fresh_row,n/a_fresh_row,n/a_fresh_row,n/a_fresh_row,n/a_fresh_row,265941,Acromyrmex octospinosus,not_recorded_in_source,network,https://inaturalist-open-data.s3.amazonaws.com/photos/127055463/square.jpg,n/a_fresh_row
out_of_scope_ant,Acromyrmex octospinosus,acromyrmex-octospinosus,265941,92002775,f84cf0ec-76da-48d3-b6ba-f20b5d54a40b,152263340,https://inaturalist-open-data.s3.amazonaws.com/photos/152263340/large.jpeg,cc-by-nc,"(c) Lisa Ye, some rights reserved (CC BY-NC)",ddf311e8466f14cc2ced9473eaaf7d0bc0c7ca958eaa711c4cb54a1b5e4e662c,307425,461,1024,inat_api_gate_v2_readiness,n/a_fresh_row,n/a_fresh_row,n/a_fresh_row,n/a_fresh_row,n/a_fresh_row,n/a_fresh_row,265941,Acromyrmex octospinosus,not_recorded_in_source,network,https://inaturalist-open-data.s3.amazonaws.com/photos/152263340/square.jpeg,n/a_fresh_row
out_of_scope_ant,Acromyrmex octospinosus,acromyrmex-octospinosus,265941,102985221,c1e58488-fd30-4038-be39-400f49ff7a93,172266592,https://inaturalist-open-data.s3.amazonaws.com/photos/172266592/large.jpeg,cc-by,"(c) Jonghyun Park, some rights reserved (CC BY)",a03bc06bc4d2b9ec8426fafd846e9270ae76630d6b0adafc91582c87a1e6712a,386049,1024,683,inat_api_gate_v2_readiness,n/a_fresh_row,n/a_fresh_row,n/a_fresh_row,n/a_fresh_row,n/a_fresh_row,n/a_fresh_row,265941,Acromyrmex octospinosus,not_recorded_in_source,network,https://inaturalist-open-data.s3.amazonaws.com/photos/172266592/square.jpeg,n/a_fresh_row
out_of_scope_ant,Acromyrmex octospinosus,acromyrmex-octospinosus,265941,39816848,ada647b1-84e0-42a7-a861-79f6fa8574f9,63208634,https://inaturalist-open-data.s3.amazonaws.com/photos/63208634/large.jpg,cc-by-nc,"(c) valeria89, some rights reserved (CC BY-NC)",dd4c105b261b250a5f8a637d9dd0a92c6bf7d8650bcdef8183fefa7d7681fcdf,360774,576,1024,inat_api_gate_v2_readiness,n/a_fresh_row,n/a_fresh_row,n/a_fresh_row,n/a_fresh_row,n/a_fresh_row,n/a_fresh_row,265941,Acromyrmex octospinosus,not_recorded_in_source,network,https://inaturalist-open-data.s3.amazonaws.com/photos/63208634/square.jpg,n/a_fresh_row
out_of_scope_ant,Acromyrmex octospinosus,acromyrmex-octospinosus,265941,48640285,111531e3-9961-446c-912e-544040ec850e,77189267,https://inaturalist-open-data.s3.amazonaws.com/photos/77189267/large.jpg,cc-by-nc,"(c) Dr M Chin Sue Min, some rights reserved (CC BY-NC)",c3eba28bc06fe86e04a095ce95fef4a1cbe1ca8baa85b19d21ce38ccaf737ea6,289182,768,1024,inat_api_gate_v2_readiness,n/a_fresh_row,n/a_fresh_row,n/a_fresh_row,n/a_fresh_row,n/a_fresh_row,n/a_fresh_row,265941,Acromyrmex octospinosus,not_recorded_in_source,network,https://inaturalist-open-data.s3.amazonaws.com/photos/77189267/square.jpg,n/a_fresh_row
out_of_scope_ant,Acromyrmex octospinosus,acromyrmex-octospinosus,265941,65339224,a3015b89-5043-4f7f-bdfe-5af432e8f11c,105146214,https://inaturalist-open-data.s3.amazonaws.com/photos/105146214/large.jpg,cc-by-nc,"(c) arieldalrymple, some rights reserved (CC BY-NC)",056cd61b7e78774ee57983c555f3b3546ed84f285c19625416ef814a1878bb63,343749,768,1024,inat_api_gate_v2_readiness,n/a_fresh_row,n/a_fresh_row,n/a_fresh_row,n/a_fresh_row,n/a_fresh_row,n/a_fresh_row,265941,Acromyrmex octospinosus,not_recorded_in_source,network,https://inaturalist-open-data.s3.amazonaws.com/photos/105146214/square.jpg,n/a_fresh_row
out_of_scope_ant,Acromyrmex octospinosus,acromyrmex-octospinosus,265941,17899812,e1a3bd85-979a-4499-a83a-54a093211399,27337247,https://inaturalist-open-data.s3.amazonaws.com/photos/27337247/large.jpg,cc-by-nc,"(c) Gonzalo Mucientes Sandoval, some rights reserved (CC BY-NC)",76a422f9cf469f2e87f7ddff981f02e4c8357ee7580bc74434035b1ab7768c34,825636,1024,619,inat_api_gate_v2_readiness,n/a_fresh_row,n/a_fresh_row,n/a_fresh_row,n/a_fresh_row,n/a_fresh_row,n/a_fresh_row,265941,Acromyrmex octospinosus,not_recorded_in_source,network,https://inaturalist-open-data.s3.amazonaws.com/photos/27337247/square.jpg,n/a_fresh_row
out_of_scope_ant,Acromyrmex octospinosus,acromyrmex-octospinosus,265941,79739241,398ae931-b4e1-42b0-8ae5-dc446f4a77aa,130628846,https://inaturalist-open-data.s3.amazonaws.com/photos/130628846/large.jpeg,cc-by-nc,"(c) Josue Ramos Galdamez, some rights reserved (CC BY-NC)",162576ec2cee8cd2ed8c3e29c79c9c1a7b34e6a995e91133f4fda1c35163edf4,148835,1024,671,inat_api_gate_v2_readiness,n/a_fresh_row,n/a_fresh_row,n/a_fresh_row,n/a_fresh_row,n/a_fresh_row,n/a_fresh_row,265941,Acromyrmex octospinosus,not_recorded_in_source,network,https://inaturalist-open-data.s3.amazonaws.com/photos/130628846/square.jpeg,n/a_fresh_row
out_of_scope_ant,Acromyrmex octospinosus,acromyrmex-octospinosus,265941,19691795,e2523d04-353f-4970-9ede-5ff13b679cee,30333728,https://inaturalist-open-data.s3.amazonaws.com/photos/30333728/large.jpeg,cc-by-nc,"(c) guylafond, some rights reserved (CC BY-NC)",dfa2a708da5cc3e741b9c255447fd5b9c7ace4e97480231c4fc2b90118d51187,407589,1024,768,inat_api_gate_v2_readiness,n/a_fresh_row,n/a_fresh_row,n/a_fresh_row,n/a_fresh_row,n/a_fresh_row,n/a_fresh_row,265941,Acromyrmex octospinosus,not_recorded_in_source,network,https://inaturalist-open-data.s3.amazonaws.com/photos/30333728/square.jpeg,n/a_fresh_row
out_of_scope_ant,Acromyrmex octospinosus,acromyrmex-octospinosus,265941,59155995,e1299176-0826-48b4-a9bf-58f2a00b4e00,94501547,https://inaturalist-open-data.s3.amazonaws.com/photos/94501547/large.jpg,cc-by-nc,"(c) Dr M Chin Sue Min, some rights reserved (CC BY-NC)",6d2dad5e35aa9f34bfd24222a62f762da5995e9ac6e3c795423db77904651c97,222633,768,1024,inat_api_gate_v2_readiness,n/a_fresh_row,n/a_fresh_row,n/a_fresh_row,n/a_fresh_row,n/a_fresh_row,n/a_fresh_row,265941,Acromyrmex octospinosus,not_recorded_in_source,network,https://inaturalist-open-data.s3.amazonaws.com/photos/94501547/square.jpg,n/a_fresh_row
out_of_scope_ant,Acromyrmex octospinosus,acromyrmex-octospinosus,265941,19086060,bf8ec8fa-0485-4ee1-8a45-7de518c221dd,29286909,https://inaturalist-open-data.s3.amazonaws.com/photos/29286909/large.jpg,cc-by,"(c) carnifex, some rights reserved (CC BY)",c1961dcbd2a012f00eab81e7164a1895c92c8d0fffb73b10983c1a1cf6dd0c2b,1015473,1024,879,inat_api_gate_v2_readiness,n/a_fresh_row,n/a_fresh_row,n/a_fresh_row,n/a_fresh_row,n/a_fresh_row,n/a_fresh_row,265941,Acromyrmex octospinosus,not_recorded_in_source,network,https://inaturalist-open-data.s3.amazonaws.com/photos/29286909/square.jpg,n/a_fresh_row
out_of_scope_ant,Acromyrmex octospinosus,acromyrmex-octospinosus,265941,38767310,c333b4ba-c7cc-4ba8-9632-6d6f44b8b5a0,61664877,https://inaturalist-open-data.s3.amazonaws.com/photos/61664877/large.jpeg,cc-by-sa,"(c) Juan Cruzado Cortés, some rights reserved (CC BY-SA)",4db44ccca92efa083d04cc79c6f2a6e5ce467175a054e370b54f4cfdcf1754af,168834,1024,683,inat_api_gate_v2_readiness,n/a_fresh_row,n/a_fresh_row,n/a_fresh_row,n/a_fresh_row,n/a_fresh_row,n/a_fresh_row,265941,Acromyrmex octospinosus,not_recorded_in_source,network,https://inaturalist-open-data.s3.amazonaws.com/photos/61664877/square.jpeg,n/a_fresh_row
out_of_scope_ant,Acromyrmex octospinosus,acromyrmex-octospinosus,265941,65399128,dbec0751-00b1-405d-ac01-a22d557d30e4,105255682,https://inaturalist-open-data.s3.amazonaws.com/photos/105255682/large.jpg,cc-by-nc,"(c) allandarwent, some rights reserved (CC BY-NC)",a858f4b6792eca98f39c94e5fb3d509f8413d242f1a1f7943a15b788a7bfb62a,300549,1024,767,inat_api_gate_v2_readiness,n/a_fresh_row,n/a_fresh_row,n/a_fresh_row,n/a_fresh_row,n/a_fresh_row,n/a_fresh_row,265941,Acromyrmex octospinosus,not_recorded_in_source,network,https://inaturalist-open-data.s3.amazonaws.com/photos/105255682/square.jpg,n/a_fresh_row
out_of_scope_ant,Acromyrmex octospinosus,acromyrmex-octospinosus,265941,85453201,ab28d163-1e26-47e3-b7d5-f2ffefc622df,140601575,https://inaturalist-open-data.s3.amazonaws.com/photos/140601575/large.jpeg,cc-by-nc,"(c) tarranmaharaj, some rights reserved (CC BY-NC)",bd5b71ace7253623dde19de2de210cf3986045560334a0e98f49e9642bc4aa08,272093,1024,768,inat_api_gate_v2_readiness,n/a_fresh_row,n/a_fresh_row,n/a_fresh_row,n/a_fresh_row,n/a_fresh_row,n/a_fresh_row,265941,Acromyrmex octospinosus,not_recorded_in_source,network,https://inaturalist-open-data.s3.amazonaws.com/photos/140601575/square.jpeg,n/a_fresh_row
out_of_scope_ant,Acromyrmex octospinosus,acromyrmex-octospinosus,265941,58597215,a0d8c162-2757-4911-8101-29503cf3c457,93565540,https://inaturalist-open-data.s3.amazonaws.com/photos/93565540/large.jpg,cc-by-nc,"(c) Dr M Chin Sue Min, some rights reserved (CC BY-NC)",4415be13aa0df61b2561633c807dbe46959625e7c18a1987fcf90f6f92783930,172777,768,1024,inat_api_gate_v2_readiness,n/a_fresh_row,n/a_fresh_row,n/a_fresh_row,n/a_fresh_row,n/a_fresh_row,n/a_fresh_row,265941,Acromyrmex octospinosus,not_recorded_in_source,network,https://inaturalist-open-data.s3.amazonaws.com/photos/93565540/square.jpg,n/a_fresh_row
out_of_scope_ant,Acromyrmex octospinosus,acromyrmex-octospinosus,265941,99124190,424dc4c4-9190-4815-907b-eb954267eb1b,165175881,https://inaturalist-open-data.s3.amazonaws.com/photos/165175881/large.jpg,cc0,no rights reserved,438954531105ab675620fef61204e6e02edb1fbf8a5b2f3d452ebd7c124a18f1,128176,1024,768,inat_api_gate_v2_readiness,n/a_fresh_row,n/a_fresh_row,n/a_fresh_row,n/a_fresh_row,n/a_fresh_row,n/a_fresh_row,265941,Acromyrmex octospinosus,not_recorded_in_source,network,https://inaturalist-open-data.s3.amazonaws.com/photos/165175881/square.jpg,n/a_fresh_row
out_of_scope_ant,Acromyrmex octospinosus,acromyrmex-octospinosus,265941,56638668,37264ecc-99ff-4fc2-ae88-84dc23c7bd0d,90271769,https://inaturalist-open-data.s3.amazonaws.com/photos/90271769/large.jpeg,cc-by-nc,"(c) Rachael Williams-Littzen, some rights reserved (CC BY-NC)",29e794e2f008afe89676f280b0db037dc8747d2fd35cde5e918e20fea9e7d465,183178,1024,576,inat_api_gate_v2_readiness,n/a_fresh_row,n/a_fresh_row,n/a_fresh_row,n/a_fresh_row,n/a_fresh_row,n/a_fresh_row,265941,Acromyrmex octospinosus,not_recorded_in_source,network,https://inaturalist-open-data.s3.amazonaws.com/photos/90271769/square.jpeg,n/a_fresh_row
out_of_scope_ant,Acromyrmex octospinosus,acromyrmex-octospinosus,265941,37969779,d0711c44-4acb-4c02-bbd5-641520af52fb,60273969,https://inaturalist-open-data.s3.amazonaws.com/photos/60273969/large.jpg,cc-by-nc,"(c) Will Richardson, some rights reserved (CC BY-NC)",ed0ad05b2e53b6e2aeb9f1d74a7b29c0ac4fdd194db1ae53f3124af21d2c53af,901608,1024,768,inat_api_gate_v2_readiness,n/a_fresh_row,n/a_fresh_row,n/a_fresh_row,n/a_fresh_row,n/a_fresh_row,n/a_fresh_row,265941,Acromyrmex octospinosus,not_recorded_in_source,network,https://inaturalist-open-data.s3.amazonaws.com/photos/60273969/square.jpg,n/a_fresh_row
out_of_scope_ant,Acromyrmex octospinosus,acromyrmex-octospinosus,265941,9643292,4e8140be-290a-486a-aee3-9d09ab9b331a,13170187,https://inaturalist-open-data.s3.amazonaws.com/photos/13170187/large.jpg,cc-by-nc,"(c) Tatiana Velasco, some rights reserved (CC BY-NC)",3f28347027449a7e4015b987a73e576da72f6b65cff9d853d95951dcf0edce8a,355116,1024,899,inat_api_gate_v2_readiness,n/a_fresh_row,n/a_fresh_row,n/a_fresh_row,n/a_fresh_row,n/a_fresh_row,n/a_fresh_row,265941,Acromyrmex octospinosus,not_recorded_in_source,network,https://inaturalist-open-data.s3.amazonaws.com/photos/13170187/square.jpg,n/a_fresh_row
out_of_scope_ant,Acromyrmex octospinosus,acromyrmex-octospinosus,265941,34919376,c2410680-6998-4b89-898c-720654914ac0,55017022,https://inaturalist-open-data.s3.amazonaws.com/photos/55017022/large.jpeg,cc-by-nc,"(c) Mark Hulme, some rights reserved (CC BY-NC)",8cc874b67fa8b080da2bdddac1851bf4a1141f696219f323a9c44b2b0ef1a391,513400,1024,683,inat_api_gate_v2_readiness,n/a_fresh_row,n/a_fresh_row,n/a_fresh_row,n/a_fresh_row,n/a_fresh_row,n/a_fresh_row,265941,Acromyrmex octospinosus,not_recorded_in_source,network,https://inaturalist-open-data.s3.amazonaws.com/photos/55017022/square.jpeg,n/a_fresh_row
out_of_scope_ant,Acromyrmex octospinosus,acromyrmex-octospinosus,265941,37776001,c1ba2395-f1b7-447e-838f-a6ef8fa94003,59954940,https://inaturalist-open-data.s3.amazonaws.com/photos/59954940/large.jpg,cc-by-nc,"(c) Ken Rosenthal, some rights reserved (CC BY-NC)",6052eff5c7626f39c6c0028dfc7fbcd281329f6a4a25d2e29829c1f8eae739b1,419701,1024,768,inat_api_gate_v2_readiness,n/a_fresh_row,n/a_fresh_row,n/a_fresh_row,n/a_fresh_row,n/a_fresh_row,n/a_fresh_row,265941,Acromyrmex octospinosus,not_recorded_in_source,network,https://inaturalist-open-data.s3.amazonaws.com/photos/59954940/square.jpg,n/a_fresh_row
out_of_scope_ant,Acromyrmex octospinosus,acromyrmex-octospinosus,265941,61420323,05fbaeac-2d76-4a43-8b8a-41109a874089,98283517,https://inaturalist-open-data.s3.amazonaws.com/photos/98283517/large.jpg,cc-by-nc,"(c) Dr M Chin Sue Min, some rights reserved (CC BY-NC)",1dc57b86693c20705ab044505058959a6391c6ffec2af43583d042f773ff1ec3,332761,768,1024,inat_api_gate_v2_readiness,n/a_fresh_row,n/a_fresh_row,n/a_fresh_row,n/a_fresh_row,n/a_fresh_row,n/a_fresh_row,265941,Acromyrmex octospinosus,not_recorded_in_source,network,https://inaturalist-open-data.s3.amazonaws.com/photos/98283517/square.jpg,n/a_fresh_row
out_of_scope_ant,Acromyrmex octospinosus,acromyrmex-octospinosus,265941,102985299,0d2d5d85-5aee-48fe-a09e-ced35f283185,172266730,https://inaturalist-open-data.s3.amazonaws.com/photos/172266730/large.jpeg,cc-by,"(c) Jonghyun Park, some rights reserved (CC BY)",6964b57e2591f16c5b755b59d98baafb0b7c6feaae6420277345cbb536e5a52f,497392,1024,683,inat_api_gate_v2_readiness,n/a_fresh_row,n/a_fresh_row,n/a_fresh_row,n/a_fresh_row,n/a_fresh_row,n/a_fresh_row,265941,Acromyrmex octospinosus,not_recorded_in_source,network,https://inaturalist-open-data.s3.amazonaws.com/photos/172266730/square.jpeg,n/a_fresh_row
out_of_scope_ant,Acromyrmex octospinosus,acromyrmex-octospinosus,265941,78615822,a889e544-e8c6-4643-b4a0-e211a4fd4c1f,128679270,https://inaturalist-open-data.s3.amazonaws.com/photos/128679270/large.jpg,cc-by-nc,"(c) Bryan Ramdeen, some rights reserved (CC BY-NC)",80d091e1ec57e358db7c5f8d2fef82d045010d5cbb411aaaaa3cd0ccf2e802a9,270675,1024,683,inat_api_gate_v2_readiness,n/a_fresh_row,n/a_fresh_row,n/a_fresh_row,n/a_fresh_row,n/a_fresh_row,n/a_fresh_row,265941,Acromyrmex octospinosus,not_recorded_in_source,network,https://inaturalist-open-data.s3.amazonaws.com/photos/128679270/square.jpg,n/a_fresh_row
out_of_scope_ant,Acromyrmex octospinosus,acromyrmex-octospinosus,265941,101644705,a5e094e7-9831-4180-b672-b6700b6280db,169759291,https://inaturalist-open-data.s3.amazonaws.com/photos/169759291/large.jpeg,cc-by-nc,"(c) Mark Hulme, some rights reserved (CC BY-NC)",22e0937c35dc8e697adf96404b0b813f816a7107db56782b92c995f6d9f89bf0,626560,1024,678,inat_api_gate_v2_readiness,n/a_fresh_row,n/a_fresh_row,n/a_fresh_row,n/a_fresh_row,n/a_fresh_row,n/a_fresh_row,265941,Acromyrmex octospinosus,not_recorded_in_source,network,https://inaturalist-open-data.s3.amazonaws.com/photos/169759291/square.jpeg,n/a_fresh_row
out_of_scope_ant,Acromyrmex octospinosus,acromyrmex-octospinosus,265941,42662242,61c160a8-8d33-4a78-a9bb-abf5c129465c,67749742,https://inaturalist-open-data.s3.amazonaws.com/photos/67749742/large.jpeg,cc-by-nc,"(c) Mark Hulme, some rights reserved (CC BY-NC)",64ff7cb7afb904b86f70171bd3ba49e7c6f2d33a4b7d47b0013240f432da8508,480844,1024,683,inat_api_gate_v2_readiness,n/a_fresh_row,n/a_fresh_row,n/a_fresh_row,n/a_fresh_row,n/a_fresh_row,n/a_fresh_row,265941,Acromyrmex octospinosus,not_recorded_in_source,network,https://inaturalist-open-data.s3.amazonaws.com/photos/67749742/square.jpeg,n/a_fresh_row
out_of_scope_ant,Acromyrmex octospinosus,acromyrmex-octospinosus,265941,43491427,4f8488d3-7af5-4a0a-90cb-0a29a423ef30,69003340,https://inaturalist-open-data.s3.amazonaws.com/photos/69003340/large.jpg,cc-by-nc,"(c) marsolorzano, some rights reserved (CC BY-NC)",585a2f342906d16298bcd66017321223ce9c88edd8789060d38a32b9857dc403,224227,768,1024,inat_api_gate_v2_readiness,n/a_fresh_row,n/a_fresh_row,n/a_fresh_row,n/a_fresh_row,n/a_fresh_row,n/a_fresh_row,265941,Acromyrmex octospinosus,not_recorded_in_source,network,https://inaturalist-open-data.s3.amazonaws.com/photos/69003340/square.jpg,n/a_fresh_row
out_of_scope_ant,Acromyrmex octospinosus,acromyrmex-octospinosus,265941,58408687,fa5a383b-dfd7-486d-ab8f-b9552ccf8828,93251068,https://inaturalist-open-data.s3.amazonaws.com/photos/93251068/large.jpg,cc-by-nc,"(c) Dr M Chin Sue Min, some rights reserved (CC BY-NC)",de0c30ecc99dd30cd735da56b0c04d5de3d7802926f4988b06620f8f8ada93ba,163230,768,1024,inat_api_gate_v2_readiness,n/a_fresh_row,n/a_fresh_row,n/a_fresh_row,n/a_fresh_row,n/a_fresh_row,n/a_fresh_row,265941,Acromyrmex octospinosus,not_recorded_in_source,network,https://inaturalist-open-data.s3.amazonaws.com/photos/93251068/square.jpg,n/a_fresh_row
out_of_scope_ant,Acromyrmex octospinosus,acromyrmex-octospinosus,265941,19092141,5a6abf37-d7a6-4b63-9e65-05e7d6c60462,29296135,https://inaturalist-open-data.s3.amazonaws.com/photos/29296135/large.jpg,cc-by-nc,"(c) Eric Jain, some rights reserved (CC BY-NC)",ae403db9a17db39805bf52cca411f775e4a47d90eba6eebdc091dfdd1c538781,248365,1024,683,inat_api_gate_v2_readiness,n/a_fresh_row,n/a_fresh_row,n/a_fresh_row,n/a_fresh_row,n/a_fresh_row,n/a_fresh_row,265941,Acromyrmex octospinosus,not_recorded_in_source,network,https://inaturalist-open-data.s3.amazonaws.com/photos/29296135/square.jpg,n/a_fresh_row
out_of_scope_ant,Acromyrmex octospinosus,acromyrmex-octospinosus,265941,21013378,c5a3b7fb-fed5-4f89-83ae-bc5043bb7129,32452923,https://inaturalist-open-data.s3.amazonaws.com/photos/32452923/large.jpg,cc-by-nc,"(c) Liu Idárraga Orozco, some rights reserved (CC BY-NC)",9557fda4bb22ed30e3692ab4ed0670878559575c5e2aee74cd85a1dece2ef503,512696,1024,732,inat_api_gate_v2_readiness,n/a_fresh_row,n/a_fresh_row,n/a_fresh_row,n/a_fresh_row,n/a_fresh_row,n/a_fresh_row,265941,Acromyrmex octospinosus,not_recorded_in_source,network,https://inaturalist-open-data.s3.amazonaws.com/photos/32452923/square.jpg,n/a_fresh_row
out_of_scope_ant,Acromyrmex octospinosus,acromyrmex-octospinosus,265941,61341843,804676e7-f776-499d-bf31-0533aa7be34c,98148836,https://inaturalist-open-data.s3.amazonaws.com/photos/98148836/large.jpeg,cc-by-nc,"(c) Rachael Williams-Littzen, some rights reserved (CC BY-NC)",b6eb3b8beda509dd641559ff2b49ffde480758a4473f4d9edacf3fbc97a99f2d,574593,768,1024,inat_api_gate_v2_readiness,n/a_fresh_row,n/a_fresh_row,n/a_fresh_row,n/a_fresh_row,n/a_fresh_row,n/a_fresh_row,265941,Acromyrmex octospinosus,not_recorded_in_source,network,https://inaturalist-open-data.s3.amazonaws.com/photos/98148836/square.jpeg,n/a_fresh_row
out_of_scope_ant,Acromyrmex octospinosus,acromyrmex-octospinosus,265941,64559908,21d91124-7f5c-4b8d-aa97-7876c8ab9eb4,103809498,https://inaturalist-open-data.s3.amazonaws.com/photos/103809498/large.jpg,cc-by-nc,"(c) sianf, some rights reserved (CC BY-NC)",a98b0599f0ef4bb8b01fc672f872259c20cb798f6997a41305d962db6fccd637,394831,1024,1015,inat_api_gate_v2_readiness,n/a_fresh_row,n/a_fresh_row,n/a_fresh_row,n/a_fresh_row,n/a_fresh_row,n/a_fresh_row,265941,Acromyrmex octospinosus,not_recorded_in_source,network,https://inaturalist-open-data.s3.amazonaws.com/photos/103809498/square.jpg,n/a_fresh_row
non_ant_insect,Adela trigrapha,adela-trigrapha,57722,2559,0becfb09-9763-40ce-9082-4c92a4d3d0ac,3440,https://inaturalist-open-data.s3.amazonaws.com/photos/3440/large.jpg,cc-by,"(c) Ken-ichi Ueda, some rights reserved (CC BY)",23d029219bb489028f52477e8dc49ea478f54aeb61bb73ccd10ef70ef8799c88,68315,816,612,inat_api_gate_v2_readiness,n/a_fresh_row,n/a_fresh_row,n/a_fresh_row,n/a_fresh_row,n/a_fresh_row,n/a_fresh_row,57722,Adela trigrapha,not_recorded_in_source,network,https://inaturalist-open-data.s3.amazonaws.com/photos/3440/square.jpg,n/a_fresh_row
non_ant_insect,Litaneutria pacifica,litaneutria-pacifica,480048,540,7cf0a095-d230-4843-8499-177e21864f4e,627,https://inaturalist-open-data.s3.amazonaws.com/photos/627/large.jpg,cc-by,"(c) Ken-ichi Ueda, some rights reserved (CC BY)",6d909d679bdfa798985892e8af7b12e2c2dab1ef9a895ae06def2914210f16f0,334042,1024,1024,inat_api_gate_v2_readiness,n/a_fresh_row,n/a_fresh_row,n/a_fresh_row,n/a_fresh_row,n/a_fresh_row,n/a_fresh_row,480048,Litaneutria pacifica,not_recorded_in_source,network,https://inaturalist-open-data.s3.amazonaws.com/photos/627/square.jpg,n/a_fresh_row
non_ant_insect,Chauliodes pectinicornis,chauliodes-pectinicornis,129041,501,fa011ad7-d66c-47ca-89ac-fb6df1758365,556,https://inaturalist-open-data.s3.amazonaws.com/photos/556/large.jpg,cc-by,"(c) Ken-ichi Ueda, some rights reserved (CC BY)",c5fccbd8018aa539020b8bf8f5ed04996dc86fa01036a4a561657baed6f68225,238326,1024,683,inat_api_gate_v2_readiness,n/a_fresh_row,n/a_fresh_row,n/a_fresh_row,n/a_fresh_row,n/a_fresh_row,n/a_fresh_row,129041,Chauliodes pectinicornis,not_recorded_in_source,network,https://inaturalist-open-data.s3.amazonaws.com/photos/556/square.jpg,n/a_fresh_row
non_ant_insect,Adelpha californica,adelpha-californica,67560,2626,f2334833-62af-4a2b-aebb-2863022bc4f0,3588,https://inaturalist-open-data.s3.amazonaws.com/photos/3588/large.jpg,cc-by,"(c) Ken-ichi Ueda, some rights reserved (CC BY)",bd57baba7f43eb93b478e99d4bf1059c129e13e874fbd561d244b3d8a812c7e6,619134,1024,1024,inat_api_gate_v2_readiness,n/a_fresh_row,n/a_fresh_row,n/a_fresh_row,n/a_fresh_row,n/a_fresh_row,n/a_fresh_row,67560,Adelpha californica,not_recorded_in_source,network,https://inaturalist-open-data.s3.amazonaws.com/photos/3588/square.jpg,n/a_fresh_row
non_ant_insect,Hyles lineata,hyles-lineata,49348,1375,675fc099-41b5-4a5a-b778-160e508ac67b,1625,https://inaturalist-open-data.s3.amazonaws.com/photos/1625/large.jpg,cc-by,"(c) Ken-ichi Ueda, some rights reserved (CC BY)",544a25cad294d257ec9fe261d58592d7df6098f127aa3833e7e8b3468a6cccb1,120311,1024,682,inat_api_gate_v2_readiness,n/a_fresh_row,n/a_fresh_row,n/a_fresh_row,n/a_fresh_row,n/a_fresh_row,n/a_fresh_row,49348,Hyles lineata,not_recorded_in_source,network,https://inaturalist-open-data.s3.amazonaws.com/photos/1625/square.jpg,n/a_fresh_row
non_ant_insect,Lipoptena depressa,lipoptena-depressa,469988,908,342a7a84-42ea-4d6a-808e-a4b2acd9a054,977,https://inaturalist-open-data.s3.amazonaws.com/photos/977/large.jpg,cc-by,"(c) Ken-ichi Ueda, some rights reserved (CC BY)",3e10e58502c21f551aded76f4835a9a88a8c193b9bf1261adc4ab090798b86e6,568253,1024,1024,inat_api_gate_v2_readiness,n/a_fresh_row,n/a_fresh_row,n/a_fresh_row,n/a_fresh_row,n/a_fresh_row,n/a_fresh_row,469988,Lipoptena depressa,not_recorded_in_source,network,https://inaturalist-open-data.s3.amazonaws.com/photos/977/square.jpg,n/a_fresh_row
non_ant_insect,Armigeres subalbatus,armigeres-subalbatus,155302,3052,85043244-51bc-464f-86a8-a123b4ad5b3a,4361,https://inaturalist-open-data.s3.amazonaws.com/photos/4361/large.jpg,cc-by-nc-sa,"(c) Vishal Bhave, some rights reserved (CC BY-NC-SA)",c22d8391131a89858758527aa736da32030aab4fad1861cbed965bc061378c78,126787,682,1024,inat_api_gate_v2_readiness,n/a_fresh_row,n/a_fresh_row,n/a_fresh_row,n/a_fresh_row,n/a_fresh_row,n/a_fresh_row,155302,Armigeres subalbatus,not_recorded_in_source,network,https://inaturalist-open-data.s3.amazonaws.com/photos/4361/square.jpg,n/a_fresh_row
non_ant_insect,Tramea lacerata,tramea-lacerata,52865,3244,ebad8993-1034-467f-83b6-a1e2e6b3175f,4924,https://inaturalist-open-data.s3.amazonaws.com/photos/4924/large.jpg,cc-by-sa,"(c) Eugene Zelenko, some rights reserved (CC BY-SA)",070f0d23ce21d49cbf3cad89c9b987c08a7482b3894a8ccba23818f8ff83909d,611835,1000,1000,inat_api_gate_v2_readiness,n/a_fresh_row,n/a_fresh_row,n/a_fresh_row,n/a_fresh_row,n/a_fresh_row,n/a_fresh_row,52865,Tramea lacerata,not_recorded_in_source,network,https://inaturalist-open-data.s3.amazonaws.com/photos/4924/square.jpg,n/a_fresh_row
non_ant_insect,Vanessa cardui,vanessa-cardui,48548,2171,0643a70a-80f4-4070-a070-320a26ab2986,2724,https://inaturalist-open-data.s3.amazonaws.com/photos/2724/large.jpg,cc-by,"(c) Ken-ichi Ueda, some rights reserved (CC BY)",965e26a657aa5706fa092da8f032cc64a11cdb41a439a7bc857eadb41580c3ab,530119,1024,1024,inat_api_gate_v2_readiness,n/a_fresh_row,n/a_fresh_row,n/a_fresh_row,n/a_fresh_row,n/a_fresh_row,n/a_fresh_row,48548,Vanessa cardui,not_recorded_in_source,network,https://inaturalist-open-data.s3.amazonaws.com/photos/2724/square.jpg,n/a_fresh_row
non_ant_insect,Phloeodes plicatus,phloeodes-plicatus,53812,345,62c4ea29-0c8a-4603-9cd5-acddd7b73c30,366,https://inaturalist-open-data.s3.amazonaws.com/photos/366/large.jpg,cc-by,"(c) Ken-ichi Ueda, some rights reserved (CC BY)",f3726d7359b6ebf345e8415a94099947ba121f8ac4f9ef126395ecd2c3b04974,400859,1024,683,inat_api_gate_v2_readiness,n/a_fresh_row,n/a_fresh_row,n/a_fresh_row,n/a_fresh_row,n/a_fresh_row,n/a_fresh_row,53812,Phloeodes plicatus,not_recorded_in_source,network,https://inaturalist-open-data.s3.amazonaws.com/photos/366/square.jpg,n/a_fresh_row
non_ant_insect,Graphium doson,graphium-doson,51576,2726,23f25e8b-92ae-4e02-96fb-7fb8ccf227de,3762,https://inaturalist-open-data.s3.amazonaws.com/photos/3762/large.jpg,cc-by-nc-sa,"(c) Vishal Bhave, some rights reserved (CC BY-NC-SA)",289bee0249b719af2d1e7012d1b0d3117eb9aff55e8af9484cc2f39dc6b80633,77170,727,485,inat_api_gate_v2_readiness,n/a_fresh_row,n/a_fresh_row,n/a_fresh_row,n/a_fresh_row,n/a_fresh_row,n/a_fresh_row,51576,Graphium doson,not_recorded_in_source,network,https://inaturalist-open-data.s3.amazonaws.com/photos/3762/square.jpg,n/a_fresh_row
non_ant_insect,Eurema hecabe,eurema-hecabe,51614,2744,2c5ca583-756e-40cf-a515-37c77e660616,3778,https://inaturalist-open-data.s3.amazonaws.com/photos/3778/large.jpg,cc-by-nc-sa,"(c) Vishal Bhave, some rights reserved (CC BY-NC-SA)",e6efce8962bba9a7fe752909e2e5f738a115b1132227d83b0314394392d13a24,135747,1024,685,inat_api_gate_v2_readiness,n/a_fresh_row,n/a_fresh_row,n/a_fresh_row,n/a_fresh_row,n/a_fresh_row,n/a_fresh_row,51614,Eurema hecabe,not_recorded_in_source,network,https://inaturalist-open-data.s3.amazonaws.com/photos/3778/square.jpg,n/a_fresh_row
non_ant_insect,Libellula luctuosa,libellula-luctuosa,47934,2885,4ae291f6-f35b-4740-940d-cc0360f95879,4004,https://inaturalist-open-data.s3.amazonaws.com/photos/4004/large.jpg,cc-by-sa,"(c) Eugene Zelenko, some rights reserved (CC BY-SA)",e32089e70f356feab8f0bb0900390a50276642690e2fd129c71b1286f33c3077,530316,1024,726,inat_api_gate_v2_readiness,n/a_fresh_row,n/a_fresh_row,n/a_fresh_row,n/a_fresh_row,n/a_fresh_row,n/a_fresh_row,47934,Libellula luctuosa,not_recorded_in_source,network,https://inaturalist-open-data.s3.amazonaws.com/photos/4004/square.jpg,n/a_fresh_row
non_ant_insect,Junonia grisea,junonia-grisea,1021509,2523,7b5ae3d6-cd80-46c4-be4f-400da23f9fe1,3317,https://inaturalist-open-data.s3.amazonaws.com/photos/3317/large.jpg,cc-by-sa,"(c) Eugene Zelenko, some rights reserved (CC BY-SA)",9fab03325cd57cac92bf0630883f8e94ab4350dd63cb7d8e590ba2a3da4d468c,217640,1024,1024,inat_api_gate_v2_readiness,n/a_fresh_row,n/a_fresh_row,n/a_fresh_row,n/a_fresh_row,n/a_fresh_row,n/a_fresh_row,1021509,Junonia grisea,not_recorded_in_source,network,https://inaturalist-open-data.s3.amazonaws.com/photos/3317/square.jpg,n/a_fresh_row
non_ant_insect,Crocothemis servilia,crocothemis-servilia,52055,1807,222bc18d-1053-4d14-ad24-e7d85aae5aae,2176,https://inaturalist-open-data.s3.amazonaws.com/photos/2176/large.jpg,cc-by-nc,"(c) flapack, some rights reserved (CC BY-NC)",e96d1a30689e0f97be6acc0b5131def41d0364aa4d2630dfb0a1cabeb2a80a22,258582,1024,576,inat_api_gate_v2_readiness,n/a_fresh_row,n/a_fresh_row,n/a_fresh_row,n/a_fresh_row,n/a_fresh_row,n/a_fresh_row,52055,Crocothemis servilia,not_recorded_in_source,network,https://inaturalist-open-data.s3.amazonaws.com/photos/2176/square.jpg,n/a_fresh_row
non_ant_insect,Melanitis leda,melanitis-leda,51584,2732,51a2640e-2692-4123-a149-9b1d88ffba5b,3768,https://inaturalist-open-data.s3.amazonaws.com/photos/3768/large.jpg,cc-by-nc-sa,"(c) Vishal Bhave, some rights reserved (CC BY-NC-SA)",0a522a7489d6764ac9c728fe15c0c146f5d7713646887de2de4b771727d86258,489840,1024,643,inat_api_gate_v2_readiness,n/a_fresh_row,n/a_fresh_row,n/a_fresh_row,n/a_fresh_row,n/a_fresh_row,n/a_fresh_row,51584,Melanitis leda,not_recorded_in_source,network,https://inaturalist-open-data.s3.amazonaws.com/photos/3768/square.jpg,n/a_fresh_row
non_ant_insect,Tramea lacerata,tramea-lacerata,52865,3084,783bb66f-0e3c-4324-ac80-b093f8263771,4445,https://inaturalist-open-data.s3.amazonaws.com/photos/4445/large.jpg,cc-by-sa,"(c) Eugene Zelenko, some rights reserved (CC BY-SA)",86e229a6be62fe7b90f0042f4664edc5593592ef318e9cbbffc208b0a6456998,392189,683,1024,inat_api_gate_v2_readiness,n/a_fresh_row,n/a_fresh_row,n/a_fresh_row,n/a_fresh_row,n/a_fresh_row,n/a_fresh_row,52865,Tramea lacerata,not_recorded_in_source,network,https://inaturalist-open-data.s3.amazonaws.com/photos/4445/square.jpg,n/a_fresh_row
non_ant_insect,Isocentris filalis,isocentris-filalis,52012,3047,4c8d3421-ff1a-421c-9451-d1d9ca2fb6e8,4355,https://inaturalist-open-data.s3.amazonaws.com/photos/4355/large.jpg,cc-by-nc-sa,"(c) Vishal Bhave, some rights reserved (CC BY-NC-SA)",50c8863199eca77050f4e8166abdcdfc8bc9c89e4761d6dd3a666e322c944a62,88309,922,613,inat_api_gate_v2_readiness,n/a_fresh_row,n/a_fresh_row,n/a_fresh_row,n/a_fresh_row,n/a_fresh_row,n/a_fresh_row,52012,Isocentris filalis,not_recorded_in_source,network,https://inaturalist-open-data.s3.amazonaws.com/photos/4355/square.jpg,n/a_fresh_row
non_ant_insect,Castalius rosimon,castalius-rosimon,51567,2723,45d2dd06-b676-40e2-84de-6e9759b6ca80,3752,https://inaturalist-open-data.s3.amazonaws.com/photos/3752/large.jpg,cc-by-nc-sa,"(c) Vishal Bhave, some rights reserved (CC BY-NC-SA)",6006aeee16c32b0b4fec0ba645f786826bf523acb70bf54b0675ffd456086f15,126337,1024,684,inat_api_gate_v2_readiness,n/a_fresh_row,n/a_fresh_row,n/a_fresh_row,n/a_fresh_row,n/a_fresh_row,n/a_fresh_row,51567,Castalius rosimon,not_recorded_in_source,network,https://inaturalist-open-data.s3.amazonaws.com/photos/3752/square.jpg,n/a_fresh_row
non_ant_insect,Tenodera sinensis,tenodera-sinensis,71034,3274,7c69e77b-553d-4650-a251-53a28d6cfbae,5041,https://inaturalist-open-data.s3.amazonaws.com/photos/5041/large.jpg,cc-by-nc,"(c) FlaPack, some rights reserved (CC BY-NC)",ecd59b9f7fc180c18cea0dddf6caaf4bf41fab4ca3d169d53873830486df5a31,273338,1024,576,inat_api_gate_v2_readiness,n/a_fresh_row,n/a_fresh_row,n/a_fresh_row,n/a_fresh_row,n/a_fresh_row,n/a_fresh_row,71034,Tenodera sinensis,not_recorded_in_source,network,https://inaturalist-open-data.s3.amazonaws.com/photos/5041/square.jpg,n/a_fresh_row
non_ant_insect,Mexoleon papago,mexoleon-papago,61150,3259,8c24aed9-dfe4-48e0-b9b5-5964d0f072f7,5019,https://inaturalist-open-data.s3.amazonaws.com/photos/5019/large.jpg,cc-by,"(c) Ken-ichi Ueda, some rights reserved (CC BY)",1c33f23eee1685457713050ff060f9c3cac1357ad9b999faa0f830775cdfcd04,621319,1024,1024,inat_api_gate_v2_readiness,n/a_fresh_row,n/a_fresh_row,n/a_fresh_row,n/a_fresh_row,n/a_fresh_row,n/a_fresh_row,61150,Mexoleon papago,not_recorded_in_source,network,https://inaturalist-open-data.s3.amazonaws.com/photos/5019/square.jpg,n/a_fresh_row
non_ant_insect,Burnsius oileus,burnsius-oileus,1038409,1721,23e01edd-41bb-47fc-8f27-6165c55eb2d2,1963,https://inaturalist-open-data.s3.amazonaws.com/photos/1963/large.jpg,cc-by-nc,"(c) flapack, some rights reserved (CC BY-NC)",a37ef16d7f0b1897c93b9fe86cd15ecbff20673341cc2e7309e812850115ccf3,323409,1024,576,inat_api_gate_v2_readiness,n/a_fresh_row,n/a_fresh_row,n/a_fresh_row,n/a_fresh_row,n/a_fresh_row,n/a_fresh_row,1038409,Burnsius oileus,not_recorded_in_source,network,https://inaturalist-open-data.s3.amazonaws.com/photos/1963/square.jpg,n/a_fresh_row
non_ant_insect,Leptotes cassius,leptotes-cassius,51534,2708,97c1930d-f629-4708-b85c-7a6262c82de8,3727,https://inaturalist-open-data.s3.amazonaws.com/photos/3727/large.jpg,cc-by-nc,"(c) FlaPack, some rights reserved (CC BY-NC)",e25a468c014ca758e5e9980508d4fedbd7047778b940799bc5c2b07e30cecde6,261520,1024,576,inat_api_gate_v2_readiness,n/a_fresh_row,n/a_fresh_row,n/a_fresh_row,n/a_fresh_row,n/a_fresh_row,n/a_fresh_row,51534,Leptotes cassius,not_recorded_in_source,network,https://inaturalist-open-data.s3.amazonaws.com/photos/3727/square.jpg,n/a_fresh_row
non_ant_insect,Elymnias hypermnestra,elymnias-hypermnestra,51784,2905,a0efe944-48af-4476-83fe-50d8bbadc65d,4029,https://inaturalist-open-data.s3.amazonaws.com/photos/4029/large.jpg,cc-by-nc-sa,"(c) Vishal Bhave, some rights reserved (CC BY-NC-SA)",e53564626a20c2a325a6cb2c1a070f9b90058cf0e015b176dc1df58d278b9258,148969,1024,684,inat_api_gate_v2_readiness,n/a_fresh_row,n/a_fresh_row,n/a_fresh_row,n/a_fresh_row,n/a_fresh_row,n/a_fresh_row,51784,Elymnias hypermnestra,not_recorded_in_source,network,https://inaturalist-open-data.s3.amazonaws.com/photos/4029/square.jpg,n/a_fresh_row
non_ant_insect,Timema californicum,timema-californicum,84930,2294,6cb597b7-0dbb-4393-b93b-32c1e12e95fd,2934,https://inaturalist-open-data.s3.amazonaws.com/photos/2934/large.jpg,cc-by-nc,"(c) ap2il, some rights reserved (CC BY-NC)",b96377f9ab0a55d0b138068d82546906ba879e94ef2faadf0ea006869452a8e1,158402,1024,768,inat_api_gate_v2_readiness,n/a_fresh_row,n/a_fresh_row,n/a_fresh_row,n/a_fresh_row,n/a_fresh_row,n/a_fresh_row,84930,Timema californicum,not_recorded_in_source,network,https://inaturalist-open-data.s3.amazonaws.com/photos/2934/square.jpg,n/a_fresh_row
non_ant_insect,Lon melane,lon-melane,1081332,2886,9d44da0e-2258-49f9-ac09-f5bbef5fe97e,4005,https://inaturalist-open-data.s3.amazonaws.com/photos/4005/large.jpg,cc-by-sa,"(c) Eugene Zelenko, some rights reserved (CC BY-SA)",db8174d1a54b47a93ccead75635f5f0f85e3042be9702eb77265697725998145,539686,1000,1000,inat_api_gate_v2_readiness,n/a_fresh_row,n/a_fresh_row,n/a_fresh_row,n/a_fresh_row,n/a_fresh_row,n/a_fresh_row,1081332,Lon melane,not_recorded_in_source,network,https://inaturalist-open-data.s3.amazonaws.com/photos/4005/square.jpg,n/a_fresh_row
non_ant_insect,Argia agrioides,argia-agrioides,51220,2519,d3b3b80a-e5e1-49ab-8ca2-ccc7bd68264a,3313,https://inaturalist-open-data.s3.amazonaws.com/photos/3313/large.jpg,cc-by-sa,"(c) Eugene Zelenko, some rights reserved (CC BY-SA)",2120dfc82b66dd3aee41de1a2f947e514736cfd763c3de905d17e85487c5c6a5,168327,1024,683,inat_api_gate_v2_readiness,n/a_fresh_row,n/a_fresh_row,n/a_fresh_row,n/a_fresh_row,n/a_fresh_row,n/a_fresh_row,51220,Argia agrioides,not_recorded_in_source,network,https://inaturalist-open-data.s3.amazonaws.com/photos/3313/square.jpg,n/a_fresh_row
non_ant_insect,Spartocera fusca,spartocera-fusca,51772,2897,7f884908-57c8-465b-8f1b-fe152cd038d7,4017,https://inaturalist-open-data.s3.amazonaws.com/photos/4017/large.jpg,cc-by-nc,"(c) FlaPack, some rights reserved (CC BY-NC)",51ba65b8ae89581b0827fa2f0b16613d79057383de6d5fa0b29681b5a4512c57,284138,1024,576,inat_api_gate_v2_readiness,n/a_fresh_row,n/a_fresh_row,n/a_fresh_row,n/a_fresh_row,n/a_fresh_row,n/a_fresh_row,51772,Spartocera fusca,not_recorded_in_source,network,https://inaturalist-open-data.s3.amazonaws.com/photos/4017/square.jpg,n/a_fresh_row
non_ant_insect,Danaus eresimus,danaus-eresimus,50065,1803,e0054bc2-2231-47fe-a98f-764504d55927,2172,https://inaturalist-open-data.s3.amazonaws.com/photos/2172/large.jpg,cc-by-nc,"(c) flapack, some rights reserved (CC BY-NC)",de95c71369e279a7e03dba6c6c93ca0bc4c7693593d5d73324babab87956d323,308988,1024,576,inat_api_gate_v2_readiness,n/a_fresh_row,n/a_fresh_row,n/a_fresh_row,n/a_fresh_row,n/a_fresh_row,n/a_fresh_row,50065,Danaus eresimus,not_recorded_in_source,network,https://inaturalist-open-data.s3.amazonaws.com/photos/2172/square.jpg,n/a_fresh_row
non_ant_insect,Celastrina echo,celastrina-echo,52484,3147,4d1409d3-a59d-4e66-b1f9-b3bf0bb820d5,4652,https://inaturalist-open-data.s3.amazonaws.com/photos/4652/large.jpg,cc-by-sa,"(c) Eugene Zelenko, some rights reserved (CC BY-SA)",6a5e4e5575d2374481c3df34e7db388dc2faa3bb032b61d5295539e547a3eb70,114135,850,950,inat_api_gate_v2_readiness,n/a_fresh_row,n/a_fresh_row,n/a_fresh_row,n/a_fresh_row,n/a_fresh_row,n/a_fresh_row,52484,Celastrina echo,not_recorded_in_source,network,https://inaturalist-open-data.s3.amazonaws.com/photos/4652/square.jpg,n/a_fresh_row
non_ant_insect,Vanessa cardui,vanessa-cardui,48548,2172,ea589702-0e92-4a45-85e2-1001c18dedbe,2725,https://inaturalist-open-data.s3.amazonaws.com/photos/2725/large.jpg,cc-by,"(c) Ken-ichi Ueda, some rights reserved (CC BY)",7ed610e7fd6d132a52dc2aafc927e7701d4ef4f397d8725acf8ecbe439897d83,352253,849,849,inat_api_gate_v2_readiness,n/a_fresh_row,n/a_fresh_row,n/a_fresh_row,n/a_fresh_row,n/a_fresh_row,n/a_fresh_row,48548,Vanessa cardui,not_recorded_in_source,network,https://inaturalist-open-data.s3.amazonaws.com/photos/2725/square.jpg,n/a_fresh_row
non_ant_insect,Hypolimnas misippus,hypolimnas-misippus,51578,2727,497c0885-cd64-43d4-a117-8e5e39f05e6f,3763,https://inaturalist-open-data.s3.amazonaws.com/photos/3763/large.jpg,cc-by-nc-sa,"(c) Vishal Bhave, some rights reserved (CC BY-NC-SA)",c4ee00d9618789362209c414204b8d83f117253b8292b5ca5f7459c9d4b6c69d,496128,1024,768,inat_api_gate_v2_readiness,n/a_fresh_row,n/a_fresh_row,n/a_fresh_row,n/a_fresh_row,n/a_fresh_row,n/a_fresh_row,51578,Hypolimnas misippus,not_recorded_in_source,network,https://inaturalist-open-data.s3.amazonaws.com/photos/3763/square.jpg,n/a_fresh_row
non_ant_insect,Scutellera perplexa,scutellera-perplexa,559136,3053,27daf9f2-0c2e-4764-b9ca-fbff23387079,4362,https://inaturalist-open-data.s3.amazonaws.com/photos/4362/large.jpg,cc-by-nc-sa,"(c) Vishal Bhave, some rights reserved (CC BY-NC-SA)",ad86d2485f8a871b6fff80810a3988fe22ab5dc6b35baf53d33225bbfbf208be,126385,1024,684,inat_api_gate_v2_readiness,n/a_fresh_row,n/a_fresh_row,n/a_fresh_row,n/a_fresh_row,n/a_fresh_row,n/a_fresh_row,559136,Scutellera perplexa,not_recorded_in_source,network,https://inaturalist-open-data.s3.amazonaws.com/photos/4362/square.jpg,n/a_fresh_row
non_ant_insect,Palthis asopialis,palthis-asopialis,52902,3268,7eb4d402-d035-46d5-b59f-e5fc6384a1ba,5034,https://inaturalist-open-data.s3.amazonaws.com/photos/5034/large.jpg,cc-by-nc,"(c) FlaPack, some rights reserved (CC BY-NC)",82ac380423325544e33d373fcc6bc06e1b6dbf42168caf648590c14c053481ff,253594,1024,576,inat_api_gate_v2_readiness,n/a_fresh_row,n/a_fresh_row,n/a_fresh_row,n/a_fresh_row,n/a_fresh_row,n/a_fresh_row,52902,Palthis asopialis,not_recorded_in_source,network,https://inaturalist-open-data.s3.amazonaws.com/photos/5034/square.jpg,n/a_fresh_row
non_ant_insect,Euchromia polymena,euchromia-polymena,52090,3013,46115acc-4a00-475d-805e-94fa5b594199,4302,https://inaturalist-open-data.s3.amazonaws.com/photos/4302/large.jpg,cc-by-nc-sa,"(c) Vishal Bhave, some rights reserved (CC BY-NC-SA)",d5d8983d31d0227d2e5f1e8c8106d4cc64eb6fcd56947c3ec749231b106a01a8,127200,1024,736,inat_api_gate_v2_readiness,n/a_fresh_row,n/a_fresh_row,n/a_fresh_row,n/a_fresh_row,n/a_fresh_row,n/a_fresh_row,52090,Euchromia polymena,not_recorded_in_source,network,https://inaturalist-open-data.s3.amazonaws.com/photos/4302/square.jpg,n/a_fresh_row
non_ant_insect,Dielis trifasciata,dielis-trifasciata,893825,2984,875cd074-1d0a-4e43-9853-28fc12d2c9eb,4228,https://inaturalist-open-data.s3.amazonaws.com/photos/4228/large.jpg,cc-by-nc,"(c) FlaPack, some rights reserved (CC BY-NC)",bb94e2978bd55867a306ec2dc051d5541686cdf0a5a807b9f321584ca30f76fa,290063,1024,576,inat_api_gate_v2_readiness,n/a_fresh_row,n/a_fresh_row,n/a_fresh_row,n/a_fresh_row,n/a_fresh_row,n/a_fresh_row,893825,Dielis trifasciata,not_recorded_in_source,network,https://inaturalist-open-data.s3.amazonaws.com/photos/4228/square.jpg,n/a_fresh_row
non_ant_insect,Libellula saturata,libellula-saturata,47817,3086,ebc67085-f8be-4bc8-b8aa-53b9516a2538,4447,https://inaturalist-open-data.s3.amazonaws.com/photos/4447/large.jpg,cc-by-sa,"(c) Eugene Zelenko, some rights reserved (CC BY-SA)",05b8ebbb8e15555e669011943b0fa7ed6865eab7bee205963699880ff0e6668c,561365,1024,1024,inat_api_gate_v2_readiness,n/a_fresh_row,n/a_fresh_row,n/a_fresh_row,n/a_fresh_row,n/a_fresh_row,n/a_fresh_row,47817,Libellula saturata,not_recorded_in_source,network,https://inaturalist-open-data.s3.amazonaws.com/photos/4447/square.jpg,n/a_fresh_row
non_ant_insect,Asota caricae,asota-caricae,52086,3014,0aca6412-bcee-4c1b-9dbb-6f51e10a2678,4304,https://inaturalist-open-data.s3.amazonaws.com/photos/4304/large.jpg,cc-by-nc-sa,"(c) Vishal Bhave, some rights reserved (CC BY-NC-SA)",2affc02dc706b9e511403ea54e64aa34e638bcdef3d5c7a90701f8634cc05695,239699,1024,732,inat_api_gate_v2_readiness,n/a_fresh_row,n/a_fresh_row,n/a_fresh_row,n/a_fresh_row,n/a_fresh_row,n/a_fresh_row,52086,Asota caricae,not_recorded_in_source,network,https://inaturalist-open-data.s3.amazonaws.com/photos/4304/square.jpg,n/a_fresh_row
non_ant_insect,Dysschema howardi,dysschema-howardi,53663,2221,b21e0b36-4c39-46df-b791-5f0da21c0c3a,2810,https://inaturalist-open-data.s3.amazonaws.com/photos/2810/large.jpg,cc-by-nc,"(c) flapack, some rights reserved (CC BY-NC)",1ef5273e26f8dd9e1bfcc6354870bc9c9e24158d977fdf1051f9ae1fee7e1f95,268372,1024,576,inat_api_gate_v2_readiness,n/a_fresh_row,n/a_fresh_row,n/a_fresh_row,n/a_fresh_row,n/a_fresh_row,n/a_fresh_row,53663,Dysschema howardi,not_recorded_in_source,network,https://inaturalist-open-data.s3.amazonaws.com/photos/2810/square.jpg,n/a_fresh_row
non_ant_insect,Ypthima huebneri,ypthima-huebneri,320738,3021,29c2da02-8bd0-4d2a-be52-b2a148f094ac,4313,https://inaturalist-open-data.s3.amazonaws.com/photos/4313/large.jpg,cc-by-nc-sa,"(c) Vishal Bhave, some rights reserved (CC BY-NC-SA)",f6a0d0876202e8830f8973e9969387260738789c4aa4ddb75eb733c909187dc4,206012,1024,770,inat_api_gate_v2_readiness,n/a_fresh_row,n/a_fresh_row,n/a_fresh_row,n/a_fresh_row,n/a_fresh_row,n/a_fresh_row,320738,Ypthima huebneri,not_recorded_in_source,network,https://inaturalist-open-data.s3.amazonaws.com/photos/4313/square.jpg,n/a_fresh_row
non_ant_insect,Adela septentrionella,adela-septentrionella,317689,2573,dc357d73-bd29-4528-8b59-10186991774f,3449,https://inaturalist-open-data.s3.amazonaws.com/photos/3449/large.jpg,cc-by,"(c) Ken-ichi Ueda, some rights reserved (CC BY)",2f1aa95a85edc08aaef74c1584a14c7957e7f3054f68ba334ead193adb336878,186379,704,704,inat_api_gate_v2_readiness,n/a_fresh_row,n/a_fresh_row,n/a_fresh_row,n/a_fresh_row,n/a_fresh_row,n/a_fresh_row,317689,Adela septentrionella,not_recorded_in_source,network,https://inaturalist-open-data.s3.amazonaws.com/photos/3449/square.jpg,n/a_fresh_row
non_ant_insect,Danaus plexippus,danaus-plexippus,48662,1813,2ccfa08c-3c7c-42dc-b786-5f9dc3355626,2182,https://inaturalist-open-data.s3.amazonaws.com/photos/2182/large.jpg,cc-by-nc,"(c) flapack, some rights reserved (CC BY-NC)",4a0596e5794820dd7c37ea46ed8af22747fe1a957814fc8dafb2b68f2dd47254,541255,810,720,inat_api_gate_v2_readiness,n/a_fresh_row,n/a_fresh_row,n/a_fresh_row,n/a_fresh_row,n/a_fresh_row,n/a_fresh_row,48662,Danaus plexippus,not_recorded_in_source,network,https://inaturalist-open-data.s3.amazonaws.com/photos/2182/square.jpg,n/a_fresh_row
non_ant_insect,Dasymutilla aureola,dasymutilla-aureola,119733,1595,9b2695c8-2ea1-46de-bf92-242a5b7dda85,1810,https://inaturalist-open-data.s3.amazonaws.com/photos/1810/large.jpg,cc-by,"(c) Ken-ichi Ueda, some rights reserved (CC BY)",fc2d8309a8223e5e2fc7d79b765a14cffea23bf6b8ca7b83cff7b3eb63160e3b,211600,1024,768,inat_api_gate_v2_readiness,n/a_fresh_row,n/a_fresh_row,n/a_fresh_row,n/a_fresh_row,n/a_fresh_row,n/a_fresh_row,119733,Dasymutilla aureola,not_recorded_in_source,network,https://inaturalist-open-data.s3.amazonaws.com/photos/1810/square.jpg,n/a_fresh_row
non_ant_insect,Datana ministra,datana-ministra,47719,418,54933331-86b0-4647-803f-1f13265559b7,452,https://inaturalist-open-data.s3.amazonaws.com/photos/452/large.jpg,cc-by,"(c) Jon Hoekstra, some rights reserved (CC BY)",68af4939bf1dc88dfad95933202c8556dc61b646b54888567a9d766bd43934c0,196620,768,1024,inat_api_gate_v2_readiness,n/a_fresh_row,n/a_fresh_row,n/a_fresh_row,n/a_fresh_row,n/a_fresh_row,n/a_fresh_row,47719,Datana ministra,not_recorded_in_source,network,https://inaturalist-open-data.s3.amazonaws.com/photos/452/square.jpg,n/a_fresh_row
non_ant_insect,Siproeta stelenes,siproeta-stelenes,50336,1948,65d27fe7-aaea-47be-8486-dd9c653d71e4,2388,https://inaturalist-open-data.s3.amazonaws.com/photos/2388/large.jpg,cc-by-nc,"(c) flapack, some rights reserved (CC BY-NC)",e8c2eabbdb50d3315a86456f2585004b611cbd62b841b9330114bcbbea33a793,298639,1024,576,inat_api_gate_v2_readiness,n/a_fresh_row,n/a_fresh_row,n/a_fresh_row,n/a_fresh_row,n/a_fresh_row,n/a_fresh_row,50336,Siproeta stelenes,not_recorded_in_source,network,https://inaturalist-open-data.s3.amazonaws.com/photos/2388/square.jpg,n/a_fresh_row
non_ant_insect,Chauliognathus pensylvanicus,chauliognathus-pensylvanicus,216649,3283,48448077-1df2-430f-84be-0202264ae372,5047,https://inaturalist-open-data.s3.amazonaws.com/photos/5047/large.jpg,cc-by-nc-sa,"(c) L_Elliott, some rights reserved (CC BY-NC-SA)",c85423fc71f674a14ccd20a89a4f8ee1598b5626da15bf662e220a4130a95d98,179930,1024,838,inat_api_gate_v2_readiness,n/a_fresh_row,n/a_fresh_row,n/a_fresh_row,n/a_fresh_row,n/a_fresh_row,n/a_fresh_row,216649,Chauliognathus pensylvanicus,not_recorded_in_source,network,https://inaturalist-open-data.s3.amazonaws.com/photos/5047/square.jpg,n/a_fresh_row
non_ant_insect,Leptotes cassius,leptotes-cassius,51534,3337,43bd2bc9-efd7-42f6-aaf4-cd36e7b91971,5292,https://inaturalist-open-data.s3.amazonaws.com/photos/5292/large.jpg,cc-by-nc,"(c) FlaPack, some rights reserved (CC BY-NC)",0ee557dabec211af43e81a121f4626280c3ce9a6aa74564df853775e01c54289,244945,1024,576,inat_api_gate_v2_readiness,n/a_fresh_row,n/a_fresh_row,n/a_fresh_row,n/a_fresh_row,n/a_fresh_row,n/a_fresh_row,51534,Leptotes cassius,not_recorded_in_source,network,https://inaturalist-open-data.s3.amazonaws.com/photos/5292/square.jpg,n/a_fresh_row
non_ant_insect,Dione vanillae,dione-vanillae,49150,1264,c637db83-266a-45fd-ab62-8ab4c3d192be,1476,https://inaturalist-open-data.s3.amazonaws.com/photos/1476/large.jpg,cc-by,"(c) Ken-ichi Ueda, some rights reserved (CC BY)",037b74b26728a3786ffccf07aa57d377d30f4e739fde5bab4cc88569b1720b2e,304141,1024,768,inat_api_gate_v2_readiness,n/a_fresh_row,n/a_fresh_row,n/a_fresh_row,n/a_fresh_row,n/a_fresh_row,n/a_fresh_row,49150,Dione vanillae,not_recorded_in_source,network,https://inaturalist-open-data.s3.amazonaws.com/photos/1476/square.jpg,n/a_fresh_row
non_ant_insect,Phoebis sennae,phoebis-sennae,48550,1724,faea0a0a-cb3c-4d77-9571-df3de02fc0ae,1966,https://inaturalist-open-data.s3.amazonaws.com/photos/1966/large.jpg,cc-by-nc,"(c) flapack, some rights reserved (CC BY-NC)",ef3f23e0193f44f086f4c4a60d083f2393576e5f00e56afc40565cfbc1581853,325718,1024,576,inat_api_gate_v2_readiness,n/a_fresh_row,n/a_fresh_row,n/a_fresh_row,n/a_fresh_row,n/a_fresh_row,n/a_fresh_row,48550,Phoebis sennae,not_recorded_in_source,network,https://inaturalist-open-data.s3.amazonaws.com/photos/1966/square.jpg,n/a_fresh_row
non_ant_insect,Nausinoe perspectata,nausinoe-perspectata,52001,3007,04277b26-6af2-4a55-af3d-32be26f7839f,4279,https://inaturalist-open-data.s3.amazonaws.com/photos/4279/large.jpg,cc-by-nc-sa,"(c) Vishal Bhave, some rights reserved (CC BY-NC-SA)",9be8f5b8dd5f419eb7def53e0ac45a31c9e7bbb06e849c8bbcddd7d0f1611b29,136552,1024,731,inat_api_gate_v2_readiness,n/a_fresh_row,n/a_fresh_row,n/a_fresh_row,n/a_fresh_row,n/a_fresh_row,n/a_fresh_row,52001,Nausinoe perspectata,not_recorded_in_source,network,https://inaturalist-open-data.s3.amazonaws.com/photos/4279/square.jpg,n/a_fresh_row
non_ant_insect,Arachnis picta,arachnis-picta,68163,790,b85af125-0d07-407a-a273-bf2eba832a9a,813,https://inaturalist-open-data.s3.amazonaws.com/photos/813/large.jpg,cc-by,"(c) Ken-ichi Ueda, some rights reserved (CC BY)",4826e3743120093902469aa2a2dd93d71cc41c96fc837e8c8cd19a4205bf6b55,196486,1024,1024,inat_api_gate_v2_readiness,n/a_fresh_row,n/a_fresh_row,n/a_fresh_row,n/a_fresh_row,n/a_fresh_row,n/a_fresh_row,68163,Arachnis picta,not_recorded_in_source,network,https://inaturalist-open-data.s3.amazonaws.com/photos/813/square.jpg,n/a_fresh_row
non_ant_insect,Artona discivitta,artona-discivitta,1163960,3017,81a774af-95f0-48f0-ba9b-b9cc3c4c9526,4308,https://inaturalist-open-data.s3.amazonaws.com/photos/4308/large.jpg,cc-by-nc-sa,"(c) Vishal Bhave, some rights reserved (CC BY-NC-SA)",19b8e383dc6440b43c9c2956885a1c7d6c510dbe4c6621e6b96853549a536216,118565,1024,684,inat_api_gate_v2_readiness,n/a_fresh_row,n/a_fresh_row,n/a_fresh_row,n/a_fresh_row,n/a_fresh_row,n/a_fresh_row,1163960,Artona discivitta,not_recorded_in_source,network,https://inaturalist-open-data.s3.amazonaws.com/photos/4308/square.jpg,n/a_fresh_row
non_ant_insect,Anartia jatrophae,anartia-jatrophae,49761,1722,71aba5f9-5441-442e-a531-b80478f58f84,1964,https://inaturalist-open-data.s3.amazonaws.com/photos/1964/large.jpg,cc-by-nc,"(c) flapack, some rights reserved (CC BY-NC)",f3d17d83742b69c7990a0103c5ac7bbd012461c5c3b9b362796cdf58bb192420,347676,1024,576,inat_api_gate_v2_readiness,n/a_fresh_row,n/a_fresh_row,n/a_fresh_row,n/a_fresh_row,n/a_fresh_row,n/a_fresh_row,49761,Anartia jatrophae,not_recorded_in_source,network,https://inaturalist-open-data.s3.amazonaws.com/photos/1964/square.jpg,n/a_fresh_row
non_ant_insect,Amphicerus cornutus,amphicerus-cornutus,361852,360,5320755b-2a46-47ba-b14e-a212683d993f,388,https://inaturalist-open-data.s3.amazonaws.com/photos/388/large.jpg,cc-by,"(c) Ken-ichi Ueda, some rights reserved (CC BY)",76dafd4a7e036fb2df98bf9c48acd69394d6f7019556c83f0aef0e1adc42bc21,284399,1024,1024,inat_api_gate_v2_readiness,n/a_fresh_row,n/a_fresh_row,n/a_fresh_row,n/a_fresh_row,n/a_fresh_row,n/a_fresh_row,361852,Amphicerus cornutus,not_recorded_in_source,network,https://inaturalist-open-data.s3.amazonaws.com/photos/388/square.jpg,n/a_fresh_row
non_ant_insect,Papilio zelicaon,papilio-zelicaon,51097,2923,9cef1519-f39e-4ecd-9560-5c2fd876c212,4048,https://inaturalist-open-data.s3.amazonaws.com/photos/4048/large.jpg,cc-by-sa,"(c) Eugene Zelenko, some rights reserved (CC BY-SA)",4be1a6e3f0fab88c8aeb4f7e3fdc1da16c940d5361cdea158dde4f06caf41a1b,657184,1024,683,inat_api_gate_v2_readiness,n/a_fresh_row,n/a_fresh_row,n/a_fresh_row,n/a_fresh_row,n/a_fresh_row,n/a_fresh_row,51097,Papilio zelicaon,not_recorded_in_source,network,https://inaturalist-open-data.s3.amazonaws.com/photos/4048/square.jpg,n/a_fresh_row
non_ant_insect,Tramea lacerata,tramea-lacerata,52865,3085,f1e38947-b30a-4d9f-bb3c-5d27c748cba8,4446,https://inaturalist-open-data.s3.amazonaws.com/photos/4446/large.jpg,cc-by-sa,"(c) Eugene Zelenko, some rights reserved (CC BY-SA)",9885374e069fc0249c1dd1a80ec60e4d18fa1a8093e7d716ebe1085f563de64f,291190,900,600,inat_api_gate_v2_readiness,n/a_fresh_row,n/a_fresh_row,n/a_fresh_row,n/a_fresh_row,n/a_fresh_row,n/a_fresh_row,52865,Tramea lacerata,not_recorded_in_source,network,https://inaturalist-open-data.s3.amazonaws.com/photos/4446/square.jpg,n/a_fresh_row
non_ant_insect,Antheraea paphia,antheraea-paphia,509800,3201,6daf28a7-8103-4770-a00d-e1c456f530f6,4839,https://inaturalist-open-data.s3.amazonaws.com/photos/4839/large.jpg,cc-by,"(c) flick abhay, some rights reserved (CC BY)",89e9bd03a79a7f75241e682b2217669f8c8ffbe4d15a2c0d5a181b2ada2ada38,24837,320,240,inat_api_gate_v2_readiness,n/a_fresh_row,n/a_fresh_row,n/a_fresh_row,n/a_fresh_row,n/a_fresh_row,n/a_fresh_row,509800,Antheraea paphia,not_recorded_in_source,network,https://inaturalist-open-data.s3.amazonaws.com/photos/4839/square.jpg,n/a_fresh_row
non_ant_insect,Phyciodes tharos,phyciodes-tharos,52925,3278,3b538d45-6313-43f6-a520-21dae3d1788e,5045,https://inaturalist-open-data.s3.amazonaws.com/photos/5045/large.jpg,cc-by-nc,"(c) FlaPack, some rights reserved (CC BY-NC)",9683a528a3fa0be4356e21295dc25745ce9369e2b3daacb5106292aa9a3bd81b,338790,1024,576,inat_api_gate_v2_readiness,n/a_fresh_row,n/a_fresh_row,n/a_fresh_row,n/a_fresh_row,n/a_fresh_row,n/a_fresh_row,52925,Phyciodes tharos,not_recorded_in_source,network,https://inaturalist-open-data.s3.amazonaws.com/photos/5045/square.jpg,n/a_fresh_row
non_ant_insect,Argyrocosma inductaria,argyrocosma-inductaria,344764,3023,ee6185dc-dce0-485a-9c75-b7bbd5020258,4316,https://inaturalist-open-data.s3.amazonaws.com/photos/4316/large.jpg,cc-by-nc-sa,"(c) Vishal Bhave, some rights reserved (CC BY-NC-SA)",310071a28cf4b1ddc2ca024adb07f329c11fa3cab2b5c7f517726ff3a3e99563,78689,1024,684,inat_api_gate_v2_readiness,n/a_fresh_row,n/a_fresh_row,n/a_fresh_row,n/a_fresh_row,n/a_fresh_row,n/a_fresh_row,344764,Argyrocosma inductaria,not_recorded_in_source,network,https://inaturalist-open-data.s3.amazonaws.com/photos/4316/square.jpg,n/a_fresh_row
non_ant_insect,Caenurgina crassiuscula,caenurgina-crassiuscula,52900,3267,77d1a739-c979-4f6d-aa71-d3e65fbc7f09,5033,https://inaturalist-open-data.s3.amazonaws.com/photos/5033/large.jpg,cc-by-nc,"(c) FlaPack, some rights reserved (CC BY-NC)",c77afcea119d4d0883d1ef99a40a16508817f7782c613e3099783102b219f317,271529,1024,576,inat_api_gate_v2_readiness,n/a_fresh_row,n/a_fresh_row,n/a_fresh_row,n/a_fresh_row,n/a_fresh_row,n/a_fresh_row,52900,Caenurgina crassiuscula,not_recorded_in_source,network,https://inaturalist-open-data.s3.amazonaws.com/photos/5033/square.jpg,n/a_fresh_row
non_ant_insect,Timema poppense,timema-poppense,705998,1607,a29b29c5-29c3-4bd5-99b3-b10a45bda9f4,1827,https://inaturalist-open-data.s3.amazonaws.com/photos/1827/large.jpg,cc-by,"(c) Ken-ichi Ueda, some rights reserved (CC BY)",2bbc90b5f4857a7c742742a4cca305ab27ac756c165fbeb5e54e38ad53aed1af,463745,1024,1024,inat_api_gate_v2_readiness,n/a_fresh_row,n/a_fresh_row,n/a_fresh_row,n/a_fresh_row,n/a_fresh_row,n/a_fresh_row,705998,Timema poppense,not_recorded_in_source,network,https://inaturalist-open-data.s3.amazonaws.com/photos/1827/square.jpg,n/a_fresh_row
non_ant_insect,Pteronarcys scotti,pteronarcys-scotti,229313,267,3b85e0b4-8cce-4a86-8ef5-a0e0c0b997a0,307,https://inaturalist-open-data.s3.amazonaws.com/photos/307/large.jpg,cc-by,"(c) Jon Hoekstra, some rights reserved (CC BY)",6dfb1f11e3324c781b25f2678de05dc6b690d25af10b59ee61cbdabcdc717f07,11853,320,240,inat_api_gate_v2_readiness,n/a_fresh_row,n/a_fresh_row,n/a_fresh_row,n/a_fresh_row,n/a_fresh_row,n/a_fresh_row,229313,Pteronarcys scotti,not_recorded_in_source,network,https://inaturalist-open-data.s3.amazonaws.com/photos/307/square.jpg,n/a_fresh_row
non_ant_insect,Zarhipis integripennis,zarhipis-integripennis,53756,2308,ffc0f836-6eb3-4e94-8725-409cb6d1c6de,2960,https://inaturalist-open-data.s3.amazonaws.com/photos/2960/large.jpg,cc-by-nc,"(c) ap2il, some rights reserved (CC BY-NC)",ea08b922dfb293b05b567ebc448444fe74d572b5e43c7b3b229a94f8379f6874,48053,1024,665,inat_api_gate_v2_readiness,n/a_fresh_row,n/a_fresh_row,n/a_fresh_row,n/a_fresh_row,n/a_fresh_row,n/a_fresh_row,53756,Zarhipis integripennis,not_recorded_in_source,network,https://inaturalist-open-data.s3.amazonaws.com/photos/2960/square.jpg,n/a_fresh_row
unrelated,Lupinus albifrons,lupinus-albifrons,51691,72,b5d13fc6-db66-4573-a9a2-b26d4a5f74e8,22,https://inaturalist-open-data.s3.amazonaws.com/photos/22/large.jpg,cc-by,"(c) Ken-ichi Ueda, some rights reserved (CC BY)",f93616f6908990b742567a8ee37863098cf84f4e85cd7b88844dd9932eec74f9,282571,683,1024,inat_api_gate_v2_readiness,n/a_fresh_row,n/a_fresh_row,n/a_fresh_row,n/a_fresh_row,n/a_fresh_row,n/a_fresh_row,51691,Lupinus albifrons,not_recorded_in_source,network,https://inaturalist-open-data.s3.amazonaws.com/photos/22/square.jpg,n/a_fresh_row
unrelated,Spinus tristis,spinus-tristis,145310,405,85c5041b-0a20-4295-9e3f-12e68b882e75,442,https://inaturalist-open-data.s3.amazonaws.com/photos/442/large.jpg,cc-by-nc-sa,"(c) Minette Layne-Worthey, some rights reserved (CC BY-NC-SA)",c3aecf9026e31e7a8fda3c1e10d07de3102b4860e8317b5c7ad34f680a6a5799,533908,685,1024,inat_api_gate_v2_readiness,n/a_fresh_row,n/a_fresh_row,n/a_fresh_row,n/a_fresh_row,n/a_fresh_row,n/a_fresh_row,145310,Spinus tristis,not_recorded_in_source,network,https://inaturalist-open-data.s3.amazonaws.com/photos/442/square.jpg,n/a_fresh_row
unrelated,Pelecanus occidentalis,pelecanus-occidentalis,4328,236,076f3d96-7a47-4c18-bd84-9703637bf75c,236,https://inaturalist-open-data.s3.amazonaws.com/photos/236/large.jpg,cc-by,"(c) Vince Smith, some rights reserved (CC BY)",bfe0bcee5889943ad4be59c4e3b549951769533f633d0e45ea2839e7d689fc81,586352,1024,1023,inat_api_gate_v2_readiness,n/a_fresh_row,n/a_fresh_row,n/a_fresh_row,n/a_fresh_row,n/a_fresh_row,n/a_fresh_row,4328,Pelecanus occidentalis,not_recorded_in_source,network,https://inaturalist-open-data.s3.amazonaws.com/photos/236/square.jpg,n/a_fresh_row
unrelated,Eschrichtius robustus,eschrichtius-robustus,41478,248,24df3313-e91f-4701-a6f3-2b161fa4f2b0,248,https://inaturalist-open-data.s3.amazonaws.com/photos/248/large.jpg,cc-by-nc-sa,"(c) Minette Layne-Worthey, some rights reserved (CC BY-NC-SA)",f1f7395b9f6a6018001de3e2e1744cd592b45f8af8f3c3d89fb6b2d0c69521c1,591650,1024,1024,inat_api_gate_v2_readiness,n/a_fresh_row,n/a_fresh_row,n/a_fresh_row,n/a_fresh_row,n/a_fresh_row,n/a_fresh_row,41478,Eschrichtius robustus,not_recorded_in_source,network,https://inaturalist-open-data.s3.amazonaws.com/photos/248/square.jpg,n/a_fresh_row
unrelated,Polystichum munitum,polystichum-munitum,47751,1464,6a107164-1cd6-46ec-950c-690012d3140a,1699,https://inaturalist-open-data.s3.amazonaws.com/photos/1699/large.jpg,cc-by,"(c) Ken-ichi Ueda, some rights reserved (CC BY)",942338547272ed2e67408c7e0beffcb497b739f55bd52fa6323011654e698b75,486434,667,1000,inat_api_gate_v2_readiness,n/a_fresh_row,n/a_fresh_row,n/a_fresh_row,n/a_fresh_row,n/a_fresh_row,n/a_fresh_row,47751,Polystichum munitum,not_recorded_in_source,network,https://inaturalist-open-data.s3.amazonaws.com/photos/1699/square.jpg,n/a_fresh_row
unrelated,Zalophus californianus,zalophus-californianus,41740,3195,30cba07d-d06b-4c7b-824c-b134adb66f93,4787,https://inaturalist-open-data.s3.amazonaws.com/photos/4787/large.jpg,cc-by,"(c) Ken-ichi Ueda, some rights reserved (CC BY)",bd8a1e2e9e086f6b8d3373b6307cf1e8243e5e693a115e774d3112114896d815,930852,683,1024,inat_api_gate_v2_readiness,n/a_fresh_row,n/a_fresh_row,n/a_fresh_row,n/a_fresh_row,n/a_fresh_row,n/a_fresh_row,41740,Zalophus californianus,not_recorded_in_source,network,https://inaturalist-open-data.s3.amazonaws.com/photos/4787/square.jpg,n/a_fresh_row
unrelated,Lepus arcticus,lepus-arcticus,43126,3179,30f196dc-d6c4-4334-8e7d-8d5ad470ad5e,4721,https://inaturalist-open-data.s3.amazonaws.com/photos/4721/large.jpg,cc-by,"(c) Drew Avery, some rights reserved (CC BY)",833589c002e9577e6df052ef260d8a8fa56fb6c7b9c035429f91c16406a45500,658924,809,1024,inat_api_gate_v2_readiness,n/a_fresh_row,n/a_fresh_row,n/a_fresh_row,n/a_fresh_row,n/a_fresh_row,n/a_fresh_row,43126,Lepus arcticus,not_recorded_in_source,network,https://inaturalist-open-data.s3.amazonaws.com/photos/4721/square.jpg,n/a_fresh_row
unrelated,Haemorhous mexicanus,haemorhous-mexicanus,199840,316,ff687005-cde9-478e-927a-37141b700091,220998285,https://inaturalist-open-data.s3.amazonaws.com/photos/220998285/large.jpg,cc-by-nc-sa,"(c) Minette Layne-Worthey, some rights reserved (CC BY-NC-SA)",aaf8bd268574a233816575689b8e8a4c14b249e6e50ee971f9ed27971dc1aec8,89374,1024,680,inat_api_gate_v2_readiness,n/a_fresh_row,n/a_fresh_row,n/a_fresh_row,n/a_fresh_row,n/a_fresh_row,n/a_fresh_row,199840,Haemorhous mexicanus,not_recorded_in_source,network,https://inaturalist-open-data.s3.amazonaws.com/photos/220998285/square.jpg,n/a_fresh_row
unrelated,Cistothorus palustris,cistothorus-palustris,7601,441,16790b5d-7e1f-47e7-ad3a-3cbb5796181b,489,https://inaturalist-open-data.s3.amazonaws.com/photos/489/large.jpg,cc-by-nc-sa,"(c) Minette Layne-Worthey, some rights reserved (CC BY-NC-SA)",9f6dafea575c1e9354b5afe31c275b015e240600382570cf84939d5b3f9caeb6,547833,1024,1024,inat_api_gate_v2_readiness,n/a_fresh_row,n/a_fresh_row,n/a_fresh_row,n/a_fresh_row,n/a_fresh_row,n/a_fresh_row,7601,Cistothorus palustris,not_recorded_in_source,network,https://inaturalist-open-data.s3.amazonaws.com/photos/489/square.jpg,n/a_fresh_row
unrelated,Tachycineta bicolor,tachycineta-bicolor,11935,462,4cd4ae19-de05-48f4-96d5-d292e0aee9e5,508,https://inaturalist-open-data.s3.amazonaws.com/photos/508/large.jpg,cc-by,"(c) Ken-ichi Ueda, some rights reserved (CC BY)",d8ee4c1d13e88f7d6d28492c2d29f10cf9c408f2708db41a44388ed9bfbdf0e2,325685,683,1024,inat_api_gate_v2_readiness,n/a_fresh_row,n/a_fresh_row,n/a_fresh_row,n/a_fresh_row,n/a_fresh_row,n/a_fresh_row,11935,Tachycineta bicolor,not_recorded_in_source,network,https://inaturalist-open-data.s3.amazonaws.com/photos/508/square.jpg,n/a_fresh_row
unrelated,Scoliopus bigelovii,scoliopus-bigelovii,48990,1450,19d276b3-5782-491d-8948-184a4a6d53a5,1681,https://inaturalist-open-data.s3.amazonaws.com/photos/1681/large.jpg,cc-by,"(c) Ken-ichi Ueda, some rights reserved (CC BY)",58839a9ad0ea005c12093ce32bb5032d479a1ca05ee536e890353784590fc059,262609,1000,667,inat_api_gate_v2_readiness,n/a_fresh_row,n/a_fresh_row,n/a_fresh_row,n/a_fresh_row,n/a_fresh_row,n/a_fresh_row,48990,Scoliopus bigelovii,not_recorded_in_source,network,https://inaturalist-open-data.s3.amazonaws.com/photos/1681/square.jpg,n/a_fresh_row
unrelated,Reithrodontomys megalotis,reithrodontomys-megalotis,44431,2608,7b311b88-d322-41ef-a2e8-bb2314075a54,3504,https://inaturalist-open-data.s3.amazonaws.com/photos/3504/large.jpg,cc-by-nc,"(c) ap2il, some rights reserved (CC BY-NC)",0693a2f7aebe0f0ed29450e92726fb3e7394b41e18a8970df96a05ccd9fbfb1f,38715,768,1024,inat_api_gate_v2_readiness,n/a_fresh_row,n/a_fresh_row,n/a_fresh_row,n/a_fresh_row,n/a_fresh_row,n/a_fresh_row,44431,Reithrodontomys megalotis,not_recorded_in_source,network,https://inaturalist-open-data.s3.amazonaws.com/photos/3504/square.jpg,n/a_fresh_row
unrelated,Papaver heterophyllum,papaver-heterophyllum,78344,169,70bd00a8-aacf-4563-8ed2-274b8ad76d79,105,https://inaturalist-open-data.s3.amazonaws.com/photos/105/large.jpg,cc-by,"(c) Ken-ichi Ueda, some rights reserved (CC BY)",d354739a65ae097d7ed1855fb67a7e5416e909da6c727b19566eca14d6ca538f,296319,1024,683,inat_api_gate_v2_readiness,n/a_fresh_row,n/a_fresh_row,n/a_fresh_row,n/a_fresh_row,n/a_fresh_row,n/a_fresh_row,78344,Papaver heterophyllum,not_recorded_in_source,network,https://inaturalist-open-data.s3.amazonaws.com/photos/105/square.jpg,n/a_fresh_row
unrelated,Pipilo maculatus,pipilo-maculatus,9420,463,958b2f82-978c-4959-b353-f05c84a4725a,509,https://inaturalist-open-data.s3.amazonaws.com/photos/509/large.jpg,cc-by,"(c) Ken-ichi Ueda, some rights reserved (CC BY)",1a94215913cae01ba9dcebce896231e5603cd4c61c07fdd8ca70ca8158dbfc7d,307298,682,1024,inat_api_gate_v2_readiness,n/a_fresh_row,n/a_fresh_row,n/a_fresh_row,n/a_fresh_row,n/a_fresh_row,n/a_fresh_row,9420,Pipilo maculatus,not_recorded_in_source,network,https://inaturalist-open-data.s3.amazonaws.com/photos/509/square.jpg,n/a_fresh_row
unrelated,Myosotis latifolia,myosotis-latifolia,49132,1252,898a1215-b90c-4e33-8565-b901f38db8f8,1431,https://inaturalist-open-data.s3.amazonaws.com/photos/1431/large.jpg,cc-by,"(c) Ken-ichi Ueda, some rights reserved (CC BY)",f0d81f9c87a2e02500705fa897c238e2e9569328ffc8056e6b2c8003a7880180,284400,667,1000,inat_api_gate_v2_readiness,n/a_fresh_row,n/a_fresh_row,n/a_fresh_row,n/a_fresh_row,n/a_fresh_row,n/a_fresh_row,49132,Myosotis latifolia,not_recorded_in_source,network,https://inaturalist-open-data.s3.amazonaws.com/photos/1431/square.jpg,n/a_fresh_row
unrelated,Ursus americanus,ursus-americanus,41638,1006,813af427-2823-4fb3-a037-f8b9b9aea244,1010,https://inaturalist-open-data.s3.amazonaws.com/photos/1010/large.jpg,cc-by,"(c) Ken-ichi Ueda, some rights reserved (CC BY)",8b15b9e54dd73058a69560e83b2ab10b0cb4833040a847dfb9dcafb27d67c507,328574,1024,767,inat_api_gate_v2_readiness,n/a_fresh_row,n/a_fresh_row,n/a_fresh_row,n/a_fresh_row,n/a_fresh_row,n/a_fresh_row,41638,Ursus americanus,not_recorded_in_source,network,https://inaturalist-open-data.s3.amazonaws.com/photos/1010/square.jpg,n/a_fresh_row
unrelated,Acridotheres tristis,acridotheres-tristis,204454,277,9fc76f1e-c624-4a84-84ac-b18ddda25b8d,312,https://inaturalist-open-data.s3.amazonaws.com/photos/312/large.jpg,cc-by,"(c) Ken-ichi Ueda, some rights reserved (CC BY)",d9c69834870514dc2f4645992303da39610c6084758c94187f4daf4b63010960,1001560,899,899,inat_api_gate_v2_readiness,n/a_fresh_row,n/a_fresh_row,n/a_fresh_row,n/a_fresh_row,n/a_fresh_row,n/a_fresh_row,204454,Acridotheres tristis,not_recorded_in_source,network,https://inaturalist-open-data.s3.amazonaws.com/photos/312/square.jpg,n/a_fresh_row
unrelated,Tachycineta bicolor,tachycineta-bicolor,11935,442,420740b1-f9f9-4497-a806-816ca09d5096,220991946,https://inaturalist-open-data.s3.amazonaws.com/photos/220991946/large.jpg,cc-by-nc-sa,"(c) Minette Layne-Worthey, some rights reserved (CC BY-NC-SA)",50c5beb9718a90a0d3740516dc501d4319e631ef66cf3c4f082909c33a5ffa9c,95469,1024,576,inat_api_gate_v2_readiness,n/a_fresh_row,n/a_fresh_row,n/a_fresh_row,n/a_fresh_row,n/a_fresh_row,n/a_fresh_row,11935,Tachycineta bicolor,not_recorded_in_source,network,https://inaturalist-open-data.s3.amazonaws.com/photos/220991946/square.jpg,n/a_fresh_row
unrelated,Marmota flaviventris,marmota-flaviventris,46086,3089,3f3fc55e-ffda-45fc-8878-62cdbbf8962f,4450,https://inaturalist-open-data.s3.amazonaws.com/photos/4450/large.jpg,cc-by,"(c) Ken-ichi Ueda, some rights reserved (CC BY)",eedac59fc3c64e2a24e46ec459bcb57e31ac045c3d7c601d02335fbab75984bd,586593,1024,1024,inat_api_gate_v2_readiness,n/a_fresh_row,n/a_fresh_row,n/a_fresh_row,n/a_fresh_row,n/a_fresh_row,n/a_fresh_row,46086,Marmota flaviventris,not_recorded_in_source,network,https://inaturalist-open-data.s3.amazonaws.com/photos/4450/square.jpg,n/a_fresh_row
unrelated,Pinus contorta,pinus-contorta,48934,1110,7f1e479b-0713-4fef-b347-12af2da066f8,1115,https://inaturalist-open-data.s3.amazonaws.com/photos/1115/large.jpg,cc-by,"(c) gdurkee, some rights reserved (CC BY)",015f80f618b638284cd20ec1c76099cac26dcd801fa1e5e2e5c9763e788d27c8,323556,1024,768,inat_api_gate_v2_readiness,n/a_fresh_row,n/a_fresh_row,n/a_fresh_row,n/a_fresh_row,n/a_fresh_row,n/a_fresh_row,48934,Pinus contorta,not_recorded_in_source,network,https://inaturalist-open-data.s3.amazonaws.com/photos/1115/square.jpg,n/a_fresh_row
unrelated,Odocoileus hemionus,odocoileus-hemionus,42220,1100,ce9eb5f6-b934-49e9-a5b2-d03e572a82ae,1095,https://inaturalist-open-data.s3.amazonaws.com/photos/1095/large.jpg,cc-by,"(c) gdurkee, some rights reserved (CC BY)",a6153841712ace8627fcef75ef03dcc6efdd483d9a2c517a6cb8e8b8ebbb140b,261011,1024,768,inat_api_gate_v2_readiness,n/a_fresh_row,n/a_fresh_row,n/a_fresh_row,n/a_fresh_row,n/a_fresh_row,n/a_fresh_row,42220,Odocoileus hemionus,not_recorded_in_source,network,https://inaturalist-open-data.s3.amazonaws.com/photos/1095/square.jpg,n/a_fresh_row
unrelated,Egretta caerulea,egretta-caerulea,4937,546,18c8f612-40aa-471a-9501-c288965c7f06,637,https://inaturalist-open-data.s3.amazonaws.com/photos/637/large.jpg,cc-by,"(c) Ken-ichi Ueda, some rights reserved (CC BY)",78e1020b7ca9095bec62aa211d6eedfbab4a5b0859afc4d2177be7219cf23cb3,436949,1024,1024,inat_api_gate_v2_readiness,n/a_fresh_row,n/a_fresh_row,n/a_fresh_row,n/a_fresh_row,n/a_fresh_row,n/a_fresh_row,4937,Egretta caerulea,not_recorded_in_source,network,https://inaturalist-open-data.s3.amazonaws.com/photos/637/square.jpg,n/a_fresh_row
unrelated,Cervus nippon,cervus-nippon,42210,2794,be59ca1c-fa29-4d5e-86a2-06f1458e512d,3852,https://inaturalist-open-data.s3.amazonaws.com/photos/3852/large.jpg,cc-by-nc-sa,"(c) Tomio Ueda, some rights reserved (CC BY-NC-SA)",8e747884d2405edfb0f3885275ff03927616da2c29bc643b47289b4f8f8ef2b3,356685,1024,682,inat_api_gate_v2_readiness,n/a_fresh_row,n/a_fresh_row,n/a_fresh_row,n/a_fresh_row,n/a_fresh_row,n/a_fresh_row,42210,Cervus nippon,not_recorded_in_source,network,https://inaturalist-open-data.s3.amazonaws.com/photos/3852/square.jpg,n/a_fresh_row
unrelated,Corallorhiza mertensiana,corallorhiza-mertensiana,49444,1467,03906ec0-bc8c-4b94-a290-a1284f251e01,1702,https://inaturalist-open-data.s3.amazonaws.com/photos/1702/large.jpg,cc-by,"(c) Ken-ichi Ueda, some rights reserved (CC BY)",20f38584c92d3eb2078b326d1b3ff088d1a3c4c8a621cdd94dd986f0595d9a8e,175460,1000,667,inat_api_gate_v2_readiness,n/a_fresh_row,n/a_fresh_row,n/a_fresh_row,n/a_fresh_row,n/a_fresh_row,n/a_fresh_row,49444,Corallorhiza mertensiana,not_recorded_in_source,network,https://inaturalist-open-data.s3.amazonaws.com/photos/1702/square.jpg,n/a_fresh_row
unrelated,Calypte anna,calypte-anna,6317,315,defcd128-3da3-4933-bda3-85b4d7c8d724,220999346,https://inaturalist-open-data.s3.amazonaws.com/photos/220999346/large.jpg,cc-by-nc-sa,"(c) Minette Layne-Worthey, some rights reserved (CC BY-NC-SA)",e2b8f139b56995bcf7cd90a7b9291a6fba673def2f97a4b259654e7d56bef955,81407,1024,686,inat_api_gate_v2_readiness,n/a_fresh_row,n/a_fresh_row,n/a_fresh_row,n/a_fresh_row,n/a_fresh_row,n/a_fresh_row,6317,Calypte anna,not_recorded_in_source,network,https://inaturalist-open-data.s3.amazonaws.com/photos/220999346/square.jpg,n/a_fresh_row
unrelated,Convallaria majalis,convallaria-majalis,48206,589,35b70311-c90f-4f9a-ac13-2a6d8fff1f91,687,https://inaturalist-open-data.s3.amazonaws.com/photos/687/large.jpg,cc-by,"(c) biogeek, some rights reserved (CC BY)",04b43c3ea1eb14caaf496d143e8df670e225dc33da96ad973753c50d907bf965,26561,360,480,inat_api_gate_v2_readiness,n/a_fresh_row,n/a_fresh_row,n/a_fresh_row,n/a_fresh_row,n/a_fresh_row,n/a_fresh_row,48206,Convallaria majalis,not_recorded_in_source,network,https://inaturalist-open-data.s3.amazonaws.com/photos/687/square.jpg,n/a_fresh_row
unrelated,Calochortus pulchellus,calochortus-pulchellus,47326,168,c67b4337-3955-44bd-96b0-eccc7fd8660a,104,https://inaturalist-open-data.s3.amazonaws.com/photos/104/large.jpg,cc-by,"(c) Ken-ichi Ueda, some rights reserved (CC BY)",938e79146d01f2c3937590d61137999a1daa6ff7a057681df65b012ff8868266,444427,1024,1024,inat_api_gate_v2_readiness,n/a_fresh_row,n/a_fresh_row,n/a_fresh_row,n/a_fresh_row,n/a_fresh_row,n/a_fresh_row,47326,Calochortus pulchellus,not_recorded_in_source,network,https://inaturalist-open-data.s3.amazonaws.com/photos/104/square.jpg,n/a_fresh_row
unrelated,Cardellina pusilla,cardellina-pusilla,145276,262,2cc484f7-5d83-499e-a9a7-d7777389b961,221000260,https://inaturalist-open-data.s3.amazonaws.com/photos/221000260/large.jpg,cc-by-nc-sa,"(c) Minette Layne-Worthey, some rights reserved (CC BY-NC-SA)",e83c9f84e4e377242286b6bd5462ff8bb7a7d99e526d8a7d90d2604c7b277d6f,108535,1024,576,inat_api_gate_v2_readiness,n/a_fresh_row,n/a_fresh_row,n/a_fresh_row,n/a_fresh_row,n/a_fresh_row,n/a_fresh_row,145276,Cardellina pusilla,not_recorded_in_source,network,https://inaturalist-open-data.s3.amazonaws.com/photos/221000260/square.jpg,n/a_fresh_row
unrelated,Geraea canescens,geraea-canescens,77248,1374,fc20bb96-9c79-47ec-920c-016a6b58718e,1620,https://inaturalist-open-data.s3.amazonaws.com/photos/1620/large.jpg,cc-by,"(c) Ken-ichi Ueda, some rights reserved (CC BY)",10be189e3ff6f9d057c8a35b2c065c9d60e217be7c75d9cd0fae7aa6289f50cf,307794,1024,1024,inat_api_gate_v2_readiness,n/a_fresh_row,n/a_fresh_row,n/a_fresh_row,n/a_fresh_row,n/a_fresh_row,n/a_fresh_row,77248,Geraea canescens,not_recorded_in_source,network,https://inaturalist-open-data.s3.amazonaws.com/photos/1620/square.jpg,n/a_fresh_row
unrelated,Adiantum aleuticum,adiantum-aleuticum,52667,735,6836879a-3cae-40aa-972f-8007b83b12ee,11415851,https://inaturalist-open-data.s3.amazonaws.com/photos/11415851/large.jpg,cc-by-nc-sa,"(c) Liv MW, some rights reserved (CC BY-NC-SA)",76e42d8d697496fa2df49360626c1a8e7f59d8a6d51ada57cd794f9b5f38308b,296105,768,1024,inat_api_gate_v2_readiness,n/a_fresh_row,n/a_fresh_row,n/a_fresh_row,n/a_fresh_row,n/a_fresh_row,n/a_fresh_row,52667,Adiantum aleuticum,not_recorded_in_source,network,https://inaturalist-open-data.s3.amazonaws.com/photos/11415851/square.jpg,n/a_fresh_row
unrelated,Ovis canadensis,ovis-canadensis,42391,1112,b420b314-b73c-4f18-b3b0-9a0187be685f,1116,https://inaturalist-open-data.s3.amazonaws.com/photos/1116/large.jpg,cc-by,"(c) Ken-ichi Ueda, some rights reserved (CC BY)",92e62014219a4eb4e46286db16172a579c1b1aa7d1f044159e9fe634d742ada8,173566,768,1024,inat_api_gate_v2_readiness,n/a_fresh_row,n/a_fresh_row,n/a_fresh_row,n/a_fresh_row,n/a_fresh_row,n/a_fresh_row,42391,Ovis canadensis,not_recorded_in_source,network,https://inaturalist-open-data.s3.amazonaws.com/photos/1116/square.jpg,n/a_fresh_row
