photo_id,observation_uuid,species,slug,taxon_id,lat,lon,source,sha256,created_at
691921059,bae1d0bc-20ec-42f5-b63c-12ff52e5412a,Anoplolepis custodiens,anoplolepis-custodiens,426275,-6.809305,37.71735,inat_api_benchmark,20738eb472055ecf5b7797cff423e7b86badc21ddcba1aff1d23d3b953e57077,2026-07-05T11:32:08+03:00
680089676,ccb96cd5-c049-43b6-9e4b-a301d6a5bb04,Anoplolepis gracilipes,anoplolepis-gracilipes,123386,23.4706916667,120.4840916667,inat_api_benchmark,db065c0c6cd9db886a5dfa18c2dae4c025433f05ad9154762001d4842f7eed06,2026-06-16T12:16:33+08:00
680124472,5ba9b4ed-b27e-4874-ac49-55d5f31deba2,Anoplolepis gracilipes,anoplolepis-gracilipes,123386,24.4015,124.1498055556,inat_api_benchmark,3e85348b7770cfe72fa9715fc3009990819afacc8798d05c5fce100987f74e78,2026-06-16T15:12:22+09:00
680672126,e7e434af-3474-463b-b377-ca93237e5cc1,Anoplolepis gracilipes,anoplolepis-gracilipes,123386,1.340200658,103.8192086439,inat_api_benchmark,e65145c83bf033587c44b648add61a85b85ca52472cefd18416e2d27b7728f08,2026-06-17T10:37:12+08:00
680949633,1a3f8bb7-b5b4-46ec-8b82-e6b6117f5ff9,Anoplolepis gracilipes,anoplolepis-gracilipes,123386,24.83171,121.100153,inat_api_benchmark,53f373b258cb34f1428497c8dd5c49e4416d82a1ea90b938aa0c2d32c28f153c,2026-06-17T23:42:56+08:00
681061968,5c4e3ad2-c0eb-4538-8b7c-d252f1adf912,Anoplolepis gracilipes,anoplolepis-gracilipes,123386,24.831876,121.0984679722,inat_api_benchmark,3abfedde717d4fa047547eb1174481a2472d135ac3731064cbb4a12eaff07f2f,2026-06-18T03:01:04+08:00
681425711,334dad14-da62-4663-abab-dce6eb84336b,Anoplolepis gracilipes,anoplolepis-gracilipes,123386,26.6863610689,127.8763042246,inat_api_benchmark,df681f7e8cc929db3a08adc4ecdc6c9aa089e4b4b622aa98b8c70bbd32b64a1c,2026-06-18T19:19:32+09:00
681504099,479669d8-c8a3-4372-bb42-cdf62a25a7fa,Anoplolepis gracilipes,anoplolepis-gracilipes,123386,-20.4503917692,57.3135528564,inat_api_benchmark,017b4001a28f5a22aa2f98a8e02d20f2885797fb0b06930df517a789f79bfff5,2026-06-18T17:57:51+04:00
681537642,f521dd2e-badf-4589-be2f-dc3f44595f9e,Anoplolepis gracilipes,anoplolepis-gracilipes,123386,-7.7099402444,108.6558509339,inat_api_benchmark,53faec3fee96ed49156363cfb4fb7caaf1609005eeed8a67a90d06e66fd6efb2,2026-06-18T22:10:57+07:00
681868566,2962b7ee-9c13-4349-91f2-1d1f34dd0c99,Anoplolepis gracilipes,anoplolepis-gracilipes,123386,2.2716471705,111.8310541509,inat_api_benchmark,18fc73ed821c71747dc091d2e28673eaa6324dd78c69cb1fa2b6b455a37a8ef4,2026-06-19T10:34:14+08:00
681869926,9c10afa1-cf92-4daf-840a-0b2228585462,Anoplolepis gracilipes,anoplolepis-gracilipes,123386,21.5842883333,-158.1228471667,inat_api_benchmark,fa542d72877112557bbfdfaaab4a814c476cee82f9c49df05d19cfe9a09cb9fa,2026-06-18T16:35:46-10:00
681896383,288044f7-f5a3-4563-9ace-6e2111b7df87,Anoplolepis gracilipes,anoplolepis-gracilipes,123386,21.7629716667,110.192405,inat_api_benchmark,847ecc9179040e2e1e1446216b28284d13a2fbfd04e250fa7d8ea1d563ba1d43,2026-06-19T11:44:26+08:00
681990225,bdc4a827-356e-4ab6-aaa9-857c46866a25,Anoplolepis gracilipes,anoplolepis-gracilipes,123386,1.3796619333,103.8254508333,inat_api_benchmark,30560754815e6a31613964e7beef64f12b5d02f02ed158a795a6462d65a4e4c5,2026-06-19T18:36:24+08:00
682151116,5b184efb-9e45-47f6-8d3a-472a394e3fa6,Anoplolepis gracilipes,anoplolepis-gracilipes,123386,9.1779968811,76.6160150045,inat_api_benchmark,c75ede47e3617b66b13ab912ddf54801aee2d755e4e46f117ef243911ebf029d,2026-06-19T21:40:13+05:30
682494384,9bee03af-20db-4790-b078-677102027b44,Anoplolepis gracilipes,anoplolepis-gracilipes,123386,22.8254508889,-105.7879180833,inat_api_benchmark,c6ff1cd7c21ad828a8e8c1cd77d5383700c7d24e2b991b12bc3885f117e74fa6,2026-06-19T20:47:15-07:00
682494483,74f11eed-7505-41d7-b2fa-ae55cfa9d00e,Anoplolepis gracilipes,anoplolepis-gracilipes,123386,22.8254623333,-105.7877502222,inat_api_benchmark,1e8c50db2f565d945c30539a475927dfa43ffac8127905ceac0aeff1b2cb54cb,2026-06-19T20:47:36-07:00
682780834,c4c86c2c-cee5-4796-9671-e563310d7345,Anoplolepis gracilipes,anoplolepis-gracilipes,123386,22.4214583333,114.20697,inat_api_benchmark,cc1bacdcce8fb1d419dd8cdedbfe883baf9a1f22219be21743021af77fc4f572,2026-06-20T23:56:07+08:00
683318175,09d0132c-2d93-4f49-924b-90e275507c18,Anoplolepis gracilipes,anoplolepis-gracilipes,123386,26.4239825034,127.8100834827,inat_api_benchmark,4a9a9b3bd8f47273aeb8a3b29b37e78d795165fe4f64f224f602bb32cdcf6099,2026-06-21T20:03:13+09:00
683870885,4e98efde-638f-4080-85ee-72317efd516c,Anoplolepis gracilipes,anoplolepis-gracilipes,123386,20.8170534453,-104.3956310302,inat_api_benchmark,a34aefac05a3a05242bdd8e1ec7edb0765c0bfb3d55a553c7aa2233a0576bc35,2026-06-21T19:16:58-07:00
684103676,e009fd12-022c-4639-a218-9ec450fdb170,Anoplolepis gracilipes,anoplolepis-gracilipes,123386,3.0960534082,101.7213133981,inat_api_benchmark,2a822c2e69de5dc376487648bc388141e1ca88068b3c5d00315979efd30992b9,2026-06-22T21:35:02+08:00
684440330,157f656f-2e0d-47cf-b07c-a9c46096ae69,Anoplolepis gracilipes,anoplolepis-gracilipes,123386,9.0686235945,76.6451921314,inat_api_benchmark,5eb99f8566043f35c5571c77eed10d46bd540b4ecf7cabcc4cd903d4a8c812c7,2026-06-23T05:34:44+05:30
684488891,a9969ea5-5c13-4b57-8a1f-ad8005273b49,Anoplolepis gracilipes,anoplolepis-gracilipes,123386,18.8109685,98.9472894,inat_api_benchmark,0412a09da20890b39a6e81a043dffd6f9d8729dfb92ec328756878683e83c7f0,2026-06-23T08:59:01+07:00
684507237,cec2277b-bb66-43b5-97b8-b9da32b743d4,Anoplolepis gracilipes,anoplolepis-gracilipes,123386,10.8424446024,106.6853661463,inat_api_benchmark,8936182057548c14dac018a00b1fbb41b04937b31b9025281ac89ea74a4ce0c6,2026-06-23T09:45:16+07:00
684701460,fd5605fd-abae-457b-8f5e-0ba870fceb58,Anoplolepis gracilipes,anoplolepis-gracilipes,123386,-21.3229322213,55.8001243961,inat_api_benchmark,6ae8813bf7aca31c5feb52c1166dedeaacf40b26c5c137a97e199b9d3a89d260,2026-06-23T18:10:37+04:00
684798264,bacf5387-014f-4c06-83b5-72a5384a6379,Anoplolepis gracilipes,anoplolepis-gracilipes,123386,1.325695,103.8301616667,inat_api_benchmark,4afb7de5ac6a21d2697888696fa2e4d403793771abde0ad49dc604499db9912d,2026-06-23T22:22:20+08:00
684886914,3858f430-cb84-4826-a0d7-c7e0d39e087e,Anoplolepis gracilipes,anoplolepis-gracilipes,123386,5.4321677,100.3002029,inat_api_benchmark,17383596ccb28b35ce05cec91c7e3024d6464eaf0211460d27b251108a0be0f2,2026-06-24T03:13:34+08:00
685109971,9b334739-a8f4-4fd7-8d83-01d8015bfdc2,Anoplolepis gracilipes,anoplolepis-gracilipes,123386,19.4283833333,-155.2582083333,inat_api_benchmark,ce3394051057945e4aa9c3a3c5e2f7335001feee6fecf941b4c607255023a2e2,2026-06-23T17:00:58-10:00
685180443,c402a649-8683-44a2-9672-cb1804137d6a,Anoplolepis gracilipes,anoplolepis-gracilipes,123386,22.60862,114.00756,inat_api_benchmark,67e39392029dadb9c730e5df1394fb61ef590da34fdecf44f391374cd4777397,2026-06-24T15:12:52+08:00
685396207,e37d767a-bdc5-4591-a9ed-807bdc8b3968,Anoplolepis gracilipes,anoplolepis-gracilipes,123386,5.581838903,101.4573152269,inat_api_benchmark,8c5efbb2c401b452134ae321b110e5bfc85cb64bda2963df3816964d93f04646,2026-06-25T00:30:05+08:00
685721978,83552144-0ee6-428a-a375-2aa2fb5bd4ed,Anoplolepis gracilipes,anoplolepis-gracilipes,123386,23.7763057243,120.2730319261,inat_api_benchmark,8299b0b531915b639b2d2d9f5bb6ddc4a125fa9bf7921c5725eaaee07acde26c,2026-06-25T11:27:50+08:00
685724859,3a80808a-db40-42db-9e94-27c779c8a0db,Anoplolepis gracilipes,anoplolepis-gracilipes,123386,6.4365416667,100.182915,inat_api_benchmark,ceac1219be337e355462767c5bcdb2dca22ba0c92228a824393d7b0c1f530eba,2026-06-25T11:33:47+08:00
685800314,5ee54133-5018-4950-9c6b-a975d98224a4,Anoplolepis gracilipes,anoplolepis-gracilipes,123386,5.5822314267,101.4570777905,inat_api_benchmark,3521a59f91df1f7b4789360d7c44397e67cd211b4d0dec3c0eab309a874faac0,2026-06-25T15:58:33+08:00
685635393,50e1c841-75ab-44b4-9929-68481724ab20,Anoplolepis gracilipes,anoplolepis-gracilipes,123386,22.0760045825,121.5079485459,inat_api_benchmark,0d446b511862878d8c06503971615202604f347e6fc8b4eec767cb80e5fbdeea,2026-06-25T16:46:07+08:00
685841332,f4333dc1-274d-4559-bba7-744e5b1c4b32,Anoplolepis gracilipes,anoplolepis-gracilipes,123386,1.3981327667,103.8044433167,inat_api_benchmark,5dea64de92696a3417c152ab8711b76449903687a4de3c8781396d059d9367b3,2026-06-25T19:24:42+08:00
686108057,2eba268e-3681-4d15-a202-482f1522e309,Anoplolepis gracilipes,anoplolepis-gracilipes,123386,12.7432722222,77.4989972222,inat_api_benchmark,38f29dda834a741b3ebeca09bec3d994a935ce05d04be79ab781505d0cf9caec,2026-06-26T01:18:30+05:30
686114532,fc6b856f-5d80-4b38-be7c-fa6fc60e2169,Anoplolepis gracilipes,anoplolepis-gracilipes,123386,10.9799109722,76.2847409722,inat_api_benchmark,ed7c7624aa12d126bb5399a75a3f79d1e48a321e4047e332bab1820af96b7902,2026-06-26T01:29:36+05:30
680288191,08974b6a-1e4e-4fca-adce-ca8cfe9be58e,Atta mexicana,atta-mexicana,300315,25.6673010444,-100.3641713038,inat_api_benchmark,5757fcbea525e7e044d36e661da43cb6c341ec3f379825f5d8f2574a30e5f8b6,2026-06-16T08:19:08-06:00
680290968,b8caef06-780c-431e-8c11-c0dfdb045bc3,Atta mexicana,atta-mexicana,300315,24.0243104997,-104.6953501997,inat_api_benchmark,aa5097b99763d1fefcf79cc91f78b1125112a707a5a5a1548ec7cedab32e8de2,2026-06-16T08:24:13-06:00
680476100,97910885-d68f-4816-aead-67d86ebc12db,Atta mexicana,atta-mexicana,300315,24.077313,-104.638525,inat_api_benchmark,246141ab1ba6726465be9cdca51e5af7710d05fab9b0d637a8c4f3aa55ffaf98,2026-06-16T13:50:53-06:00
680485217,730a8ed0-9bed-4501-af73-5f8f9f0737e3,Atta mexicana,atta-mexicana,300315,24.0512752531,-104.6097106933,inat_api_benchmark,291393b23424ae4f57528a4b9cbd246391090a6eaed5d4f2ecee8b180b459377,2026-06-16T14:06:07-06:00
680549143,fd6a7a61-4eea-4779-a839-9d22b5664567,Atta mexicana,atta-mexicana,300315,25.639075,-100.2073466667,inat_api_benchmark,6f345b09ba9d891731d927605252f67078f84bbc818bfad44a531b1fc192902e,2026-06-16T16:04:33-06:00
680572344,a4af10ef-57d7-455c-92df-de71890d6545,Atta mexicana,atta-mexicana,300315,19.64869792,-101.22748105,inat_api_benchmark,feb6d591f3cb50e0503bf1d69cc6186f54abb3c71876ba971cccd8db50ffbdc2,2026-06-16T16:51:26-06:00
680661722,c45ef9ea-da8e-410e-8d1e-a7600fbf1f6c,Atta mexicana,atta-mexicana,300315,21.0088319,-101.9000761,inat_api_benchmark,d57b6b2e01f7ff783fdec0385d1ac9332761f120db6796886bec9a81143165f5,2026-06-16T20:12:30-06:00
680724330,b556cb19-9f12-4093-aecd-e01162cd29cc,Atta mexicana,atta-mexicana,300315,27.1027042,-108.7504215,inat_api_benchmark,a14bbcbec9a7ffc03522aaacdf0433702243a7e48076c97266d66b99e3a6c479,2026-06-16T22:06:22-07:00
680738430,492cf645-7da2-4449-a471-903a05b05fce,Atta mexicana,atta-mexicana,300315,23.9008147,-104.213253,inat_api_benchmark,c15073b3a206f99824672cbcc23ceaf9d3912379f3ad43da057a17d0467d248e,2026-06-16T23:53:27-06:00
680981193,5b750d6a-3c22-4d53-8af6-c857a841d132,Atta mexicana,atta-mexicana,300315,25.6391564,-100.2058562997,inat_api_benchmark,c2f44cee30f55a50b67c8b9c8ae65229d8f4c022f6acaecb01964257b2c8ae83,2026-06-17T10:37:21-06:00
681043577,f15a744b-63dc-4dd9-ac5a-cc1bbcfe3279,Atta mexicana,atta-mexicana,300315,25.5498616667,-100.2705166667,inat_api_benchmark,41c873e016c792390b1c7a752d5ff67383ab623ea917d158294aac818970e85e,2026-06-17T12:27:30-06:00
681248554,e73c588d-de8f-4a89-9370-48c9ea939ef2,Atta mexicana,atta-mexicana,300315,24.0262334469,-104.6926494688,inat_api_benchmark,12816d2f54327f24664597c2ff93f94d68f2b8a85c7984a51f3301849edc54dd,2026-06-17T19:06:45-06:00
681268031,6075a2aa-9a98-46e6-bc28-1bab51b615b6,Atta mexicana,atta-mexicana,300315,21.0171448,-101.8324549,inat_api_benchmark,0899b26a9c536d68d2d292e00e6fbd909dd6408cb3a5f205062eca48bc645dbe,2026-06-17T19:48:19-06:00
681294454,35187d60-63ed-4163-99ab-0026b31c3a07,Atta mexicana,atta-mexicana,300315,20.7026863056,-100.4476470833,inat_api_benchmark,be9b45dbf684c9ebd5291a56405a5791c0a66531cf066b20b3b3e846b7641978,2026-06-17T20:49:01-06:00
681351984,9254090a-32bb-471b-bf54-bea93f817757,Atta mexicana,atta-mexicana,300315,21.5340261603,-104.9329086511,inat_api_benchmark,d1554cf3a6839a1080924b936bbaab4e703fa78352e1f4655a790d4253fa5f81,2026-06-17T22:43:23-07:00
681869833,9e3a0921-e50c-4127-8159-2effd68d95fe,Atta mexicana,atta-mexicana,300315,15.914521,-96.41668,inat_api_benchmark,dc793a5f83e92b86004bc269cf7480fd24683506ee44ba7b9c4e250de5d571c2,2026-06-18T20:35:49-06:00
682131989,487e18fa-5aac-4bbd-8de0-4be969a5dbfb,Atta mexicana,atta-mexicana,300315,20.6085692178,-103.2688797519,inat_api_benchmark,129518b90eb7de00d5d1f860f1188d1ca5c7f4fc70591c882e7bea41c91c51f0,2026-06-19T09:28:52-06:00
682411666,cfdd1eb6-bcaa-4ac7-872f-fe3bbad06d9b,Atta mexicana,atta-mexicana,300315,31.039494553,-110.9996159461,inat_api_benchmark,f9d278d0b4c304be0ecadcdcb7de90b388db91977ddec0fd3a86e0a45430f993,2026-06-19T17:57:15-07:00
682411897,e461d599-8b4a-43cb-9cd4-2b2600e5433e,Atta mexicana,atta-mexicana,300315,31.1762074593,-110.9074660914,inat_api_benchmark,383de0f3142e05fc46f0f282e3f68cf1b58e0cf43a3a3da838785d2dc1529ad5,2026-06-19T17:57:15-07:00
682411921,99232926-0901-4062-b516-ea540e62bfce,Atta mexicana,atta-mexicana,300315,31.1349667196,-110.9518777554,inat_api_benchmark,16859f207b9a90d05cbc177451d0d30880354b5ed7959553dd424fbf6a0c3492,2026-06-19T17:57:15-07:00
682501809,4f314615-5447-43c7-9148-330903ad9167,Atta mexicana,atta-mexicana,300315,19.7022958,-101.2026696,inat_api_benchmark,050aa8392805a80161464deb6ea6ba8daf4f3bf1eca555d10e192a1be9e7193a,2026-06-19T22:09:55-06:00
682781911,676c5f6f-04e7-46a9-a150-5455ce345d1e,Atta mexicana,atta-mexicana,300315,25.9607027778,-100.2909166667,inat_api_benchmark,cee7ebb0bb267e29c1678b14d5766e74bfd0b08f795fca364c0fa9addd032c0c,2026-06-20T09:58:00-06:00
682856863,f621f69c-1e26-40dc-ba2d-0890d3466d70,Atta mexicana,atta-mexicana,300315,17.5906363407,-99.1763015718,inat_api_benchmark,ebed87fd9d304053b41690970a04f7df50ff2de3cf0c46667f235a42dd614ffa,2026-06-20T11:52:26-06:00
682931707,92bf1020-8117-4358-b238-6574cb5b1855,Atta mexicana,atta-mexicana,300315,15.9071053327,-96.1456420828,inat_api_benchmark,ee97f5decfafef3ec66d94a2a6ee26758edd1a8567457a46e8f7d291a6519f75,2026-06-20T13:47:03-06:00
682945325,30a9b929-4841-43a9-9116-8aa6d758ad89,Atta mexicana,atta-mexicana,300315,19.2229999722,-96.237654,inat_api_benchmark,06a5ca462129982be35c8b7120d10e5415d30817baca3c64f7c8933c0be478ae,2026-06-20T14:08:18-06:00
682947904,c65ccef9-b3dc-4f89-92f8-fea367109579,Atta mexicana,atta-mexicana,300315,19.2229309722,-96.237553,inat_api_benchmark,21b6549ab5b79d12fd493afcbab84b41d41736d087862317de0373e352c13d07,2026-06-20T14:08:26-06:00
683090040,2ee504e0-57ce-458c-8826-86fcab2e8d1e,Atta mexicana,atta-mexicana,300315,20.0245574632,-99.5277847722,inat_api_benchmark,dbe190aa728201794c086cf20a088c8c0926df10616e7260833be305a0277c47,2026-06-20T18:23:19-06:00
683178461,c33e1b33-8a2f-4715-83ca-30f4a6a91c88,Atta mexicana,atta-mexicana,300315,21.0360057333,-101.5400431515,inat_api_benchmark,cf51719c56a7008beeb47ea61f3d585d88434a33fb88c8234aaa8fa1d36af5bf,2026-06-20T21:38:05-06:00
683436282,28d48b8a-df48-4b74-a661-ea94bc5bce5e,Atta mexicana,atta-mexicana,300315,18.9054985046,-99.45677948,inat_api_benchmark,17cb7c18ffec8342448c24fbb6436d1d72c78058dd74e461012284a2cf22eed1,2026-06-21T08:30:31-06:00
683436291,faa91cef-6f60-432e-9b76-2ddfc78c2937,Atta mexicana,atta-mexicana,300315,18.9054965973,-99.4567947388,inat_api_benchmark,eef2f29caa7e966520a5eec2fbd65375cf8f2825aaa609b05969ec0a7a48d1e5,2026-06-21T08:30:31-06:00
683436315,341cc44c-2132-45ed-8fe0-827bd4f6164f,Atta mexicana,atta-mexicana,300315,18.905374527,-99.4577941895,inat_api_benchmark,418af4c476bcae232a5c6e7351c3044294d9eea561b764928bd38465325bed0a,2026-06-21T08:30:32-06:00
683494270,ce1f465d-98bd-42c5-8bb3-5258d1e371a9,Atta mexicana,atta-mexicana,300315,28.1395041215,-108.2339805072,inat_api_benchmark,3c3cd4ddf53048c865d2d73be9b9bc83f48ae7bedd74aa5475938dcf1346e1cb,2026-06-21T10:03:25-06:00
683511024,f10a9b49-fb1e-4313-a36c-a61c399cfdc5,Atta mexicana,atta-mexicana,300315,18.9491376,-99.4962039,inat_api_benchmark,56f6de186db70e979ec2a502d0a2032a113b891188e0493f8cee2d0666bcfeb5,2026-06-21T10:30:13-06:00
683533592,d0cf1117-4c7f-452f-b415-29c87b21bfbf,Atta mexicana,atta-mexicana,300315,18.9542666667,-99.2450716667,inat_api_benchmark,65a194fe6cd334a2922b3cf5905ad56d240df0e706f373862572c05c1582a176,2026-06-21T11:03:04-06:00
683561396,1b716b24-513d-4d25-989a-4fd967896216,Atta mexicana,atta-mexicana,300315,20.7117872162,-100.5602280423,inat_api_benchmark,cb42ddb820b5280d8e4e576d3f6a14ba02a124dfb1d53c4152eb11f8d0d528ed,2026-06-21T11:42:21-06:00
680406300,cb3b5575-83f2-4ff3-b92f-f8fde163520c,Atta texana,atta-texana,151794,30.1865028525,-98.0860127069,inat_api_benchmark,028139c2c3555d7c202d63ff331cda03df99dddcd0630e486cf6c0934d1604e0,2026-06-16T09:45:13-05:00
680372239,2b91d01a-ca35-46e4-b373-41adc9ccb66a,Atta texana,atta-texana,151794,27.8993111111,-99.5058638889,inat_api_benchmark,e5fc89fc51053e34e2d837d9d87d805e1cb4b348c79c551a3dc9d4b147e824cf,2026-06-16T11:56:07-05:00
680902544,75d45f0e-9b50-4c87-b4cb-1b1f3690d734,Atta texana,atta-texana,151794,26.1553612201,-97.9618862733,inat_api_benchmark,40e5c933338dc75d220a4a621e27fd168841fea360811f8d60b42db507e4ccae,2026-06-17T09:14:29-05:00
681213044,6c0f55ff-d847-4185-802e-caafcb9ad59a,Atta texana,atta-texana,151794,26.305,-98.1736833333,inat_api_benchmark,59c1298f2eb2c20437921b8731c96a37dc79bd412f58fae099e2d4f666074413,2026-06-17T12:44:30-05:00
681156281,135a3c49-1421-46fe-87c3-bc12e1c591f1,Atta texana,atta-texana,151794,27.3099416667,-98.6847783333,inat_api_benchmark,4b422ba59ad317d88d4cb615b64ac4ea938446355a974843dc1a9564dc4656bd,2026-06-17T16:45:23-05:00
681226865,1b2e7488-c6c8-4a34-b960-99df6a606919,Atta texana,atta-texana,151794,30.1159830578,-95.4151058789,inat_api_benchmark,7b832f24a6f67bf1843327bbb4dac740f9583bffb884ee0eace035293e885fb9,2026-06-17T19:15:23-05:00
681289192,02db829e-7199-4c4c-a50f-55b1c4acfb29,Atta texana,atta-texana,151794,30.0452055984,-97.2034219002,inat_api_benchmark,cf1a6a875dc6240cfe9bffe6bcedacc1eb4bded24bafcd79e7717f4a4ff22ed2,2026-06-17T21:36:18-05:00
681556059,41443703-8d66-4d0c-87e7-a07c971c83c5,Atta texana,atta-texana,151794,29.4020866667,-98.414245,inat_api_benchmark,8d2c5fc928419b985b0ab0ec42e585fc0c793530e2360aa3a9e6e30518830a84,2026-06-18T10:40:22-05:00
681572703,14d4bf30-cba1-4686-ab2d-d9d6b0be504c,Atta texana,atta-texana,151794,29.6734281881,-95.8896202101,inat_api_benchmark,9a0a2eb99ce5c6148ccd14a6fb35d6bc0cb4594f1a96960cef9be07b720598a3,2026-06-18T11:13:04-05:00
682460251,c81c9bee-d32d-49ff-9bfc-ce6fbe5f438e,Atta texana,atta-texana,151794,30.5289726952,-95.6261080399,inat_api_benchmark,3903995008b15ae72e9d81283fb0cfc4e2726b379b2f8898dacc104f28b84efe,2026-06-19T21:30:02-05:00
683563612,55eae237-4201-4b50-b872-ec45e3ec8912,Atta texana,atta-texana,151794,31.9831448783,-95.8872890649,inat_api_benchmark,a3b677e28adfebd703899e9b687102e9ac2e519a78a235447e1cbe5fd3d0fe6c,2026-06-21T12:45:39-05:00
683960102,3041d300-5235-4472-ac70-ebbd05e8b869,Atta texana,atta-texana,151794,30.2684408817,-97.76473497,inat_api_benchmark,9eca3c103b54bda36ed6b1df8b70d781286d5b6aeef51dd968e4ee8e8b20b62c,2026-06-22T01:10:12-05:00
684375958,4e0ba462-dbe8-43e8-989f-cb0716b3b52e,Atta texana,atta-texana,151794,30.8624805556,-94.1767583333,inat_api_benchmark,e7585d053fd8127a99a389984d7eb9b39fe891ab09e9a36d9630cdcafb38bf05,2026-06-22T16:45:29-05:00
684428908,bc9fd578-50f5-4626-8249-9e82d38f649b,Atta texana,atta-texana,151794,31.8817255758,-95.4168265369,inat_api_benchmark,9f60c838ea8813d6c922820030d835d0cf7834bb0b7713982a57764fbe65ed58,2026-06-22T18:43:30-05:00
684582460,2560b3ef-eff2-4158-8e2c-1eebd1b41dc0,Atta texana,atta-texana,151794,28.2559466382,-96.794457854,inat_api_benchmark,c675c2df5a95c4df0f7f201409d7e30cc9656fe5778b235955fab79021fcb3cf,2026-06-23T01:48:42-05:00
685031940,36782714-ffdc-409a-a265-35e4d561183b,Atta texana,atta-texana,151794,30.1690669941,-95.3965370486,inat_api_benchmark,3b7539a6bd52851fd8f697e7cf6fa76ee12db712d9ade5cd4258a86fadce0653,2026-06-23T19:01:13-05:00
685704054,4bf62e5b-0176-4ba8-96b3-8895bc86dd51,Atta texana,atta-texana,151794,28.2560629791,-96.794519602,inat_api_benchmark,9853bfdaac9cf3bef1144a7c85fdce2e3aa6b2ea03ed61bf3fa7c751725f903d,2026-06-24T21:46:18-05:00
685897142,86f4c000-b64c-4fb9-be4f-70e53678c877,Atta texana,atta-texana,151794,30.2497290247,-94.170143746,inat_api_benchmark,1db6a57780ece98489348da1cc8bbf2750f2d773dee575093fd4158cab051e6d,2026-06-25T08:08:56-05:00
686315717,fd0dba73-fc57-4d54-ac3e-9ad7484d16d6,Atta texana,atta-texana,151794,27.0207916667,-99.4272616667,inat_api_benchmark,53a8699c2a085f9a6b56b3b0591f50baace8ab64f39ea1e3d4f8ad2eb56133c7,2026-06-25T22:25:28-05:00
686491814,e055e6c2-e526-4494-bc23-078b8e7120d7,Atta texana,atta-texana,151794,30.14210254,-95.5093299723,inat_api_benchmark,5a8ae7fabff4b797b1a1c4481ac32806a54d9ab6ce0aa030f00c327da6beeef1,2026-06-26T08:36:18-05:00
686817321,7c4d974f-81d9-478b-9a2a-313dbc90d876,Atta texana,atta-texana,151794,30.1725957181,-95.4888663816,inat_api_benchmark,27afffcb744936caf72812ae4b9c9928479c4f3e169a89c297230e9fbf6b587f,2026-06-26T19:23:02-05:00
686878170,c772aa06-f547-4b1f-94d7-2d1227a97410,Atta texana,atta-texana,151794,30.09545,-98.4201666667,inat_api_benchmark,bb421b5e029cef6de0d8d68473b4d2ecbabcb1d3c75213e3175febc1ae2c0d7d,2026-06-26T21:47:36-05:00
686879351,f0519a27-41dd-4dad-aff9-536cc734b81a,Atta texana,atta-texana,151794,30.1432695363,-95.5103428013,inat_api_benchmark,76a01db6cce4a112a1ec9825965db0399a489f6660f17e933ebddaed048a2e83,2026-06-26T21:55:48-05:00
687045423,f3abe182-637e-4593-b5d6-916f01fbb685,Atta texana,atta-texana,151794,27.7906443912,-98.0613102535,inat_api_benchmark,ddc67470c32bebc77e677328ec15912b09a365b6dab58516f13473cc6df28143,2026-06-27T06:46:28-05:00
687891846,4e0670a0-6194-4f5e-87a2-efe5d26dbf7e,Atta texana,atta-texana,151794,30.3352889732,-95.5847676623,inat_api_benchmark,32d50e092fda4d1cb6e3fe6c6dc266a89967d7ba7b67521fa87db52045b49013,2026-06-28T11:31:59-05:00
689321556,cabe3b37-656f-4b80-9fd7-7e09654d803e,Atta texana,atta-texana,151794,29.8689333333,-98.1596445,inat_api_benchmark,0cef5c0ef4d88f9212ba870e15c14f1a6edcdd5dfe34f62efb6aeb9a1f4475b5,2026-06-30T17:32:40-05:00
689351367,f0b67b86-9cde-46ea-9389-508c6dfe7c2f,Atta texana,atta-texana,151794,26.3016814689,-98.16334337,inat_api_benchmark,fddd139afa5c92decba65c5e85335cb3475395c525e8720c5e8cf24914386149,2026-06-30T18:35:05-05:00
689906511,4152ad5c-50e0-4f76-a891-2d943be7adf8,Atta texana,atta-texana,151794,26.1866842776,-98.3797494171,inat_api_benchmark,e5f85aca116313d1141009bc63040b021fe91adb70da52e4f90d1081d740af87,2026-07-01T19:15:16-05:00
691578875,5bdf104a-5a25-4ef8-9869-70beebb0188d,Atta texana,atta-texana,151794,30.2076926566,-94.0160027056,inat_api_benchmark,05920eb4fa2c495640c9da6271532e0db64681528396549d036f8dd2c4efd16e,2026-07-04T14:10:01-05:00
691793891,cb500236-898e-41c7-b46a-f0bf482f0aff,Atta texana,atta-texana,151794,30.184950302,-95.7802056894,inat_api_benchmark,e1e321acd69473d0152cfdfab9e38d09dae6425473fa11c8f831e62245cd1889,2026-07-04T21:11:31-05:00
692548830,7e1cc9c0-1216-4ebe-bf42-359d29653e69,Atta texana,atta-texana,151794,29.6249881499,-95.6651234365,inat_api_benchmark,fbdda523afa373a8c1236c23c3c5c7dd7a38cbfbcd268d1d329a6e37bccc8ad3,2026-07-05T23:07:28-05:00
693083998,c2677798-d88e-4ff7-8880-bfc9e8575d83,Atta texana,atta-texana,151794,30.268782263,-97.7715137051,inat_api_benchmark,96895ef83000bcf4c0f8b0ab35c55b73476c6bc6c2830ce3772b6847de689703,2026-07-06T19:22:05-05:00
693144973,21770888-4380-4385-bc83-44958022dca1,Atta texana,atta-texana,151794,31.2268216667,-96.1300195,inat_api_benchmark,642c81afaa59309deb177b6308506549875fecddf288e6c05400a918033c5442,2026-07-06T21:48:37-05:00
693344295,94207676-bbc8-4666-a24b-d16054558f32,Atta texana,atta-texana,151794,26.1993333333,-98.2648783333,inat_api_benchmark,fabcd4abd3843f73f6b794d76f5ac36fc0155638aad228f1de73e1ea7f68a803,2026-07-07T08:29:37-05:00
693816920,a60369f9-2f34-4c16-af53-82fe3e7fe1b8,Atta texana,atta-texana,151794,28.0622222222,-97.8778166667,inat_api_benchmark,1d1b5e7554edd05260dd4fe9fbadc9dd9ad28fdb38a853d09578aa747984bcd0,2026-07-08T02:11:36-05:00
680401038,6fbfc646-e758-407a-b021-c9b997a23b09,Brachymyrmex patagonicus,brachymyrmex-patagonicus,356419,32.857605,-117.2537833333,inat_api_benchmark,9ebcf7dad92e558629020b89ad4e558354a12902d7a59c0f9d5b79dc167db560,2026-06-16T10:44:47-07:00
681094850,76b1cafb-18ab-49a9-9414-8ee075b7e5ad,Brachymyrmex patagonicus,brachymyrmex-patagonicus,356419,34.1966492606,-118.4013279245,inat_api_benchmark,d684aa7db563c5634fdc67aa8128dfa4ff162c76628c0633a19e58076823cf60,2026-06-17T14:04:09-07:00
681184007,61caffe8-2022-4761-9e6f-358355690bb3,Brachymyrmex patagonicus,brachymyrmex-patagonicus,356419,30.0911333333,-81.6946416667,inat_api_benchmark,2e48f722730c15a67e350ec5e30777870daf6bbf5381a55767f2b229ebebb1da,2026-06-17T18:41:13-04:00
681623580,9b10bf89-1237-4d28-a6f4-45d2c0476d42,Brachymyrmex patagonicus,brachymyrmex-patagonicus,356419,36.90255,-3.47987,inat_api_benchmark,019cd5ef4f1b9fed65892b9c47e0146ab2d72f61523e757322693695ea08074a,2026-06-18T19:45:25+02:00
681667321,2d0a2c75-b17d-49d6-a52b-9f0845ecc928,Brachymyrmex patagonicus,brachymyrmex-patagonicus,356419,29.671837,-95.109953,inat_api_benchmark,2208e4736976327d1e196b3e610ad7099e5e5662e461e756d09a3f1e25215744,2026-06-18T14:08:56-05:00
681667366,c3c475a4-2cf3-4314-8286-098efa1bdf20,Brachymyrmex patagonicus,brachymyrmex-patagonicus,356419,29.671837,-95.109953,inat_api_benchmark,3e243bd4f5bfdd8110f7971c367b12d14e84ba55c378f1bb0a48d5b0aa61c058,2026-06-18T14:08:59-05:00
682484418,ad599845-14bc-405b-b222-3ca3a504f838,Brachymyrmex patagonicus,brachymyrmex-patagonicus,356419,37.322472,-122.0345954,inat_api_benchmark,b7f7b4e177d470f93ab7bf4df201c93393c900e568ce90df2865ecb89d24790d,2026-06-19T20:20:05-07:00
682760769,9e1243a0-4dcc-4c0e-94eb-af56bec42971,Brachymyrmex patagonicus,brachymyrmex-patagonicus,356419,30.2999866667,-98.01573055,inat_api_benchmark,a45e0a2f7ba49c02c655123f0f3792465fdf59c9de7a505e5faff4f07cfe5ccf,2026-06-20T10:24:34-05:00
683110601,6f466b63-2360-415a-af9b-8de86eaa496c,Brachymyrmex patagonicus,brachymyrmex-patagonicus,356419,27.9931666667,-82.2106722222,inat_api_benchmark,3f1486b20e923e1e13849526905f7902babee1edb0354ad01ff59e1608bc9fed,2026-06-20T21:10:45-04:00
683158494,ea9dbc6e-c520-4a80-a992-a00a2a6efea9,Brachymyrmex patagonicus,brachymyrmex-patagonicus,356419,34.1807268954,-118.1517301604,inat_api_benchmark,9f2e1b593a28664534314416cb325a06a9417f74d3ca1bfc5789f5af423a44cd,2026-06-20T20:00:06-07:00
683469019,10cbf680-ade7-4b06-9a3f-4145d30cb520,Brachymyrmex patagonicus,brachymyrmex-patagonicus,356419,32.6349866506,-97.5462377638,inat_api_benchmark,774935a871bdf581012a87a4f1daf4e0c752f9eeb2fb866dc4489cecdcedd2f7,2026-06-21T10:25:21-05:00
683481890,5274788f-90e8-45ef-b41e-50d1f4cc1b2f,Brachymyrmex patagonicus,brachymyrmex-patagonicus,356419,34.04589769,-77.91305062,inat_api_benchmark,949c20f319b1d31d07b3ed33316182218f2a41c42467d24cdc0d49a6dc995d49,2026-06-21T12:09:55-04:00
683740763,a35b59e4-881b-4a17-b640-87096deaee39,Brachymyrmex patagonicus,brachymyrmex-patagonicus,356419,31.5568726055,-111.0470397891,inat_api_benchmark,b0596519d331aff22677a6779b2afba9108e8b1e2a3ce66e8cbe6bb6a63c3019,2026-06-21T15:11:34-07:00
684223974,a4633a17-21c1-4cc5-ad7f-2394e0ed9d87,Brachymyrmex patagonicus,brachymyrmex-patagonicus,356419,29.671805,-95.1103221667,inat_api_benchmark,317698068045702eb4c9b266c83ff55abeb57cad76ab47ed3721f3bc8639d9fd,2026-06-22T12:08:30-05:00
684976532,98af91fc-4d65-471b-8159-9e1b2e60ce32,Brachymyrmex patagonicus,brachymyrmex-patagonicus,356419,27.6130583333,-99.4529716667,inat_api_benchmark,fc721433c0d9b69a920031a7dbe0d48b2f19b3e968ff951ecb0baf0d0cb1012c,2026-06-23T17:02:33-05:00
685012021,e17c8d48-c874-498a-b696-af8c0bafb275,Brachymyrmex patagonicus,brachymyrmex-patagonicus,356419,30.257908,-97.7861419722,inat_api_benchmark,18ac27f65daadc71e35492fffa23bbecad5ebb169d8e9775c6b40f6727c638be,2026-06-23T18:16:47-05:00
685031194,b3f1c620-6474-47d7-994e-9324dc641c6a,Brachymyrmex patagonicus,brachymyrmex-patagonicus,356419,32.6344123887,-97.4169350812,inat_api_benchmark,4cbd331ce2ba3044ac8a0a0c5b66a52358777461a040ae23ee396a2c51bcb9f4,2026-06-23T19:02:36-05:00
685496877,d96af6f6-003e-4fc8-ab85-a736c613ecad,Brachymyrmex patagonicus,brachymyrmex-patagonicus,356419,34.0813666667,-118.5031666667,inat_api_benchmark,549115c7fc917500b2d8a59f5bdf65db550a6df1be88724ec5a932001b04b0f1,2026-06-24T12:28:56-07:00
685782363,4ed8bae0-efe3-4520-b276-d1e142876607,Brachymyrmex patagonicus,brachymyrmex-patagonicus,356419,36.1074171208,-115.2789017088,inat_api_benchmark,9b52e19436b5fa9b115db638d54b8ea823cc29f1f9ecb7f4221d6ccd7127d0f5,2026-06-24T23:47:23-07:00
685969037,531e4e6c-e7f4-45f2-ae83-24a35f3b1753,Brachymyrmex patagonicus,brachymyrmex-patagonicus,356419,24.7464222222,118.6354055556,inat_api_benchmark,6dec9843cc2254de2eea1892cbc96d52e9f5bc09574a8a6d558a464f79f6b2de,2026-06-26T00:48:51+08:00
686303509,de4df34e-ea20-48bc-b989-a57f9e2e5b93,Brachymyrmex patagonicus,brachymyrmex-patagonicus,356419,33.8866466667,-117.78527,inat_api_benchmark,9f15aa730c65273c91f438c8532789bc7c8f9369783b22e2761b55387e498412,2026-06-25T19:53:22-07:00
686332904,6977f012-6910-4bd9-b429-36d22893293a,Brachymyrmex patagonicus,brachymyrmex-patagonicus,356419,32.7087603159,-117.1704635935,inat_api_benchmark,45563a534c02e66535c6901ac3761267d323a862f174f5596d79696d97261492,2026-06-25T21:18:28-07:00
686340096,68a2a030-f455-4866-a7e9-441f7b3fab58,Brachymyrmex patagonicus,brachymyrmex-patagonicus,356419,29.6125006854,-95.5933332157,inat_api_benchmark,743b74f30d0b2e287f33e15d629f10e1f630ce87c0c202c94c41ab14ff1de6b4,2026-06-26T00:17:56-05:00
686340158,3cf3dec6-1471-46a4-928a-325b465b5e31,Brachymyrmex patagonicus,brachymyrmex-patagonicus,356419,29.6547904715,-95.5732649112,inat_api_benchmark,0db0594dd223277baeb068e4ab817b61c035cbeac931f0de6ae1f2cfd7e02c46,2026-06-26T00:17:58-05:00
686618396,7cb315c1-a0e7-4d18-9ff3-1ecb0ee75ac3,Brachymyrmex patagonicus,brachymyrmex-patagonicus,356419,29.8529391323,-95.7269588131,inat_api_benchmark,deda560b2c0d6879b625ffb9698565b4dbd2849fc234e0d3e7d96c1be996a22b,2026-06-26T12:53:04-05:00
687490293,94129b9b-fbd1-45fe-9f9d-ea6fd266b60d,Brachymyrmex patagonicus,brachymyrmex-patagonicus,356419,33.9865721726,-81.1365295628,inat_api_benchmark,d8649977c8c16065721f576c528bdef42c23d657d1285a7d9797691d081dc18a,2026-06-27T21:06:48-04:00
687524874,db6e76ae-9ed2-4b49-b97f-bff4db560158,Brachymyrmex patagonicus,brachymyrmex-patagonicus,356419,34.9683237542,-78.9641257748,inat_api_benchmark,2813a73c6252a78ba268c425078663eb041339000ac70682fd7bb3483c720b2a,2026-06-27T22:09:43-04:00
688743484,599e91e2-55dd-45f1-ad84-225298a1b79e,Brachymyrmex patagonicus,brachymyrmex-patagonicus,356419,30.3574997898,-97.7234033462,inat_api_benchmark,34a947caf5f28199e7b9b8c5563420ac9f0852b01d261f20ef36a1da10dce873,2026-06-29T17:35:33-05:00
689249981,a5d74151-00b3-470c-bca5-9c35ef68cee1,Brachymyrmex patagonicus,brachymyrmex-patagonicus,356419,37.2720630639,-121.9027160818,inat_api_benchmark,457ca9a361d7759453740fad5b113d21bdcd934c960ec6e4ca1cba4a0eaeb860,2026-06-30T13:27:00-07:00
689337147,ccf34102-2cea-4e34-86ae-1613202e058d,Brachymyrmex patagonicus,brachymyrmex-patagonicus,356419,29.751725,-95.4239366667,inat_api_benchmark,c7c48e2d2bfeea1ed63e2a9123b7648ff8c7c66b452b9c9b1d5a14a3f011fd9c,2026-06-30T18:05:50-05:00
689484113,2dcc551f-dd78-418b-898e-e290e6549a33,Brachymyrmex patagonicus,brachymyrmex-patagonicus,356419,29.45728,-98.4570566667,inat_api_benchmark,7b0869fc4f675e3c2bce322c656b11cf1d6864edcd378ad6a0057c9a4b29039d,2026-07-01T01:01:41-05:00
689852015,41eabe06-4db2-4c04-ab48-3c184c43ee4e,Brachymyrmex patagonicus,brachymyrmex-patagonicus,356419,30.3011616667,-98.0202111667,inat_api_benchmark,add280b7cada6e138050816e59f356cac21da6ce9e6b1033d6ebbb171c6e8452,2026-07-01T16:02:24-05:00
690000651,568dacf0-dcaf-4b89-ac94-498edbd54c99,Brachymyrmex patagonicus,brachymyrmex-patagonicus,356419,30.0297440596,-94.9951723438,inat_api_benchmark,ca656e63bba2682eb4a922d1a5011fe7ff0e9ad4c2b1ada726d0306efac482f6,2026-07-01T21:51:42-05:00
690522585,a77a6e7d-48aa-45f6-8ba2-37f650391154,Brachymyrmex patagonicus,brachymyrmex-patagonicus,356419,32.9987339834,-96.6989922991,inat_api_benchmark,34e0ac81d437f361c5ca22e3a7f102184541d8131b7214a8a3c5b50cd581fa5d,2026-07-02T19:55:22-05:00
690936885,21db6607-9e33-4e41-85b2-7ce5dedffaf2,Brachymyrmex patagonicus,brachymyrmex-patagonicus,356419,30.27223,-97.7638166667,inat_api_benchmark,91ef3ec66df4c1dcf28f8f3ef63464e8c3f5ee012a1e56bce884880970f75d59,2026-07-03T13:52:29-05:00
680090733,593d01e3-193d-4cf7-9300-580f5764d8d3,Camponotus castaneus,camponotus-castaneus,129272,39.3355036924,-76.5698273667,inat_api_benchmark,d3f1865fffa171035c97bed38afcec49538afa031502eed45631795681393d0b,2026-06-16T00:20:53-04:00
680259352,acfcfd43-e650-4ac6-b217-17b1ef255c53,Camponotus castaneus,camponotus-castaneus,129272,39.1745119227,-86.5108923474,inat_api_benchmark,afc97d6e127fc80ddf9c20449f2074f87cd169b9b73b77e3226d3601e546deed,2026-06-16T09:23:02-04:00
680333124,c096e4b5-8d9a-4141-9518-4d3d39ff2e44,Camponotus castaneus,camponotus-castaneus,129272,38.882555,-77.1269138333,inat_api_benchmark,11891f96d414ff1a49ace4b6e3edfbc8871986c3d3bcf175cea665ff2af30bca,2026-06-16T11:45:33-04:00
680342668,c0f1532f-2e96-4473-b389-c0173f4f2765,Camponotus castaneus,camponotus-castaneus,129272,35.95757,-83.9233866667,inat_api_benchmark,113c8417b2114f341bf8348171ef22a9005cb7bb4a88671052efccf84ad872c2,2026-06-16T12:03:34-04:00
680342888,7e319812-e71a-40fd-94dc-835875ba280b,Camponotus castaneus,camponotus-castaneus,129272,33.423739855,-96.1124155661,inat_api_benchmark,21e3b5142f0c40f1635eb619720c554f89ee30d1661539ebd662663d938a1bc7,2026-06-16T11:08:51-05:00
680353781,41787903-02d2-4669-8ca7-d60be56ee79d,Camponotus castaneus,camponotus-castaneus,129272,34.6776264255,-81.3359897648,inat_api_benchmark,6dddf5d2aaaa1d5e9f00270f8d9725a97b269b8ae03eff582bcab53bd3227f9a,2026-06-16T12:23:02-04:00
680358859,d6ce9863-3fa7-4e1e-babe-e986bfb3cbd1,Camponotus castaneus,camponotus-castaneus,129272,40.9970618398,-73.8217502634,inat_api_benchmark,341b924e3ff0c8941b030b23cb37b34f4d39e1ed4ac599d2d481f0c47173a060,2026-06-16T13:14:31-04:00
680394570,7e52d764-3361-4467-85e5-4febdb804705,Camponotus castaneus,camponotus-castaneus,129272,36.5522193889,-87.3278426944,inat_api_benchmark,417838c8320cd62ab242ee3a84d0fe99b659b384b4ff8ecb9b14d361490cbfd9,2026-06-16T12:33:49-05:00
680435731,4a2990ad-97ea-49a2-98f4-e82f2b6ded87,Camponotus castaneus,camponotus-castaneus,129272,36.8416666667,-84.3435283333,inat_api_benchmark,46d4820d9205b2cf3053434b7d1de319ee47db143ecf372eb52979f363944f18,2026-06-16T14:40:50-04:00
680474123,96813c82-d675-43f9-9347-e5a89fb83b5e,Camponotus castaneus,camponotus-castaneus,129272,39.3826577323,-76.7591855532,inat_api_benchmark,1b1e2edfa9974399995d0576bf3823fa5d4e68dad76ee9f370c96925dfda6cdb,2026-06-16T15:46:27-04:00
680575869,06f46559-7ec2-4be8-ad6f-d4e5562d4ed9,Camponotus castaneus,camponotus-castaneus,129272,39.7939100522,-74.9637825951,inat_api_benchmark,b23ea454ab7e4a0a6fbcbd1cfc146080d3e6406848f598fd5f45c38422906e71,2026-06-16T18:58:28-04:00
680578686,4bf77262-c6bb-4840-a494-050052bd2b5a,Camponotus castaneus,camponotus-castaneus,129272,35.7633514404,-78.4689025879,inat_api_benchmark,9e52190e2a12cd8a5e5e13adfee94f0a4762d1b7954a21072523ec843f1861a1,2026-06-16T19:04:13-04:00
680700915,b7b760a6-7017-4794-b9a0-2b8d5460fc17,Camponotus castaneus,camponotus-castaneus,129272,39.010581898,-77.1061827072,inat_api_benchmark,c20f1df8492069532b1d2e19ceafe5344b1f7e412fbbc4aeca0a79edf564d7e8,2026-06-16T23:56:52-04:00
680716356,8810598a-f5de-4d29-a3f2-0e6faa26833d,Camponotus castaneus,camponotus-castaneus,129272,37.5773212219,-85.741996977,inat_api_benchmark,d9482cab8f91a0d63dcc5f97ce1e535a573e4e029386bb345fba32cdeaa71181,2026-06-17T00:41:56-04:00
680731652,117a1517-80bc-4a03-ae16-68354ac2734b,Camponotus castaneus,camponotus-castaneus,129272,35.6508267666,-78.6545840189,inat_api_benchmark,18742b54fa0ad6f10f59db6f57a5e9eac0aab543099085db96b3e9bcde56cb27,2026-06-17T01:42:39-04:00
680748373,cf1b2502-ace8-4248-a7e2-54449dee15fe,Camponotus castaneus,camponotus-castaneus,129272,34.9124059818,-87.7249821152,inat_api_benchmark,ec05c7824992f6cf9c392a58442bda0323d086b62246f4e1e89fd84da7e79514,2026-06-17T01:35:17-05:00
680854866,0891aa56-72ed-4322-9735-4415e9729958,Camponotus castaneus,camponotus-castaneus,129272,38.4498274333,-76.45875202,inat_api_benchmark,e0089b9483baa6e5db2766629a29258c8d14b3deb88cd15606f3b7de307b951d,2026-06-17T08:31:58-04:00
680857298,28ce191a-d79b-45b6-a731-f0ce5780c62a,Camponotus castaneus,camponotus-castaneus,129272,38.6705288045,-76.5993692726,inat_api_benchmark,55c388e7136d5c795666f8cc2cbed5356916b71d541cbc659e9ccf9d0f803412,2026-06-17T08:36:44-04:00
680871443,873ebe9c-1e28-4bd8-9c36-baa2a615aefc,Camponotus castaneus,camponotus-castaneus,129272,38.9566383333,-92.3683383333,inat_api_benchmark,5e00bc5995f408b20e0b7024464a0fcc82e1aa344c799a8d0f666681728c9d9e,2026-06-17T08:09:05-05:00
680892109,7f5217a4-291d-4fb9-af88-9eb3d94184e7,Camponotus castaneus,camponotus-castaneus,129272,35.30634324,-80.72782784,inat_api_benchmark,ea513dd2cb1b17a6074e5f012ba3209780daeaade03ec8c18b25a96c028828ee,2026-06-17T09:53:57-04:00
680892099,cffbde85-bad1-4d5f-91b0-f4affa82e0ca,Camponotus castaneus,camponotus-castaneus,129272,35.3060678932,-80.7283396977,inat_api_benchmark,22dde5fef5528738fae3e469b3ea35b674ac38832096b02d569948b34ecae781,2026-06-17T09:54:06-04:00
680893471,25d431b8-de60-4f73-99f8-09386d445457,Camponotus castaneus,camponotus-castaneus,129272,38.8279599361,-77.4502384393,inat_api_benchmark,884951194bf9eeb8addcff5255ae6ace7c34182397e3c048694a35a6d3c99878,2026-06-17T09:56:51-04:00
680894208,69f1b73f-02d6-4b2b-a368-488c54bc3bd2,Camponotus castaneus,camponotus-castaneus,129272,32.3254666667,-90.882545,inat_api_benchmark,c5ddbbd7207c711584b77fa587afc4d38e97b04cb7e30c3540e87d9c502c5bfd,2026-06-17T08:58:19-05:00
680922264,f29f8bed-ddff-48c0-9c65-25fcca0eca06,Camponotus castaneus,camponotus-castaneus,129272,35.6351966667,-79.3465883333,inat_api_benchmark,0b64c71e2bb14d1829e975ec2b9df1baf8a2fdc3706ec9e61d81765a74df9200,2026-06-17T10:51:12-04:00
680909702,b0f448c4-a59d-41b4-98f9-7e7a1fbe5384,Camponotus castaneus,camponotus-castaneus,129272,40.4615124245,-91.3609497733,inat_api_benchmark,f340586ef1a0d2350712e705b4aa863cbf5838f507da383731834bd930367ff1,2026-06-17T10:05:07-05:00
680959951,ef8d49a1-28ac-44a1-8297-77801fba0d18,Camponotus castaneus,camponotus-castaneus,129272,35.8173064,-78.4121591,inat_api_benchmark,1902c4fced826477a57f0e5089ce60efdcbd117b17c6299227e0aae3781abb8a,2026-06-17T12:01:10-04:00
680974597,df318ead-3ccf-4481-9dd0-8e70dfdfb8a5,Camponotus castaneus,camponotus-castaneus,129272,35.2195852211,-93.2521918416,inat_api_benchmark,693b988b1412838e51ad2e6d9f9c58ad4527149136378dcec6f9de8c3519256e,2026-06-17T11:23:52-05:00
681006067,09d1b49b-0eae-404b-8045-dfacb6a5bd43,Camponotus castaneus,camponotus-castaneus,129272,37.8604515134,-91.9418387178,inat_api_benchmark,1f25139afcb5d33c8a766e96a9e0a8efb8f7ebbffc3e6c7642f397be45a21f4b,2026-06-17T12:21:29-05:00
681019804,f0d1257c-c9b9-4766-91ad-8336c2a44f75,Camponotus castaneus,camponotus-castaneus,129272,38.1260740922,-75.4893443894,inat_api_benchmark,02b282c2ac77845417b92b64818bca5ac598039fea91f20cd28f7b9d09513f5d,2026-06-17T13:54:47-04:00
681031704,ead8bf1c-2f93-41cf-b434-ab539fd7d49f,Camponotus castaneus,camponotus-castaneus,129272,36.2608209299,-86.5631287639,inat_api_benchmark,8ec7c4544718c6f5b5218a8e821a786ba9de6df80952a28f3aff1a61e3eae81e,2026-06-17T13:07:14-05:00
681119096,05998e21-cc1c-403b-8f99-8a65b71a1823,Camponotus castaneus,camponotus-castaneus,129272,33.7161725254,-84.3175642525,inat_api_benchmark,ea3a31484473033f57e248da6aa0db1903e8d4bd0649a7b67cf9a1c9e8ed0d4a,2026-06-17T16:40:38-04:00
681142052,5a516da2-4d88-4d73-a570-8e33e3fd3b5d,Camponotus castaneus,camponotus-castaneus,129272,32.3404883333,-90.0364083333,inat_api_benchmark,ac80858d0e5f88b050f229c6de95c147f3ff99905045bc0985927396960047dc,2026-06-17T16:19:31-05:00
681169685,0380339a-aaff-49ba-9259-7151ad918851,Camponotus castaneus,camponotus-castaneus,129272,39.0988612972,-77.5373501703,inat_api_benchmark,8da4cb4a21397ee7e53775fad4ac0cd35f3e115024189676db739f2c22d100e1,2026-06-17T18:12:09-04:00
681172602,497a31de-4ead-4de0-a953-7ebce51a93d1,Camponotus castaneus,camponotus-castaneus,129272,29.9233316667,-82.583145,inat_api_benchmark,dd2bb032593120dd1b794350d412fea58c69c6fd2b2565c83ebf88add1b209ac,2026-06-17T18:19:30-04:00
681185598,15b9205a-e007-4afb-87d1-1a5d83482880,Camponotus castaneus,camponotus-castaneus,129272,38.9855583333,-77.1209861667,inat_api_benchmark,d64ef725c750ca6a846830016afeb5451c63db3aa701139e10f8afe88eeae438,2026-06-17T18:44:14-04:00
680122722,289157a8-7b40-4f17-8609-94e87f39bd82,Camponotus chromaiodes,camponotus-chromaiodes,62780,40.193430618,-75.800118205,inat_api_benchmark,bab2f069eca3f5154b04fc1971899199d508f32275c491dcd9a35b96e3028eb5,2026-06-16T02:05:13-04:00
680123365,4edfb50a-5128-4d7e-97a3-10da2c05f757,Camponotus chromaiodes,camponotus-chromaiodes,62780,40.0271443694,-75.8398103824,inat_api_benchmark,cfac7804728543a4dc4d94964fca04dac825ca6c34faaf74b5bb3d66df14b955,2026-06-16T02:07:47-04:00
680211204,4bc38d2b-76bc-4033-89df-dcc437fffa3e,Camponotus chromaiodes,camponotus-chromaiodes,62780,35.292465146,-82.5434233923,inat_api_benchmark,2984fb38dda5443086aca8f7e2efbb0d0b6b8d664efe032b47ab57c8ab55604e,2026-06-16T07:15:44-04:00
680238067,583ee5a8-9eeb-4fc7-8047-caf15464fd01,Camponotus chromaiodes,camponotus-chromaiodes,62780,35.4959579274,-82.1655881022,inat_api_benchmark,2c343fff5dd8898dbfeebe2db3fdd240fa2154e8fcc5125f85b20665d352400c,2026-06-16T08:32:55-04:00
680318942,70ad0969-16e3-45c3-a4f9-4fcd4a0b8c03,Camponotus chromaiodes,camponotus-chromaiodes,62780,40.0657081604,-75.7164306641,inat_api_benchmark,261cf4202c98a511ce7157f5278ffd97b2e34208cadfe72426c6b4d41f7b1e4f,2026-06-16T09:22:47-04:00
680265782,9e1edb6d-c2ac-401c-82e0-2f2183bf9e15,Camponotus chromaiodes,camponotus-chromaiodes,62780,41.4123883333,-71.8013,inat_api_benchmark,4b3a25fede5b7777bb1a7550b09685ab68771fa613c016045220fe2e8b0389b7,2026-06-16T09:36:29-04:00
680390255,c9ae8dbf-9f5d-4216-925d-ee7b9cb73508,Camponotus chromaiodes,camponotus-chromaiodes,62780,34.043425,-83.9532416667,inat_api_benchmark,1ce9853015735da30ed7f777b320386b6495191752516ef0fbc1c753a83ecbd7,2026-06-16T13:27:07-04:00
680433224,16ea95f6-9b50-4f5d-bd91-41a068c13659,Camponotus chromaiodes,camponotus-chromaiodes,62780,39.8999416667,-76.7184616667,inat_api_benchmark,1f4ac3eac195d6aad8406fc31413e494660a46b64b0ad060349efeb109765812,2026-06-16T14:36:50-04:00
680493093,78291d6c-fe42-4757-9d76-5f509b07568b,Camponotus chromaiodes,camponotus-chromaiodes,62780,40.1779194444,-74.2188361111,inat_api_benchmark,628fb3f5f0a798fc30f3c5a25efc1c4a812d09c630f10b9e56e08aaa76ba9edd,2026-06-16T16:18:40-04:00
680263560,9caedddb-0e53-42fb-af27-ebbe4ebcaf47,Camponotus chromaiodes,camponotus-chromaiodes,62780,41.4139658474,-74.0117251051,inat_api_benchmark,2b7282328f799e2d0ccd756d0fbfd9beabea57558f1c322ab44e7cb4bdea5ad5,2026-06-16T16:24:11-04:00
680551765,c42a5f3c-4674-48e8-88ea-e8f9c416fdc9,Camponotus chromaiodes,camponotus-chromaiodes,62780,41.7738433517,-72.020868088,inat_api_benchmark,d8a998d086054aa2a8830d74fd49c39e71e5236bbc0bec9ce90b97d5cc752ed4,2026-06-16T18:10:34-04:00
680555619,995af39b-9761-448f-971d-e004378aa452,Camponotus chromaiodes,camponotus-chromaiodes,62780,41.6011517313,-72.1981528659,inat_api_benchmark,5c8f21e643b8e7e9d2b0c6bdb92e7da8d26f085bd8461057870f26871f599a0b,2026-06-16T18:18:18-04:00
680573042,a8fe82b9-acc7-41a2-b021-3e848dfdabfb,Camponotus chromaiodes,camponotus-chromaiodes,62780,41.7006333333,-70.5946116667,inat_api_benchmark,628be1671d0a332583d494b2f6ce2996d145d25795a6f422788f1576b1f6b796,2026-06-16T18:52:56-04:00
680647098,d9d7c741-c8e1-4dbd-84e5-b29aff34b823,Camponotus chromaiodes,camponotus-chromaiodes,62780,39.5663411224,-77.6284810247,inat_api_benchmark,3dd7785b2aaacfa5379bd34bbc1a8f77c43b62dd7cdc8d20987f42ff1b63e509,2026-06-16T21:53:38-04:00
680649297,d0668447-dfb4-4acc-80ee-62adfcdf32fa,Camponotus chromaiodes,camponotus-chromaiodes,62780,39.5045664623,-77.6333833727,inat_api_benchmark,87f2183883f4ca7bc95d40461ff1a9a3f8329d2d678e7ef03c63230a80ef2986,2026-06-16T21:53:38-04:00
680678730,6316b73d-240a-4fbc-8e8e-bc57e3b6706a,Camponotus chromaiodes,camponotus-chromaiodes,62780,40.1448546304,-81.1664248166,inat_api_benchmark,26348c721c647acce451973e9c992d04e937913aad27c923dfd19a691fd76aa7,2026-06-16T22:56:07-04:00
680742479,bc171f38-38ff-4baf-a27e-4af894e589f6,Camponotus chromaiodes,camponotus-chromaiodes,62780,41.6488416667,-72.8335333333,inat_api_benchmark,a2915a5d9b4fae3173b7aa972e52a0718c86831bad8f399291a2e3c75734c11d,2026-06-17T02:08:36-04:00
680827847,194d6f62-0ebc-49f6-b6eb-fcc571a5ef8e,Camponotus chromaiodes,camponotus-chromaiodes,62780,35.1331638333,-83.2807833333,inat_api_benchmark,6c25977ac4891c5f75be90edec975a4df758d1350dd98b0397ca6b7c577c8dfa,2026-06-17T07:15:40-04:00
680835351,5739eb09-0057-46db-83cc-3b340ff5b242,Camponotus chromaiodes,camponotus-chromaiodes,62780,41.2181283333,-73.86978,inat_api_benchmark,913d8dd0f2c1d99d03ac7bdb600c306285e2c5baaddf44caca8893b67006a3ee,2026-06-17T07:38:40-04:00
680849354,1e3f576e-e6c3-47f8-9ea3-805dd230c33f,Camponotus chromaiodes,camponotus-chromaiodes,62780,38.4147185,-81.7985782,inat_api_benchmark,0ea732b32df64af91289318b4aa7d1b98f76991eab2dda90ea65070cbb877fef,2026-06-17T08:18:42-04:00
680849409,fa4be364-ec42-4e3a-b5a2-a45439882e9d,Camponotus chromaiodes,camponotus-chromaiodes,62780,38.4147202,-81.7985883,inat_api_benchmark,1b86563ff598c1e57c625d3420cb36f0e972921e739056fa3ab612e3c9d00c47,2026-06-17T08:18:48-04:00
680866059,c4946113-4ef9-4f6b-814e-74c1d383e816,Camponotus chromaiodes,camponotus-chromaiodes,62780,38.4501567883,-76.4590133033,inat_api_benchmark,0e443e5174e07567737192e9acc59d5849d276743b2c4472a11f084655b642b3,2026-06-17T08:57:34-04:00
680935942,9d705c1b-dc04-49cc-a17b-c65b7e038ce0,Camponotus chromaiodes,camponotus-chromaiodes,62780,40.2249337078,-75.8057928159,inat_api_benchmark,d6f9325e52a6b4c897b9231150d1693d7114ce4ffaf96a5297eb7d00494d49c6,2026-06-17T11:17:29-04:00
680943135,85d6b8a1-c27e-4772-94b4-2984f99e49cd,Camponotus chromaiodes,camponotus-chromaiodes,62780,41.7271,-91.5446033333,inat_api_benchmark,b76ffb8f26585b4a08217cd2e0e4c0862d414ce39ad2f5a1017c55341affdec8,2026-06-17T10:30:40-05:00
680960342,c1b9b962-b9ec-4c6e-84ab-1cad3071d856,Camponotus chromaiodes,camponotus-chromaiodes,62780,39.1936957222,-77.2867270048,inat_api_benchmark,c046e9ef3934dad567d07212fa211b20f98327f405ccacf2af5679a30f644438,2026-06-17T12:36:04-04:00
680992115,857ade4d-32cd-4eef-975e-b67b9aa9b8e7,Camponotus chromaiodes,camponotus-chromaiodes,62780,32.6600036964,-85.4828433672,inat_api_benchmark,2597e38863a5b4aea906070f66e094cf2b38f0be2bff71e54c138a876e1f388c,2026-06-17T11:55:06-05:00
681003914,2ccccf2d-6558-4d6c-9d1a-da5149a5346c,Camponotus chromaiodes,camponotus-chromaiodes,62780,41.6086512852,-72.8683883457,inat_api_benchmark,d28688f97e84d483f3cdec8f2d997a8cc9614cb086f67ccf84656b9687411344,2026-06-17T13:17:10-04:00
681017124,e5eebcca-25e1-4a7e-aacd-c53fb4329e4a,Camponotus chromaiodes,camponotus-chromaiodes,62780,39.849745,-74.86587,inat_api_benchmark,096d3f304d0a4511a747f67d7ea001a3041f6c45a55da6c10ef69ee4cb84644a,2026-06-17T13:41:52-04:00
681074251,41c1de32-0264-4a8e-90f5-44ed8d4ea3b1,Camponotus chromaiodes,camponotus-chromaiodes,62780,40.7375309606,-74.8502860229,inat_api_benchmark,073e1d4a7db2ca3fde1f03f2a8581064644ce134beaa478c4dd62d7354b98ac8,2026-06-17T15:23:17-04:00
681077260,f765acab-2b75-445e-8818-3659687692cf,Camponotus chromaiodes,camponotus-chromaiodes,62780,40.4842720032,-82.4419326782,inat_api_benchmark,aa9783adb16d0733a36a11c0ae2a7e0ff37dfe84748032e6fefbafd5ea339702,2026-06-17T15:28:37-04:00
681086632,4ec3308c-b025-47e2-8658-b75df6b0c5bb,Camponotus chromaiodes,camponotus-chromaiodes,62780,40.2655851805,-74.6657293987,inat_api_benchmark,58f28f105a4ef315fdf3d48ae91ee15f6932a6810394d1be8fac861975b8e782,2026-06-17T15:44:40-04:00
681090317,4057595d-10c2-4fc5-9048-e4562718167d,Camponotus chromaiodes,camponotus-chromaiodes,62780,35.3414568784,-81.4171146026,inat_api_benchmark,6cc83de2320780d0884e3b3105c5728ce9a66fccf38f91f24d438691c7b11921,2026-06-17T15:50:37-04:00
681107669,a8e8824d-7aaa-4ba4-9d5a-72a4526c6fca,Camponotus chromaiodes,camponotus-chromaiodes,62780,38.0919480362,-78.5481608316,inat_api_benchmark,fb305f721f19fff74005ab917b9332cf06470a7fc1f997cd9bc60ee821e6429f,2026-06-17T16:20:28-04:00
681107884,fff4aa64-40b5-4985-ab6e-3a2be8572be2,Camponotus chromaiodes,camponotus-chromaiodes,62780,37.278555,-83.2042466667,inat_api_benchmark,0ed9720d294c8886e584a52048eb689533139c64e0cd881cc7086c7f11cc95f4,2026-06-17T16:20:57-04:00
681129813,ddbb5b8c-3f99-4528-845c-276659e22264,Camponotus chromaiodes,camponotus-chromaiodes,62780,41.0729279242,-83.0286970362,inat_api_benchmark,9e93d67d92d426cc271f630d5e688345a7d373b59fa1822941a4fcfa12338aa0,2026-06-17T16:59:19-04:00
680086679,57de16cd-ae01-4eee-8c8b-b768949d6c44,Camponotus pennsylvanicus,camponotus-pennsylvanicus,129902,40.6569883333,-73.9554833333,inat_api_benchmark,121d0b30000f2672a2aa115583d90a51c8f500e45c52d2aa21b3b41d20b02e0c,2026-06-16T00:07:31-04:00
680105735,ca0d782f-9f01-451c-8443-7518bfa385d9,Camponotus pennsylvanicus,camponotus-pennsylvanicus,129902,45.2372866667,-86.9856416667,inat_api_benchmark,33bbd42818ea8914aeddbd58513ccf8d7b69ce66441c036e0f33ba4264e18334,2026-06-16T00:04:39-05:00
680115447,ca948e07-25cd-4cff-a759-60b26f266006,Camponotus pennsylvanicus,camponotus-pennsylvanicus,129902,43.4907283333,-79.713525,inat_api_benchmark,53dc1d7e82b710a20f14c0d6e2b33858651c34367a56dbaf627b96c16d73d653,2026-06-16T01:40:15-04:00
680199483,375695d2-7786-4c8b-bf11-b7b9fd59f25b,Camponotus pennsylvanicus,camponotus-pennsylvanicus,129902,43.8986957912,-79.2811640539,inat_api_benchmark,bc8f4f9ee0d99b8957b15083a3c8b84e9affea052edde7cf30e4c08772d5e533,2026-06-16T06:41:54-04:00
680208340,1b665fff-dd26-4b68-9023-b19beb6f448e,Camponotus pennsylvanicus,camponotus-pennsylvanicus,129902,40.4288666667,-86.8691083333,inat_api_benchmark,038dadf642a0a2b3b4ecea168d9fe55cfae760a363a98545c882e1f56a927ecf,2026-06-16T07:09:38-04:00
680226426,b6417403-8334-4acf-bfde-5aa79ea355d9,Camponotus pennsylvanicus,camponotus-pennsylvanicus,129902,41.6314103,-80.4898308,inat_api_benchmark,0ebf3236daafff1aefad477a8f3d206df63bd205b242ae649da1559b7b35bf69,2026-06-16T08:03:03-04:00
680338549,72defe0a-afe1-412a-a882-71a9c8456abe,Camponotus pennsylvanicus,camponotus-pennsylvanicus,129902,37.8805888889,-94.0078722222,inat_api_benchmark,c6e0f41f6a2e9033199c61e3dbd053f3c50dfbe9b0f45cbde30086d1ea31389c,2026-06-16T10:54:17-05:00
680365173,5957d34d-c6b8-48ee-b53e-822d7ae656d8,Camponotus pennsylvanicus,camponotus-pennsylvanicus,129902,44.3540392615,-73.0949119818,inat_api_benchmark,8d616c8df5a8fc17e97ebd2ee970d28d3c91a099b94c60df4643e1a828bb786d,2026-06-16T12:44:29-04:00
680366822,4f5856c5-50fe-4307-bf49-cbbfa6a47ea0,Camponotus pennsylvanicus,camponotus-pennsylvanicus,129902,44.7836633333,-76.2234283333,inat_api_benchmark,faa6d93c08b63c8e8a4ef0920cd1f86df5fc21d5d06abb0b34b25706732a41ca,2026-06-16T12:46:58-04:00
680394453,72f3e242-7eca-4809-b3e7-ba79a840390c,Camponotus pennsylvanicus,camponotus-pennsylvanicus,129902,42.1864711073,-85.5836720162,inat_api_benchmark,70e696df03cc8d5b54fe7f1fb0e4e0175d87b7ec828c9ad7ba39536ba0037da0,2026-06-16T13:33:41-04:00
680397460,58dc4d23-d210-4a09-accc-23d2ddf7795d,Camponotus pennsylvanicus,camponotus-pennsylvanicus,129902,33.1610106997,-96.6186933,inat_api_benchmark,95ee506b0a346ad7545e7d20876f160ed8e28ecd5a3923bd97daf0752506dffe,2026-06-16T12:39:08-05:00
680405076,99a1f802-9b35-439c-828c-a55859793c97,Camponotus pennsylvanicus,camponotus-pennsylvanicus,129902,42.9512038641,-81.2241333817,inat_api_benchmark,8800ba8d46cc38b932216ebe6da7948c1a8be40c7356269281904e9eada4ea44,2026-06-16T13:51:16-04:00
680411881,bce76417-d156-4152-89be-8ad770bf68c5,Camponotus pennsylvanicus,camponotus-pennsylvanicus,129902,39.9750183,-86.1701759997,inat_api_benchmark,479dc4ad9ac644941709b3079eb1c6bc6bfa858aaa0b16b527c7e927c132549a,2026-06-16T14:01:38-04:00
680432412,82b305be-ea75-425a-a28b-d444d496b2a7,Camponotus pennsylvanicus,camponotus-pennsylvanicus,129902,37.2836809,-82.9024497997,inat_api_benchmark,b288d81fbf527f595f663839f797c697c6f9a474d81e07bf5ab5fc79464f0237,2026-06-16T14:35:46-04:00
680434937,6eb89bb7-cc65-465a-8190-f06a8abae4d9,Camponotus pennsylvanicus,camponotus-pennsylvanicus,129902,41.7115383333,-71.1356055,inat_api_benchmark,86fb88eacf6ce8ac7275316775201772187131435356575ebb1d57d78ca14dd9,2026-06-16T14:39:31-04:00
680444079,b059dccb-5f92-4f5c-bba9-22923cfd8321,Camponotus pennsylvanicus,camponotus-pennsylvanicus,129902,39.5111770834,-84.7308578643,inat_api_benchmark,e0a61134c5c79c3d6285f801594e79317d0adc06c035549f951d677d7151705c,2026-06-16T14:53:37-04:00
680448782,e49f90f0-52af-4668-b00a-dab7be243a47,Camponotus pennsylvanicus,camponotus-pennsylvanicus,129902,43.0658030237,-76.4720484395,inat_api_benchmark,f428f5d451645c5d7d5e21eb2bd27c1d0389e9a88c1a1837bfbd8c1ebcd6febb,2026-06-16T15:01:25-04:00
680448863,7d0111cf-4ff2-40c4-a237-8b5f2e158d4b,Camponotus pennsylvanicus,camponotus-pennsylvanicus,129902,43.0663603172,-76.4721347485,inat_api_benchmark,5f2e2382f40d42234756ec5b8c5370b7a8aa8d5e5f2a75aafeaac4beba7f8388,2026-06-16T15:01:32-04:00
680449678,3ba76895-f4fb-454f-87dd-0b6f27a712df,Camponotus pennsylvanicus,camponotus-pennsylvanicus,129902,32.3254211477,-90.8827971919,inat_api_benchmark,b24b078a9347c352d1c7de960e1c426229d87ef9eee9d132c90f2d15594f874a,2026-06-16T14:02:38-05:00
680461690,a403f3ad-c0ce-42ce-9c4f-f95cd19e4e73,Camponotus pennsylvanicus,camponotus-pennsylvanicus,129902,40.798445,-74.479605,inat_api_benchmark,9bcc2d53c7b005087c92d3455c439f9d9bc489e0b69015f8a462cccff130be0c,2026-06-16T15:24:06-04:00
680462298,ea0de50d-d126-4a2d-a65f-41bc8c313385,Camponotus pennsylvanicus,camponotus-pennsylvanicus,129902,39.894755,-76.717445,inat_api_benchmark,79a1843a208c44029907db03fe339ec0b95c74e165f4855b875d9c0b76a363e8,2026-06-16T15:25:00-04:00
680465874,521622e7-263a-44ba-bc56-73e48b33ede7,Camponotus pennsylvanicus,camponotus-pennsylvanicus,129902,46.2360595271,-96.4240552331,inat_api_benchmark,793925939174c586226ef569878b1605c5447e34ab8a8cc0713f9db202884236,2026-06-16T14:32:02-05:00
680466752,8ccb778d-61ec-491a-bb35-b518c20e64f4,Camponotus pennsylvanicus,camponotus-pennsylvanicus,129902,42.29433963,-83.72853349,inat_api_benchmark,953bd0141f9a8086da0fe57c128e679990b6ccbe62dccbd71b998a6009f3dcdc,2026-06-16T15:33:47-04:00
680474299,585c975a-66f2-4bba-9398-477f6e3feb8e,Camponotus pennsylvanicus,camponotus-pennsylvanicus,129902,43.2420616667,-81.8526533333,inat_api_benchmark,13f2aef453dfac2b0db96683a4fd4aa5545113a36d4779a4c0dfa05dbb04bb40,2026-06-16T15:46:53-04:00
680478059,cad4c021-1025-42e5-983c-ca0519aee508,Camponotus pennsylvanicus,camponotus-pennsylvanicus,129902,43.7811977188,-79.2815983973,inat_api_benchmark,220e68227a3a6f8e639a1bd5c9e75cb3858ed1ba9a3ffe056890742d868ecc6a,2026-06-16T15:54:01-04:00
680499139,6e79c804-8cf7-4782-b0fd-f568f27aa01e,Camponotus pennsylvanicus,camponotus-pennsylvanicus,129902,43.242,-81.8527616667,inat_api_benchmark,ba04c4974d99bba3dbf89203df144eef4124367873cca54b30610c52681a180d,2026-06-16T16:29:02-04:00
680504733,8ffbfc51-01fe-4a3a-b7de-9c0c677a97de,Camponotus pennsylvanicus,camponotus-pennsylvanicus,129902,34.4188551253,-84.9526648418,inat_api_benchmark,fd0b9156d705720211c4a5520d1186949e346fa386f0496079d67e91e0670a06,2026-06-16T16:40:16-04:00
680518105,cc22d930-853f-4ad9-b075-7eb252fc329a,Camponotus pennsylvanicus,camponotus-pennsylvanicus,129902,40.8617282488,-80.2864514664,inat_api_benchmark,162729204c6ae44775ca79d31b4d8ca705557ff0e168542c62e9dee9427c18e8,2026-06-16T17:05:48-04:00
680519085,2ee82de9-2721-4cc2-9045-26a813c4e284,Camponotus pennsylvanicus,camponotus-pennsylvanicus,129902,41.68533,-83.598045,inat_api_benchmark,3460a0fabcd6b49261af4abad2880ba8d7ba4beec1294d5f3b0bf1744015a13a,2026-06-16T17:07:30-04:00
680545966,82b47bce-7dc4-4a8b-907b-033994f09a75,Camponotus pennsylvanicus,camponotus-pennsylvanicus,129902,46.8044260501,-71.2356418434,inat_api_benchmark,e2759f66d3575a67090180352ebdf14cc89ebeff9398c18699de65b23ec6551e,2026-06-16T17:57:35-04:00
680548843,da901724-493a-4266-a518-93044362ea98,Camponotus pennsylvanicus,camponotus-pennsylvanicus,129902,41.5727,-90.5368583333,inat_api_benchmark,fbdfcfffe6c3bfe190ef4e48a0842b9241e2e85612784641fbbe30392e8b2d4e,2026-06-16T17:04:03-05:00
680549135,7a357395-df81-4e3b-a0f9-ef37616f8fc3,Camponotus pennsylvanicus,camponotus-pennsylvanicus,129902,41.57272,-90.5368283333,inat_api_benchmark,941895e4cab4a09e8bcad484a5ea1b1b7547dde652c9138a4ba61958bdc198d2,2026-06-16T17:04:40-05:00
680561005,0c990826-e146-424b-af53-13491ee44ed2,Camponotus pennsylvanicus,camponotus-pennsylvanicus,129902,43.6806286867,-79.402497299,inat_api_benchmark,8ce04ff38257227d0d2c4d0f49ef5eb3f2b7cb740998f18a8d8bca2407aca89e,2026-06-16T18:29:27-04:00
680585499,5a857aff-28fc-4d04-8bd1-d86bc76771fe,Camponotus pennsylvanicus,camponotus-pennsylvanicus,129902,40.3230400345,-83.0786774777,inat_api_benchmark,7800ce30da7ab4b8a38c19f5de23a2b23bcc6ff7e8884b0a16975f6be8e71516,2026-06-16T19:17:47-04:00
680625035,b9981f7a-f619-467e-a980-8d3a80ac2aec,Camponotus pennsylvanicus,camponotus-pennsylvanicus,129902,44.1670533333,-88.45803,inat_api_benchmark,cb63dd0a819c07881229870047809c7da2b1ef382d8a9b1f3294371fd8dfe5c4,2026-06-16T19:46:36-05:00
680223517,15e51f8c-3c3b-4d73-9e55-d2f64a550232,Cephalotes atratus,cephalotes-atratus,366960,-22.4207716667,-42.0411138333,inat_api_benchmark,db658f96cc984a7d9683df81ffdb0c266a00b98eb7a7e3cf00165989b9188ba5,2026-06-16T08:54:43-03:00
680297675,338a174a-4635-4b5e-b9b8-88980be8ecfc,Cephalotes atratus,cephalotes-atratus,366960,0.4359506,-75.5276699,inat_api_benchmark,ace72ff36a20b0a73de39c4ce715d41de58a7f3bab12b4362f6cb3f6d4405cc8,2026-06-16T09:39:25-05:00
680383487,db51f01a-e9f9-47b4-bfcd-d13f4010193a,Cephalotes atratus,cephalotes-atratus,366960,-12.875337,-69.4101018,inat_api_benchmark,ae3f375cbf860d34910dbe2d99242e2732e86538e2a316f7cdb19264ac79cb83,2026-06-16T12:15:42-05:00
681855231,5acab7d3-ad6e-4860-9872-d7ec72c7d3f6,Cephalotes atratus,cephalotes-atratus,366960,11.2849547552,-60.591430217,inat_api_benchmark,86702e2088bbe1603fe61d1334ba084b1cc04a60a9e569b45a0ad7b2f7324374,2026-06-18T21:57:36-04:00
683038123,5088d9a2-1196-4c27-ac66-cb6946a6705e,Cephalotes atratus,cephalotes-atratus,366960,-23.904655,-46.4925416667,inat_api_benchmark,0ef4aee64324ed48ea89eaf2db56766227f78526da135c7f6de8987e9fe18901,2026-06-20T19:44:43-03:00
683056803,33a3480b-e054-4730-a9db-a400ee72b9ce,Cephalotes atratus,cephalotes-atratus,366960,-3.576795,-59.9434916667,inat_api_benchmark,d1a21a273c28262ad1db2fd5492b58eece6a5d2d66cdcb1ac7815fb47b61e9ed,2026-06-20T19:18:22-04:00
683506034,0dbc6345-358b-45be-b1ba-a2c8e61235cd,Cephalotes atratus,cephalotes-atratus,366960,5.1392555556,-54.3098777778,inat_api_benchmark,915940c28ea0afc0ab291c939f5e269094a928c725fb2bbe65301a42a5f235ad,2026-06-21T13:30:55-03:00
683736845,6f545e6a-bcbc-4717-985d-3ecece86d800,Cephalotes atratus,cephalotes-atratus,366960,-23.9048666667,-46.4921166667,inat_api_benchmark,7d056130dcd5cd9cd28c38a503a6d32a740d48aa2959f7617fb139b89a0846e8,2026-06-21T19:24:50-03:00
684343447,4ac0f696-5666-489f-989d-a1c9ff8ee8eb,Cephalotes atratus,cephalotes-atratus,366960,11.2961061758,-60.5390407887,inat_api_benchmark,5e3852c156bef9c03f23d842e1e397adcdd65a605e55240f3def03e776b438d2,2026-06-22T16:43:50-04:00
684395262,9a263bb4-e6ae-49d1-b379-0da38e994c09,Cephalotes atratus,cephalotes-atratus,366960,-2.5985783333,-60.0376166667,inat_api_benchmark,ad1afc92f9a449569e04a88d42a75b22eb1a712f294b714d8253fee8e169d2df,2026-06-22T18:24:32-04:00
684448582,58ce38ce-ac33-4f3e-9dfb-bb6e042cacc4,Cephalotes atratus,cephalotes-atratus,366960,-17.3655995093,-56.7756582636,inat_api_benchmark,c2a606c6a63d066d7f4af4eb8f727a6bc2277cf8d207d4a527969b89f1a526cc,2026-06-22T20:28:33-04:00
684979253,fc6bd16d-da01-43f3-b684-896a24480f72,Cephalotes atratus,cephalotes-atratus,366960,-3.1190275,-60.0217314,inat_api_benchmark,30c4112e02362b56300914cecd0e5b9cfb6f7094851ecb5c31965b379e4dc664,2026-06-23T18:09:18-04:00
684996589,27ebad54-1fa6-403c-a977-61adfaf23364,Cephalotes atratus,cephalotes-atratus,366960,-23.9029822196,-46.4926256962,inat_api_benchmark,86b080f4bf6267148bbbc3e16d2a197624dbbfd5341c500190f57a283641ce57,2026-06-23T20:36:57-03:00
685065003,af294ebb-8d69-4bfa-b391-4b239897ca58,Cephalotes atratus,cephalotes-atratus,366960,9.0777091283,-79.6492099883,inat_api_benchmark,dfa1e1e36a64a6b6bf36f58d33da32cbb582a56b06495ff4020990cddfb6306a,2026-06-23T20:30:36-05:00
685108482,52abeaf4-1544-4c6c-bf2e-419d3fe3e019,Cephalotes atratus,cephalotes-atratus,366960,9.077782,-79.649269,inat_api_benchmark,4456d4d5a6e6b5d698d89e772afbed90582a3eaf13e071a0b8a97a61792bf6b8,2026-06-23T22:20:54-05:00
685504188,f5929c9e-a087-4e23-a17b-1c82f39e9e3b,Cephalotes atratus,cephalotes-atratus,366960,-2.5976603415,-60.0380004768,inat_api_benchmark,49ac09e0c58d43d63c4d206f524ccc0e9b3306ecabafdca86562097c9aee0201,2026-06-24T15:41:40-04:00
686686720,413f2ad1-a4e7-4e51-929f-13b8aaed5706,Cephalotes atratus,cephalotes-atratus,366960,-2.5994125647,-60.0437707454,inat_api_benchmark,04c5f8c75a052e43552b6bc27cde2b58252b23ada4d4b498005ba223900579d5,2026-06-26T15:54:24-04:00
687288325,9f69a04a-c723-4c16-a324-fd303d6a6d34,Cephalotes atratus,cephalotes-atratus,366960,6.4714780556,-71.6887947222,inat_api_benchmark,5057ed27c8e1e841cf918514d81ace49c3044f3c2f504e0e3c15878099be7be1,2026-06-27T13:57:06-05:00
689645052,ca033ff5-a67f-453f-8439-518da6d61c63,Cephalotes atratus,cephalotes-atratus,366960,-16.7376931,-49.293437,inat_api_benchmark,7fb61dca625ca71007c8d391b010109776cb1615b0586279b5b7a447f61c045c,2026-07-01T11:11:52-03:00
689889541,5850e5f8-43c2-4e6a-a0a9-59b71f251f65,Cephalotes atratus,cephalotes-atratus,366960,-2.8945662897,-59.9723378196,inat_api_benchmark,d58d61a25f152e1ce8906c33cdbbb434b3a18d2db05f5861b913c3a59ccfd218,2026-07-01T18:20:40-04:00
690930055,ba4de87a-a186-4428-8b23-6ef8f144ee4f,Cephalotes atratus,cephalotes-atratus,366960,-15.1017118,-44.2243863,inat_api_benchmark,7f53fbdb476a2f2a6a9f8a9b27f101939f5f2d292cbb491a5c01a7dfacf10e46,2026-07-03T15:40:13-03:00
691090629,e53d370d-15ef-4a97-908a-211ad18b6c1d,Cephalotes atratus,cephalotes-atratus,366960,8.6315555907,-78.1384960952,inat_api_benchmark,59d50829da93164672cc1ad198ceab9e303b4f6341b2326b7f2c61ce4d161f7b,2026-07-03T19:13:13-05:00
691978969,c7d63bee-858a-43b5-828b-d0c4692af272,Cephalotes atratus,cephalotes-atratus,366960,-7.2229712,-48.1416759,inat_api_benchmark,5f996e104bcb21bcba2ec902d0e8ce852ed1a4eb13d29dfbc8e9c655b9f1a1ef,2026-07-05T08:15:51-03:00
692558543,a69cd733-89e1-4bac-87aa-df1afe454641,Cephalotes atratus,cephalotes-atratus,366960,-3.2688,-52.22487,inat_api_benchmark,ba085996b726fed0e56f625c712ee026d938ab7c5ef1ac26f6fee4d8449cb12d,2026-07-06T01:28:25-03:00
693278704,16e73e29-7616-48ab-a9ef-7a73f06e1c9f,Cephalotes atratus,cephalotes-atratus,366960,-10.2086212,-48.3294623,inat_api_benchmark,98c0d5c0983500d2fba5033371edce3958d41c7ff8163ef6a88ab13531d79a17,2026-07-07T07:24:06-03:00
693993607,04d5fe4d-e86a-4ef7-87ee-4dfbd542c18c,Cephalotes atratus,cephalotes-atratus,366960,-20.75642,-42.8607216667,inat_api_benchmark,8e4b7448ab622ca5aa0bf3002dd8c9e36fd9f3008a013c1146c8dd4c91b13f3b,2026-07-08T12:23:35-03:00
694133870,d2b18b05-1a72-41a0-a960-e81d45bd61c6,Cephalotes atratus,cephalotes-atratus,366960,-18.6749099577,-39.8631167784,inat_api_benchmark,ff75f65e60b9d21f28d8e2f4cc470f3704fd08855b841bb4a41eee8dc5e6923f,2026-07-08T16:40:40-03:00
694276403,2c56960d-b2e2-460c-bb3f-3fe19c550ec2,Cephalotes atratus,cephalotes-atratus,366960,4.5976650897,-72.9364709974,inat_api_benchmark,9ce41a743465ab5cb36e2f645ce6494cd524736f6a0c6ade7b50900bb0f0087f,2026-07-08T19:27:28-05:00
694328383,86e999ce-5797-4db3-b99a-bab3430f1932,Cephalotes atratus,cephalotes-atratus,366960,-16.7355268,-49.2940195,inat_api_benchmark,2909e67abd8bf3d5f303b229bdd132639be04c30e1378f85362ec7cc8c59f4bc,2026-07-08T23:26:14-03:00
695180520,de039fe8-3b2c-48e4-b695-967c2e737517,Cephalotes atratus,cephalotes-atratus,366960,7.8499900352,-72.6166301966,inat_api_benchmark,f74a7fee5fedbdf8ae36080d46abb8cc0ae2a2f7cb4a05e085dcca9862aca1d1,2026-07-10T09:57:01-05:00
695369108,4c54dd31-3213-4afd-9498-c1754b380d47,Cephalotes atratus,cephalotes-atratus,366960,-1.5258492266,-78.0016997431,inat_api_benchmark,16f7d23111872b11702f28eb07b02ba5559651e8d113f97923b3f18acebb35fe,2026-07-10T15:39:00-05:00
695952646,72b69b84-8e2d-4ae2-8693-ea92aa2006a0,Cephalotes atratus,cephalotes-atratus,366960,-11.8543761474,-55.5102605,inat_api_benchmark,d30724835d1d03a39b52d546f9de91df4788eb3de67718cba8ff8c3ebcd013d9,2026-07-11T14:52:47-04:00
697463484,86aa6a13-7bee-4916-89ec-ad7b4acf04bd,Cephalotes atratus,cephalotes-atratus,366960,11.2427766071,-60.7153056934,inat_api_benchmark,c1362763f1b32596cb72af324194773eb7125759edac01e0676854993f9851dc,2026-07-13T18:28:15-04:00
698531412,583f40ec-e621-475d-a7c7-98ad276bd451,Cephalotes atratus,cephalotes-atratus,366960,-2.59843,-60.0372888333,inat_api_benchmark,10a3be048032f78217bef461f42f7bf4023422ea4d2e8751637de2d866a4a9b8,2026-07-15T13:57:34-04:00
698640609,1f51c9b3-9f77-4b28-915b-35e9f2cb636b,Cephalotes atratus,cephalotes-atratus,366960,-15.7440792427,-47.8846977883,inat_api_benchmark,687902bd8ae1ba47d951b8f8a03f42f277878f5dc4caae84a951092d53d22300,2026-07-15T18:24:12-03:00
680306439,3f36b9e2-e40a-4d0f-b729-0f17ea162405,Colobopsis truncata,colobopsis-truncata,503397,46.035694,14.4592507,inat_api_benchmark,1f744c3d65d0540143e4ee53707193f49f03a3faaaeedb19ad2b2a7ab811c085,2026-06-16T16:54:21+02:00
680336096,85f7dfa8-246f-469d-a377-f7e61893f332,Colobopsis truncata,colobopsis-truncata,503397,42.5768166667,-0.5833283333,inat_api_benchmark,2cb9b6604b382a31c69854ea04220b11959b0ed4ca8ae39d6e8e5c3ffba3a21c,2026-06-16T17:50:53+02:00
680539199,9bc256c7-e970-4293-a0f1-86df0dc420b7,Colobopsis truncata,colobopsis-truncata,503397,41.6859194444,2.4907777778,inat_api_benchmark,4053bc40c32ce804f6ecb25413428c3c7a5d2508218e4fbb200d899a15e95743,2026-06-16T23:44:51+02:00
680630616,b60e44c4-3a36-455a-b5a7-e032572018af,Colobopsis truncata,colobopsis-truncata,503397,42.4556965,18.5255753,inat_api_benchmark,ecf1d1cde92d436e55b1eea338e5ce479e12d438c590160648c3d8f048e801f2,2026-06-17T02:59:21+02:00
680752995,960d2801-9862-43ca-ac12-eba0b2da4344,Colobopsis truncata,colobopsis-truncata,503397,45.519115246,8.8332631142,inat_api_benchmark,3cf8f6881b0f26a0d28225aa5d3da17b33238b7de03468243535e93f490faa7b,2026-06-17T08:51:50+02:00
680825311,8c27df11-6722-4494-8179-2ca8c5d40417,Colobopsis truncata,colobopsis-truncata,503397,48.181745,16.3215033333,inat_api_benchmark,7768d5b08e666281edf3bba5f53904489cef13737103fbbc5f0e43f936e45cfa,2026-06-17T13:13:14+02:00
681132627,829186ae-18d0-4cf9-a68a-569f104d1082,Colobopsis truncata,colobopsis-truncata,503397,47.4698063,19.1578353997,inat_api_benchmark,f48f8eac4171e735b5c9dc7d6efde7bcd9fbd0f0f003ca6793c62bdee5a75cb5,2026-06-18T00:18:19+02:00
681270606,86a0a7cb-b252-4af0-89cd-dd742db6afe8,Colobopsis truncata,colobopsis-truncata,503397,41.925699275,12.4417507633,inat_api_benchmark,41eb928cc4466cdec75fe7230b37a5603631a4a982801b2c2c166697c15fc7d5,2026-06-18T04:17:43+02:00
681373803,e7c0608c-1554-431e-81ad-d34dbcc9b2f6,Colobopsis truncata,colobopsis-truncata,503397,40.3396708623,-3.7694992885,inat_api_benchmark,144d65ddf84d2236f53a5d8737fd04d2f73586814f175ddfdf2c194902d868c1,2026-06-18T09:13:05+02:00
681653379,e41a7036-4e37-44fe-ba15-1cdc8ac8686d,Colobopsis truncata,colobopsis-truncata,503397,46.2388672427,20.0151726364,inat_api_benchmark,9a5792bf3ef0edcaa05def25b9e6a08b5e8c6d31dfa758b0dbbb6ca3d2ca048d,2026-06-18T20:51:15+02:00
681723096,2f4c2d0a-027f-42cd-b519-2f61a1f863c5,Colobopsis truncata,colobopsis-truncata,503397,49.977495,8.0551983333,inat_api_benchmark,3caf648cba8ad391b1df3846cecbc26aa59a5580fe09e5f9d3edef4f130743d0,2026-06-18T22:57:14+02:00
681744345,50ba7d65-8f6e-4ef9-96ea-e48a50ba6578,Colobopsis truncata,colobopsis-truncata,503397,46.2387547854,20.0150630204,inat_api_benchmark,dc06637b3e6fcf05d4c158f1654730502babe340a65d69e17ac038581ed0f823,2026-06-18T23:35:45+02:00
681948490,010362fd-192d-42fd-947d-4e09e3a2b6fd,Colobopsis truncata,colobopsis-truncata,503397,47.0763965774,15.2450240951,inat_api_benchmark,ad74938fbc8e7c96844ba3b9f9919f964ce573112bf387f974b9c5b8a9732c14,2026-06-19T08:38:22+02:00
681975150,506e01c2-63bc-42a9-9a40-a796fd56f0c2,Colobopsis truncata,colobopsis-truncata,503397,38.5294259359,-8.0184209347,inat_api_benchmark,82855f1a7f1670ad7ac123cebe4b430298278ce7b509c0cff1e2b0ace691e198,2026-06-19T09:21:21+01:00
682191187,60f9fc29-ccdc-4400-90a9-31821686a497,Colobopsis truncata,colobopsis-truncata,503397,39.8626438071,4.2262886837,inat_api_benchmark,fdd10dff621668617a9059e15a0a2be769e3e880288752acbdb83e6e0eaab890,2026-06-19T11:37:18+02:00
682316839,f6f17c54-bf2d-43bc-9de6-a4c0c10f3745,Colobopsis truncata,colobopsis-truncata,503397,47.4691963194,19.1577396392,inat_api_benchmark,1278cad207e7b2d1dc6ce66cd689ac78596c886bdccaf51f9dd3e9ad35f8b788,2026-06-19T23:16:36+02:00
682637616,491d7c7c-0261-46ec-b484-4582525a2eef,Colobopsis truncata,colobopsis-truncata,503397,47.1124451808,15.3824190761,inat_api_benchmark,4135f52b1b2eadbd3708bc5492d5331c3f3632bad44845e45c27cda122219e56,2026-06-20T13:26:14+02:00
682662497,08bc90f8-6f8f-486a-b375-74596c62f38a,Colobopsis truncata,colobopsis-truncata,503397,47.9333566667,18.8309483333,inat_api_benchmark,ebbbd34bed2836def984853500d9286c064b9b1453ae51102b169578b5b29b89,2026-06-20T14:23:44+02:00
682741098,aea4d74e-cfa7-48b4-a02b-4e7e35c7fb6f,Colobopsis truncata,colobopsis-truncata,503397,48.2635896784,25.928187117,inat_api_benchmark,755ad1f12c790318fb9b8aa3d72202484b11d9333ff06f19bc98bbc2e233bdb2,2026-06-20T17:53:27+03:00
682799193,2fe2e121-8e95-47e9-8876-633b7cede45a,Colobopsis truncata,colobopsis-truncata,503397,47.9263316667,18.8376166667,inat_api_benchmark,708fe3968d64e8760f25056c17061d68657fc143801319e3042e7094222a295b,2026-06-20T18:25:12+02:00
683045838,684a57ab-382d-4db0-93f3-40ac9282bdc7,Colobopsis truncata,colobopsis-truncata,503397,47.2477967133,6.0379662807,inat_api_benchmark,aa1144a044d54955b1e9489f1791ff5c7172390f9627f9ed6a9d3aee98fc4d89,2026-06-21T01:13:21+02:00
683356106,2902f0ab-0214-4063-aed2-eb3e4a23a187,Colobopsis truncata,colobopsis-truncata,503397,47.0597721667,15.456875,inat_api_benchmark,0a229f9c615978f264fea2a7794e850fe61953422995623a04dae5e77db5933a,2026-06-21T14:02:56+02:00
683463553,f8181289-8e02-4c80-93d6-802e45e4ecce,Colobopsis truncata,colobopsis-truncata,503397,41.486855,2.1386528333,inat_api_benchmark,cfae500a7c7dd9923f824558379199c2be363fac939c8c144dbecd1bf91dc23e,2026-06-21T17:16:24+02:00
683619834,a5f5bae7-78d0-4515-9303-59ab0458078b,Colobopsis truncata,colobopsis-truncata,503397,46.2389551426,20.0151542155,inat_api_benchmark,a2846bbd1d31abb73366bd8e5b9f8cfe556df7021145a705cc0d51f4a6629cea,2026-06-21T21:31:11+02:00
683741862,94dd2f93-927f-4d5c-803d-988dfb148f77,Colobopsis truncata,colobopsis-truncata,503397,41.9380681997,12.5268511997,inat_api_benchmark,211113001ddb7c43e3a92264cc47c4b94db7f9166051ff18234792df5f7923ce,2026-06-22T00:12:41+02:00
684056008,ff95a83a-e369-491f-806f-6d5f93aa1fd8,Colobopsis truncata,colobopsis-truncata,503397,42.1745487898,2.9907662642,inat_api_benchmark,b025a0035a38c586741ca9aca4da7c2c5b886493db9549f1c9342da6684f0e7d,2026-06-22T13:36:18+02:00
684126690,7028c653-70ca-4e17-b5c2-6493e89ca52f,Colobopsis truncata,colobopsis-truncata,503397,43.5070767033,5.4440642148,inat_api_benchmark,890af786e0c6d69d5e721b86d8e148adbc263c576a109678be84fe564157274c,2026-06-22T16:20:03+02:00
684212034,fa089589-2d8a-47d1-b4d9-a6998fda7042,Colobopsis truncata,colobopsis-truncata,503397,45.4344794125,10.9845706075,inat_api_benchmark,f569ece42d3355cdc267f895cfee707b0f828505ab6b0585b8e3bb7139d2e85c,2026-06-22T18:47:37+02:00
684238364,d6420361-4adf-456d-94ed-53d1ba39fb2e,Colobopsis truncata,colobopsis-truncata,503397,43.8085459152,15.7929040276,inat_api_benchmark,a12a32351a668b2065531ce3d551cadffbdf42e376c302464120826d55b785e7,2026-06-22T20:07:57+02:00
684269530,be1d6de2-2409-4cf9-8ea4-e40f62273656,Colobopsis truncata,colobopsis-truncata,503397,48.22733,16.32528,inat_api_benchmark,b2e5ac1596113910a1a5a3581119fe466a41c1ed2b79b1a7e6eefce8224180ec,2026-06-22T20:37:02+02:00
684269921,7e107941-1fd2-461c-a3bd-bb495edd84d8,Colobopsis truncata,colobopsis-truncata,503397,48.227285,16.3254416667,inat_api_benchmark,b20b074b5e3365e2a0b8e257e37ab3c99c4adf1bc85e3795bd60660401c5c89e,2026-06-22T20:37:04+02:00
684596084,8051ec77-c9bb-4069-9fc1-b10eb36922b1,Colobopsis truncata,colobopsis-truncata,503397,45.526969642,10.2459348317,inat_api_benchmark,6c8ecb944c49fae4c255fcbeb00e3e2033058f36994d4fe18e1bab80417a9106,2026-06-23T09:40:30+02:00
684688164,6616265d-a695-4d14-b73a-553044763cc8,Colobopsis truncata,colobopsis-truncata,503397,46.0363606,14.4538118,inat_api_benchmark,3d05a2498d7f536e70548574cbc3a6469c5a1b6477a069b78aa03494ab9278a4,2026-06-23T14:53:30+02:00
685031365,160703fb-77e5-4102-84f0-d08bfebc0e56,Colobopsis truncata,colobopsis-truncata,503397,44.5034694444,10.5402138889,inat_api_benchmark,12037c1c8b66eaf5c58ca45ce2a86e3fc2cb93bc8979857182e6da46d5a8f051,2026-06-24T01:59:28+02:00
685072002,8fb8b18a-1005-4d1c-b4be-b14bae08ca1e,Colobopsis truncata,colobopsis-truncata,503397,42.9902077307,-2.6654652588,inat_api_benchmark,ec146a663492d25ef2ac146412f45a0887a610ea91df3acc171c65a3f327b203,2026-06-24T03:32:59+02:00
680183262,76ec3338-46ff-40aa-8d5a-8d46b3a1ee3f,Crematogaster peringueyi,crematogaster-peringueyi,426236,-33.9523607037,18.8675997621,inat_api_benchmark,32b18c7b7e9b73e6134c3e7184b6e99605fdce3fa5263711c5daa6cda469b7c2,2026-06-16T11:47:22+02:00
680183615,121c3526-1571-4cb5-8ca7-d6a9f6126029,Crematogaster peringueyi,crematogaster-peringueyi,426236,-33.9523535497,18.8675561737,inat_api_benchmark,9cb4773f29f0e537499f0e2fc4831d1f4d7e3f7054cff81b32ca2cc42b550a67,2026-06-16T11:48:41+02:00
680184380,95f41b75-ab7a-44d0-a564-22c895b5df4c,Crematogaster peringueyi,crematogaster-peringueyi,426236,-33.9522264188,18.8675373155,inat_api_benchmark,4c3a6511c4350d510e5914517d96b2527fb93d9185bd889ecca56d41661b302b,2026-06-16T11:51:54+02:00
680184444,8255d21b-cc4d-410d-9b6b-8dda35d49078,Crematogaster peringueyi,crematogaster-peringueyi,426236,-33.9522247358,18.8675062179,inat_api_benchmark,87420fcd050ebe48735b5e0d29a3e0fb38d2955d811b1528d46e315fd8b8b641,2026-06-16T11:52:05+02:00
683239705,61aaa187-5a87-472c-b451-87fab1a00c85,Crematogaster peringueyi,crematogaster-peringueyi,426236,-34.4301616667,21.33407,inat_api_benchmark,cba8a46d7f01bf9a02a9b2a0f1fac25571c4ca5b0eb1342ace51273e05ea5c98,2026-06-21T08:36:11+02:00
685228484,438920a0-30ba-479f-865c-c4114c88a3e7,Crematogaster peringueyi,crematogaster-peringueyi,426236,-34.0210377664,22.7835586106,inat_api_benchmark,b753c7afd56ec0c1d50b5f0a9b171a67df97b03dd5d062d4678a629b99c5b680,2026-06-24T11:59:49+02:00
686505345,bacf81e7-6843-4f24-ba31-ede54098ef0e,Crematogaster peringueyi,crematogaster-peringueyi,426236,-34.293507318,18.4114555118,inat_api_benchmark,321d175f1932d1580af53f9d6e2db04a5d9d2a558132a999f4cb0b3e8bf62514,2026-06-26T16:06:15+02:00
687170849,0e72fe06-a3dd-479b-b1ea-6cfdbae0294b,Crematogaster peringueyi,crematogaster-peringueyi,426236,-34.51535689,19.88107962,inat_api_benchmark,194f31513fce00af3f1d4b7546fb77d5c19d0b4a9f36d2ae581d4fad95fab66a,2026-06-27T17:48:34+02:00
689755765,fda2191a-49c8-4599-8823-a0fc5907ee46,Crematogaster peringueyi,crematogaster-peringueyi,426236,-33.3569145,18.1612148056,inat_api_benchmark,c2a677aef17ab78c876072688eed600efa45ab5d0ab379e57eefb6069d7cd359,2026-07-01T20:11:50+02:00
696459807,695d6a8e-9c81-40ef-83ca-c35e0d2e75ba,Crematogaster peringueyi,crematogaster-peringueyi,426236,-34.4216176085,19.1467381239,inat_api_benchmark,8af417494bada141a1688affd2e21d93864de3194ef018927dcf3a42f9034ecf,2026-07-12T16:25:32+02:00
702325999,b0597248-b11c-4499-b70b-0ae8f3dfc001,Crematogaster peringueyi,crematogaster-peringueyi,426236,-33.9866931226,22.7136312425,inat_api_benchmark,eab26d163a9dc2c81a4a0485f00f9aafd3b970d05ff442b883c6d20cf7ae558a,2026-07-21T21:25:50+02:00
709080680,6d7b83c3-08b4-4bbb-9ccc-4eff7c997a06,Crematogaster peringueyi,crematogaster-peringueyi,426236,-33.9347304132,18.8415378565,inat_api_benchmark,8ad2e73d785a5320e847dccc5c31b138d5cb0ad7ed08db4539e8056d6994f089,2026-08-01T19:04:37+02:00
709127957,5e54ab37-ca9a-455f-a859-aa135753c3ee,Crematogaster peringueyi,crematogaster-peringueyi,426236,-29.7551287117,30.182093122,inat_api_benchmark,a0bbbe41c123f247b437f61cbd5fe7eb9015cbac98613e92f87436b43b120571,2026-08-01T21:43:31+02:00
710159378,d3584402-0ba9-4577-bd9f-ae43727dd5a1,Crematogaster peringueyi,crematogaster-peringueyi,426236,-34.45657,19.9017416667,inat_api_benchmark,714b13d1d04c1d9ea236cee8f0b75c0b1de41ce550c36f8a09079c99cd7b18c7,2026-08-03T08:42:48+02:00
719547904,6182f4d8-b3c6-47c3-ad10-9a6c4ba3b83b,Crematogaster peringueyi,crematogaster-peringueyi,426236,-33.4826948848,21.2656893836,inat_api_benchmark,3989622d2775e33858204c9c8a48abbadd328877b539fd755443114269f2dcde,2026-08-19T12:49:07+02:00
720367911,b0ef499b-f1d9-46c7-b65a-a3e64d93b656,Crematogaster peringueyi,crematogaster-peringueyi,426236,-23.8816812778,29.7299959883,inat_api_benchmark,65d06ebec14b4f17cc52c9c164e7e395b62dc887dc66e6f475139ad261765e4b,2026-08-20T23:49:24+02:00
680158599,50814b33-e657-43f2-8326-94ef4fc46129,Crematogaster scutellaris,crematogaster-scutellaris,342899,44.247452192,5.8312785135,inat_api_benchmark,e9b4b189f4257e71b1c84a66ff3d899f517ff137dc558869a5e49be6fa58b0d9,2026-06-16T10:15:56+02:00
680186740,9563d6e2-ad19-4253-8f9b-8a41da9f962e,Crematogaster scutellaris,crematogaster-scutellaris,342899,43.6869144,3.8660074,inat_api_benchmark,b268b17ccca4d3492af613d1543df0a1fb8baacd4c2e3226eb49119ef1fa1b7e,2026-06-16T12:00:17+02:00
680203650,986fb760-b5bd-4a52-98d2-bda2919ca316,Crematogaster scutellaris,crematogaster-scutellaris,342899,43.1838616667,2.99943,inat_api_benchmark,028becdb77a7a96b17e943037136d8a68a6b53cb9a2ff078dbe5f0b5c30cb592,2026-06-16T12:55:56+02:00
680208399,ecd61b0b-d1eb-4b2c-84f1-1c3e6b9eb222,Crematogaster scutellaris,crematogaster-scutellaris,342899,45.7288428314,4.8255767124,inat_api_benchmark,70978395ddd60ee356f709acf6a23dadb01ea87ce454093d81d11a2eded82249,2026-06-16T13:09:52+02:00
680222280,60713082-5617-4730-93b2-6625b6e1e3a7,Crematogaster scutellaris,crematogaster-scutellaris,342899,40.5430611111,-3.6929916667,inat_api_benchmark,c4b7de86e5122d3d08a4b715960a7c23baa7d512afb2eac90d1da961fee6647d,2026-06-16T13:47:45+02:00
680415749,7a620fb9-7a0b-433f-aaee-eeb27fbf9c51,Crematogaster scutellaris,crematogaster-scutellaris,342899,45.4788191188,10.6093553826,inat_api_benchmark,59c07b625c1204d7e3e635aa705beec52a4b1ae0bdeb9a12c3e4a67677285ace,2026-06-16T20:08:53+02:00
680770919,69601bea-8a07-4267-aeff-89442dd164d7,Crematogaster scutellaris,crematogaster-scutellaris,342899,44.7675929712,10.3106027258,inat_api_benchmark,ca097c78c906fcec3673deb8a32551ae34be02791319eebb87c761fc9ed46db5,2026-06-17T09:58:04+02:00
680837400,31e62fac-84fb-4892-ae56-ab46166d8f8e,Crematogaster scutellaris,crematogaster-scutellaris,342899,44.7675466667,10.3106133333,inat_api_benchmark,02232b918028cfb03b68282ffe6069ea6c2a986d0d1b089b579f5c291f2fe82e,2026-06-17T13:46:01+02:00
681073787,9845bb11-bea1-4fec-8399-9729472a4213,Crematogaster scutellaris,crematogaster-scutellaris,342899,45.6112958,10.3156067,inat_api_benchmark,2b7d235db9b38f90b387d7f1e26a58eef1d97b38b2251baa112c5cbaf310ee9c,2026-06-17T21:22:18+02:00
681270607,d43eca50-c336-4eed-8b40-6af79657ab60,Crematogaster scutellaris,crematogaster-scutellaris,342899,41.9257211733,12.441768755,inat_api_benchmark,938b45e40abe6331f328ea3620d84bae4a922717ffe9a736282b9fdd1cf9db05,2026-06-18T04:17:43+02:00
681270644,64607e9b-d3c8-4188-a6d5-bdca5593fedd,Crematogaster scutellaris,crematogaster-scutellaris,342899,41.9257286333,12.4417748833,inat_api_benchmark,69692cbbe10f545569458a6584f6c0bf61cbde65922cc7043ba3fbd1cdca0a28,2026-06-18T04:17:44+02:00
681270753,038aeb12-59e1-43d8-9675-c6200cbd11b5,Crematogaster scutellaris,crematogaster-scutellaris,342899,41.9257096367,12.44188616,inat_api_benchmark,d91cb374b459027cb3deba80d6d86939fa1d2d61cf64734e39ace9089ef93e42,2026-06-18T04:17:45+02:00
681270843,713c2bc9-791f-45d0-b947-dd74ec843de5,Crematogaster scutellaris,crematogaster-scutellaris,342899,41.9259215467,12.4418209633,inat_api_benchmark,b52cb370995b0cf8202cb94477b4e8b40212b2e41f8aa0edbf4473a802393e84,2026-06-18T04:17:47+02:00
681367723,4bb48620-30bf-4730-8294-b6d6882c2257,Crematogaster scutellaris,crematogaster-scutellaris,342899,45.5216105246,10.2500595136,inat_api_benchmark,85ca6c2c63cc561e58c3308390992c77e8f51c6e2306b12286fd548272ecd847,2026-06-18T08:42:31+02:00
681397468,4f72909d-0113-40e8-8b6c-1bc37dc1ee8f,Crematogaster scutellaris,crematogaster-scutellaris,342899,38.5214996338,-8.837313652,inat_api_benchmark,ecbab7f820cd192003ac1fc87f93ff2fd8d287632e3e435174b518e1937d507a,2026-06-18T09:39:44+01:00
681398578,2829437e-5266-41c8-8d7b-f163dac03e05,Crematogaster scutellaris,crematogaster-scutellaris,342899,45.4854583333,12.4146027778,inat_api_benchmark,0e769e9c8170da5b2e8d5f463a48345ef76380cf0f6c9e7292345a4f49c5d4c8,2026-06-18T10:42:26+02:00
681399051,a444b4eb-f272-4be1-a5f2-6e229043f026,Crematogaster scutellaris,crematogaster-scutellaris,342899,45.4854583333,12.4146027778,inat_api_benchmark,10c49ba96bc868cbfc013383ede7df71877c99293a289c8901dec26b8628f693,2026-06-18T10:44:35+02:00
681400661,e9633467-4745-4a11-bdd4-30bb84376ede,Crematogaster scutellaris,crematogaster-scutellaris,342899,45.7748931726,4.8323230818,inat_api_benchmark,1b55b3e30a906633ecc68df1e0d7a1c95505713e70095f6cbd2189d880fc106e,2026-06-18T10:49:17+02:00
682058992,82f8a2a5-36ab-44cb-a6c4-49785d49c294,Crematogaster scutellaris,crematogaster-scutellaris,342899,38.1372305,15.0532721667,inat_api_benchmark,f3594a807ce29eeeb0247e760e265bf28378ed0d5e778c74cf3d8ebfa23757fa,2026-06-18T13:42:29+02:00
681467325,3015d0fc-ea26-4613-b69f-a57f90561c88,Crematogaster scutellaris,crematogaster-scutellaris,342899,40.4646758393,-3.7863560089,inat_api_benchmark,9eaccedc137147542a6538f934dda92f436c716072d9dc0107f283169ac34919,2026-06-18T14:32:41+02:00
681468523,1f6ebcb3-64cf-4f10-a301-26f0780bb4a3,Crematogaster scutellaris,crematogaster-scutellaris,342899,39.5387321657,-0.4965923788,inat_api_benchmark,dabb4308fd40b0b7e0a90408c8d0939830997353f25d3b28a0670e4c735afd0c,2026-06-18T14:39:18+02:00
681479271,24855814-8a9f-4d8b-8aba-b8b618e3caf1,Crematogaster scutellaris,crematogaster-scutellaris,342899,37.9931694444,-1.1543444444,inat_api_benchmark,387bf1ccfc6f1c1333c84d5530fea536576b769a1de7f516291b51e6e53c557c,2026-06-18T15:01:03+02:00
681481988,e9df2784-7609-4e2b-a6bb-fbf93ab930ec,Crematogaster scutellaris,crematogaster-scutellaris,342899,45.7994743872,10.7854736706,inat_api_benchmark,9320ceda26af26a9190f12f7a6133349a8ba8d672996d9cee79808f1f57a7bcd,2026-06-18T15:08:09+02:00
681744850,d43675b3-441f-4dad-bed7-0f55a338415d,Crematogaster scutellaris,crematogaster-scutellaris,342899,40.4015659776,-3.3034739716,inat_api_benchmark,79e2a3e194c501f18cbefdae58eaa55776ff80f19490633a981430e325e22577,2026-06-18T23:31:15+02:00
681761191,c412de12-9d96-4d9a-9340-13d37decc29c,Crematogaster scutellaris,crematogaster-scutellaris,342899,36.5813466667,-4.645955,inat_api_benchmark,1cf097b274c5a21863abd811270672103ee64868d27843e3e74f66a15cac16ce,2026-06-19T00:02:55+02:00
681783852,f521a840-45d1-4751-b876-e4e4cc557db0,Crematogaster scutellaris,crematogaster-scutellaris,342899,40.5398412293,-3.7356479704,inat_api_benchmark,8ad58a727a7c53e63b1aa413aa7e6c4302583a292699f634a53050b7c4742e7b,2026-06-19T00:51:52+02:00
681798846,bebeab93-370d-4454-b3e5-e02d6fb05eea,Crematogaster scutellaris,crematogaster-scutellaris,342899,44.3301643719,4.3721213937,inat_api_benchmark,2a8905ea4968ed7fa844da9d9538c70edec387b9e3b0e523a25de1ca116f495a,2026-06-19T01:27:58+02:00
682088916,c249ca94-1d20-4a3d-af30-13a9c658d1cf,Crematogaster scutellaris,crematogaster-scutellaris,342899,38.7236416667,-9.1171055556,inat_api_benchmark,94c565df9939ea46b189bd5deecb73d1e1cd0505a21ad9ad898db95c7bf24406,2026-06-19T15:08:14+01:00
682217524,b6990e7d-9585-4af6-bb7f-50ba3eeb79fb,Crematogaster scutellaris,crematogaster-scutellaris,342899,43.2329115,12.9825536,inat_api_benchmark,9f5cf379c2e7ba0305aec70ae332c3c63c6869a0bdd854f650aba38085ad0f57,2026-06-19T20:13:19+02:00
682244638,36352934-8d92-4ef9-9e8b-3145d83d221a,Crematogaster scutellaris,crematogaster-scutellaris,342899,42.1060195,2.77173,inat_api_benchmark,c0c27ec598ed391d934117aa1a9dcbdd8e06f0f60bd045ee5db881ce6b4d8ad4,2026-06-19T21:05:42+02:00
682251948,b82e483e-0a1e-44b7-b367-e25157000a27,Crematogaster scutellaris,crematogaster-scutellaris,342899,45.6703854331,9.2246044465,inat_api_benchmark,03fc96bc605293d506d87567a4bb6220b0053438164f3860c2b50185afec883f,2026-06-19T21:18:11+02:00
682512290,741788aa-584d-4e06-9af2-97caa5a05644,Crematogaster scutellaris,crematogaster-scutellaris,342899,43.7692616667,11.2627033333,inat_api_benchmark,30c2014744937ec9beaa82ad2733b3b11655b71e9da7c9f1128941343231ebc6,2026-06-20T06:39:32+02:00
682681253,66678552-8dd9-4dd7-bbb0-7c015aad8fc2,Crematogaster scutellaris,crematogaster-scutellaris,342899,45.4925511389,8.0215481859,inat_api_benchmark,c66d7a727bcfeb82a1ffc6310095919220c1fec245647adba51eaaa8d6de3e1f,2026-06-20T15:26:19+02:00
682827755,e1245175-dd2d-44c3-9d4a-30dcf133a63d,Crematogaster scutellaris,crematogaster-scutellaris,342899,41.4217571027,2.2306132766,inat_api_benchmark,9eed5960ccaa590631b8bc642babc9f310de549ccd931676ee5e2b41bbf14d6c,2026-06-20T19:07:10+02:00
682836363,3703ab3c-5f07-4f69-b5a5-ad273b9732b9,Crematogaster scutellaris,crematogaster-scutellaris,342899,44.0819053997,4.5899378997,inat_api_benchmark,a6b89485c3ff0b2eb99b8e64845b159404911d0f5a899d86ceaf16b124d112fb,2026-06-20T19:19:53+02:00
681490875,f3841552-84fb-403d-813e-a81761925812,Dolichoderus bispinosus,dolichoderus-bispinosus,300626,5.1610995586,-54.3342030402,inat_api_benchmark,f7645140b10ba6c9d09e93956a4e711139d4babbe8d1b6583275b37abdb0ee69,2026-06-18T10:39:16-03:00
681868751,d7c64976-fd4c-4fab-8bb4-466bb002e107,Dolichoderus bispinosus,dolichoderus-bispinosus,300626,20.68853,-87.0486528333,inat_api_benchmark,a27770ab1ba8c5aa3107c69bb74c6c7a89bba1918a32673df1d769d3464d61c4,2026-06-18T21:32:23-05:00
682883818,3c0f688f-fc42-47fe-a127-ae0f99b6e341,Dolichoderus bispinosus,dolichoderus-bispinosus,300626,16.9891960391,-89.6775949859,inat_api_benchmark,6cefc8b170ef2f5a858d62e804a54b08de73ba0d6e51d376ee109ba786c0bfad,2026-06-20T12:40:23-06:00
682982817,16e370ec-237d-4e3d-9b83-6a99624d99b5,Dolichoderus bispinosus,dolichoderus-bispinosus,300626,-15.7376289,-47.8647141,inat_api_benchmark,1d9f8db6d1e46c64af5b1ef099a539ee96b33d5b8e30225a4e82d05268ddde31,2026-06-20T18:09:57-03:00
684994979,40e70790-b193-43e0-8c3a-48a75540b91f,Dolichoderus bispinosus,dolichoderus-bispinosus,300626,21.1075133985,-86.9725648356,inat_api_benchmark,230b06a9a971192c217103d90e90ba3e85ee13711fa80d02753f6d2040099dec,2026-06-23T17:43:25-05:00
685470837,870fca87-c844-4cf7-b75f-72e5c892ec49,Dolichoderus bispinosus,dolichoderus-bispinosus,300626,8.7994598631,-80.0102084283,inat_api_benchmark,a0ccdd308454515f5a344577d2812902dfd1c280508d112ac97eef0f07af3f07,2026-06-24T13:44:57-05:00
686749893,232e826b-bb18-4374-98cf-ea080c0e1707,Dolichoderus bispinosus,dolichoderus-bispinosus,300626,17.2255638889,-89.6089527778,inat_api_benchmark,61af1d4913a0f3a60a98af72dd69f815fdb22b34d79f28df6a2078e878947546,2026-06-26T15:54:54-06:00
688107287,6a716e58-e3aa-4c99-b17e-f19b99b48c14,Dolichoderus bispinosus,dolichoderus-bispinosus,300626,-15.7416527244,-47.884540904,inat_api_benchmark,f1e70f2f24e9258a7bf44306d7fbbb909bb472217ae2c381cc86d702ff0b756c,2026-06-28T19:25:25-03:00
689481302,3c0a7279-65f6-493e-9f8d-2be9b6e65cdc,Dolichoderus bispinosus,dolichoderus-bispinosus,300626,-16.1904688627,-67.7626084169,inat_api_benchmark,81d8c5add466c0c4edb73f859081f617fd99ac19a95be2137bbf1c4a812e978c,2026-07-01T03:54:25-04:00
689894215,28c3ce9f-a64d-411e-acd1-f6ef35180807,Dolichoderus bispinosus,dolichoderus-bispinosus,300626,-4.9357866667,-73.7189783333,inat_api_benchmark,a82b03e88d3c79d47d7d98c366833262ece0f56311740edac90e5f45aa2b78c4,2026-07-01T17:31:18-05:00
690175156,d60097c2-c834-4340-a5e3-cbf3c2be5289,Dolichoderus bispinosus,dolichoderus-bispinosus,300626,17.1252278333,-89.0599445,inat_api_benchmark,2f3948df0f0a0f90418493cf90cc892e842c24645c4f1877dc7505d4a18fcfd2,2026-07-02T06:47:23-06:00
690664724,a4c6f36a-af97-48fb-b619-5533510be89b,Dolichoderus bispinosus,dolichoderus-bispinosus,300626,8.5459971869,-83.5524404704,inat_api_benchmark,f85eb15f8b73da8aec997fe2ad948a88b551c994f8fee9edbd9513e2c359e77a,2026-07-03T02:06:58-06:00
691348303,726b4cde-4a00-4365-b109-d8a1652fd4dc,Dolichoderus bispinosus,dolichoderus-bispinosus,300626,-15.708455,-48.962455,inat_api_benchmark,b48b4cb995a2b4fb73c6f82e33f81649b1b72b28ef395eac0e6b4c429aae78ac,2026-07-04T09:32:34-03:00
691412109,b3dad21d-612e-4937-bf83-3db78af3947f,Dolichoderus bispinosus,dolichoderus-bispinosus,300626,8.5491538959,-83.4667602722,inat_api_benchmark,e93265d1e2cc036c918e5d872f9d60cd5142d14bede5e49e72c0d500dad852bd,2026-07-04T08:35:34-06:00
691521456,c5cb0214-d937-4f7f-88d6-ecb38334d957,Dolichoderus bispinosus,dolichoderus-bispinosus,300626,0.11892992,-79.25072526,inat_api_benchmark,b3c04104112ec3bab67ee138776b680c5432aa3be2d023a480d330c20ca112f5,2026-07-04T12:35:59-05:00
691594977,d8c13980-cd22-492b-8b11-a341f4300d40,Dolichoderus bispinosus,dolichoderus-bispinosus,300626,9.2300466667,-79.5339366667,inat_api_benchmark,8cb18540abc1b9d27b1827ed809dc660d649133b925062966ed995a3d759c696,2026-07-04T14:34:30-05:00
692194496,85f646df-fa8f-4e01-9ff7-23d938959cd4,Dolichoderus bispinosus,dolichoderus-bispinosus,300626,-23.0227387098,-46.8633730202,inat_api_benchmark,57a55da0f668624327bbacf76243a41cb43c7250c7caeed8fe810a21dce027c9,2026-07-05T14:27:54-03:00
693936559,21a2c432-9dec-4ad4-900d-b75b976c5da4,Dolichoderus bispinosus,dolichoderus-bispinosus,300626,8.7010772291,-83.2015493209,inat_api_benchmark,9976d22a91ca097915695780d7c4cdd09c42563dffb4924de1241309d7a94433,2026-07-08T07:34:20-06:00
694477034,c837aca8-adc4-49c0-b26a-d2ed1b97f2fb,Dolichoderus bispinosus,dolichoderus-bispinosus,300626,-22.791007,-47.1555322,inat_api_benchmark,6125f77a54d5cff69933ee656b865f4f655d3ef410d18228e61af4680a2f9106,2026-07-09T07:50:45-03:00
697120791,88de3616-061b-4c40-aa42-061a8d19d85c,Dolichoderus bispinosus,dolichoderus-bispinosus,300626,-22.3604243462,-47.3829314858,inat_api_benchmark,9c5246df704d3914876e9867a5857f44d4910c0ec3d1fe9f45648ead5d2b4a36,2026-07-13T09:31:57-03:00
697527527,30bbb4b2-57f0-480b-979c-640b4a07bf9d,Dolichoderus bispinosus,dolichoderus-bispinosus,300626,6.5991382599,-74.6859588623,inat_api_benchmark,d69c44ac6dc3ea6503d6fd00f99344457bf56502d5de990130cd2a83ea995e69,2026-07-13T19:39:00-05:00
697737843,dff81a04-0461-4107-8713-1577e7ad7f33,Dolichoderus bispinosus,dolichoderus-bispinosus,300626,-25.594649982,-54.5778176934,inat_api_benchmark,2f7325c7861ef8f245924fef655cce84bd1c62f63d10b983a4e7147179dce13a,2026-07-14T08:10:37-03:00
697937717,4528fa2a-c058-4bb6-811f-6d2f87640479,Dolichoderus bispinosus,dolichoderus-bispinosus,300626,-21.1224,-56.3857111111,inat_api_benchmark,97e93bb373c1c2d6b7792632d6db8e9d88f2de9a167766c2d22617279df3305c,2026-07-14T14:00:08-04:00
700496960,aceda747-5ff8-4a89-b69c-c28fd9243aed,Dolichoderus bispinosus,dolichoderus-bispinosus,300626,-2.6480422837,-56.7296577618,inat_api_benchmark,1053602009f9882fad614b4e9b7c9ba20432421506d4e86853253e7c4990bb9c,2026-07-18T19:53:39-04:00
701234431,491e9f8b-8a31-4988-8646-0cd6bc0a894b,Dolichoderus bispinosus,dolichoderus-bispinosus,300626,17.0472159377,-89.0603873134,inat_api_benchmark,e038cd86328e0d22ed028e5a0832e4fdd71acfb869dbb8b4a2b55f845ef2a5c5,2026-07-19T18:56:26-06:00
701915024,33fc14a1-5082-439b-bd8d-d451428689be,Dolichoderus bispinosus,dolichoderus-bispinosus,300626,14.8264059846,-88.1165772363,inat_api_benchmark,38fba86324ab9797db750241a3624ab94b5a1e3a64ae48fb3fc1bc7822140894,2026-07-20T20:37:08-06:00
703184174,ca1c6ede-dee8-4824-a1cb-ca60d3e37941,Dolichoderus bispinosus,dolichoderus-bispinosus,300626,10.7392555556,-61.2571305556,inat_api_benchmark,751ffe0f7b8c071095e8e4528aeb263c7dd2f4140d340b37d976acb6879cd0b2,2026-07-23T01:36:16-04:00
704281203,2383ed26-258e-4963-a720-e6ff347d1391,Dolichoderus bispinosus,dolichoderus-bispinosus,300626,10.378325,-84.5431216667,inat_api_benchmark,7683b2bc2ab0ab6d91b4b90685ebd2cf8dde82a2b7eb073ddfd0623f44a281fd,2026-07-24T18:11:37-06:00
704799752,9c22cf2b-7087-4a5a-bb5c-41674daf8d52,Dolichoderus bispinosus,dolichoderus-bispinosus,300626,-12.5263542175,-69.0163741267,inat_api_benchmark,6a603c26831ca0592f16529880847de5affafd69c67f6b8ada98121493253dc9,2026-07-25T15:04:07-05:00
705351811,99b3e6c1-d735-4b7b-80bd-e506d6021b04,Dolichoderus bispinosus,dolichoderus-bispinosus,300626,16.9746093611,-91.5780868333,inat_api_benchmark,11adc88d7eec5af40d618e4c4d4382c1844621a53493a76aaa7f483359092e07,2026-07-26T09:21:23-06:00
705568782,6d09d5ff-e5b7-4c84-a266-0532bb182f03,Dolichoderus bispinosus,dolichoderus-bispinosus,300626,4.8503548579,-52.3318444937,inat_api_benchmark,c240ddd96b0fde8698a46c1343aa038cc05beba9f1a9480b1031f687c5092294,2026-07-26T17:30:49-03:00
706601696,c1286c26-de40-419b-8a03-3debd26985bc,Dolichoderus bispinosus,dolichoderus-bispinosus,300626,10.7396033333,-85.3473283333,inat_api_benchmark,4c7e573f1a44fc64698d24175d7f23c16cfc4986dcafe2401f88448f613088f4,2026-07-28T07:12:57-06:00
706857518,85298e58-5bab-41dd-967c-2a37e4980908,Dolichoderus bispinosus,dolichoderus-bispinosus,300626,-25.6841803246,-54.4534647837,inat_api_benchmark,9e61fd001d515721db34e472988d8ff545e591ab36b3c6988df9a0c14386bea6,2026-07-28T18:08:22-03:00
707009531,96f4889e-eef8-4b19-80a8-29fc3bf42c94,Dolichoderus bispinosus,dolichoderus-bispinosus,300626,-23.0843706,-47.1818376,inat_api_benchmark,c7142fea314bdf672a098a5ea76cb3183631016e0f8e974f9bfde7817c7acd4c,2026-07-28T23:46:30-03:00
707055149,ac6795f2-6808-47e7-a162-16d93533d969,Dolichoderus bispinosus,dolichoderus-bispinosus,300626,16.9755833333,-91.5814133333,inat_api_benchmark,8520380dc9185bf1ce96a3ac88508d1f5598c4c877177ae97ac6529e7f02f592,2026-07-28T23:06:57-06:00
680467732,e8ec646c-3d97-40cf-93b6-7a56a1f997bd,Dolichoderus quadripunctatus,dolichoderus-quadripunctatus,343264,41.7348333333,2.5005416667,inat_api_benchmark,cbdc29a138c020b95ad5948bb6ed31e29ca2fef97be69591dc6e098ef6e44aae,2026-06-16T21:35:45+02:00
680743064,03568859-56c7-4583-ae8f-23b7d54241e4,Dolichoderus quadripunctatus,dolichoderus-quadripunctatus,343264,48.6089503621,2.2973482311,inat_api_benchmark,d8b327505612e98817fd6f47905b33ae0564eaac1520e7ac0d1421b6903a8d63,2026-06-17T08:11:04+02:00
680772171,825cb721-d712-4d06-9877-285d19c12853,Dolichoderus quadripunctatus,dolichoderus-quadripunctatus,343264,44.7676687254,10.3105755666,inat_api_benchmark,dcb8d290fbaf9e28e29436a06662c7010d12ad3a724c16e1167c609a16c28070,2026-06-17T10:01:46+02:00
680837712,ffaa3e45-c502-4b77-9b62-5a65402cadc9,Dolichoderus quadripunctatus,dolichoderus-quadripunctatus,343264,44.767845,10.3107716667,inat_api_benchmark,bf98e8ae91383f098d99fd17148dd018189cb0c7b61aaad414709b1634aa44c6,2026-06-17T13:47:10+02:00
680917456,cdcd7063-549d-446d-91c8-106a7097ed74,Dolichoderus quadripunctatus,dolichoderus-quadripunctatus,343264,50.1364035337,19.0035356954,inat_api_benchmark,b70d0f717659a14b3d9380b885349111cb0b779a46d7968cdb4a5ad6522108fc,2026-06-17T16:42:08+02:00
680937147,b57a32e6-e893-4898-afc4-d5bef48aac5d,Dolichoderus quadripunctatus,dolichoderus-quadripunctatus,343264,48.2739642622,16.2221392617,inat_api_benchmark,e462c4651d3cb3c0ccf9ff428e6ae23068713f09aacb35c8273cb384866e2fdc,2026-06-17T17:19:22+02:00
680943055,1506525c-21ec-465d-b169-eb4b694397d8,Dolichoderus quadripunctatus,dolichoderus-quadripunctatus,343264,49.9931747997,8.2440998,inat_api_benchmark,7ef105b3e2f41992c0726ff832a38ebd6a9fa3139d3db1e885f9ee6245a432a7,2026-06-17T18:55:50+02:00
681059167,28e807dd-d807-4f49-bc8d-394d97425f2a,Dolichoderus quadripunctatus,dolichoderus-quadripunctatus,343264,49.5269186838,11.0189337283,inat_api_benchmark,93985c495c42990f64637f1ddd4899495234737f9ef250e81fcfec723459ee20,2026-06-17T20:56:00+02:00
681426679,dd140dcb-3c1c-44c5-b7bb-e1e9f26a4773,Dolichoderus quadripunctatus,dolichoderus-quadripunctatus,343264,43.970246,3.529855,inat_api_benchmark,131e37a71457373c460892f7b4669cb34008102455366e67233b627bf0fc633b,2026-06-18T12:48:50+02:00
681478608,3d559c7d-4ee9-4d96-af32-410164e95eb7,Dolichoderus quadripunctatus,dolichoderus-quadripunctatus,343264,53.5146115613,49.2750682811,inat_api_benchmark,9bd66ba793dc388e11f2dd624ca0ccb2cc990d453f90b038dc62e2bf72f19037,2026-06-18T16:59:23+04:00
681549917,a6f51049-0a1b-4850-abfe-32b0bab18ae5,Dolichoderus quadripunctatus,dolichoderus-quadripunctatus,343264,48.8278514641,9.1823124724,inat_api_benchmark,3829c9d01578b1a97608c4de0bd289d1a7ae1898d8e0d75df23b897812cc4d83,2026-06-18T17:28:11+02:00
681621779,174827aa-771c-4d8b-9401-b940f1098440,Dolichoderus quadripunctatus,dolichoderus-quadripunctatus,343264,47.3521711757,1.7569305066,inat_api_benchmark,f9e09b2a499c1d49d41910bee60378e0797900bbf7c01816aee392865ac4339e,2026-06-18T19:48:07+02:00
681634392,a8998fb5-7572-4a64-97b2-16763004eb70,Dolichoderus quadripunctatus,dolichoderus-quadripunctatus,343264,50.4340110284,15.8003173023,inat_api_benchmark,5b71f6166082d72601d638a2fd11f540abc7a7ebb273bcbb4c5ec2f2cd63b541,2026-06-18T20:05:25+02:00
681714026,60a5a08b-28bd-45d6-853c-6568ee260d1a,Dolichoderus quadripunctatus,dolichoderus-quadripunctatus,343264,46.1469305556,-0.4263888889,inat_api_benchmark,0153f86db1148e118c76003f5fe8ee4ddcaf3d650002e13d684798ec0a2113b8,2026-06-18T22:33:46+02:00
681823017,faa51410-cd53-4fec-baa3-0418d56029b8,Dolichoderus quadripunctatus,dolichoderus-quadripunctatus,343264,49.7455468031,9.5197213796,inat_api_benchmark,50c3113a7c08fb6bd7bc99a3c155476f5e8e04cf6bc40bc0955dfe9b81d1b87f,2026-06-19T02:31:29+02:00
681740893,e825fc6a-6ec6-437f-bc60-c16c538a19db,Dolichoderus quadripunctatus,dolichoderus-quadripunctatus,343264,48.8432508583,2.4717516957,inat_api_benchmark,2b5487bd7cb0272a7eed2340db26ad173bdf8a4e94a2e05b5fdac4ed62cc7fb3,2026-06-19T04:42:44+02:00
681999305,54293adc-e6fd-4942-bc04-bf60c6719fd5,Dolichoderus quadripunctatus,dolichoderus-quadripunctatus,343264,49.4735396972,30.1372685556,inat_api_benchmark,1f0784d5a2e2896391e0d9be5cf8ef21a3ae087a74480f07bf9fa6231794c5c5,2026-06-19T12:50:27+03:00
682006647,5e67032d-47ed-487e-9291-4ed467d0019b,Dolichoderus quadripunctatus,dolichoderus-quadripunctatus,343264,51.5686238427,36.0843270207,inat_api_benchmark,f767767c7e3dc7cd6bb86245d7e97e7cd63aed91b682cd9856f64606903053de,2026-06-19T13:30:09+03:00
682053591,f4864e43-b710-4921-9b5c-de481665100d,Dolichoderus quadripunctatus,dolichoderus-quadripunctatus,343264,48.4793931894,11.9408673048,inat_api_benchmark,57d15380e8a7873fb745445406f14cda90f83ea1228380856fb774314e02826e,2026-06-19T14:46:43+02:00
682123891,0fe5150a-3101-4ed7-99bd-d2a95e32b9ce,Dolichoderus quadripunctatus,dolichoderus-quadripunctatus,343264,47.9076247719,11.4370611858,inat_api_benchmark,55307c31f01b2d99ae6d4b3815924c628ed5a0c1f6410e177900954ec1a4682f,2026-06-19T17:12:21+02:00
682187159,edc11ea2-3fcd-4ccf-8506-646701635ff2,Dolichoderus quadripunctatus,dolichoderus-quadripunctatus,343264,49.9501242039,15.2773398533,inat_api_benchmark,11400ad029d889d2a0a85ddd02e05e8d83e7178dec7cc544b5b71edbc0c98ae6,2026-06-19T19:17:38+02:00
682310105,1860a77a-0618-455a-8056-d50b852f3711,Dolichoderus quadripunctatus,dolichoderus-quadripunctatus,343264,47.012202049,15.4285419869,inat_api_benchmark,3cd10c2317e7cca85839609287d162beeccb7afdd5b7740ca35d336e1769967c,2026-06-19T23:06:06+02:00
682555516,9d8faa30-9e8f-4eb2-b7dd-2a6d9f3ba429,Dolichoderus quadripunctatus,dolichoderus-quadripunctatus,343264,50.3167216667,31.740195,inat_api_benchmark,5fc01848aaa6a0a78fdfe8b1975ae040f15312caa52fa766aa30debf6e3f0c93,2026-06-20T09:58:12+03:00
682573149,72624416-9472-4003-a3b6-e64f79ace2e0,Dolichoderus quadripunctatus,dolichoderus-quadripunctatus,343264,47.0379667118,15.2607969604,inat_api_benchmark,a453443e0b423c70e6a910c6982038ed0243d4d1a6bf0b61cb4f929a3891fd9b,2026-06-20T09:54:12+02:00
682594985,223fd194-f9bf-4194-b4c3-c991d07e44e3,Dolichoderus quadripunctatus,dolichoderus-quadripunctatus,343264,49.1896366667,8.0995111667,inat_api_benchmark,5e6f4f185926c3858b4881926eddc8d47dedca728aecd4962914851c5d1b931d,2026-06-20T11:08:53+02:00
682669964,75ebd347-532a-42cc-9041-c1dc434751ac,Dolichoderus quadripunctatus,dolichoderus-quadripunctatus,343264,47.9333833333,18.8311816667,inat_api_benchmark,91ad81f2db81e3ee59904015fc698146ed55dd11518f2e3f977103121ae1b02c,2026-06-20T14:41:33+02:00
682666249,f92620c2-5f28-45be-965b-0b12c852619b,Dolichoderus quadripunctatus,dolichoderus-quadripunctatus,343264,50.1673730997,8.6443603,inat_api_benchmark,47de82a17e53b4d98ae14e25f6c2a9b569ce934d9f43eff75ab3dd775d156f21,2026-06-20T15:54:52+02:00
682749024,661907ee-e24d-48f8-a734-01d94e557d45,Dolichoderus quadripunctatus,dolichoderus-quadripunctatus,343264,47.6872995764,7.468351696,inat_api_benchmark,41d6c97cb77432762d3947bb2e38bebbd44950f0fc1140e05a147bc137d1f897,2026-06-20T17:05:28+02:00
682764954,a62945dc-94f9-49be-a569-98301361f1bb,Dolichoderus quadripunctatus,dolichoderus-quadripunctatus,343264,48.8329386248,14.7852416709,inat_api_benchmark,407f7fb6b047484f1dc755a0f79759884f924b0f2b58b184ecfa5f60cea5488b,2026-06-20T17:30:44+02:00
682870257,3b1f50da-19e4-4055-a337-7bd976446efa,Dolichoderus quadripunctatus,dolichoderus-quadripunctatus,343264,45.795146021,14.2875690184,inat_api_benchmark,d4a5dc2f188efe56df74a48d57432da4d597280d74a18f5e5b67d447aa934083,2026-06-20T21:52:00+02:00
682962235,8d54bcea-345b-4cbe-998a-8370f2072824,Dolichoderus quadripunctatus,dolichoderus-quadripunctatus,343264,48.2122685944,38.9824791625,inat_api_benchmark,0799cd56ddbf8e2ea2fc228f43196be4f855aebd4db417a7ac7cedcf53d98451,2026-06-20T23:34:58+03:00
682984192,2a11fc59-e0f6-4720-ab06-b12caf3294fd,Dolichoderus quadripunctatus,dolichoderus-quadripunctatus,343264,48.2200747157,11.5643028491,inat_api_benchmark,8b058210a50c1a9a4cf9ba6d614975bd28364999aabf2b64bea1c573042b26fe,2026-06-20T23:18:57+02:00
683300111,59cbf3e3-0ff7-4d36-91fe-d69b78098ebc,Dolichoderus quadripunctatus,dolichoderus-quadripunctatus,343264,49.8484230042,18.6339683533,inat_api_benchmark,9b91a6099930a143487f2e481398641d47d67a89430238de91c63f50eba40bc4,2026-06-21T11:40:53+02:00
683403684,c4f10f46-9121-4cb9-b965-366bd3fcbdfd,Dolichoderus quadripunctatus,dolichoderus-quadripunctatus,343264,45.2838442155,0.1529673859,inat_api_benchmark,9ad335e959c828c9fce92c4ee7ffd1fe75c3a0c9b2f5f4945d2fb11f853a3843,2026-06-21T15:34:39+02:00
683561986,72de77e3-06c4-41ae-98d1-a630fce44377,Dolichoderus quadripunctatus,dolichoderus-quadripunctatus,343264,47.3703252292,8.5344730038,inat_api_benchmark,723e010a488f36a7f48fb537a121f48d9ef4df35bf47009bcd2ce76efa6a169b,2026-06-21T19:43:29+02:00
680898909,837393a5-bad1-491e-bbe1-3622cfccc32c,Dolichoderus thoracicus,dolichoderus-thoracicus,626764,23.980721915,121.5830424342,inat_api_benchmark,b667941b61f70f5b4f5426669194779b13502985039e7374a8edaad22c7a982a,2026-06-17T22:17:12+08:00
681359048,5632f71c-a25f-46d4-886f-6dbd9b34c16f,Dolichoderus thoracicus,dolichoderus-thoracicus,626764,25.1601965446,121.5010803939,inat_api_benchmark,9a91a241f37a6020f674e12aecd58c31eb5c2def0797ac978b0fc5141bd3f804,2026-06-18T14:10:04+08:00
681378475,0acb5098-64a6-472a-9d84-9fdc000df616,Dolichoderus thoracicus,dolichoderus-thoracicus,626764,24.4638175,120.8927747,inat_api_benchmark,47912dedf6e46b8e38f578081ac7ddda619f26511f21d5316d8bcfc842647e0a,2026-06-18T15:27:33+08:00
681989876,4a7adf72-3c7d-4aa0-ac15-c7e18810b829,Dolichoderus thoracicus,dolichoderus-thoracicus,626764,1.3486171468,103.7838903886,inat_api_benchmark,322d2ecd2e7201044e4883f823387ccbe14327156828677cd00cbb6aea0f9df2,2026-06-19T17:33:37+08:00
681989898,87ae05bd-e22a-4915-957b-4955aadcfeec,Dolichoderus thoracicus,dolichoderus-thoracicus,626764,1.3486171468,103.7838903886,inat_api_benchmark,f2f01aa7ad9de3d905b51907f8a4332d45946ba15230531b10b5df25e1f5fee9,2026-06-19T17:33:39+08:00
682642850,a0551b05-539c-4c72-8c2c-d5b78e33a9fc,Dolichoderus thoracicus,dolichoderus-thoracicus,626764,5.5818537,101.4574528,inat_api_benchmark,dc6c38bdac776c0035ee3608fbc4141cfc31bfa84c7a57f4dee3748835dead06,2026-06-20T19:39:49+08:00
683094099,93c4027f-8741-4a41-85d9-3d9e62b41920,Dolichoderus thoracicus,dolichoderus-thoracicus,626764,5.5826796002,101.4570682133,inat_api_benchmark,88473b0668b8c97c67bee5a8cf8e8f4463972a37cf9673a3fdd8b83c9e1f350c,2026-06-21T08:31:27+08:00
683313146,8974c7f0-bce0-472d-9e02-90df91a146eb,Dolichoderus thoracicus,dolichoderus-thoracicus,626764,23.60227,120.63657,inat_api_benchmark,c8ddb6e8e5ad3a71a23dcec4d28221ce56b8746d4839053d90d69686e0bdcd64,2026-06-21T18:18:34+08:00
683468506,e9e7128e-e0e1-4212-a558-f4956ba01e97,Dolichoderus thoracicus,dolichoderus-thoracicus,626764,1.3598945772,103.8266007845,inat_api_benchmark,46596748d445fa7e4f88aefd3994aa0be7117e4ddbe8d15432ce3098c935b97e,2026-06-21T23:39:06+08:00
683520294,12898a5c-7cc4-4b64-acaf-a6484a43de88,Dolichoderus thoracicus,dolichoderus-thoracicus,626764,1.3518242,124.8424195,inat_api_benchmark,5decb56f90ca862404542c29227f5ffc5524ab44a842c16fd3e2ca15923caca5,2026-06-22T00:45:49+08:00
683618290,822aaba7-3d57-4d88-b588-9ab8c9a9b418,Dolichoderus thoracicus,dolichoderus-thoracicus,626764,16.1943225833,108.1320571667,inat_api_benchmark,ec7861f1b9ae78c505e3f86e36ce3bfbea936d7182d754f6e0624e301ee98ed4,2026-06-22T02:05:32+07:00
683930025,478604c3-417e-4fe8-9728-4e94c36cae40,Dolichoderus thoracicus,dolichoderus-thoracicus,626764,24.2278637755,120.5835005984,inat_api_benchmark,36db89cfb2c1322b3c39f439865726ed306ba0c84ec7212c791027348f03cc0b,2026-06-22T12:36:24+08:00
684493486,435dcdb9-344c-4e2b-967e-a55bda16862b,Dolichoderus thoracicus,dolichoderus-thoracicus,626764,18.8109813997,98.9472923,inat_api_benchmark,0bceac3bbb002e1d3e0ea436a975b4c7084e852c01d3a973cda27e3e5d63d61e,2026-06-23T09:09:56+07:00
684513909,0ed2ebbf-5cc9-4c51-80f1-54c13643989c,Dolichoderus thoracicus,dolichoderus-thoracicus,626764,18.8120751,98.9468001997,inat_api_benchmark,885c28ef14056393d1736d0bdde1273c68d35042320970abd8d569b0166bef2d,2026-06-23T10:03:19+07:00
685892781,b5fa8fde-24c8-4527-8706-09afe3fa70fc,Dolichoderus thoracicus,dolichoderus-thoracicus,626764,18.88329,109.66267,inat_api_benchmark,4a4f6fe9bdccd6522d37461b648c5cfd385e5cec660f5d78bc7657b680c7c8c7,2026-06-25T21:06:19+08:00
685926775,2a54a519-bb4d-4e39-afb7-ba9cd922edbd,Dolichoderus thoracicus,dolichoderus-thoracicus,626764,12.6849445844,108.0078165606,inat_api_benchmark,de16b5cd7e8d94d1d47885def767a0e64ed4c6ccc458f3240b54a68713013efe,2026-06-25T21:14:48+07:00
686315350,81fdc3fa-46a7-4201-a312-d57ea54b3d66,Dolichoderus thoracicus,dolichoderus-thoracicus,626764,23.8277546883,120.8013202442,inat_api_benchmark,4e2536c1a46bd07249191630c565003fbcda8808334a0d1cc04b69bb5a4c6988,2026-06-26T16:32:24+08:00
686397336,c8293fc2-3afb-4f91-9033-bde969ff69b7,Dolichoderus thoracicus,dolichoderus-thoracicus,626764,23.8277546883,120.8013202442,inat_api_benchmark,764051b009630520208d9221c0f6f1241a9214db5a1aa56f29f6e027c060320a,2026-06-26T16:32:26+08:00
686437624,18d5f0b5-8c16-43e7-9c81-85bd524f4211,Dolichoderus thoracicus,dolichoderus-thoracicus,626764,-7.8371895,110.6416766,inat_api_benchmark,4a5ac94f6dfe397dbf02f6887ea6a643d089a37cfce96f59b5bf8eabc23eb336,2026-06-26T17:57:39+07:00
687084036,a6cc7413-195f-4085-a86c-345cac376659,Dolichoderus thoracicus,dolichoderus-thoracicus,626764,1.3076633333,103.8157833333,inat_api_benchmark,bb2c34322c3dbdd21b4dddd394abf7e91c11c31183e6f059180e28120ab7c77f,2026-06-27T21:18:39+08:00
687621531,996debd4-8b8c-44e6-a73d-f15a6db48e96,Dolichoderus thoracicus,dolichoderus-thoracicus,626764,1.3374840997,103.818139,inat_api_benchmark,36b0e0e87a806c0ea4e62600dcb034490cc3be0236c8f64f454309bd55769465,2026-06-28T14:20:20+08:00
687658832,7fe18e5e-24b0-4afc-80d5-f21bb65f5ebd,Dolichoderus thoracicus,dolichoderus-thoracicus,626764,23.95880544,120.97459158,inat_api_benchmark,01891538e9e666d39cb7360ec07544335c592bc9bc37c8668911bd632baddad5,2026-06-28T16:22:45+08:00
688300320,d7c62745-9588-4292-9624-d1adb904fffb,Dolichoderus thoracicus,dolichoderus-thoracicus,626764,1.2092362745,103.943409211,inat_api_benchmark,2e93884a56a5416a6162192e9b5bc68aec95a46c9120b1e3eb5c3ca5ceb2862c,2026-06-29T13:21:20+08:00
688377673,0a9663a6-57af-4d79-9241-a33b35c2b7b6,Dolichoderus thoracicus,dolichoderus-thoracicus,626764,24.0318325328,121.5598004403,inat_api_benchmark,771a812ed91cbd35b0ca95f8e262e93749b3a03a8b76d9970e7c204a2b6078bc,2026-06-29T17:55:21+08:00
688377740,ff2e347e-880c-4eb8-9657-43c223da62c7,Dolichoderus thoracicus,dolichoderus-thoracicus,626764,24.0318325328,121.5598004403,inat_api_benchmark,fa8dd6cf498e32719a7479b1e79bd8c8bd7470425155b755d195679544382e13,2026-06-29T17:55:22+08:00
688377770,07b0ef56-263e-487c-bef2-5db2f8c9ae1f,Dolichoderus thoracicus,dolichoderus-thoracicus,626764,24.0318325328,121.5598004403,inat_api_benchmark,99862be569dba7f951130591f3e35e53924dae7ba4d83648f94b6d74808ad453,2026-06-29T17:55:24+08:00
688377820,c4c3f390-c5b6-4c91-9cf3-2f5ae4e6b078,Dolichoderus thoracicus,dolichoderus-thoracicus,626764,24.0318325328,121.5598004403,inat_api_benchmark,24af4dd5f049d5e6d03924a939289ee79149d240152a6504de413171ea797503,2026-06-29T17:55:26+08:00
688389213,631eed6a-0efe-4009-b065-5b55cb8a59e1,Dolichoderus thoracicus,dolichoderus-thoracicus,626764,14.0350721084,122.8580606291,inat_api_benchmark,44398322f2e9637b9b7c6bad0d2c4d458bfe1f52c66a25488a830443114eb52d,2026-06-29T18:32:03+08:00
688389294,7f6453e8-b2d2-4b47-81af-2cc9110c6ffa,Dolichoderus thoracicus,dolichoderus-thoracicus,626764,14.0351245845,122.8578113726,inat_api_benchmark,dc9f4d176180a0eee97672246f9400e84833880e793adb2383db7675e6b95ce2,2026-06-29T18:32:19+08:00
688391677,5d57c1be-2987-4c01-8bd9-f43c7275c37f,Dolichoderus thoracicus,dolichoderus-thoracicus,626764,14.034330356,122.8595920647,inat_api_benchmark,3565c0dceeb0a0ef4d0310646d362aed7abe5adb83262ee7bbf36e82363ddfb0,2026-06-29T18:41:10+08:00
688422099,c478a6b5-844c-4f0f-994c-c8240f5b6494,Dolichoderus thoracicus,dolichoderus-thoracicus,626764,23.7182310109,120.6917053811,inat_api_benchmark,9dff4e5ec8a53992787fd089d8eb28b03bd8ba6a0b987ec3d6cd0334df874ed3,2026-06-29T20:20:29+08:00
688427448,fa6b493c-782a-4328-8186-f827acd60f31,Dolichoderus thoracicus,dolichoderus-thoracicus,626764,24.1864533333,120.7361966667,inat_api_benchmark,031c220a4aab725c4803ed9c2be910716e31703e97f363776f540a2b1adad25d,2026-06-29T20:21:30+08:00
688793977,3a3511f8-b915-4a05-a66b-f34c05ed7e50,Dolichoderus thoracicus,dolichoderus-thoracicus,626764,24.0318325328,121.5598004403,inat_api_benchmark,b651cdf8259eab06626fa5e6fd5b1b38d2de728c5ee2cb132c2824986ed11fd3,2026-06-30T08:35:23+08:00
688794174,8638c7d3-c0a5-4337-8f13-4800172b0bc4,Dolichoderus thoracicus,dolichoderus-thoracicus,626764,24.0318325328,121.5598004403,inat_api_benchmark,f9b18645ab0fca179133de2de74d1a1ee7295fefebf6c4e37fb11c8ca6cef4a2,2026-06-30T08:35:27+08:00
688876035,8ca2f145-a571-4faf-bd82-1f65b6e52a34,Dolichoderus thoracicus,dolichoderus-thoracicus,626764,23.9508503163,120.8693733691,inat_api_benchmark,3101eaa43b45745c4eaa0d4d37319663f45973fbb607e04a4e7912943947729b,2026-06-30T11:50:02+08:00
680267143,1c2e55d4-d5a4-443d-9403-458063766b0e,Dorymyrmex bureni,dorymyrmex-bureni,319444,33.5909975022,-82.0231775651,inat_api_benchmark,6759e43f97fe6204556edfd64148737e2d61c6bf8ade0f9760fcc4b8c84df51a,2026-06-16T09:39:20-04:00
680415091,b2e0afc8-7abb-406f-bdd2-b6728e4fa260,Dorymyrmex bureni,dorymyrmex-bureni,319444,27.71035,-82.68383,inat_api_benchmark,7a212f137926e224935ece522f1be2f8edeae71faba881f0636fdcb1b2a8a7b3,2026-06-16T14:08:11-04:00
680419842,8146cb98-8370-4339-93e4-75233f42a52b,Dorymyrmex bureni,dorymyrmex-bureni,319444,27.7131966667,-82.6815716667,inat_api_benchmark,fd7d68559873753c09e9aca6c830e57ece2ab3c3a41d00323bfa6f1b47fa21f6,2026-06-16T14:15:35-04:00
680467721,4da20178-4214-4a5c-a8fe-eaf9b4b5d6a5,Dorymyrmex bureni,dorymyrmex-bureni,319444,33.7066883333,-78.862045,inat_api_benchmark,cf692283288bd14a8de005ff39e2d614b86a3e9ef1bd4280f6c24a5d8959883e,2026-06-16T15:35:56-04:00
680546769,05b7e1c3-7314-4117-b279-b4c63aa62d1c,Dorymyrmex bureni,dorymyrmex-bureni,319444,30.7644150054,-86.3005559605,inat_api_benchmark,72f14b74c40dde118c81015a901560d58766acb8d3ba84aef0a11bf38076627c,2026-06-16T17:04:39-05:00
680566892,d7d778fd-3989-4291-bfd8-d52181fe5254,Dorymyrmex bureni,dorymyrmex-bureni,319444,27.8402083333,-82.66572,inat_api_benchmark,e15b8a12a7ff2854d1acdb94b0a6befee8d03e7abdd388a6587f4f6e1af5c820,2026-06-16T18:41:15-04:00
680567244,ab35cacd-6515-4356-9c63-33c5b948efc4,Dorymyrmex bureni,dorymyrmex-bureni,319444,27.8707216667,-82.8145616667,inat_api_benchmark,c52317c317970f6afba6f659da0321c21ab444f1fcc0c5e75c895462268f5685,2026-06-16T18:42:14-04:00
680574515,55ef9f68-1144-445c-8460-c1436fb833b6,Dorymyrmex bureni,dorymyrmex-bureni,319444,27.8420966667,-82.7179416667,inat_api_benchmark,595e3c1805c5507ac0eac6c47b7b360c6a6d3396c5c15036c5ead06f73fe900c,2026-06-16T18:55:55-04:00
680593607,5f6ea349-f72f-40c9-bbe9-35b7ea3e6f60,Dorymyrmex bureni,dorymyrmex-bureni,319444,30.542105,-85.89051,inat_api_benchmark,29c1d0b9b82b1d70c6849027a881d42de134d5a86a00e9036a0c37d097af8314,2026-06-16T18:39:08-05:00
680607996,7240ff3a-1ebb-4e5c-b476-f488ef24a384,Dorymyrmex bureni,dorymyrmex-bureni,319444,26.7311216667,-82.2632216667,inat_api_benchmark,b0df65c176834600005ea4b3dea70c08ec1520049bf109b9657f7bbc33b0c7e0,2026-06-16T20:02:55-04:00
680609430,5a91df0a-def3-4f37-8efd-3b91bcc8b9ee,Dorymyrmex bureni,dorymyrmex-bureni,319444,30.7596666667,-86.461205,inat_api_benchmark,bc93fa3f76fb5f62aa2fe0555954de5964694cd7ed02132b16ffb9dbfd0a524c,2026-06-16T19:11:30-05:00
680644105,8224cb71-faa1-48ca-b667-c464e98a1a16,Dorymyrmex bureni,dorymyrmex-bureni,319444,28.5566038997,-81.6409165997,inat_api_benchmark,b2fb748f8f0c578301d2f8969079582b718c68385587d394af8209a72d3bfa80,2026-06-16T21:31:54-04:00
680660839,f89fb3c0-ecd9-4ee5-bcb5-947d13ccd00d,Dorymyrmex bureni,dorymyrmex-bureni,319444,27.7117466667,-82.6886966667,inat_api_benchmark,64ac6a9c7b45f259dd3cf2d88e23fcd730ea2710c27b18ab246e1e59fec8423c,2026-06-16T22:10:34-04:00
680888350,80cf7c0b-78b2-4b67-825a-205fbeb613a6,Dorymyrmex bureni,dorymyrmex-bureni,319444,26.2389703205,-80.1742586023,inat_api_benchmark,105d270624489b3f283b26212769a1908f40a1cbc1c6bf024e5d1b975dfa0fd6,2026-06-17T09:46:37-04:00
680921726,e14bdc36-967b-4f78-aa6f-38156d3d5fd6,Dorymyrmex bureni,dorymyrmex-bureni,319444,29.64312,-82.3453916667,inat_api_benchmark,4f0b9f7a7b0b65bdf8e0f6cb83c157cabb25eb9ade2e6b1d21dc943e94261178,2026-06-17T10:50:13-04:00
681099218,06bdbb87-8d45-40c7-a5b8-7890d241808f,Dorymyrmex bureni,dorymyrmex-bureni,319444,38.3299383333,-75.0959166667,inat_api_benchmark,14668a7109b04a03e3a2cca303a92f6cf84f4948fdca0630e96eb49dd2e88ba6,2026-06-17T16:05:13-04:00
681123834,152bef2c-7356-485e-925b-20ac4b99aa8b,Dorymyrmex bureni,dorymyrmex-bureni,319444,30.763915,-86.300675,inat_api_benchmark,07a4425bf62ec3fa982e907a7d6ba6d2d6c5a1ab9f2d28147026d99326f5bbd7,2026-06-17T15:54:38-05:00
681587895,00e5a559-896d-487c-aaab-93c04218d22a,Dorymyrmex bureni,dorymyrmex-bureni,319444,32.0549247432,-81.0646638173,inat_api_benchmark,4850489e9ecf4bb663a2ad57dd1a3772c9c51a6e6a0e998f9ddb7e071be7ac4d,2026-06-18T12:41:38-04:00
681828849,f286d8a2-1c03-4c35-b57f-832901f4d13d,Dorymyrmex bureni,dorymyrmex-bureni,319444,26.9433839037,-80.070754979,inat_api_benchmark,205c0d101983880297f3ea865510ada4c6f52e35454166bc5124163402be38f1,2026-06-18T20:44:27-04:00
682947465,a9f92825-f3fa-49c7-97dd-f8d223d94030,Dorymyrmex bureni,dorymyrmex-bureni,319444,28.6096704695,-81.1712037345,inat_api_benchmark,7822df8482225d8550ab183ee82402bcab28dfd16500431c2ba12d66d324bcd5,2026-06-20T16:23:18-04:00
683061317,d5ba8c9a-3cd0-472e-a8e2-1cf0a89b67e3,Dorymyrmex bureni,dorymyrmex-bureni,319444,30.2080633333,-88.970245,inat_api_benchmark,310c3e98bc74d14ca327b6a89916f687fbaa292f10484430722cefe2732626c8,2026-06-20T18:26:52-05:00
683062899,fcf8987a-1f36-44db-b2d5-a92673f25633,Dorymyrmex bureni,dorymyrmex-bureni,319444,34.5136533333,-82.65052,inat_api_benchmark,3b558381abda254d51b2fcffc8b2a690c99f6e5f089e7709a9278d4c0d4c33bc,2026-06-20T19:29:54-04:00
683112532,dcbb9031-ae7e-494d-aa92-f97f14b7d929,Dorymyrmex bureni,dorymyrmex-bureni,319444,27.9931055556,-82.2107444444,inat_api_benchmark,17ff20ceb4fbb396fd560afac47759afd6adf9fc5900b1fff7f79b635e713ad6,2026-06-20T21:14:37-04:00
684215833,d80aa069-9e60-4c38-8b4d-7b515ee59174,Dorymyrmex bureni,dorymyrmex-bureni,319444,28.959505,-81.2467716667,inat_api_benchmark,f8aa587b55c0150f5fd401eaef3f7056e08a1893bbea9781e6693033c77dae6d,2026-06-22T12:54:24-04:00
684507678,644657a2-8ec4-4e0b-9670-40e2f7090ab1,Dorymyrmex bureni,dorymyrmex-bureni,319444,32.4801033333,-82.1009611667,inat_api_benchmark,45cd9e551ab2116ed29fb134f29f2da78a43c14792c387f43b7152f73e2ebbd8,2026-06-22T22:46:28-04:00
684509499,1a94202a-9ac4-4ce9-bdf1-122b61b20ae5,Dorymyrmex bureni,dorymyrmex-bureni,319444,32.4797966667,-82.1008695,inat_api_benchmark,176aaf541389d4324ca84ace26dbf10f94796c8daac4448c0272bb0d8971bdb2,2026-06-22T22:50:55-04:00
684648256,8fe75277-a03c-49d1-9bf9-35e2e6f2a288,Dorymyrmex bureni,dorymyrmex-bureni,319444,29.7750482,-82.1645785,inat_api_benchmark,07a60bcae328a4fe0e509174a4e93fdfdd42517d7cfde958adfa1f0f57b69456,2026-06-23T06:57:42-04:00
684996622,bb025996-f11e-4901-ad27-3d55626f6659,Dorymyrmex bureni,dorymyrmex-bureni,319444,27.7841583333,-82.6629783333,inat_api_benchmark,9a699c02750b992d3deaee014ad90c38974eb0f7858aac017b623aafc8bc475c,2026-06-23T18:44:27-04:00
685018330,f5e7f8df-16b1-4d60-b629-675e969116cf,Dorymyrmex bureni,dorymyrmex-bureni,319444,27.911375,-82.7997666667,inat_api_benchmark,9ec02e8a7f55236e3946f023e8f9364445b4e95c6ba64a962f94099f08f86fc1,2026-06-23T19:30:03-04:00
685125872,ad43aaff-5eeb-4597-a6f7-40af0af54df5,Dorymyrmex bureni,dorymyrmex-bureni,319444,27.7962283333,-82.7444833333,inat_api_benchmark,5a7ce28f25b236549c866a1babf86b49281288a82e536c472a4a2bc9ba95699c,2026-06-23T23:42:47-04:00
685126305,bad6c3b5-007e-40c8-9a31-bd9e7a429106,Dorymyrmex bureni,dorymyrmex-bureni,319444,27.7964333333,-82.7464366667,inat_api_benchmark,124e2e0c9bb1983d7e797a14161ffb56539ae0f64c1b2ce3f1cc15a5313d4ae8,2026-06-23T23:43:54-04:00
685127649,27d76e31-5607-434f-86f6-46517168de73,Dorymyrmex bureni,dorymyrmex-bureni,319444,27.7971916667,-82.7479166667,inat_api_benchmark,1541a5d29bb1444d22a87204cc547790f15316d81e6c3a63b27bf92ae869c752,2026-06-23T23:47:34-04:00
685129241,a7d8269a-32db-4843-99c0-88294ebd6b1d,Dorymyrmex bureni,dorymyrmex-bureni,319444,27.79815,-82.74668,inat_api_benchmark,18c487406ae01c022e57d68ad37cf63ee52ca332126481cb5407e0520b98bb1f,2026-06-23T23:52:19-04:00
685306751,d01fc90c-99ca-45fc-8b22-c403e8574dd2,Dorymyrmex bureni,dorymyrmex-bureni,319444,27.234775,-82.5007783333,inat_api_benchmark,b0f28a16286206f3ac827631b261b40723b758e429317dcb3ea69b0f2df6b1b3,2026-06-24T09:35:37-04:00
685534332,785da842-8620-4d21-9707-366c5715a776,Dorymyrmex bureni,dorymyrmex-bureni,319444,28.183425,-82.4872366667,inat_api_benchmark,998fc59f03cb86f64405ea952be45bd4cc8520332168cffac6700bd23f24783e,2026-06-24T16:35:07-04:00
680936110,11b028cc-be45-4063-95d3-44c512cdafcc,Eciton burchellii,eciton-burchellii,126838,-12.5836633333,-69.1419138333,inat_api_benchmark,752766d1a4f70ef1229fcb986f418ed3ccbe57b324fdee5eab3ef9845dda518c,2026-06-17T10:17:43-05:00
681176972,2566e7d8-976a-4b86-9c38-66d36e3585db,Eciton burchellii,eciton-burchellii,126838,-23.1844920609,-44.1910757259,inat_api_benchmark,e43e26135ae4ebb43126db57b1cb576f60cd3d85040060f644a974d63aa462fb,2026-06-17T19:26:04-03:00
681751180,e3628040-aba7-480f-899c-51d2fd37b310,Eciton burchellii,eciton-burchellii,126838,-13.2020633333,-72.6150283333,inat_api_benchmark,f34ac1ceb066b1df7350c2a23abcdcb47fef245872d09944fe08cd813fdc2fa4,2026-06-18T16:43:35-05:00
683112244,a483a080-88d3-4233-acef-d877372bda18,Eciton burchellii,eciton-burchellii,126838,9.8968567936,-85.5580438016,inat_api_benchmark,46633b710c49e1d23b909f5100882fc0af31e31d9ba099c6e11d071cc8296d98,2026-06-20T19:14:11-06:00
684876016,d7006e72-04c5-4794-b4c6-d833a1a556f3,Eciton burchellii,eciton-burchellii,126838,-2.60733969,-60.0536302105,inat_api_benchmark,b9df56507a50034ba8bf966774168b297bf12634f53af9cbffa001b228fb2ffa,2026-06-23T14:52:19-04:00
685146893,5a45a948-2591-418e-94e2-53ecac3cad5a,Eciton burchellii,eciton-burchellii,126838,19.8661046407,-87.6446802169,inat_api_benchmark,d025b731c9c7719acd9392b0ac8a3318cd31691925406d394c1bd456cf1c6dfb,2026-06-23T23:54:58-05:00
685146892,0a5644bb-e8f5-4ffb-9141-1a8bc6c2f6f2,Eciton burchellii,eciton-burchellii,126838,19.8661046407,-87.6446802169,inat_api_benchmark,62de62f7a0e7ad1ce57b3be212c0fb5091838ce473e40e8f05c59523da77c046,2026-06-23T23:54:58-05:00
686116711,71274bd7-192e-41bd-a085-c3c374578eeb,Eciton burchellii,eciton-burchellii,126838,-12.894987314,-71.4041178084,inat_api_benchmark,d02425f29fbd5e3c46cddc62d761ae15556063ff6d86743971cc52ad0a73d7dd,2026-06-25T15:18:07-05:00
686323676,47cf471a-c26c-4af4-b971-f23f730f0f89,Eciton burchellii,eciton-burchellii,126838,-5.1927916667,-75.4373033333,inat_api_benchmark,02293861e42fe9056507fbc487a5931e591e11893cda9cf6cd9ffa5cd640251f,2026-06-25T22:47:31-05:00
686253094,5af4db2e-926c-41f4-a681-36f78171b059,Eciton burchellii,eciton-burchellii,126838,17.5618281095,-99.383735859,inat_api_benchmark,5f530af0ec2c0d26ba6d1733d5bd776d4b0c76a8d8a40175870d0cd6aac2cf20,2026-06-26T01:04:44-06:00
687687470,830ffee3-7f11-42f1-bae5-6736fc6a2c8e,Eciton burchellii,eciton-burchellii,126838,10.7591063093,-61.4678517357,inat_api_benchmark,1876ba4bc700fbb737c3e3a1803d1b8f2c864b5462279091db1dcfd91a0effdd,2026-06-28T05:50:00-04:00
687863205,adf68a5c-7c43-49cd-9c66-6a75eed2c57f,Eciton burchellii,eciton-burchellii,126838,15.7382629722,-96.1460679722,inat_api_benchmark,1fc2892106ab6ad6e546094b48f8b08916e70b31fb099bf62099e354e5feda83,2026-06-28T09:51:59-06:00
688507991,d4ba6821-ac94-4175-a1f6-04cc3691fb8c,Eciton burchellii,eciton-burchellii,126838,10.2850152916,-84.7987814338,inat_api_benchmark,2402c649640c3b4efc31b3e99b35d281a6cf4b603b1d32ad481316a7beb62f5c,2026-06-29T09:10:36-06:00
688930272,592b6774-2fe2-4e80-8612-3beba48923eb,Eciton burchellii,eciton-burchellii,126838,10.5361622388,-83.4994050755,inat_api_benchmark,14f5675eb21649258fbdfb35d64cdd5b3c736186d9b986227d0112c2d08930ac,2026-06-30T00:50:56-06:00
689818908,597276cc-1a6d-41ff-bff9-8d2629b4abdf,Eciton burchellii,eciton-burchellii,126838,9.2540756,-83.8646973,inat_api_benchmark,606200b99213df991b14ec1e8fb205c50a508db7f494eba43a3e6455a67c7bff,2026-07-01T13:53:08-06:00
689900866,abc59298-0e74-4e7e-a843-ae01c3e01073,Eciton burchellii,eciton-burchellii,126838,9.2684875766,-83.8812256304,inat_api_benchmark,61d8eef69b30eed48a2cd5af8b788025ccfcf1f37e57047b2650bdcc4084846e,2026-07-01T16:45:05-06:00
690514938,ea0232e2-b0fb-44fc-a884-df4570187861,Eciton burchellii,eciton-burchellii,126838,10.7431360893,-85.3461141419,inat_api_benchmark,2a479c30b17ddc667170de556e23381a53cd844b707821b698ec458a85300b1a,2026-07-02T18:35:54-06:00
691657306,56e09a2d-f714-46de-8f0c-cd4b241bf3cc,Eciton burchellii,eciton-burchellii,126838,-2.5982966667,-60.0372971667,inat_api_benchmark,9d9c4b3a1aefbc01df24b4334ada562352dbb52b2937e60a7cdc0506ea3186aa,2026-07-04T17:21:31-04:00
691785875,3ec17603-f6f0-42c7-81cf-e959161dc593,Eciton burchellii,eciton-burchellii,126838,-12.5694056272,-70.1003091037,inat_api_benchmark,8315b06481175d7a1edbfb31a5ceb877caca19209f3f4f79b45ba551942b54d9,2026-07-04T20:51:57-05:00
691831496,af4ff820-b879-473f-ada7-2c689f362d9a,Eciton burchellii,eciton-burchellii,126838,15.775973,-96.2079099722,inat_api_benchmark,aa2dd9f6d58bde91a7bd2669b4bc5639019ed828e6cd48795d035ecbde711a99,2026-07-04T21:45:07-06:00
692327036,6dc7c3f3-261c-405e-8cc0-0cc84fe22af1,Eciton burchellii,eciton-burchellii,126838,15.7760277778,-96.2079166667,inat_api_benchmark,49dbdafbe492228c784132e2e5fb7b5e1a7737b7a4fb952ae57b53ef54d5f59c,2026-07-05T14:48:50-06:00
692699448,7bc8d49c-df22-483a-aed8-9874ee18de22,Eciton burchellii,eciton-burchellii,126838,-19.1517096,-40.0700527997,inat_api_benchmark,55e1af98f1d66290b18669769fedc5fb8bb07175407aa381e25d2ab3d8af07d2,2026-07-06T09:06:41-03:00
692877561,6df1e217-7f21-4b1f-bb51-8fa15ea1a58e,Eciton burchellii,eciton-burchellii,126838,20.8593919722,-104.425133,inat_api_benchmark,75420d230dc2fa1b38da619d26c87000f30f7044376e6a7c7dc2c45667fee5d1,2026-07-06T10:51:58-07:00
693478940,e655970e-0c2c-460e-bed2-624736d9e6c5,Eciton burchellii,eciton-burchellii,126838,14.3100114,-88.2028267997,inat_api_benchmark,82f3343ad8d3888d8d32fa8f2e94abfbc763eb4011e296c31d8550b10ad30eaf,2026-07-07T11:55:30-06:00
693709990,a570d238-70b8-48c7-b657-5d0cd78d1874,Eciton burchellii,eciton-burchellii,126838,14.3131902621,-87.6884269166,inat_api_benchmark,e8d790f3e5a45c6d72abe2fe8d509928891e95a827197f1d4e12612fd3a8fa46,2026-07-07T17:47:46-06:00
693942099,03e9da1f-7005-4f8a-be85-c449916b29a6,Eciton burchellii,eciton-burchellii,126838,-22.9547729295,-43.2157392427,inat_api_benchmark,18b9bef517bfd850e379038eafad92a63a0ef22b45fc1c9f5793db8cc7e1fbd4,2026-07-08T10:42:26-03:00
694095603,e9e05308-4ad6-41bd-8205-4d90c497e89b,Eciton burchellii,eciton-burchellii,126838,15.864819966,-96.2312301993,inat_api_benchmark,5c5d9330d452e7fe9fc48386e7156068386795ab71d4109d1e248d2ec560511f,2026-07-08T12:34:44-06:00
694105307,98b2ff49-fd90-454d-878e-de6e01fce18d,Eciton burchellii,eciton-burchellii,126838,19.5961398977,-96.379971765,inat_api_benchmark,b127e6c3940c483fad3dd122c890a1bc25543a4f284733addbdeb6454343ff99,2026-07-08T12:51:42-06:00
694262014,6d5bc104-fa9f-4ff9-b7bd-08d59279afe9,Eciton burchellii,eciton-burchellii,126838,19.4707687481,-105.0583291488,inat_api_benchmark,9f7ddc6205e89fec3390b8e7320dd0eb4acfd18ec3c7af4782de01816f030067,2026-07-08T18:03:01-06:00
694348512,64d4684d-852c-42ee-807d-e4fcd72ee085,Eciton burchellii,eciton-burchellii,126838,9.2615305556,-83.8723194444,inat_api_benchmark,f9fa4117c328b64f437077290b96f66afcaab141eb65d9139360e333905e8a9f,2026-07-08T21:14:18-06:00
695392346,8d1981b6-ee32-4ee0-bd12-78eb92ebe8dc,Eciton burchellii,eciton-burchellii,126838,16.724273667,-93.096287557,inat_api_benchmark,b7892225ba53eb004651cc0fea173fcde8c5ec2a89ccd6da7d2df17255a32c92,2026-07-10T15:26:46-06:00
695418675,f6afc3f4-ad49-4c4e-b915-36ae68cc2ecf,Eciton burchellii,eciton-burchellii,126838,9.9730855972,-84.43647135,inat_api_benchmark,27723bad4b253b08d0bc4e5b47c4c8b1c1763543c583f640d35021847b61f239,2026-07-10T16:20:57-06:00
696158862,4904d513-2c9f-44dc-b88f-a1838b489b5e,Eciton burchellii,eciton-burchellii,126838,-0.463805,-76.4626783333,inat_api_benchmark,8e7a157741acfb688137ee67bf8ecac60d285e4bca5d09e626e06cda11997f9c,2026-07-11T20:10:04-05:00
696185956,5549a5f3-2d1d-4988-9f96-5b7db2d9e626,Eciton burchellii,eciton-burchellii,126838,10.3720388889,-84.8274611111,inat_api_benchmark,6c21a5b88eb5c7099414473de303275bc570301440e44fa27dfcaa3c08dd36cb,2026-07-11T20:24:15-06:00
696919620,ee05e983-2b96-467d-a151-33af6753ce38,Eciton burchellii,eciton-burchellii,126838,0.1724411997,-78.9355661,inat_api_benchmark,d1cf7d05e2b77afe1bb1c037a8c4688db5c4c7c0b160987b0ddcee5298db9f63,2026-07-12T21:29:49-05:00
680088530,29bf5b0f-5f85-4d25-829b-32b4563917f0,Ectatomma tuberculatum,ectatomma-tuberculatum,300347,-2.60092557,-60.0418210693,inat_api_benchmark,df4b42dee47ea812b52e23e7d13b8f35d5d8860c624dcec86ff0bd3aaa4db601,2026-06-16T00:13:24-04:00
680978589,94b533c9-3962-4e93-8a46-2cd3ead816e8,Ectatomma tuberculatum,ectatomma-tuberculatum,300347,-12.8681271,-69.3979185997,inat_api_benchmark,6e578866fd4348c46d7d87916628a52666fea3de0b3b68783055436fb838d146,2026-06-17T11:32:00-05:00
682362122,9f2aec12-677f-40f0-9adc-fd4d8045c901,Ectatomma tuberculatum,ectatomma-tuberculatum,300347,15.7352720997,-96.1707605,inat_api_benchmark,531e7d398009f899abdb2b91f456c33cd1ad3b4547ee12ebd424ee4d959a71b5,2026-06-19T16:45:38-06:00
683468184,bd1b846d-fbc1-4843-b54e-287a6095ec7f,Ectatomma tuberculatum,ectatomma-tuberculatum,300347,21.1238951997,-86.8831571997,inat_api_benchmark,d108e5ca55de2565e2fb36591482b37ed1614f0f23e39943de980166c9b13c25,2026-06-21T10:24:04-05:00
683753036,ad68ec75-bf65-4b7c-8d58-72bfadee3c13,Ectatomma tuberculatum,ectatomma-tuberculatum,300347,-22.7520287342,-41.8984082649,inat_api_benchmark,042da11618fa20bfa8bb4eef01a2562cea592ce3b7e8d135578f41dbdaf2d7b9,2026-06-21T19:52:35-03:00
684075492,6f36d961-1dd6-4bf7-9b00-7fa63fe7beb5,Ectatomma tuberculatum,ectatomma-tuberculatum,300347,4.569404277,-52.217717557,inat_api_benchmark,738353e34b7b4a37a009fa7e1d6f8055fdc833fd747f7a9b61f8d81bc1116cde,2026-06-22T09:34:09-03:00
684075553,cd8ac757-86b9-4111-808d-97b023b7f5c1,Ectatomma tuberculatum,ectatomma-tuberculatum,300347,4.569404277,-52.217717557,inat_api_benchmark,98c7e13267028f8d8a26cea1fd171a6cad82802830cca8dd88dea2e4b0ec1ca7,2026-06-22T09:34:12-03:00
684151926,0030abc9-4595-44d9-93cf-2c9e0f98f892,Ectatomma tuberculatum,ectatomma-tuberculatum,300347,4.5693877309,-52.2176712618,inat_api_benchmark,ebf67a5c976c92b31953a0f2ea4413f924a86eaf9e64e363873ab085a7e2544f,2026-06-22T12:13:26-03:00
685335189,ab36c88d-88ce-4427-a17d-8541ebe24440,Ectatomma tuberculatum,ectatomma-tuberculatum,300347,-16.8058864,-49.9234298,inat_api_benchmark,c700367ad256e76c422244fdaf9ac7a9d2ae8575111d4dd343417c10252c7ad8,2026-06-24T11:36:48-03:00
685383771,5d3088ff-05c0-4920-85a5-3d3ab0c7e200,Ectatomma tuberculatum,ectatomma-tuberculatum,300347,-12.9092481256,-71.4136390015,inat_api_benchmark,6170d2a540319df0f9a780cd7d19f8596153c920f5da28162f90dbb63b866efe,2026-06-24T11:07:13-05:00
685465383,43978bf9-3c74-4c85-8cd1-4862f14e75d9,Ectatomma tuberculatum,ectatomma-tuberculatum,300347,8.718513686,-80.1326521829,inat_api_benchmark,74668a966d99628a5fc73cdcbf4da1e814a0675c6f8fef60ab2756a4b0dc6ece,2026-06-24T13:35:21-05:00
685511732,5c4ccb3b-e2cd-4502-ba30-85ea678ea907,Ectatomma tuberculatum,ectatomma-tuberculatum,300347,10.6933229997,-61.2237828,inat_api_benchmark,15d6f583dea4400009946b974c752dd87887d293a96f3af7898438b8f90df832,2026-06-24T15:53:21-04:00
685661189,9bec905d-3f67-411b-87a9-64740e9d526a,Ectatomma tuberculatum,ectatomma-tuberculatum,300347,10.5289589789,-83.4987507133,inat_api_benchmark,838f52c778ef802863ca057371fa58e89092e5b797432de6789a1054a40a8a19,2026-06-24T19:54:11-06:00
686187311,39a6a2f1-5667-4457-917d-b6636bba126d,Ectatomma tuberculatum,ectatomma-tuberculatum,300347,4.5990930799,-72.9375328599,inat_api_benchmark,4263f662ed8944b313436597f341ab7a4cf427d5d033546b39e0084b910e4ecd,2026-06-25T17:22:55-05:00
686210654,f2445009-8a89-4c0a-ac9d-d15454b88513,Ectatomma tuberculatum,ectatomma-tuberculatum,300347,-12.8949809,-71.4037127,inat_api_benchmark,4053c87424474eb39470ce32855211a8e0f548a06591ecf81ec8be9883d00d7c,2026-06-25T18:16:24-05:00
686252239,78fb94a4-12d1-435e-8dde-79f05ac8c43d,Ectatomma tuberculatum,ectatomma-tuberculatum,300347,-4.2618162893,-38.9330715314,inat_api_benchmark,4f69c23474dc6d5d33f869393044f42d9301d187e21918c87e3e1befb61356da,2026-06-25T21:52:11-03:00
686789717,12acb0cb-1259-4b92-b720-1e2e54af7847,Ectatomma tuberculatum,ectatomma-tuberculatum,300347,-4.1439638333,-69.95402,inat_api_benchmark,b00d13f77b36fef5947e9f59802b0dc8c35c36a5d1841ef037c84bdba8c34e61,2026-06-26T18:19:58-05:00
686799395,5eba365e-34d9-4422-90ce-8a9d4054df9a,Ectatomma tuberculatum,ectatomma-tuberculatum,300347,4.9465305556,-52.3117444444,inat_api_benchmark,133f6a85db6e66418a18f7dc1215e9a26f3e35a857883f4741af997050899ad8,2026-06-26T21:45:33-03:00
688037261,2e16c188-d9dc-41f5-b064-68f2b60558d3,Ectatomma tuberculatum,ectatomma-tuberculatum,300347,-3.8388984347,-40.8977415841,inat_api_benchmark,d17baf126c69d4033b0dd909dac07e657a1096f415e7e3842841264229d1eebc,2026-06-28T17:18:01-03:00
689461400,9325e79b-8842-46fa-a868-6db61531eba7,Ectatomma tuberculatum,ectatomma-tuberculatum,300347,6.2951217031,-75.0278663635,inat_api_benchmark,554cf44a8c9472fa384a00591f2927ae12ec559e17497556e28d95c527513383,2026-06-30T23:12:12-05:00
689630164,a82f6b77-ee9c-478c-b7ea-132dd05d06f6,Ectatomma tuberculatum,ectatomma-tuberculatum,300347,-9.94802209,-67.82915255,inat_api_benchmark,84c67051d89238f436e3525ba964fbafcfd0421fbd1c2deda018bfa8bf4e64e5,2026-07-01T08:41:39-05:00
690014819,9dd6d6e3-0208-4a3b-ba8b-1d09bc71f032,Ectatomma tuberculatum,ectatomma-tuberculatum,300347,18.64487,-88.4105916667,inat_api_benchmark,173a296be4a2d3d57099df3e71fc6500cce378205c958015153da0fa224c781c,2026-07-01T22:33:21-05:00
690033685,18d0d9b2-446b-458d-9198-b9822aaf63f8,Ectatomma tuberculatum,ectatomma-tuberculatum,300347,0.5264826,-79.2121907,inat_api_benchmark,407e5d429e823b6e7bf119bb1b0d18be256fdc03ff1a5b97860d20d892d1309d,2026-07-01T23:33:30-05:00
690553737,53d94176-22a4-43a5-9303-0eea8423e9d2,Ectatomma tuberculatum,ectatomma-tuberculatum,300347,-22.8917616798,-43.1162138656,inat_api_benchmark,8b64d410b3d74d8bf9d17c5b84695c49b67e0b4ac2597fc06049484787385400,2026-07-02T23:08:11-03:00
690586819,e1769f6e-4713-4037-9fa3-b4205d92405a,Ectatomma tuberculatum,ectatomma-tuberculatum,300347,-22.8918837,-43.1164624,inat_api_benchmark,0a454c8d82d783e2d42f74a01652ee436a10c0079a3a798e923d61b46c331ffc,2026-07-03T00:37:51-03:00
690725979,dd499d4a-1eb5-4090-98ff-70d2b3e5dadb,Ectatomma tuberculatum,ectatomma-tuberculatum,300347,5.28625867,-52.5875280495,inat_api_benchmark,8061e07094b727031fe5dcdc0375f7341aa549a306a25413604f098e4b2a9567,2026-07-03T08:50:57-03:00
691410770,922ddafd-0792-4094-a913-3586956f67ae,Ectatomma tuberculatum,ectatomma-tuberculatum,300347,10.7295638889,-61.4448277778,inat_api_benchmark,3d3aed8566f7bd49e0262fad3d873c3965e7f63b15ca2aec48e9141e5495219d,2026-07-04T10:40:29-04:00
691671440,e37e10e3-020c-4963-845a-b867d804e280,Ectatomma tuberculatum,ectatomma-tuberculatum,300347,21.5123825072,-87.6644287108,inat_api_benchmark,ee56b06d7a4853b79f436e80f2ad4002e9d2947356304dd8e7db37a7d77da2ad,2026-07-04T15:47:46-06:00
691839581,7d083deb-3a1f-4c14-a699-d52c4941a89c,Ectatomma tuberculatum,ectatomma-tuberculatum,300347,-22.0625750946,-63.7313414365,inat_api_benchmark,dc9e6ef86c73943b62323285fd6595164dcdd6d0e16b3ea18dd957d702fc1379,2026-07-05T01:08:20-03:00
691921093,0dcf37d9-323c-4493-b97b-bfcb39498081,Ectatomma tuberculatum,ectatomma-tuberculatum,300347,-1.2384407,-77.8845811,inat_api_benchmark,8df52fe2fd04fd003be0e7a6fa977f0e86cfb4de992f9bf6d6b0f7f0ff6aa3aa,2026-07-05T03:32:08-05:00
692120464,f395ce32-5017-478c-999d-8282312f64da,Ectatomma tuberculatum,ectatomma-tuberculatum,300347,21.5139884947,-87.6671142578,inat_api_benchmark,0b0f600d4aa4c909180aaeb43ddaef0a2b75ab802bdbae0b6eea681308da501c,2026-07-05T09:44:25-06:00
692450823,718b2146-0f4f-4eb6-9f8e-10ab79f19b6f,Ectatomma tuberculatum,ectatomma-tuberculatum,300347,8.99227,-79.54818,inat_api_benchmark,1c30c0ac12d137238064c91fa2af4efb1fff6ff7405ea3ffc90af5f825af9e0f,2026-07-05T19:31:16-05:00
694031606,579431f5-8e01-48c3-bfe1-2e0342b6cc2e,Ectatomma tuberculatum,ectatomma-tuberculatum,300347,18.5440866667,-88.2631383333,inat_api_benchmark,9100e3c19dee494c530a47a0e2c656581a487e8c5cb827a0a005db638fcb6903,2026-07-08T11:33:19-05:00
694055227,7b575801-3188-46b3-a08d-5efb05cd5f50,Ectatomma tuberculatum,ectatomma-tuberculatum,300347,7.1271353222,-75.5154396594,inat_api_benchmark,7e87381aa860384b45c8a8ae848532e161f338a7de0fa1f247fd84d4ceb8d11c,2026-07-08T12:19:24-05:00
694150549,bdc9328c-c361-4960-8d5c-4e2482263392,Ectatomma tuberculatum,ectatomma-tuberculatum,300347,-18.6761458283,-39.8591474444,inat_api_benchmark,5d5714790550e7b680e20270a41ecc03581c13fbeaa510cde3ecc5b061890b7b,2026-07-08T17:11:52-03:00
681670658,4ba117b6-cd35-4613-a3ba-759bf8a7fd78,Formica rufa,formica-rufa,53853,59.6990782997,30.4299390997,inat_api_benchmark,1d4e255f32b22228e2368d35ecb4a77709145ac3416789f13c9732c9d58cf503,2026-06-18T22:12:51+03:00
686093231,7dccc82a-006f-4930-89e4-2c1ea8fc48e4,Formica rufa,formica-rufa,53853,48.8721432338,20.3023283779,inat_api_benchmark,1df194b4b43bc6352993efa48573d1941bc72f78611dc2461d2be58e0fa214ed,2026-06-25T21:23:16+02:00
686397359,bbec62c8-9d11-4517-a6e5-a2fad9941b28,Formica rufa,formica-rufa,53853,52.4744431051,16.8999813131,inat_api_benchmark,e0aa3fb376cf83786728023f70bae2146a177dd7b32ba44d01d690eb2f951003,2026-06-26T10:47:59+02:00
686397387,9721f9d3-4977-412d-95ea-900b01dda196,Formica rufa,formica-rufa,53853,52.4744431051,16.8999813131,inat_api_benchmark,9c9cd6dc73b164e168447e668e7c0b30eede3d3d2ee4c5d077dd7d8e3eea222e,2026-06-26T10:48:01+02:00
686397437,050cbd38-d6d4-448f-bc89-05d5adeded1d,Formica rufa,formica-rufa,53853,52.4744431051,16.8999813131,inat_api_benchmark,4eae25e10e883ef520fcc16fb1da672f15ccad97ee0ec6517a0fe8ba52228f76,2026-06-26T10:48:01+02:00
687755359,5627e63a-fec2-4b8c-a75c-a6018bf10867,Formica rufa,formica-rufa,53853,56.1257614868,37.9830540389,inat_api_benchmark,6aacff881b8e4e8952353bd56a49e95e73d72e470997968980a8e11a0c85c667,2026-06-28T15:50:40+03:00
688422426,e6eac2a0-238e-45ce-8673-f73b0f12bbe6,Formica rufa,formica-rufa,53853,54.4166944444,53.4437083333,inat_api_benchmark,d2dce8aa708fae3a63682f186c36897c7d8e9306b235c1a9aeaebb5ff633c26b,2026-06-29T17:07:32+05:00
690079306,111e6b64-37e7-402c-858b-5d2c77a81f24,Formica rufa,formica-rufa,53853,52.4755017782,16.8996165327,inat_api_benchmark,e6562b3b9fe340ca78b682b8093335b7e4298e7dac7e6a02aff23ff1bf220bc6,2026-07-02T09:40:29+02:00
692175144,41488449-3b87-4c2b-83a9-858c55cdd479,Formica rufa,formica-rufa,53853,42.7630716667,-0.4951283333,inat_api_benchmark,b6ffc0dce501f108c116555de6871cb71eb09ff43ad6a59fe7e1e04b61d1ee08,2026-07-05T19:03:29+02:00
695771508,1ca792ca-305f-4a81-819d-3440a8f6b237,Formica rufa,formica-rufa,53853,54.4344928375,53.6446287177,inat_api_benchmark,5a957f8bcd19bf9e4a998d422ad1355c9590722d76550f3665873a98f1afd0ca,2026-07-11T19:04:22+05:00
696591781,56ba9966-5a84-460d-be54-770dce7ae2dc,Formica rufa,formica-rufa,53853,55.9070438797,38.2879814272,inat_api_benchmark,367ddbc0e5182b55bd0fb982d2bb7895349579ee9721d489cd14c922a7aad1ef,2026-07-12T20:44:25+03:00
697703586,3b0230d0-7458-4f01-9963-586d01e0a7b5,Formica rufa,formica-rufa,53853,56.1048575,9.7472361997,inat_api_benchmark,9fa57425bd62f4faae2005179f5955867483b16592f900a53cbe94f510851043,2026-07-14T11:15:57+02:00
699052677,2c34a5f4-78a8-4b81-9385-d61fae0f1fcb,Formica rufa,formica-rufa,53853,50.5495594346,15.18392524,inat_api_benchmark,9453acf74ff34c897100584385fc09a91a8bea30caceb71512ac311ce2b0b16b,2026-07-16T18:22:14+02:00
699605125,8ef2936f-15d8-44dd-a69c-8ed64831088a,Formica rufa,formica-rufa,53853,50.8964233333,15.0148483333,inat_api_benchmark,313205b6b7d08cf4b382108b2c7078c675b02e2e780708da38f7ab832d0fbe52,2026-07-17T19:14:12+02:00
700038019,93343157-44e6-4f4c-ad72-c8c8de76820f,Formica rufa,formica-rufa,53853,45.9633373316,10.0761749754,inat_api_benchmark,02cbb789e7d690098ae6e0c02e26251900504ba99e2e883a4e54f19e43741805,2026-07-18T11:02:21+02:00
700719470,870ca0ad-07c6-46d3-8ea3-20590aa3ad93,Formica rufa,formica-rufa,53853,51.07601271,17.05048428,inat_api_benchmark,3042d709bb2e36a7d77e3e572f25acf408f333cbc183d12296ec651216a0ac7f,2026-07-19T11:49:59+02:00
702091232,fffe64b7-1897-43f7-97a7-242875c7903d,Formica rufa,formica-rufa,53853,59.3451616667,18.3143583333,inat_api_benchmark,dbf68548aff9acc1dce3a2cb9c769fc1263a8983e0b25a2e5366193275cb1311,2026-07-21T14:12:44+02:00
702629872,326ee4c7-d4c9-4220-8427-0b1feb716bc5,Formica rufa,formica-rufa,53853,57.6326590372,15.8326302096,inat_api_benchmark,c8085d69e454e4da0cebfd8035faa117d39139b03302679a621c4ee120965429,2026-07-22T10:06:44+02:00
702765392,10630c13-9b84-4ba5-9abd-e4ae2cf723ea,Formica rufa,formica-rufa,53853,50.4300401472,3.4467703477,inat_api_benchmark,1bf0307f17a34e88d65b6becccb4f8520556d16b696b09bf0548847a9d1a6530,2026-07-22T16:45:49+02:00
703025435,03582e6c-0dec-45ed-ac36-393940b50591,Formica rufa,formica-rufa,53853,51.1851021681,22.5439748168,inat_api_benchmark,5e7e137e3deebe40294868e2cf6262e21d691b449a115bf412ad992d4f447bb8,2026-07-23T00:46:21+02:00
704821846,d22d4076-3145-407d-b6d8-c044d1500724,Formica rufa,formica-rufa,53853,47.5821611104,13.0183281004,inat_api_benchmark,e3c6888768937e441b66ac443353e923e84ac31017315d17293d6bfa596bfea8,2026-07-25T22:13:34+02:00
710896051,c70c604e-59a3-4d6d-9db9-ecfddb0dcde9,Formica rufa,formica-rufa,53853,46.6947574602,7.8627636416,inat_api_benchmark,1a721de0f811f702995c48f9bc74316b959e87ba60f409612dcc20fda61165f0,2026-08-04T15:57:17+02:00
713909131,c7189988-7bf9-4688-86a4-b0a261b9f40e,Formica rufa,formica-rufa,53853,55.9174917068,12.3398632492,inat_api_benchmark,ddb60d517e659ff91668efba00f3f8aa0c13d7e03d820d92b6f6893ce8acfd13,2026-08-09T19:47:12+02:00
715457782,81e6506b-9a37-4295-8552-fe2c85a3df72,Formica rufa,formica-rufa,53853,50.5205984966,30.4017549008,inat_api_benchmark,1395169311bcbbfac95a553c5164b9556e9cc59a7f70bcd965d30ce1e9946599,2026-08-12T12:05:40+03:00
716053750,1cd2a3fb-2803-4c8a-a0e9-7a9437ff580f,Formica rufa,formica-rufa,53853,45.6302123863,6.0434219241,inat_api_benchmark,4ba8c11bcd51d045ccdfa8f59dad4f889825c89f1e337b4797510900d41458a7,2026-08-13T14:22:19+02:00
716270662,de3ff882-7d60-4620-a81c-e863225fbd23,Formica rufa,formica-rufa,53853,49.7788254476,22.06834472,inat_api_benchmark,49a565e06dda5cccf3fee713e92e814f38e000576df4d0c68b84ed3648372108,2026-08-13T22:09:49+02:00
716643475,5623153f-0fed-4cda-bbdf-26874dea57dc,Formica rufa,formica-rufa,53853,50.1509307903,18.3838078716,inat_api_benchmark,56fb0c33fb7cbffddc9225990ba248c6808de87d5510daa8a643b8514b0eb9fa,2026-08-14T21:26:38+02:00
718884757,f4d7afa0-93ef-43ac-bc7e-1119676ff28d,Formica rufa,formica-rufa,53853,50.0991555,9.97698,inat_api_benchmark,0eee64af4ef939a5532106522110b2d145d3ecedfcc89ec76fa806b8bcedabdd,2026-08-18T05:11:36+02:00
719493719,94968218-7318-449a-8358-251fc488cde8,Formica rufa,formica-rufa,53853,41.8319156086,-2.5170520062,inat_api_benchmark,63e0c18e06175629ecb69b51fc1ce7df58586eb7c330c16d11c23bbad6c0b4a9,2026-08-19T08:41:00+02:00
680114497,3a913325-7fc5-400d-aa68-4cd8add580b5,Iridomyrmex purpureus,iridomyrmex-purpureus,202000,-27.6237537072,153.077317227,inat_api_benchmark,47dd396a2ee69ef6c137ac74a772c5567fcfe665246ac6825ecd5340c70962b5,2026-06-16T15:36:38+10:00
680125653,b2ede3c6-b696-49c1-bee9-be0a6b787e6a,Iridomyrmex purpureus,iridomyrmex-purpureus,202000,-37.7356696331,145.0660334118,inat_api_benchmark,3d5586fef25c908a12d59dd381265c1e1f0365b00a10ebfb29e225f2fb5985b9,2026-06-16T16:17:21+10:00
680199586,b046a3cd-cadd-457f-b7e4-dcfbd913e7fd,Iridomyrmex purpureus,iridomyrmex-purpureus,202000,-33.5693760863,150.9269058846,inat_api_benchmark,3a2ca1edb17c52ad9a0ebb5385bc68d2c16c06786815b6a3de35a489226c6254,2026-06-16T20:42:11+10:00
680701680,071d01aa-0c73-44d4-994d-cebff75e33f8,Iridomyrmex purpureus,iridomyrmex-purpureus,202000,-36.916925,142.5102166667,inat_api_benchmark,8aaf43a01f90400eb6d3392fde5393b983ca5d6e8dd48dca6ba43c44e330d514,2026-06-17T13:57:53+10:00
680709237,5a187391-500d-4153-ba04-7f348f8b63b5,Iridomyrmex purpureus,iridomyrmex-purpureus,202000,-34.0536385693,150.7588432344,inat_api_benchmark,2efab51408b929f3624cb24b7602ab1e0707eb06043b7de2217659db62722e6f,2026-06-17T14:18:59+10:00
681280492,bbe311d5-e71b-45ee-80ce-41ce93d87492,Iridomyrmex purpureus,iridomyrmex-purpureus,202000,-35.3426966667,149.211655,inat_api_benchmark,d28f7f8138d07f5560ebf130fc07a71a5ea895158abe2cbe6d5523bda0f63fe5,2026-06-18T12:15:55+10:00
681299006,645037b3-6d38-43aa-bd91-b8241f88114e,Iridomyrmex purpureus,iridomyrmex-purpureus,202000,-27.8049216667,153.1355138333,inat_api_benchmark,f91bf2a534efea2dff57b642281e64081b60b666d38ea82fa87ce7ce1fa7c1b3,2026-06-18T12:59:54+10:00
681296276,74575f85-436c-452e-bd55-c9e529b26fdb,Iridomyrmex purpureus,iridomyrmex-purpureus,202000,-37.6334256,144.1720041,inat_api_benchmark,0d70a2cd41eef8e3f2c0a4b27e6a74724599e0d4d2e1ef7f9b5534680f602a33,2026-06-18T13:04:04+10:00
681316266,5aa55e56-7eee-4348-ae7f-79714fb92dbd,Iridomyrmex purpureus,iridomyrmex-purpureus,202000,-37.7558081997,145.1849934997,inat_api_benchmark,5c50748dd11eedbd6d1d81f300618f4be8ce18436a5a06de08e0eba0ef098a92,2026-06-18T13:47:19+10:00
681354710,84dfdf3d-c1ec-4fe6-bb1b-7ec1ed28c422,Iridomyrmex purpureus,iridomyrmex-purpureus,202000,-34.0143719735,150.7423834316,inat_api_benchmark,961ccba78bc02ec7057e244a9d29690e88c3099953359ad78c8f5f6ac1a39431,2026-06-18T15:53:02+10:00
681377635,d7ef705e-117e-40cf-8a30-86efb4c65d9e,Iridomyrmex purpureus,iridomyrmex-purpureus,202000,-38.08028,144.04467,inat_api_benchmark,fcd0247c05482fec9717f25fca433c0aa7b528e6447d1cdfee9196b7c07f34e8,2026-06-18T17:26:54+10:00
681389618,2eade61f-a87a-4ee4-a28c-f218ff942b81,Iridomyrmex purpureus,iridomyrmex-purpureus,202000,-33.8019749879,150.6781317177,inat_api_benchmark,27a8ffb215638f94ba44d40bb9589941ab8a36f5a871f87a3f3554df90682647,2026-06-18T18:09:35+10:00
681389770,4fbffd68-84aa-4f36-925b-64f700ccfc17,Iridomyrmex purpureus,iridomyrmex-purpureus,202000,-33.8014754961,150.6791532048,inat_api_benchmark,2e51ceae7e6c81324b87f1fe29db2c438b23eaf50207426414646293b5a3fd77,2026-06-18T18:10:25+10:00
681391247,91194a63-d760-498c-b143-8a6692ec57f0,Iridomyrmex purpureus,iridomyrmex-purpureus,202000,-36.9786666667,147.4943233333,inat_api_benchmark,f144e9daca85fe50845d3add56d7064657f82b9f97d65fe1656c10cf3d607c97,2026-06-18T18:19:13+10:00
681978979,5fd58584-a44e-49a1-83f8-990489cb696f,Iridomyrmex purpureus,iridomyrmex-purpureus,202000,-35.14067169,147.3484777501,inat_api_benchmark,0ea3473eb9ef2417656e915a17c011a1b6a3d08bf2dc0615fd5754bc2fc7b269,2026-06-19T18:48:27+10:00
682050263,a5739998-9214-46d7-9321-3714179cd18e,Iridomyrmex purpureus,iridomyrmex-purpureus,202000,-36.3042763889,146.6330197222,inat_api_benchmark,9482b8d984aefe7501c71aa2a4828a953a828e556b84e1660574e52f327bbbde,2026-06-19T22:46:59+10:00
682533902,4d3c1b10-2847-4629-8869-e22c78a670a1,Iridomyrmex purpureus,iridomyrmex-purpureus,202000,-31.9948883333,116.0308611667,inat_api_benchmark,0be5af7ff2966a98f8a58d34a43ff9640553de7f8542402318e34da3b1c29715,2026-06-20T13:48:54+08:00
682598525,7c14f6ab-3e7b-4c7c-89e0-d894cace2bb7,Iridomyrmex purpureus,iridomyrmex-purpureus,202000,-36.9024336,145.6298738,inat_api_benchmark,fa18599b4625b7c0cc0e65891840950490274dee01c64b13cf8ce666cccec90e,2026-06-20T19:19:44+10:00
682649551,f5c85329-097a-4242-8a56-8ea5b131c392,Iridomyrmex purpureus,iridomyrmex-purpureus,202000,-33.8924633333,150.9757816667,inat_api_benchmark,2e24e24fdb15140e4999bcbc7d606ffc67fe2ef0f6bae181a53fef4ed4bded22,2026-06-20T21:52:54+10:00
682654327,cb977964-c6a1-443e-9c4a-de5430f172f2,Iridomyrmex purpureus,iridomyrmex-purpureus,202000,-32.4612640107,137.7434829501,inat_api_benchmark,3de8494edae71a8963133f0eb1a626c4b63f42e5d8ddca503e940e59c43fda33,2026-06-20T22:07:11+09:30
683241602,b0acc6fb-52e7-404a-b431-7914af10fabf,Iridomyrmex purpureus,iridomyrmex-purpureus,202000,-33.8932835277,150.9752407393,inat_api_benchmark,7a774709ecc5f3ce5f049d7c0e433fff714f54878216bd0f3be56e546a03ad54,2026-06-21T16:57:08+10:00
683245031,69b2d962-5ce8-44ee-b2a2-7d6cb411f525,Iridomyrmex purpureus,iridomyrmex-purpureus,202000,-31.0125701968,149.4144176129,inat_api_benchmark,2c57b4c32761b01a9e1b3275b020b50ed9171b3c00a53e83886cf696c1a7ef39,2026-06-21T16:59:23+10:00
683291488,f2445a2d-3f30-4057-be58-48da97d91d77,Iridomyrmex purpureus,iridomyrmex-purpureus,202000,-25.025325,147.9003616667,inat_api_benchmark,6bb7126a59ff9fab3d5c13b6b019e5890714a224e89097ca1036fd4fadac29d1,2026-06-21T19:15:13+10:00
683342433,3745d024-f860-4409-8cc3-6f6fd71bf4d5,Iridomyrmex purpureus,iridomyrmex-purpureus,202000,-34.8718795721,138.7148047119,inat_api_benchmark,24300fb6b8e47f669e790db86bc89727ede27cd5417adbbedc6e964e85cdfb88,2026-06-21T21:03:13+09:30
683342154,93d14469-11d7-4460-9d45-12af1a742051,Iridomyrmex purpureus,iridomyrmex-purpureus,202000,-34.8717151279,138.7147753139,inat_api_benchmark,39a8305ecb12ace8e997bd852c16d280da63348a6e06f664ab934f404d8f7678,2026-06-21T21:03:13+09:30
683343180,0575fed8-cc70-49c4-8b83-be05fc091233,Iridomyrmex purpureus,iridomyrmex-purpureus,202000,-31.360464655,116.3897040236,inat_api_benchmark,52e89e6e890f1d4468d4883ea1c7c60504aba81ec6eaaa6b57da88e5be27eb86,2026-06-21T19:34:02+08:00
683378166,3e72b482-ae9e-4977-9fa1-9017aa13982d,Iridomyrmex purpureus,iridomyrmex-purpureus,202000,-36.73024387,142.6464610693,inat_api_benchmark,08b375449d75a25280fe22f5651739093a37b7e35ccfebfb26d21675d90159d2,2026-06-21T22:59:57+10:00
683349724,42c0f752-7b4d-4a74-8719-68937b6aab79,Iridomyrmex purpureus,iridomyrmex-purpureus,202000,-31.3613416667,116.3848944444,inat_api_benchmark,682c3460ef4f7cc4eaea36277dbfac17f89dc77881b89bc8650f735cd80766c9,2026-06-21T21:04:05+08:00
684560336,af6e9980-2ab7-4dca-9435-c606ce1acce6,Iridomyrmex purpureus,iridomyrmex-purpureus,202000,-37.6324545147,145.1090087498,inat_api_benchmark,4c46e03af6885f57517d5485e70fe23bcfadbc85a12bbbcf6352f29fad58b258,2026-06-23T15:25:59+10:00
684579434,831ff265-8964-4657-8c44-fcbace3a5c4c,Iridomyrmex purpureus,iridomyrmex-purpureus,202000,-27.8911166667,152.2493633333,inat_api_benchmark,eb24e9f99432e114a478e79f5fbd8d1f8020e2e220795d46415cad038e020aac,2026-06-23T16:44:20+10:00
684614411,23449597-126c-405a-bae2-c4a99b1c556b,Iridomyrmex purpureus,iridomyrmex-purpureus,202000,-25.3015555556,127.8074944444,inat_api_benchmark,69838b09814d9aca66e5ca8ac6a28442ab742579904a0802a0e2d41e78e93979,2026-06-23T17:08:51+08:00
684647122,9be7da54-e0e2-40d9-9de0-e45b9a176734,Iridomyrmex purpureus,iridomyrmex-purpureus,202000,-33.6374638922,136.5383175252,inat_api_benchmark,5b5b4e31a05a9e6345d3a4644ee90232f700a04b8bedd87fe3da85176a12f64c,2026-06-23T20:28:00+09:30
684713683,7b3c34d5-9302-43ac-bf93-7666c5f1cf72,Iridomyrmex purpureus,iridomyrmex-purpureus,202000,-38.0002048289,144.408558973,inat_api_benchmark,b2e336de3980cb242057c43c0e133262cb09e4dd051e4a03a0703bd38abe0e09,2026-06-23T23:48:55+10:00
684964201,7723cb7d-2509-4a9e-a620-7ceca975be9b,Iridomyrmex purpureus,iridomyrmex-purpureus,202000,-35.262245,149.11224,inat_api_benchmark,b664b407f89492ccb9b4b25a321619fb836e1f2bc4a12d70180ef2960a55467a,2026-06-24T07:39:02+10:00
685042749,f3fbcd22-20c7-48f5-96d8-1df769f75a3e,Iridomyrmex purpureus,iridomyrmex-purpureus,202000,-36.96543,145.7325883333,inat_api_benchmark,9544a7c4e2a87a2305d74ea3a077739d8814ab7655f6ef0ec52e7916b070f562,2026-06-24T10:26:51+10:00
680357632,6277a877-f22e-4028-a6ba-401006f3e778,Lasius fuliginosus,lasius-fuliginosus,124150,48.9227455997,15.0960994997,inat_api_benchmark,eb44f6f816618a3367657244947b45f854aee0104cf6b542b68f02b62438b104,2026-06-16T18:29:42+02:00
680360446,48609c65-005d-4c60-9ca9-27840ceb5eb4,Lasius fuliginosus,lasius-fuliginosus,124150,50.8966777132,6.0834611408,inat_api_benchmark,35ac8ab81e31fc6991f5b1090facad13626cae5bcceb3a913dfcecbb27d4b7bd,2026-06-16T18:35:04+02:00
680422736,d95778e2-8dbf-4c2f-a821-c28d0fadb0f8,Lasius fuliginosus,lasius-fuliginosus,124150,51.5620515011,9.9692614826,inat_api_benchmark,bfa73f9f63ccb5f8b727da0ebce26b3cd872c4c1f491e157c0cdf0c6b3ce49bc,2026-06-16T20:26:20+02:00
680555776,a9320c41-3efd-4b7a-9d25-d018aabf8e6c,Lasius fuliginosus,lasius-fuliginosus,124150,54.4862893745,53.5751492903,inat_api_benchmark,043ad4e670a0ce42ecca275948f3ce3a9ebe0b78764e205f540be8b2415f002b,2026-06-17T03:18:28+05:00
680986917,dd533658-8baa-47d5-a67a-31c47f05f787,Lasius fuliginosus,lasius-fuliginosus,124150,49.2305702,14.6360764,inat_api_benchmark,9521106688593d16c89ff6ce27ab97bab2ee709d3866d1a12209ca07d8c2ac8a,2026-06-17T18:46:59+02:00
681029887,8f779854-7317-4980-99bc-bdfd5f4ebe88,Lasius fuliginosus,lasius-fuliginosus,124150,51.1119194178,3.814484965,inat_api_benchmark,a7f0635f79dec08471738d4bbbd8e7df0bb8e05d1e534936fe70aee2231b512e,2026-06-17T20:04:23+02:00
681055018,87f38bca-6804-4c5c-8e19-3fa5bfc9641e,Lasius fuliginosus,lasius-fuliginosus,124150,50.8447966341,12.9461279565,inat_api_benchmark,2195e9d0a04406c6807c9283edef1d6a8a7c58f2d2917c2390ce182fee4c3635,2026-06-17T20:51:11+02:00
681162071,38abaf40-dca3-4ea5-aa57-013400b564e7,Lasius fuliginosus,lasius-fuliginosus,124150,50.5769722222,29.9453888889,inat_api_benchmark,915b0f4b239b922003a120c11b8d5bebef8418126a4d998df5fd8c5ffd20cf91,2026-06-18T00:56:31+03:00
681470505,4a8c2e11-6eeb-4fae-8b73-ff31bbc20a12,Lasius fuliginosus,lasius-fuliginosus,124150,46.3940050404,6.8797553366,inat_api_benchmark,2e9337ebe47be09fd31e6b9bcfaf704eb7a3995ff5e7fdc652570956a73891d9,2026-06-18T14:42:04+02:00
681481497,9dc39268-4929-4b88-a7a9-1e0dd03bc941,Lasius fuliginosus,lasius-fuliginosus,124150,60.0218527928,30.3509759903,inat_api_benchmark,44e288317a87bf847a015c9d364fe96f68837ec2076397d1903c3b9794aee8b6,2026-06-18T16:06:50+03:00
681518661,e6717970-008d-4d49-af51-cf2bf3a3459f,Lasius fuliginosus,lasius-fuliginosus,124150,50.6412317282,36.609977556,inat_api_benchmark,606dc3e84219807f983d59c0efd2cf71bad862a45d448168fa2c3a35b36138c6,2026-06-18T17:27:58+03:00
681518691,d4658004-b214-41b6-bf28-c43dfd9677d7,Lasius fuliginosus,lasius-fuliginosus,124150,50.64125214,36.609990326,inat_api_benchmark,34c4bb473b1d6821c2c0d7c9896e2e8fa22e0786eee3d3b52a9f25d83a86180a,2026-06-18T17:27:58+03:00
681520323,ee217d70-f693-4cf4-b988-c82d3b331598,Lasius fuliginosus,lasius-fuliginosus,124150,48.2304500671,16.3285602763,inat_api_benchmark,0727db9e9e80c2534f7a238f9db4d6c12ca2c9c446ac98e58b4069d062092b27,2026-06-18T16:46:45+02:00
681531828,d16fd878-1102-419c-b22f-00bb5fb9a931,Lasius fuliginosus,lasius-fuliginosus,124150,52.2748627559,20.9327999443,inat_api_benchmark,3c8e39fb65fa19d1a8d63744fd2e036c99aafba4dc56a8668ffe1e2a4436293a,2026-06-18T16:53:27+02:00
681581150,b8e5665f-09eb-4460-9e00-ad14e9abe766,Lasius fuliginosus,lasius-fuliginosus,124150,50.8374851769,12.9853801566,inat_api_benchmark,b08e76189dd8c1fcce58a5cb10ffbcc05fe37afe0d4ac028f64d93194b00ccec,2026-06-18T18:29:56+02:00
681677062,e20984fd-fdde-40d5-a70a-1f4f542ff2ae,Lasius fuliginosus,lasius-fuliginosus,124150,55.7101425799,11.7070718855,inat_api_benchmark,6cbc7b9e77ed0a2cb843210f718b80cbf1f50a812c66ec95cdab3b41e55eb9ef,2026-06-18T21:24:29+02:00
681748401,c82c9842-5774-4679-b5d4-98f67145098c,Lasius fuliginosus,lasius-fuliginosus,124150,47.7477833333,18.743655,inat_api_benchmark,66ac99b94e322e9e3efaf48debc2e4a9aa97a2d05861b58a4469301e97e0940f,2026-06-18T23:38:19+02:00
681968802,37df53b8-75c1-48e0-b592-933cb5e9a1af,Lasius fuliginosus,lasius-fuliginosus,124150,49.4778958737,11.0971879026,inat_api_benchmark,f14e2dc544a4e0a6b32308422d30b880cdc1bac63353034d20d2cf263d94eb28,2026-06-19T09:57:02+02:00
681999065,ea50e40c-7b74-4538-a18f-e5873470bf68,Lasius fuliginosus,lasius-fuliginosus,124150,49.3590383333,0.3026916667,inat_api_benchmark,079bb951afa602dbf243a188f7297916f98a308f474968910f5cf6c9b41eac26,2026-06-19T11:49:41+02:00
681999952,95861758-f1d6-4a50-a963-d2f4c6f48b9f,Lasius fuliginosus,lasius-fuliginosus,124150,50.3680921145,30.4996336033,inat_api_benchmark,cc4967fcf1639a25dc2280d7519f997f3122f834fc211373c30b2fa4ecb4fde6,2026-06-19T12:52:37+03:00
682079474,921df1a5-85f9-455f-8d90-0818baafcd06,Lasius fuliginosus,lasius-fuliginosus,124150,45.044,3.8879783333,inat_api_benchmark,cf06d1e432255ad6242d1e61cfe261ae8d97790016357ead7bab2609ff9a8f0c,2026-06-19T15:48:31+02:00
682189405,cc1a0eff-ea2c-4987-9040-0ee0e0b4a73f,Lasius fuliginosus,lasius-fuliginosus,124150,50.342938,30.4867030278,inat_api_benchmark,f367fccc332440e72068e96658cbd8e1cdb7f23c0a344c9fb0dab1e443747d41,2026-06-19T21:00:51+03:00
682259707,facfb778-103c-4fee-a8f3-953a57569fc0,Lasius fuliginosus,lasius-fuliginosus,124150,51.4857621,0.3179174,inat_api_benchmark,a2483536847c2b763cd21ad984e9f134aa7449278adf0e169682cdc6e02248f5,2026-06-19T20:31:19+01:00
682281988,8a1413ed-59fc-496c-bd3a-44aad5827cbc,Lasius fuliginosus,lasius-fuliginosus,124150,50.342809,30.4867349722,inat_api_benchmark,3ff15b12b3d7e883763f298e7233036e89023cc7f4096900f41e6479c4e87621,2026-06-19T23:09:49+03:00
682308018,5535d132-3327-49ab-b688-d346e944b14e,Lasius fuliginosus,lasius-fuliginosus,124150,50.3408194,30.4878696,inat_api_benchmark,3ff56d07b6b8379a2761103968c0a792796a5b1d808ab4d29b35a2ee34fc9484,2026-06-19T23:57:17+03:00
682310860,af160b52-1684-44af-8680-2f8f16482c9f,Lasius fuliginosus,lasius-fuliginosus,124150,49.9907190946,8.473739203,inat_api_benchmark,fdbf27e8e02764d3b316d4cc1838262b8ce83ac9b79b06fb764c25e50a983c32,2026-06-19T23:08:32+02:00
682556490,1a8b8561-eca4-42f2-bf1b-45d43deb6507,Lasius fuliginosus,lasius-fuliginosus,124150,50.3165383333,31.7381616667,inat_api_benchmark,b9367a3166293ce8ea10f1ce4fd343eba0a800d5cee89e508f573fd604058923,2026-06-20T10:01:23+03:00
682636875,170841e9-ec72-47ef-a2f7-bb962400a53a,Lasius fuliginosus,lasius-fuliginosus,124150,44.7307766492,3.7945760787,inat_api_benchmark,2afa22ba19c5067f906936feeef2307429dde407ef41d4951a7fc9e96212ffe9,2026-06-20T13:19:27+02:00
682961641,f0dfede0-7b88-4b89-af5d-de416b10807a,Lasius fuliginosus,lasius-fuliginosus,124150,50.030726,14.4195379722,inat_api_benchmark,d208050081240234c5c463bedaa58226dbc00848afac09ef470fca6ca3c91d96,2026-06-20T22:35:00+02:00
682967780,db25e77c-2652-46f9-90c7-a17c9f546573,Lasius fuliginosus,lasius-fuliginosus,124150,46.2387789025,20.0151917664,inat_api_benchmark,0b782f1d9efac6545158f7d2d39f6a7ee51963e648a9b4c8c90cdf7ab2c9d9b2,2026-06-20T22:56:22+02:00
682996995,384d3548-9bf3-4dbd-a582-3be665cdb4f1,Lasius fuliginosus,lasius-fuliginosus,124150,54.183868365,37.5864252448,inat_api_benchmark,8e54247ea324b36db219724bfd7a75a9f05734889c5b30e24aae82f7a8094a04,2026-06-21T00:30:48+03:00
683212284,f748b41b-b6be-45e1-aa69-23ce928b180f,Lasius fuliginosus,lasius-fuliginosus,124150,47.5011464075,7.6088146479,inat_api_benchmark,393e630f7046aced1dfbd03298a2bf68642cc6c553b1323b8a88de0acca97678,2026-06-21T07:08:39+02:00
683300947,b7682430-8eb7-48a9-9d47-774d947d9923,Lasius fuliginosus,lasius-fuliginosus,124150,47.8956776724,28.8352670521,inat_api_benchmark,2f3800d064b199ce0dfa0588171404a615f2ac18dbeed57a1f49fa5fcd43da79,2026-06-21T12:43:17+03:00
683303325,8d87f16d-00e3-4938-8b57-4c3cb1847760,Lasius fuliginosus,lasius-fuliginosus,124150,51.015681,2.397046,inat_api_benchmark,8e97e9b44c0b29118cf30a3b7af915425bf4ba44a99d5255f9709cc6ecf68b99,2026-06-21T11:53:50+02:00
683351992,a04b828d-8550-418b-b5a4-2d81136e5497,Lasius fuliginosus,lasius-fuliginosus,124150,55.4665852466,36.9411776215,inat_api_benchmark,90a52ef29e3fd46af871d3c70b35f6e897d62c708abd9a22f775b75da04c0388,2026-06-21T14:53:27+03:00
680786349,db29c8b4-3fe6-49f1-8278-93631b8c5b71,Leptomyrmex erythrocephalus,leptomyrmex-erythrocephalus,129515,-36.9433216667,147.4738580556,inat_api_benchmark,58b5bea74dc2a67aee893a5c32ca67849a25d173dc9bd766d05aa34228d6a6a1,2026-06-17T19:15:58+10:00
680829286,ee4ef9d8-dc88-41d2-bdcf-8a5b8a505317,Leptomyrmex erythrocephalus,leptomyrmex-erythrocephalus,129515,-30.2825723842,150.147380127,inat_api_benchmark,1c5ae9aca65ab73973f239242f5b3d7ebd040cd0d3fc40f31c68fa44267e60f7,2026-06-17T21:22:28+10:00
680836161,5f252e98-cefb-46d6-ae5b-81319a5046b9,Leptomyrmex erythrocephalus,leptomyrmex-erythrocephalus,129515,-36.9423466667,147.4735966667,inat_api_benchmark,07af3c8fb697e799411752f25c1445ca285f222f0462ae03fc208256ec654b47,2026-06-17T21:45:44+10:00
681262303,b667e952-327c-4db1-bde2-26d4ac0ddeff,Leptomyrmex erythrocephalus,leptomyrmex-erythrocephalus,129515,-33.7738083333,151.2491616667,inat_api_benchmark,93bd166dfb7a9fe5e5caf0a2f403886924e17f82d0825e3bf1a9ea866e5134a6,2026-06-18T11:36:06+10:00
681375916,8aeec5c1-b90d-4ecb-b8eb-f8566e092c55,Leptomyrmex erythrocephalus,leptomyrmex-erythrocephalus,129515,-34.0835083333,151.0570361667,inat_api_benchmark,fdc001c3ec0b10d8907746e54f95b807e1521030704812d36385c74cef1082ce,2026-06-18T17:17:40+10:00
681394570,594a5c35-33a0-4740-9092-75c4ef0d0ccc,Leptomyrmex erythrocephalus,leptomyrmex-erythrocephalus,129515,-33.7817571027,150.609026514,inat_api_benchmark,c91a120cd855f09e8d6a297eeb06e8d2a1f386088df423b73ac1add9fa763fd1,2026-06-18T18:29:02+10:00
681853249,3385a8ba-a5c3-44de-b42a-fc965ef687f3,Leptomyrmex erythrocephalus,leptomyrmex-erythrocephalus,129515,-36.6951033333,149.980545,inat_api_benchmark,fef4bfefc74108585ea438f4aceb1fb5678f8520e4453710ff587f888592a193,2026-06-19T12:44:30+10:00
681960767,4edd5331-5300-47f9-b945-0491d0e944d2,Leptomyrmex erythrocephalus,leptomyrmex-erythrocephalus,129515,-37.7533916667,145.18622,inat_api_benchmark,e9c0eb10f333e69ec49ea55c61a86ba347171319b227a2fdfac0016b86dd22b4,2026-06-19T17:24:50+10:00
682472033,dcd1f3b4-c6cf-4537-91b7-9076daa4b906,Leptomyrmex erythrocephalus,leptomyrmex-erythrocephalus,129515,-35.0990439049,150.6930857548,inat_api_benchmark,012b72e4d19dfcfd017c43f843847b6fc5f61b4b9a59070461934b3d9e80ec0b,2026-06-20T12:51:04+10:00
682539347,d03a2ebb-39ad-441b-814d-c32420256e52,Leptomyrmex erythrocephalus,leptomyrmex-erythrocephalus,129515,-35.7150169221,150.1686036681,inat_api_benchmark,30e8e4532a9cc3e558347f204a1d2fa5479ccd10f96af81ef5396e6357176fa6,2026-06-20T16:20:15+10:00
682577961,830937bc-ccc2-4a51-9df6-07cba6b53fa8,Leptomyrmex erythrocephalus,leptomyrmex-erythrocephalus,129515,-31.3245033333,148.9991616667,inat_api_benchmark,538f49d60de75a0e35361645dc4fe5b76bb03ec69a262668f78684d70cdf42fd,2026-06-20T18:11:14+10:00
683149246,ad7645b5-255c-45a8-8ba3-1c1ca2db6667,Leptomyrmex erythrocephalus,leptomyrmex-erythrocephalus,129515,-37.3410549,145.291378,inat_api_benchmark,a97aa84a0611ce2ba81d0c9a577c2818eb3ffcb60a199d28aceb8708f68947ea,2026-06-21T12:34:04+10:00
683248343,9fc68e47-d545-4662-a993-819f7f8184cc,Leptomyrmex erythrocephalus,leptomyrmex-erythrocephalus,129515,-32.2130631001,149.7904559021,inat_api_benchmark,396734d5fabfa7ce2e257f47d5631a5cd440e08e167344586157e160bb9f6e93,2026-06-21T17:10:51+10:00
683270611,2493b054-3c2c-4584-8686-4c6d0500e056,Leptomyrmex erythrocephalus,leptomyrmex-erythrocephalus,129515,-33.30403,149.0237583333,inat_api_benchmark,23c258394a72c282c17dac49149cf427f9c60d9e189ebac2952641a302e888a8,2026-06-21T18:12:55+10:00
683350739,6a26182d-bc0f-4f34-8862-bfa30172e260,Leptomyrmex erythrocephalus,leptomyrmex-erythrocephalus,129515,-38.0882089156,145.8718327934,inat_api_benchmark,94bf036ba09c0e0bd147962b26d3a533679356f51b5cc2cd346c238e7442637b,2026-06-21T21:50:42+10:00
683926614,3667a0fd-06cf-4230-a075-37ab1ae9aea1,Leptomyrmex erythrocephalus,leptomyrmex-erythrocephalus,129515,-33.5795428997,151.0243226997,inat_api_benchmark,69bdd7009d3f6a5e547bafcec4967430a311d709ff87bd2ef6ee99f609b7a54a,2026-06-22T14:25:14+10:00
684025758,0dd2e4d0-5fea-4a3d-8d2c-f8961406b927,Leptomyrmex erythrocephalus,leptomyrmex-erythrocephalus,129515,-33.721742643,150.3339723498,inat_api_benchmark,05e4140d89bffdf9ffe540e972358ecbcb9b52c69733436887149dfea23fc473,2026-06-22T19:18:54+10:00
686305277,db45a528-4880-461a-8ad7-5f986fab30ba,Leptomyrmex erythrocephalus,leptomyrmex-erythrocephalus,129515,-33.7446411516,151.08263553,inat_api_benchmark,14f7d48f12e1bfe184d4d137f2e3b9720037e1563cb6aa891fce71560e5d1413,2026-06-26T12:57:54+10:00
686836329,81ac02bf-b6fe-4f51-a1f7-ce0a005fd416,Leptomyrmex erythrocephalus,leptomyrmex-erythrocephalus,129515,-37.3297309,144.5941454,inat_api_benchmark,cd2bac22bb28a79cdfe0348bf89f7dd79db5cddf7c3f0682f2b3d832df2d3fc7,2026-06-27T11:10:36+10:00
687692514,a62d2535-3a9d-4d07-b48e-ac4a2e3c4dc8,Leptomyrmex erythrocephalus,leptomyrmex-erythrocephalus,129515,-33.5265489164,151.2837855127,inat_api_benchmark,98c6bc906d778c4c34a8c221bcf512b4b06534e7d75d74a28a6e625160bb18b4,2026-06-28T20:05:04+10:00
689507060,6ae64bfc-6355-4f69-99a8-eaecd7201589,Leptomyrmex erythrocephalus,leptomyrmex-erythrocephalus,129515,-33.6185353997,151.0919828,inat_api_benchmark,bed877316ed49712a8bc522e7387bdb35d6a920ebf424c1a19ae0d5da1184543,2026-07-01T17:16:12+10:00
689527481,366639db-3769-446c-b93f-1d7fdfa11ef3,Leptomyrmex erythrocephalus,leptomyrmex-erythrocephalus,129515,-33.7871666667,151.2072883333,inat_api_benchmark,a3f32a9b57ed44c4387246c68a22a1119944b4b86662a6476747082146dbd609,2026-07-01T18:23:30+10:00
691244113,724f6430-699b-49a2-bffb-4cd549afff72,Leptomyrmex erythrocephalus,leptomyrmex-erythrocephalus,129515,-33.6172944444,151.2492527778,inat_api_benchmark,7efed6a48ce088fcdd7a6366f1a8ba5b8173ce9cb8786ccca9596771a10c0307,2026-07-04T17:24:10+10:00
691253248,567401f6-7c16-4aa5-9572-700c845e4390,Leptomyrmex erythrocephalus,leptomyrmex-erythrocephalus,129515,-31.3238116667,149.0015722217,inat_api_benchmark,438852e36968a41c205078f46a90c81ef11829f1a7cbb1609a14f7111a3afdf4,2026-07-04T17:56:43+10:00
691270346,9568702e-7723-44af-a1c4-fca86cdcd8a7,Leptomyrmex erythrocephalus,leptomyrmex-erythrocephalus,129515,-37.6124583333,145.3488916667,inat_api_benchmark,06755dfdd1ad093312a6018f59521020ca5a2df88f71c5a57cf9a8d0cf335eee,2026-07-04T18:56:55+10:00
691272644,4ddeda8d-3e12-4d82-9875-07a678249704,Leptomyrmex erythrocephalus,leptomyrmex-erythrocephalus,129515,-33.729707653,151.187739929,inat_api_benchmark,b6c05f6ff19f365b5c4bb3e41cb27f07f805be2a7ab8b28c04e969cbc214efc5,2026-07-04T19:30:47+10:00
691324972,c8f4db1d-42ec-4f7e-a017-04067309dc94,Leptomyrmex erythrocephalus,leptomyrmex-erythrocephalus,129515,-34.31637,150.4144133333,inat_api_benchmark,97ba06a8ce2b3a3e825b43afe7d4a7b13344da22bdfff78795136cf54dd52960,2026-07-04T21:34:33+10:00
692008735,e8a5acb8-6152-46e7-9f5c-87e31639a9d5,Leptomyrmex erythrocephalus,leptomyrmex-erythrocephalus,129515,-29.3117777778,151.6825194444,inat_api_benchmark,1f06cc8dcd77b437637da377d202362cd9d56ff214dbad0e0639ac18f01926d4,2026-07-05T22:29:39+10:00
693241048,624b072d-82e6-47ed-bc0d-904c3d203859,Leptomyrmex erythrocephalus,leptomyrmex-erythrocephalus,129515,-33.776274776,151.0354077294,inat_api_benchmark,df462f56670758acad71e67291163fc24ebfdbc1e8764377ebdb986d3c40f8f0,2026-07-07T18:14:12+10:00
693241083,df0b946b-73e6-48aa-9a6b-6ece58d30fe2,Leptomyrmex erythrocephalus,leptomyrmex-erythrocephalus,129515,-33.6474263792,151.144492151,inat_api_benchmark,de3546c34d943dcad71039972d55877d835802b3037f3b32c2539e5819a6c806,2026-07-07T18:14:15+10:00
693724593,d15ed910-e318-48f0-b24b-86eed5bd2567,Leptomyrmex erythrocephalus,leptomyrmex-erythrocephalus,129515,-36.6693975163,149.9083872825,inat_api_benchmark,b2aa4fe0c46099da86b41ba05631fb6812a0b9df8ff9fe595a138b29258ce61d,2026-07-08T12:08:44+10:00
693767879,76964b02-7bf1-48e0-97fb-b2663c3fcae4,Leptomyrmex erythrocephalus,leptomyrmex-erythrocephalus,129515,-30.2816366667,150.1483,inat_api_benchmark,6267ed23850b56a0bea6bb91ada15d88b6988db7cc8d023dbf0b4b28bf481515,2026-07-08T14:11:01+10:00
693772717,6e521747-ae3b-44c5-9489-5456d2102de2,Leptomyrmex erythrocephalus,leptomyrmex-erythrocephalus,129515,-33.668555,150.5170883333,inat_api_benchmark,699c413bfe4770a117e71ba46daac5463b5cc85711613808c6b04909944dc7e7,2026-07-08T14:25:46+10:00
694936405,4d70a8cc-625c-45c3-bdf4-22f39f645e8c,Leptomyrmex erythrocephalus,leptomyrmex-erythrocephalus,129515,-28.859205246,151.9418640137,inat_api_benchmark,2e81364e0d36ff22f2fe9521e4920bd023c3fffdf63ac5003cb8e19b93670ed5,2026-07-10T12:53:39+10:00
680568076,6ddc476b-c884-460d-a84a-2177503ddab0,Linepithema humile,linepithema-humile,68165,43.6139616667,3.8391,inat_api_benchmark,9f2e6cc09d65d7015656a0d59a6ad97e77f6cabbe6039aac645964e9f955503d,2026-06-17T00:43:35+02:00
681025144,a484ad42-4dd8-46bf-a413-5aef7dbd8b1e,Linepithema humile,linepithema-humile,68165,37.2600527778,-121.8388305556,inat_api_benchmark,a85201d7da75c4bb534a6973110e1d69d289b1e202d93e74bf6108a6bf115557,2026-06-17T10:56:07-07:00
681038751,3a3e6c5d-000c-49a5-a131-b806f77e491a,Linepithema humile,linepithema-humile,68165,37.2599912,-121.8387453997,inat_api_benchmark,5b3c21f673bab04ec907a0ceb8ef2398bea59e779e95ed9c40c6bb77ebdf8636,2026-06-17T11:20:46-07:00
681043428,e9d12ef9-7ace-4406-b781-76c55f3050a3,Linepithema humile,linepithema-humile,68165,37.25931,-121.838637,inat_api_benchmark,4531e863c1eab0226f627c44661c41b310bcc5a8f32ba6cc18aaedaef264dfc6,2026-06-17T11:27:34-07:00
681100749,161b97a5-36bf-4218-a000-b241288ff21b,Linepithema humile,linepithema-humile,68165,34.1981865428,-118.4021756819,inat_api_benchmark,9b4274f3c3579f650670a46bfd8e1dc703bd391215ef7b3890e48589c4c6692e,2026-06-17T14:04:23-07:00
681229442,c8dc989b-dfe4-4917-bd02-fe8fe5710afd,Linepithema humile,linepithema-humile,68165,37.2593038297,-121.8383825689,inat_api_benchmark,c3fc5f118b3529bb1621fb3b6c6c30dc1d57b73709371af883a2eaa7f89f253d,2026-06-17T17:34:08-07:00
681232511,34d26a83-ed61-4390-89e5-58ac655be591,Linepithema humile,linepithema-humile,68165,37.2600150387,-121.8389050051,inat_api_benchmark,9105fbfd06bca4002298a50fb3d4de081691b0aaf37027af09e47590648427ec,2026-06-17T17:34:10-07:00
681266657,1fad9fee-2888-4849-b80e-4a294a91c02e,Linepithema humile,linepithema-humile,68165,37.4402860019,-122.1490102819,inat_api_benchmark,c2cd3ea0f962bba08dfff4e0dc7cb6460f9a71447a64898651c51e6e8b2c05b0,2026-06-17T18:50:57-07:00
681569545,3cd85db0-0621-40bb-8482-381370213448,Linepithema humile,linepithema-humile,68165,38.5451133333,-121.7448416667,inat_api_benchmark,a6144afdbefa22a6e8a7db71a5e58569ab2f69405e81f522afdc916619161be6,2026-06-18T09:06:43-07:00
681669835,89dd4d85-da95-4895-a438-1941eea562ca,Linepithema humile,linepithema-humile,68165,37.9504194193,-122.2626589377,inat_api_benchmark,38ff27643648ca431c6ea707139f3e8435847273e55e5ea160a09b2cf0debfaf,2026-06-18T12:12:23-07:00
681712833,a2f76cb2-ff86-4228-9c02-e864e7ce5f38,Linepithema humile,linepithema-humile,68165,33.9052558476,-118.0050366247,inat_api_benchmark,1cfbb1128e16e7eaeb05c01dfce75f8c328327344a98597b0ed6de1f91079a63,2026-06-18T13:31:14-07:00
681825096,24102235-3c60-451f-96dc-d9be34a4b7f5,Linepithema humile,linepithema-humile,68165,32.8837283333,-117.2382883333,inat_api_benchmark,808e989e2e3363fc986116d198b528b7fdb4b26295d8a137d78946e45e1204c0,2026-06-18T17:33:03-07:00
682007211,d6213ca9-4bc0-4698-abc8-d4a76d7cb06a,Linepithema humile,linepithema-humile,68165,42.1123148813,3.1479213947,inat_api_benchmark,c4484d633a35c89d3e44212fdae68c3c9f719ce109bfa2192ebb56efa3d6d63c,2026-06-19T12:03:34+02:00
682012366,7d74c8d1-c5cc-49cc-bd1e-afb0c48cedc7,Linepithema humile,linepithema-humile,68165,38.5221589,-9.1434783,inat_api_benchmark,6f7ad131d5ddb2d69d6f2c41a4a2ec99e4f5e769980e704fc23d6839b9e2b690,2026-06-19T11:37:30+01:00
682150149,9bc64d50-616b-4302-a98d-deb10373e07e,Linepithema humile,linepithema-humile,68165,32.6545160406,-116.9740251262,inat_api_benchmark,d307c76cce8c6f859ffcbdc56a2ccc136386b265a9a75d1a11df9cc531a6516a,2026-06-19T09:04:41-07:00
682288675,c50a87ff-2810-4727-9938-1a4eb9a52f3a,Linepithema humile,linepithema-humile,68165,37.34083,-121.84662,inat_api_benchmark,8d8d6d8a44b4b74c8b7c611be99c4821a8b7f5b8fea3299ba5c90da75e788984,2026-06-19T13:20:12-07:00
682290406,34c84cbf-d921-4c69-9892-7e0a5db1ee5f,Linepithema humile,linepithema-humile,68165,19.4154329,-99.0683007,inat_api_benchmark,d64bb53986a1081882bff4afdf3b600f6a1a4c5a3ab40d62b9b57ca7e77df125,2026-06-19T14:23:38-06:00
682292032,0fa5c975-a44d-45ba-a77f-9b91f2bfe343,Linepithema humile,linepithema-humile,68165,37.3357616667,-121.997855,inat_api_benchmark,9d3d83b50dcc0410730bc4fc7f9fe964e9d7e1b36683e82c8ad0aa9df13b1a3f,2026-06-19T13:25:36-07:00
682295638,e93a0fbf-58b6-46cb-9393-c7153568e2ac,Linepithema humile,linepithema-humile,68165,37.3357866667,-121.9974833333,inat_api_benchmark,5b5f2d3bcbff03e24d5fc595dd7ccd27b7e75e085a37e6346eaa79313df0f7c7,2026-06-19T13:33:29-07:00
682328449,5efc04ca-a526-433f-b720-bfbbbba7bbd5,Linepithema humile,linepithema-humile,68165,37.34081428,-121.84661367,inat_api_benchmark,b6f599b901695b9a12e4062416440bb512d99a1fd192beeb90f6bdec6e26c7b8,2026-06-19T14:55:23-07:00
682550934,24222543-16e5-457f-8be4-8964d4e26aae,Linepithema humile,linepithema-humile,68165,-37.712048,144.995468,inat_api_benchmark,8e000da619b9111c72d8b9cca7178bc11eff7b59656e13a15ff5ffb4fda451d6,2026-06-20T17:47:31+10:00
682551873,34efe340-a9e7-45fe-a77d-822aaf24f2c2,Linepithema humile,linepithema-humile,68165,-37.708874,144.9947809999,inat_api_benchmark,0039e702dbe62091c0bedcc96b40d63f782acf1422c4af1e655214733b6711f2,2026-06-20T17:50:00+10:00
682605131,a72c9a09-3250-48a9-8f7f-a2c1b50c0015,Linepithema humile,linepithema-humile,68165,41.7214285,1.8280239,inat_api_benchmark,c929d10a026222a7e42da9ea115259e92d98bc6e7d7dbf3f8b02c01f5cfd746f,2026-06-20T11:42:28+02:00
682604251,7df8a2ed-ed5d-43f9-9769-fa65f03434e2,Linepithema humile,linepithema-humile,68165,40.6252585941,14.3659242655,inat_api_benchmark,a6611a47ea8ca40d5a9bc4b2d869e4ccaac3d2cf20a76bc42ad516918aee9357,2026-06-20T14:51:34+02:00
682605733,fef57012-8283-48f4-b99d-39e58887e9c2,Linepithema humile,linepithema-humile,68165,40.6263757498,14.3666676194,inat_api_benchmark,a98f1a386bc885819a570fe6ae437f7970515fca327498041f41a117be6ee7a0,2026-06-20T14:51:54+02:00
682837201,b2d3115d-0af0-4842-bf05-c15cc47211f5,Linepithema humile,linepithema-humile,68165,-33.6563361445,-71.6214379824,inat_api_benchmark,c84ba84e6c77ba9c60ab9ea6daf02e787c11fbe5cff7264545945fd5de07925c,2026-06-20T13:21:51-04:00
682890204,019a5156-3b16-4315-9071-32fe37f918b5,Linepithema humile,linepithema-humile,68165,37.80775763,-122.25237499,inat_api_benchmark,841b9c7a1d27075260023b0f721fee72ed9ac26e1a2b74b59a560b021c86e3ab,2026-06-20T11:53:46-07:00
683026484,f34d1977-8f56-42a2-97e2-9e4c621bb206,Linepithema humile,linepithema-humile,68165,34.7085123263,-77.2839787984,inat_api_benchmark,389ad1bfe77a6167d072ba859c35573805f8cfc6eeb3f21071d36f943dfe5467,2026-06-20T18:24:02-04:00
683039320,4c69faad-55ee-4ae7-b8a9-e953dacaac5d,Linepithema humile,linepithema-humile,68165,33.970432457,-118.4297804162,inat_api_benchmark,2bc71c71310b70832a09041c268757fff5d8c34a87c332f0f0e88907ba2ccac6,2026-06-20T15:46:48-07:00
683028987,cdaf9716-c355-458f-9ac1-e219f5576ce1,Linepithema humile,linepithema-humile,68165,19.3280714221,-99.2283013543,inat_api_benchmark,446bf62ac6ea4d5a43f1f13f60f73b9a7dca3358cb7e05f1aa3d0b1bbf977e72,2026-06-20T16:52:33-06:00
683029737,37ae12f4-4b01-464b-b415-4a7426ec5325,Linepithema humile,linepithema-humile,68165,19.3242409517,-99.1760756896,inat_api_benchmark,6e4266d659a194f0b654b405d9d87da3316719eddf9243c6e1aee2ad0253aef3,2026-06-20T16:52:46-06:00
683100037,22b141a5-f38d-4213-9e8e-9f4941b1eb2b,Linepithema humile,linepithema-humile,68165,19.330328852,-99.2739595112,inat_api_benchmark,9584d87e2f7b8126b51a30264d5828deb5c31059318581507fa4a2184521d904,2026-06-20T18:49:43-06:00
683158453,6757d4ac-1992-41e8-8814-193374e656b2,Linepithema humile,linepithema-humile,68165,34.0426302967,-118.0916774421,inat_api_benchmark,d4b165bd67489d039d9af3303d3af313fce2c0f18d193edef7efc980b6d23b3f,2026-06-20T20:00:06-07:00
683267057,4a395de7-ff80-4b76-80fe-bf71f7061dfa,Linepithema humile,linepithema-humile,68165,33.796564,-117.758799,inat_api_benchmark,cfd8372f4048ef69631e6e10d2f2c881d5f9e9e38d39d497fbcc7c263f5980f0,2026-06-21T01:40:12-07:00
683291792,39d25115-2d5e-4f90-98e3-2e34b9ffd952,Linepithema humile,linepithema-humile,68165,33.796541,-117.758946,inat_api_benchmark,551d01dddac13f79ce8d96bd12ca657366e5bc3c8d06dcb82d47949070b008da,2026-06-21T02:20:08-07:00
681164353,f5e2f6fc-64f4-4ec0-b06f-2d4ac16650e5,Liometopum occidentale,liometopum-occidentale,68993,34.4407132047,-119.7148274239,inat_api_benchmark,c5f6ca61614e2df1c2a83e313be911a6c2b5ffa9b201a23790c22a14ac445699,2026-06-17T15:01:16-07:00
681997018,24c08f3f-7f2f-43cb-a48f-b10c800cfc76,Liometopum occidentale,liometopum-occidentale,68993,44.0441471667,-123.0756305,inat_api_benchmark,b75d1242e282eebb9d9893b637c573025463d72002be6d664f2465cf13ac4aa8,2026-06-19T02:42:23-07:00
682754725,bf34ed96-affd-4b36-b6d7-6a25a5d24190,Liometopum occidentale,liometopum-occidentale,68993,33.8977996781,-118.0255751656,inat_api_benchmark,0ebb1b2b88ffa6bf1f4c9042fd1dc4141aafa66e82331ad0d2a1d13cee9ce30e,2026-06-20T08:15:46-07:00
684496182,4ba52cc0-a58e-45f0-9b12-ebe54f20e408,Liometopum occidentale,liometopum-occidentale,68993,42.6163972,-122.8096436,inat_api_benchmark,2ad78af7e487cc076ecabc873bdb2cfbad3e6c990bfc3e3ad065498aa924164f,2026-06-22T19:16:33-07:00
685690575,498e13cc-cb54-4699-a8ff-18824c3494e3,Liometopum occidentale,liometopum-occidentale,68993,38.5558194444,-122.6388861111,inat_api_benchmark,599c750a164dd858330a48db8e8196b2783eb6830ab8d939578abe57129b16f5,2026-06-24T19:08:14-07:00
686106709,db1d7fb0-2bc0-4a75-944b-b84699311846,Liometopum occidentale,liometopum-occidentale,68993,38.460655,-122.736125,inat_api_benchmark,7c9026cedfbada9d4e04960d256c17da8fd99f19e35c590aa3b06e8ce4a6cee3,2026-06-25T12:46:24-07:00
686343130,93c9dfd4-74d8-4044-9af7-9a6be888d665,Liometopum occidentale,liometopum-occidentale,68993,44.0546096,-123.0407009,inat_api_benchmark,78ce8fab777b10be1ad1ead426e1531c374c46900d9273f34716830a33461558,2026-06-25T21:57:36-07:00
686597308,3604c905-5002-49a9-8ff6-95b7db6865dd,Liometopum occidentale,liometopum-occidentale,68993,42.182055,-122.6802,inat_api_benchmark,914a8db19365ab4b42c895030908161d7130de54b4fef42f353afe433d92adfc,2026-06-26T10:06:20-07:00
686788483,d3ef66cf-8710-419a-bb32-14802a2035ec,Liometopum occidentale,liometopum-occidentale,68993,45.3799722222,-122.7452277778,inat_api_benchmark,3f7e8b407b7f6bcd990fa6e755aa825e39dd205686490628911e397a93b9b31a,2026-06-26T16:17:08-07:00
686793430,e431d22f-19e0-4c91-a9dc-dd05f92f4815,Liometopum occidentale,liometopum-occidentale,68993,37.4233783333,-122.1781916667,inat_api_benchmark,c99810a6a24e944beaa22cfa2513fa980f1e8c75067b18c6c2ca280afd6ea246,2026-06-26T16:29:06-07:00
687578700,b599d501-9c4e-471f-9455-0be9b5072771,Liometopum occidentale,liometopum-occidentale,68993,33.605025,-117.4209833333,inat_api_benchmark,ade3faf585c4a8ee52d56ce5896f694ce3dddc31cb996e16d78c3c71101d6777,2026-06-27T21:15:02-07:00
689357606,ed3a96d5-28cc-4d5a-bb7c-5db812ed7216,Liometopum occidentale,liometopum-occidentale,68993,34.2541466667,-118.2527866667,inat_api_benchmark,b63d38cbda7a88a15790f7e8e19b9f5db3c1cd8256f5966aba548808b1562c7c,2026-06-30T16:48:58-07:00
689974371,4874ce3b-eb64-4718-a18b-6364e500314e,Liometopum occidentale,liometopum-occidentale,68993,40.3163466667,-120.5885216667,inat_api_benchmark,04570f1f4863ad83180bc5386732738a10fddddcec7e6c0b2be36cdfd77ec565,2026-07-01T18:40:35-07:00
690377866,c1877e1b-486f-4556-93eb-fe0bfde83950,Liometopum occidentale,liometopum-occidentale,68993,34.0497333333,-116.570075,inat_api_benchmark,43992e9b6af3f504923c4a30a03f89c7c69990d0dd21f64fcbbd468d9109e77a,2026-07-02T12:42:33-07:00
690460413,e6564c59-f0c4-464c-808c-c26a6477a179,Liometopum occidentale,liometopum-occidentale,68993,40.316375,-120.5885033333,inat_api_benchmark,553d06904a591b782d836a3d8a8c74a6c2f7740e26d0063457a064e9cca557d0,2026-07-02T15:21:18-07:00
691788684,59499f09-b173-4a27-a0e7-e95b408d971e,Liometopum occidentale,liometopum-occidentale,68993,39.2376533333,-121.1942666667,inat_api_benchmark,bda694ddbed03ae76bbfb8d4fcf69338986e15031a505888c8985ddecee604aa,2026-07-04T18:59:16-07:00
692351292,eb4e8853-cec1-453e-9e14-d681479d6cf1,Liometopum occidentale,liometopum-occidentale,68993,42.9070907959,-123.1719874129,inat_api_benchmark,5e245164445243e89c17f424537d1399a24d58f3e1d079c6ed8905786647cc19,2026-07-05T14:23:05-07:00
692507106,932bc71e-b930-4ea3-8a3e-0ca55b2f0bb4,Liometopum occidentale,liometopum-occidentale,68993,34.45248,-119.3080533333,inat_api_benchmark,a27be2c31f68e2045abaf4cf38e47dc6798beb99e90a2100db4f53c376db7e0f,2026-07-05T19:27:42-07:00
692507186,4143b894-b358-4533-8475-70acdae90671,Liometopum occidentale,liometopum-occidentale,68993,34.4545116667,-119.3175666667,inat_api_benchmark,84eda9c5b1ae73cbb806a14ea725c42a6e5235cb6323bb94d416eed278597f03,2026-07-05T19:27:53-07:00
693767454,8b9bfe1b-3ee0-4df8-a37d-1e963c3766a7,Liometopum occidentale,liometopum-occidentale,68993,42.2001102355,-122.7179881382,inat_api_benchmark,23c49dbf996295f4d9808b43e73dbbf53e5f991fc4ecc9b72303997137012ade,2026-07-07T21:19:04-07:00
694094649,7f1d3e6a-09c2-4619-9fc5-d8540c38a3be,Liometopum occidentale,liometopum-occidentale,68993,37.432025,-122.1606916667,inat_api_benchmark,acd61367eb8c8795010ae2a6721052fd56a45ea8ff757cd699eeff9fb0aebfbd,2026-07-08T11:33:28-07:00
694726260,8fc37b48-3af5-48b5-a30a-5f0ff4c624a1,Liometopum occidentale,liometopum-occidentale,68993,37.2728583333,-121.9040366667,inat_api_benchmark,d22fefab4d78e5f3da2c084b3bf8c73924b9577d9e79eab831e315ee7ae5b431,2026-07-09T12:19:49-07:00
695940170,a61d96cd-6b1d-4637-aa94-2b468c7fc4b8,Liometopum occidentale,liometopum-occidentale,68993,33.6777564,-117.5906715,inat_api_benchmark,0f1a8e83e5cf04ec41208f6dab15a091ffde90dc926d5e67e33a00fb4318651c,2026-07-11T11:37:10-07:00
696605309,e85a3740-bed3-4471-8cb9-6c621defd4ea,Liometopum occidentale,liometopum-occidentale,68993,34.3268166667,-118.00564445,inat_api_benchmark,55e9ce20e6cdb1b3df4c393eb9e4f6927460403a1f5011e779b32651cb328697,2026-07-12T10:52:14-07:00
699270149,0c798df2-ab45-4e99-8401-7adabde5ca60,Liometopum occidentale,liometopum-occidentale,68993,45.0218416667,-123.1525945,inat_api_benchmark,670f95c0be4556c9e4f5d5af5e3fea7dba27bd91e9f15cf14aca3ee1afbf91ac,2026-07-16T16:16:46-07:00
699644978,85576ab2-524b-42d7-a1e8-7f9d66860b1e,Liometopum occidentale,liometopum-occidentale,68993,37.272828207,-121.9040489921,inat_api_benchmark,6c345b65e272ccecb60a6af45cd571115844583729c73418297c23cf28a4f1ff,2026-07-17T09:47:17-07:00
702849021,1162c3a5-59e7-4c0e-802d-03f43e895a5e,Liometopum occidentale,liometopum-occidentale,68993,37.4032472588,-120.0949081139,inat_api_benchmark,eec8317c22e928655faa06198f35815013696e600bcf5784629725752db21c8b,2026-07-22T10:50:11-07:00
704514989,4104dedd-db58-45e7-9534-6299f3174146,Liometopum occidentale,liometopum-occidentale,68993,35.9692633333,-121.198975,inat_api_benchmark,72a894fe8201418453b4bcebc92a7676284843293df3ae89ebce21f5c73b4be5,2026-07-25T04:21:57-07:00
704725318,a733eec1-674d-484e-bdba-2a3195b4d6a0,Liometopum occidentale,liometopum-occidentale,68993,40.7118263245,-123.0366897583,inat_api_benchmark,e2225d2a741471ebad75d8003a63da788912a2680b8d5cebfda1336453005ff3,2026-07-25T10:30:25-07:00
705746011,451bad49-328b-4e82-baf5-7dd4b86ad830,Liometopum occidentale,liometopum-occidentale,68993,45.3241545443,-122.5401780856,inat_api_benchmark,90454374db8cb9f778432efaad2cb5f85fe8f78cf66dd83f21d0986eb9b45df6,2026-07-26T18:37:32-07:00
705915690,2ef0d79f-9a53-48a8-af20-4b4c475c0135,Liometopum occidentale,liometopum-occidentale,68993,37.9020116667,-122.0592638333,inat_api_benchmark,f765209f60d5ceb2740133ee10d547dfe66a5b7c1034546f2245c6be9fffbb2f,2026-07-27T02:46:54-07:00
706229333,9ffa6224-bcbf-4f81-b7a5-8f75230fbda1,Liometopum occidentale,liometopum-occidentale,68993,40.1283597586,-123.8260992983,inat_api_benchmark,f4b4085e6a15a59f31c760aec1f88ad73ab52d9493d9d3f6189ea063e3a024a5,2026-07-27T13:27:15-07:00
706818466,f23e303b-97a0-4a0a-8d67-da5663c9ca88,Liometopum occidentale,liometopum-occidentale,68993,37.7166883333,-120.3751916667,inat_api_benchmark,661b1e44945a0cec4c6502079debd8a36bd40d6e5cea1c2e056331d9d8a6b8a1,2026-07-28T12:58:45-07:00
708819546,69bbf578-1a45-4126-98b3-848166e0def3,Liometopum occidentale,liometopum-occidentale,68993,45.56293942,-122.8266497833,inat_api_benchmark,d4083d41ef630d36ed526f0a82d609f22bb032e9a168700133fec08b878b1827,2026-07-31T23:07:57-07:00
709848313,af304fe8-308b-429f-97fc-f6248cce645b,Liometopum occidentale,liometopum-occidentale,68993,34.3281216667,-117.83445,inat_api_benchmark,8b1279d9a61152b4b57bc5377597e06bf2f7bd468effb8504482e7a3dca88534,2026-08-02T12:26:19-07:00
681418585,4210b4c6-a88c-46fd-9e2e-6d239d06753f,Megaponera analis,megaponera-analis,426190,-7.847735275,36.8922411433,inat_api_benchmark,f68e378a64b729109eef0bd6f051e111b981b8120005a9ea3a4bfec964913eb9,2026-06-18T12:54:30+03:00
685925322,f5bff551-3ee0-490d-b732-0bf80406e617,Megaponera analis,megaponera-analis,426190,-22.9953093069,31.2955996153,inat_api_benchmark,3af9526f0bb2bc9f792540fe8383d12316289d88200061ca668412c0180dc92d,2026-06-25T16:17:41+02:00
687182557,0617bf8a-ee0b-4a18-aec3-0d155cd02623,Megaponera analis,megaponera-analis,426190,-24.0748,27.7791,inat_api_benchmark,96232893da875367e27825e2945f094661b8a894e5f849c3214135042907a9f8,2026-06-27T18:09:40+02:00
692640815,c8b892e3-d3e9-4904-99d6-14b639820009,Megaponera analis,megaponera-analis,426190,-24.09415,30.8350616667,inat_api_benchmark,deedac5ac5c8ef78dbce82b4b2b6073441f52729826c598ff89c04506f8ca1a2,2026-07-06T11:00:51+02:00
694469198,60575ddd-80a2-46e5-a8d1-ce6111030422,Megaponera analis,megaponera-analis,426190,-3.4069280076,38.2991445065,inat_api_benchmark,483e7af0647ad411e4ab11955b5873f7311552c0c2dcd31b57dd5afb7a3df509,2026-07-09T13:24:23+03:00
699543379,600aeff2-2719-4600-9fbc-2742a8541bb5,Megaponera analis,megaponera-analis,426190,-23.0719718719,31.4050629842,inat_api_benchmark,89ef7a3c80ec92c2cb25d5e3055e17b285ad57e7f4637928475d3cd3ac8728aa,2026-07-17T15:31:37+02:00
701156912,5fe22812-3bcb-4480-8412-74766467511e,Megaponera analis,megaponera-analis,426190,-15.7803683333,31.99282,inat_api_benchmark,bbae2838b2673e9eb0fbdd60a77a9e401644a3df79d33314140380b3313f80d0,2026-07-20T00:37:24+02:00
711978634,af0dbb1e-ae56-4f86-aa65-c610123d2ba1,Megaponera analis,megaponera-analis,426190,-19.5574051767,14.8332478479,inat_api_benchmark,0f35e940190d5b1c159f96f8b127aec37514319711d42d2ee72f479d32855f57,2026-08-06T13:56:01+02:00
712080829,284336f3-a806-4364-910a-b76e77557853,Megaponera analis,megaponera-analis,426190,2.3625662327,16.2748211995,inat_api_benchmark,5408e37385d6839f356af43c6e1450f71c9f60ab76762b307a20e98701312a23,2026-08-06T16:55:48+01:00
680163611,60f44474-05b6-4f46-8b69-798dd04eb2b6,Messor barbarus,messor-barbarus,118487,38.1813634878,-0.8652169257,inat_api_benchmark,9ffd9d856d7d3814fbc406206b9a3f86607965e2249848642b28e2cafc73da85,2026-06-16T10:35:27+02:00
680163703,989163e0-cfc5-42d3-80d5-931dc0d19b26,Messor barbarus,messor-barbarus,118487,38.1813242194,-0.8651823923,inat_api_benchmark,dae1128a1d8490b692d5f8221df47f06a37c43a5bd861100d8b34020bf119043,2026-06-16T10:35:49+02:00
680927716,f3ea7e51-ff87-4fb9-9617-8472010de0bc,Messor barbarus,messor-barbarus,118487,42.6680666667,-1.857405,inat_api_benchmark,4cc98707562fb258ad24ee01d9cd37962e5e2086ede0b94b590557424304fa9e,2026-06-17T17:01:36+02:00
680950238,643c6c08-c5f2-4ba4-a9be-11108fc582d3,Messor barbarus,messor-barbarus,118487,42.6643116667,-1.8346166667,inat_api_benchmark,31e2065248705b7926e9d4ee19c6af1a4fa4ac7192372bc88fb2a728f9394875,2026-06-17T17:42:37+02:00
681392181,7cf69600-ea82-441d-a4fe-04c07a18632a,Messor barbarus,messor-barbarus,118487,38.520111084,-8.8370685577,inat_api_benchmark,23e85c9c42bdb71fc3c997a3838c7c06f27c8bff740eeccd4f8060bc52a19cee,2026-06-18T09:20:43+01:00
681393741,b8af8c7c-2163-498b-b1eb-d158c233bc7b,Messor barbarus,messor-barbarus,118487,38.5215568542,-8.8372268677,inat_api_benchmark,d7a6c7f845b3969d1016c4c5d5aa33aa0918f6e45f95ac5f6e7fc83b58e6a818,2026-06-18T09:26:51+01:00
681417054,bbdd2dcb-0f31-41cd-b9de-caaea4777712,Messor barbarus,messor-barbarus,118487,38.7591841,-9.1370268,inat_api_benchmark,57dec04eccadcc23cf4fdf5c20fc7d75e156529d75581a2c7eab0d863cd31566,2026-06-18T10:49:19+01:00
681524218,7ec1de2d-97a4-4aad-ac86-368d15baf8cc,Messor barbarus,messor-barbarus,118487,43.6337480791,3.863819316,inat_api_benchmark,8850970e6caa9e06ced48d16aa88b4b0317523ce501d3f9f8e48c9a5577493c4,2026-06-18T16:38:49+02:00
681793846,ef7ea06f-008c-4624-9f17-57781dc8273d,Messor barbarus,messor-barbarus,118487,41.0030544436,-3.244774658,inat_api_benchmark,51265db56b605aef53d005991cfc4eebbad8429b41b32b6f997526566f825f28,2026-06-19T01:36:55+02:00
681948169,7b5a3116-b2a2-48f3-8305-3bdc48bf5058,Messor barbarus,messor-barbarus,118487,41.4943393506,2.1201269701,inat_api_benchmark,35ca7697d4f4096cef5db822afd08e059dc200db131ab95069804a8579c26b5c,2026-06-19T08:37:18+02:00
682045928,8c6de006-7d7c-40fd-a54f-fd62030459b9,Messor barbarus,messor-barbarus,118487,38.1770712434,-0.8713337034,inat_api_benchmark,7b1ce92c9f84497f142fddac26c6d7c17bbc73071b381de53d84e43f52a0c9a7,2026-06-19T14:24:48+02:00
682121922,c803f541-22be-487f-b333-a06541dc5659,Messor barbarus,messor-barbarus,118487,40.4126783333,-3.7789666667,inat_api_benchmark,efedc3f5fa741de227f47892a96b99e6c62fcd5a46c2ff6198cf3c72e42e23dd,2026-06-19T17:10:01+02:00
682264783,73038321-ca62-4275-b1da-d8f0b39fd792,Messor barbarus,messor-barbarus,118487,41.5731398087,1.6341351718,inat_api_benchmark,e560ec926c0dd05be6c3fbfd6b18305856bcc685821ca77888f424e28e9c0811,2026-06-19T19:31:45+02:00
682619866,991c8c4c-2e08-4826-8a49-3c318d0dc7d3,Messor barbarus,messor-barbarus,118487,37.1653490497,-8.2580850273,inat_api_benchmark,7c742f287f7e9dc8bc4f8944ee48d1faf8987bff0c18e90954aede6d5a6b290d,2026-06-20T11:27:35+01:00
682857471,761ed5b5-6770-4674-aa49-f5c35afc259d,Messor barbarus,messor-barbarus,118487,41.4086383333,2.190555,inat_api_benchmark,d4851d569daa6fcf7737abef4bb45350a3c2f57753b61e32615bcea9feb8d26b,2026-06-20T19:53:13+02:00
683559696,f9552687-de11-47ed-8b0d-39f3a6b51181,Messor barbarus,messor-barbarus,118487,41.9457373,3.0699293,inat_api_benchmark,2f9e0651731cbb8dc05995aefdb7a5020cd7554e0af9fd7fe56577c7ca2502a8,2026-06-21T19:37:56+02:00
684087607,5ad09107-3b14-46ac-afd4-eb4acc1d81f9,Messor barbarus,messor-barbarus,118487,38.1813887883,-0.8652055264,inat_api_benchmark,e677d920d32777750b8de1da0060bf4d616f420648042f3090a88c8fa6f6067c,2026-06-22T14:58:17+02:00
684147791,22c3d40a-176e-4d23-9f27-92d52c34cc84,Messor barbarus,messor-barbarus,118487,38.6634872537,-9.1687012563,inat_api_benchmark,104615e0bf659e37f2c86d15e64843733709221e711f933f2c1bb9f6701e6a0a,2026-06-22T15:58:16+01:00
684286400,72bee6ce-0236-4bec-aac7-6939fea771ec,Messor barbarus,messor-barbarus,118487,42.5022809692,3.1228798628,inat_api_benchmark,286fee08d1cb0d907d08976c37165870e965f6e7034d4ea47f4ec16637a53400,2026-06-22T20:57:53+02:00
684320737,f26ad41d-b99d-4a94-8f31-afd779b6b2b0,Messor barbarus,messor-barbarus,118487,38.6168199444,-9.1275266389,inat_api_benchmark,d270b9046268f97793264db054db54ee5c0c6051b179a2d91da05b087db7a44b,2026-06-22T21:01:47+01:00
684611003,a2c24867-e6f2-491c-88db-c0da16d2ccfd,Messor barbarus,messor-barbarus,118487,37.4397910939,-7.739030606,inat_api_benchmark,651ade3b0b872a3fa6be679a2d50748cbc5c65e02b1b2a7fdb8fd0f4840c245d,2026-06-23T10:09:05+01:00
684625135,22d054bb-16de-4c55-82dc-1e479c08f8fe,Messor barbarus,messor-barbarus,118487,40.480078464,-3.7325198203,inat_api_benchmark,62c72d8bac16b2be493843d2d5d89b36f5f3e2f553eaa95fc8ddf99e319faf40,2026-06-23T11:37:36+02:00
684625200,59e2cb2f-e239-48e7-a269-c7e8a02e6060,Messor barbarus,messor-barbarus,118487,40.480078464,-3.7325198203,inat_api_benchmark,dba3d40f76e981ee84a15a89b350b5d6c14a0519609f819ee95fedf145469a2e,2026-06-23T11:37:51+02:00
684669759,91062c64-884c-4634-b7f4-3e53766a6b01,Messor barbarus,messor-barbarus,118487,38.3286845146,-1.0961725563,inat_api_benchmark,4a914848c9585013043cbda869d161e78d9c8589126e7066cecda91248eab261,2026-06-23T14:06:26+02:00
684691848,47e19b48-37ab-4108-9d6d-721f5e65fcca,Messor barbarus,messor-barbarus,118487,43.342820534,5.0609950721,inat_api_benchmark,057757ce424e38019851db2b6ec0f6b2383545f07c14afbd17522b48b9aab317,2026-06-23T15:26:01+02:00
684816148,e5cfc1dc-c309-4b16-8373-990115e4e9a9,Messor barbarus,messor-barbarus,118487,36.6174895703,-5.4532206511,inat_api_benchmark,583cde9a5e58f86c4f179e3189e6a9ebe77cffa79a1a3948eb025e02223fcee7,2026-06-23T22:39:58+02:00
684980270,28ae984f-8bf6-4c7b-b5fb-3da263bbe257,Messor barbarus,messor-barbarus,118487,41.5016503,2.1087699,inat_api_benchmark,5af44fe23205477ac4a70ec72bfc8efafd985e44c0c59b655626522ff2d542dd,2026-06-24T00:10:31+02:00
685483959,09181704-4fbb-4185-b776-2b3b689d591a,Messor barbarus,messor-barbarus,118487,43.6324157714,3.8634884356,inat_api_benchmark,915e1abcd4751e52e3d84d3fa51d3fcd3cb22cbeb95f175fae5695d171ea57e0,2026-06-24T21:06:47+02:00
685490648,312b6b94-832d-4ef5-9abe-94a34db26fc3,Messor barbarus,messor-barbarus,118487,43.2267916667,6.1623388333,inat_api_benchmark,49ae17350ae5b36b95c315a9b4f46a4fd297cfa0d90bbbce49fad7c6e60b81ac,2026-06-24T21:19:09+02:00
685512500,fb38e6f6-64cb-4763-ab77-effcdbff730d,Messor barbarus,messor-barbarus,118487,43.7708958997,3.7897397997,inat_api_benchmark,a2e12f738d32cdcafcc4d14a8f9d1353d6ca469792bb742ef42e36a906798ed1,2026-06-24T21:54:37+02:00
685553953,2b98f658-2833-46bb-bb5f-d71996cf7938,Messor barbarus,messor-barbarus,118487,43.6884481391,7.2077557817,inat_api_benchmark,b38803dd6194fc7e63612ce11c4217901a4e9c15baf8076b2f3f782f16a18e87,2026-06-24T23:13:28+02:00
685844543,1b148a99-76bb-4489-ab06-4e7097c8bfed,Messor barbarus,messor-barbarus,118487,37.3198371,-8.7957995,inat_api_benchmark,a63979e1e98b7a58dfb334c3806492d814f0a0e2211a6cc07ecf1170701989e0,2026-06-25T11:41:23+01:00
686045658,3c701dcb-a2f0-4173-bcdc-74ecbf508a27,Messor barbarus,messor-barbarus,118487,43.1229728798,6.0915171225,inat_api_benchmark,8cf3d35b4bfa7e7f652d06c69dbc89ed91520482a6cb4025a83de868d35d437a,2026-06-25T19:56:26+02:00
686067096,553ac7fa-31e0-4ea8-8b8b-600074a739e7,Messor barbarus,messor-barbarus,118487,41.984689,-1.6557379722,inat_api_benchmark,dda450e608f30595fe4fad813ac5ffd2ce5ef16f6b5355b14ffbf1a8ed09af26,2026-06-25T20:32:17+02:00
686421845,be3ab0da-0811-4a83-a704-d86519a6b073,Messor barbarus,messor-barbarus,118487,38.58984375,-8.839969635,inat_api_benchmark,cc1abee9072e2cf939355e9054f74a4ab1b4069b41c5f56f6d106886396e38f3,2026-06-26T10:56:29+01:00
681834086,8ae0e10f-efca-43fa-8162-0bdb4cbea291,Myrmecia pilosula,myrmecia-pilosula,122515,-41.2974337311,148.2033096626,inat_api_benchmark,babbfe9c0511782d3fa1d1dd82e07ae1e138adbdfef5cb33127423fc6cd1e883,2026-06-19T10:56:18+10:00
683267470,19ab8d21-3770-4138-b1b4-8d92fb2edd85,Myrmecia pilosula,myrmecia-pilosula,122515,-37.3156,144.0498138889,inat_api_benchmark,b9cf35c9520229c895dcd03849a5a061e93cbfe2089ba30a28309318d7c13674,2026-06-21T18:03:52+10:00
683894503,ae46c432-9d37-4952-ac9b-f17f1994e55f,Myrmecia pilosula,myrmecia-pilosula,122515,-38.1374239902,145.2753879737,inat_api_benchmark,d0c788e68a4938ac67e1dac24bf3b5f8b7144bc3a52c8497b65e82732a52c9c5,2026-06-22T13:03:31+10:00
685666836,82284988-92ec-4a0e-9cfc-316e1cf13600,Myrmecia pilosula,myrmecia-pilosula,122515,-34.95029,138.67735,inat_api_benchmark,6dc980a79f1870b5845e87af7816eac207b27010433644f5260708709ef5faf2,2026-06-25T11:05:02+09:30
686414419,dc6b5ecc-f707-41ea-89f4-cc123c815e09,Myrmecia pilosula,myrmecia-pilosula,122515,-37.5116615278,142.4216461111,inat_api_benchmark,025ae6eaf0bafb20bc9f1fda9ebf63f0f78a2020e4c404b3f9b2199c3407739c,2026-06-26T20:08:13+10:00
691217651,de914555-b51c-4344-bb17-f83112b471df,Myrmecia pilosula,myrmecia-pilosula,122515,-42.88131,147.3074116667,inat_api_benchmark,3b29e869c2c87d3a74e4373f7139337e496332d6e0e4297ee488fbf470e615c0,2026-07-04T17:59:12+10:00
691218121,c9b1a1ba-d085-4978-8cae-da278aedf36b,Myrmecia pilosula,myrmecia-pilosula,122515,-42.8810083333,147.3077233333,inat_api_benchmark,3ed68267e9998762efd58d0985700a8a0032f95e82a9a5b41bbb414cab1254f3,2026-07-04T17:59:13+10:00
691218300,fe13168c-a21b-41e3-be7a-31fe14bf388d,Myrmecia pilosula,myrmecia-pilosula,122515,-42.8809416667,147.3076566667,inat_api_benchmark,37efc3de899f362c8d8f92c6a1c940b88750b79bce0097caa5868dec52936405,2026-07-04T17:59:13+10:00
691218389,0f344cfc-dbbd-46e5-9602-9316ceeca22e,Myrmecia pilosula,myrmecia-pilosula,122515,-42.8806033333,147.3073933333,inat_api_benchmark,8f18b155da2f9c54269d5bfd5e82a83aa82d12ea9f96faec4df13d2bac2bf93b,2026-07-04T17:59:14+10:00
691231636,c76957cd-8c95-4921-99b2-2270deb4fcd8,Myrmecia pilosula,myrmecia-pilosula,122515,-42.88066,147.2899633333,inat_api_benchmark,676dc9211f8e5b7de8be733627a55edef33791530d6b1b7d9317338cbdd41554,2026-07-04T17:59:46+10:00
691232026,2bd726f0-6102-4f70-aaf5-2cb5d5102f28,Myrmecia pilosula,myrmecia-pilosula,122515,-42.881315,147.307615,inat_api_benchmark,fb29d7cfa66f0124a1204b3a55f270c86dcd0385b63051ef0713d3f755de6335,2026-07-04T17:59:48+10:00
691301682,662cbd1f-453d-431e-98a8-7ca9ae0157f1,Myrmecia pilosula,myrmecia-pilosula,122515,-42.8813333333,147.3074716667,inat_api_benchmark,56825f1429b07796e5f9e88a590bd1584488d4d0348322ec27817aba830769ab,2026-07-04T20:54:15+10:00
691302101,cb21d70b-1207-4533-8d05-e937610846cb,Myrmecia pilosula,myrmecia-pilosula,122515,-42.8813116667,147.3074183333,inat_api_benchmark,61e01ecc04816f85c1592b845494f67afd371bb7f40af1108ba5cb583c9f001d,2026-07-04T20:54:16+10:00
691302269,a2968e6c-b4f4-4c83-bcb8-6ed02e28f3c0,Myrmecia pilosula,myrmecia-pilosula,122515,-42.8813048791,147.3074903455,inat_api_benchmark,b671aef3fc7f0b656697902d3ea9e8ba80fab4365d2f17c1658319febeeff0a3,2026-07-04T20:54:16+10:00
691303669,d2241cd1-9c63-4841-b0ae-df16d18f18ef,Myrmecia pilosula,myrmecia-pilosula,122515,-42.88127,147.3075866667,inat_api_benchmark,5c62ff1faabe05224eb1b28dff1bb746f75bcea2e45a26f5edd83cd665a78673,2026-07-04T20:54:16+10:00
691324444,08289714-470a-4c4d-b51e-9df82cb592b0,Myrmecia pilosula,myrmecia-pilosula,122515,-42.8813716667,147.3072466667,inat_api_benchmark,a6bb351f50489a0656cabb5d62054f90c1013cfb4b18be5e8b5d2016ac43311d,2026-07-04T21:45:22+10:00
691341205,c34c75eb-5224-4fbc-b103-e93078929e4a,Myrmecia pilosula,myrmecia-pilosula,122515,-42.881245,147.307545,inat_api_benchmark,9e5677321654517b52a128ae7bd0900ea8427ed129f11660c5472dda77c244e6,2026-07-04T22:23:09+10:00
691341292,7622688a-3cc9-49b9-81e8-9da68a330e8a,Myrmecia pilosula,myrmecia-pilosula,122515,-42.8813066667,147.3074966667,inat_api_benchmark,c0ad15fd85c2e9794195d1c7a16e992b828495ec1b8b381d16fa11ca80e92462,2026-07-04T22:23:10+10:00
691783643,87649105-86ea-492d-a106-f07657830873,Myrmecia pilosula,myrmecia-pilosula,122515,-42.8808633333,147.30768,inat_api_benchmark,05ffba1efb2e29e2cd57d63307bff513d65ecd37d253280d637ef86bfb87b6a2,2026-07-05T12:02:26+10:00
691793720,33263467-bf46-441b-b8d8-75aa25dc2ee0,Myrmecia pilosula,myrmecia-pilosula,122515,-42.8806833333,147.3073383333,inat_api_benchmark,b732f45537de7f91ea89ec20c38038ab7b07f1d2b51632fe6f7c10d27566eacd,2026-07-05T12:43:28+10:00
691793391,7876991a-885f-4136-8afd-212d6bdb2aeb,Myrmecia pilosula,myrmecia-pilosula,122515,-42.880625,147.30731,inat_api_benchmark,adc49ff7174c46d23d4afa709237cd1da1b164704dfc00e2c228701974f79ddb,2026-07-05T12:43:28+10:00
691793970,91c19746-f79e-4263-a018-94242045cf5b,Myrmecia pilosula,myrmecia-pilosula,122515,-42.881205,147.3074183333,inat_api_benchmark,e258d567cb58b148e4feab7de0b22a090832fa5ad4cd6872f20a50e111743f7b,2026-07-05T12:43:29+10:00
691819637,dddfc2db-0679-4914-b8b4-4b737f5f363c,Myrmecia pilosula,myrmecia-pilosula,122515,-42.8812866667,147.3074533333,inat_api_benchmark,ced61a4d344483888ec294f9b98f6a69313a3475073d772244b12e14345094ec,2026-07-05T13:50:06+10:00
691839047,33ef9558-c30f-4293-822c-825776c5be63,Myrmecia pilosula,myrmecia-pilosula,122515,-42.88087,147.3071566667,inat_api_benchmark,d432e3d0046949f688f019c86cddaa0b995ead0ed33d1a6ed5fe435ab38c2991,2026-07-05T14:23:23+10:00
691839204,6642fe63-7aa1-40ae-87bc-1eafb4d23661,Myrmecia pilosula,myrmecia-pilosula,122515,-42.8811983333,147.3074533333,inat_api_benchmark,ec75bd9fa1c61659305fb87e77f3768af437e420b4f5f54216ba1d9688b373d7,2026-07-05T14:23:23+10:00
691847184,20d1dd70-35ea-40d6-a5d1-e97ffdfc8ce3,Myrmecia pilosula,myrmecia-pilosula,122515,-42.8808916667,147.3072383333,inat_api_benchmark,e49de940657e08200ae879ea17d4357510cdf805448f0e207fd1987a460ca1ed,2026-07-05T14:52:25+10:00
693283677,de2ab093-d5b2-45c5-bf0f-0f8308b6bcc7,Myrmecia pilosula,myrmecia-pilosula,122515,-42.881565,147.307355,inat_api_benchmark,f9060a8174e5f76d8bc055d088da1334fea39fb50a6c3ae7ca762b13cf8d3357,2026-07-07T21:01:20+10:00
694391961,380aabb8-4a9d-4427-af10-a6bfbbfd37db,Myrmecia pilosula,myrmecia-pilosula,122515,-35.00841945,138.6675416667,inat_api_benchmark,af00e0c8d1d3063f59ef3c441d7ebb44f02c5c338c789cb7d99ec8a709dcb1eb,2026-07-09T15:10:37+09:30
697624759,6496825c-b787-4e49-ba1f-9513e81d4e24,Myrmecia pilosula,myrmecia-pilosula,122515,-37.9500034245,145.3506053276,inat_api_benchmark,136d3652dcb0defa217af69a194d860cb0c2077af0d5fce4da969d1309fbefbc,2026-07-14T14:38:12+10:00
698254597,a98782fb-8097-4da9-b160-6f7ef979130f,Myrmecia pilosula,myrmecia-pilosula,122515,-37.76304592,145.2084388257,inat_api_benchmark,40dbbbdc008691c08b4e85bb8b69ca82105d2e7154550fc7ba94e3876df77942,2026-07-15T16:21:49+10:00
698967417,2d57adc0-33a0-4561-aafa-0c21e07d5447,Myrmecia pilosula,myrmecia-pilosula,122515,-37.5951173,145.2815861,inat_api_benchmark,e9f8396a63a0b4e1df321984e8969a4716189650ec8bba6447115c7de9754cb7,2026-07-16T23:23:14+10:00
699440029,fa142dac-9fe8-447e-add7-71b951baf82c,Myrmecia pilosula,myrmecia-pilosula,122515,-37.5318538114,143.9931954582,inat_api_benchmark,8eb734eee7d0d9a3f890abcacec2e070c48f9b548fe9afaa1da603a24b342ccc,2026-07-17T18:02:17+10:00
701369761,4a57a6fa-1b35-4673-bbd4-6bc8deaed6dc,Myrmecia pilosula,myrmecia-pilosula,122515,-37.9406519444,145.2912875,inat_api_benchmark,2406d9e809a4c67f89944c22047d0b9ed51ec2369b2056f1bb3114160eba0006,2026-07-20T16:28:16+10:00
701441594,e4f9b1b5-3ba8-4a16-8d62-53d52af610bc,Myrmecia pilosula,myrmecia-pilosula,122515,-42.8810983333,147.307335,inat_api_benchmark,41981ce7f75804f1577c978092dec7cde77e360c4071381b84400999eb0d8309,2026-07-20T21:57:21+10:00
702556708,b319e08c-6378-4216-8cd9-fa43c58b54c2,Myrmecia pilosula,myrmecia-pilosula,122515,-40.7783571667,147.9511592619,inat_api_benchmark,466c8621acf92210aec5a33cf3bea474c9f1d3da62c7f62a7afdffbe905c42ba,2026-07-22T14:03:53+10:00
680090289,2685155c-acdd-42eb-b42f-3986eb44a6c5,Myrmecia pyriformis,myrmecia-pyriformis,711955,-34.1406529071,138.4218797833,inat_api_benchmark,e772e8fe2eb9a0e73a1bb323efc5161d57206ce04ee4565fba85b54b2d60dff4,2026-06-16T13:48:15+09:30
680191698,b721c2bd-3acf-4707-bf80-7bd4c5ad1d4a,Myrmecia pyriformis,myrmecia-pyriformis,711955,-35.1905054742,149.0829665959,inat_api_benchmark,2cfa5597aff6d9ed0b7cb0bb61722b1cb5640076077fe1a9188464331a68a318,2026-06-16T20:16:56+10:00
680709764,31ae18fe-0098-4b9b-b382-4533d718f799,Myrmecia pyriformis,myrmecia-pyriformis,711955,-36.3750344137,142.2590268983,inat_api_benchmark,86018e936393211353d5006cfee4fcdb2646c5a980c0ce7ec84466c47525ad78,2026-06-17T14:20:19+10:00
680715559,ecf5db9b-fd63-48f8-bf95-568255793d35,Myrmecia pyriformis,myrmecia-pyriformis,711955,-34.1580922316,138.7518434448,inat_api_benchmark,1010756d86acf9fed0e3399b66837e7624023de537df05abeff2ddeff2e74e91,2026-06-17T14:09:37+09:30
681194677,40f8a050-51bd-41c6-b0c0-7834ee1fbe06,Myrmecia pyriformis,myrmecia-pyriformis,711955,-37.7940947809,145.1848534154,inat_api_benchmark,bc3fddf0283d70aa4b3cd105f132f5e4f3d75b93865455ccfcef648c3bc9088d,2026-06-18T09:05:01+10:00
681382469,b7a7da0e-4511-4e96-b01c-a140623431ea,Myrmecia pyriformis,myrmecia-pyriformis,711955,-38.116,145.176933,inat_api_benchmark,23177f925fb7c9bfbbc2dece5ae70a979eb4cc4228b95d56d852984ba5749a9b,2026-06-18T19:02:49+10:00
681968172,641bb123-9144-4adb-a83e-cb9104333bf4,Myrmecia pyriformis,myrmecia-pyriformis,711955,-35.8042217371,137.3316926717,inat_api_benchmark,e89e43ada5cafcc5acc7d632a896208855d21efb922a41dd1cb0bfcf86414cc9,2026-06-19T17:28:02+09:30
681975992,89f5597b-4d0e-4457-805d-c090f32f23b5,Myrmecia pyriformis,myrmecia-pyriformis,711955,-37.6865700214,145.0412018233,inat_api_benchmark,dca5946cd12863c2c8040627006c56704e90d42db96bad55e3e5855a324ef4c0,2026-06-19T19:04:10+10:00
682541974,7ea94a4b-97cf-4dc3-a418-13204f5c3fc4,Myrmecia pyriformis,myrmecia-pyriformis,711955,-34.9221848309,138.6536349771,inat_api_benchmark,e7b0b860864057b719f625abb29ae1c481c16c19cb0b7b104f577982ddf137ec,2026-06-20T15:44:19+09:30
682566276,4b16fcc9-d296-4614-9ea4-a76295509f6d,Myrmecia pyriformis,myrmecia-pyriformis,711955,-38.3322600148,143.5912327079,inat_api_benchmark,ec6d7df7f0d666edd526e7c62b0ed38702ad773af637e83383a48fa46ccdd5b8,2026-06-20T18:17:12+10:00
683135765,cfcc1a19-19cd-433d-99f2-f8cc6107143f,Myrmecia pyriformis,myrmecia-pyriformis,711955,-35.0681900316,138.583836167,inat_api_benchmark,d0403cde962a0e881bb80724c58514440d751d1c60cb7072f90f3e9f858cc29d,2026-06-21T11:35:13+09:30
699937700,c83ef618-68a0-4807-af6b-1ffc60fc67bc,Myrmecia pyriformis,myrmecia-pyriformis,711955,-35.217497231,149.0493900329,inat_api_benchmark,2eae13d868abeb462b2aff9c6e5be6a5d6de6b46f35dc614b88be7afc79db5dd,2026-06-21T14:23:56+10:00
683348410,bc5074d2-f889-454b-8448-3a9c9ccd0e45,Myrmecia pyriformis,myrmecia-pyriformis,711955,-34.8710460981,138.7164410703,inat_api_benchmark,22df289603b5173429611a5e37d82a61bfcf3adbc6329d343c36f5290a27e760,2026-06-21T21:17:03+09:30
684043236,4c6f8274-b324-40ff-a4c4-347272233c2e,Myrmecia pyriformis,myrmecia-pyriformis,711955,-37.7847459008,144.8775834352,inat_api_benchmark,a148441173bfcaf1d677d9392a2001d77c75c6656228a0e0fe6f24c1124e5296,2026-06-22T20:54:22+10:00
684069925,efff597d-97b3-443e-8865-551ec08b2db1,Myrmecia pyriformis,myrmecia-pyriformis,711955,-37.708572,145.073746,inat_api_benchmark,21036338b71c107d88c77eaa9796257a1163b3fed1b88d9db16912d43fd762ad,2026-06-22T22:47:47+10:00
684084607,79f33b3b-347c-4b1b-bc70-a8c89bb247df,Myrmecia pyriformis,myrmecia-pyriformis,711955,-37.70837,145.071335,inat_api_benchmark,49ac7c873ac05c801e1c8209e1b6c29abbb7b5def9d3a378a8ee25f1a0c8e1e0,2026-06-22T23:07:26+10:00
684084665,88953d82-2fd8-4771-b561-f9592334fb1e,Myrmecia pyriformis,myrmecia-pyriformis,711955,-37.70837,145.071335,inat_api_benchmark,5d5c65d8e8339d88d70642d4c7dd18158718f1aa814dae6a3d31afb69c836582,2026-06-22T23:07:33+10:00
684085005,40ce199d-0550-44f3-aebb-138c598ead3e,Myrmecia pyriformis,myrmecia-pyriformis,711955,-37.708454,145.070633,inat_api_benchmark,40dd621d5086da3a0a62215977b72e8a3604bf7660664214a0a084bc0ba8b06d,2026-06-22T23:08:42+10:00
684085088,57c928d6-f85a-4f80-a3f5-254f2177176b,Myrmecia pyriformis,myrmecia-pyriformis,711955,-37.708286,145.069336,inat_api_benchmark,ca5fc72f080d3a3e0b45f3fb7f139d8bcf2c8a3f7a10f6745df77dd56f5690a7,2026-06-22T23:08:54+10:00
684456503,c2f55c22-ff14-4944-abc7-775032541be1,Myrmecia pyriformis,myrmecia-pyriformis,711955,-35.7516018942,150.1605564923,inat_api_benchmark,a255ea7a43c0756caa1b16d7371d807f0848749fe4fefb7b65415910cef995f3,2026-06-23T10:56:39+10:00
684571270,caa706d8-d932-455e-998d-4d18be4dcd74,Myrmecia pyriformis,myrmecia-pyriformis,711955,-35.6920585692,137.5655187303,inat_api_benchmark,852baa10484a23089aaf742e5569958cd59e1f0e004136899992a28ced31e945,2026-06-23T15:45:27+09:30
684571311,d7ca2180-88ef-4c43-8e39-2e8756d1deec,Myrmecia pyriformis,myrmecia-pyriformis,711955,-35.7784063877,137.5608886844,inat_api_benchmark,896309cd29280e26e477076b1298ddd7a4dcb275935b38399cf7fe47217f940d,2026-06-23T15:45:27+09:30
684571342,88b8b329-1766-41c7-b918-32b8fb4fa88a,Myrmecia pyriformis,myrmecia-pyriformis,711955,-35.612077219,137.4784389402,inat_api_benchmark,ace763b0912789bc4a60f5deab4b0dd35d5cfb3db45f312942edd657b4ddba73,2026-06-23T15:45:28+09:30
684571390,505b396f-b77f-499e-8040-dc4c0b943794,Myrmecia pyriformis,myrmecia-pyriformis,711955,-35.732449324,137.4586828156,inat_api_benchmark,ca284a5c86f67ca9a4df6e7f378defa63143a8e2834ab85d4d64a23d45090381,2026-06-23T15:45:29+09:30
684571671,4e096230-0476-43f8-8458-91ecaecda972,Myrmecia pyriformis,myrmecia-pyriformis,711955,-35.7553666035,137.4916651599,inat_api_benchmark,014e24c75a9c483473e8640ddff5d6e88ccb3eb681e2f9636b72ca803a0376fd,2026-06-23T15:45:32+09:30
685089599,14fc571a-6c39-4c6e-9690-5e6455179aad,Myrmecia pyriformis,myrmecia-pyriformis,711955,-37.4385374587,145.1704753046,inat_api_benchmark,ad621105f504bc97f7f5ab5971ff4c717fffc6fe3988c4a2790a3ffe634810e8,2026-06-24T12:11:23+10:00
685328318,74749e30-e91b-4390-99fa-a7f08abf2208,Myrmecia pyriformis,myrmecia-pyriformis,711955,-33.2611866667,149.0963208333,inat_api_benchmark,9681affaa74fcf133d0d59a280398fd5412bbfc9e3af9ee1cd837b1b9ccd4730,2026-06-25T00:23:56+10:00
685348709,391eeb21-c928-431b-880e-6d4cca7ac747,Myrmecia pyriformis,myrmecia-pyriformis,711955,-36.7108216667,144.26567,inat_api_benchmark,10f92c1c17cf01e3787e0bacd7f1aa557cc2b1f6f976f329fea5858d74cbc781,2026-06-25T01:01:13+10:00
685873902,12a7a803-a4a1-4fe0-9740-a4f0c0b152ef,Myrmecia pyriformis,myrmecia-pyriformis,711955,-35.0305528333,138.5756833333,inat_api_benchmark,a4c721710b7410ca3ac16154a9987834117a3e21e3062eda0a70352b67eac20b,2026-06-25T21:43:19+09:30
685874934,c1061cc5-857e-4379-9033-3b036717764e,Myrmecia pyriformis,myrmecia-pyriformis,711955,-35.0293055,138.5718083333,inat_api_benchmark,9f52aae5f86950e71572f2bb596c07b33ef19817200b2da3ec4e871b1b5aa8c6,2026-06-25T21:45:50+09:30
686142050,9d3e4946-3c59-4d1f-a828-e6301904b896,Myrmecia pyriformis,myrmecia-pyriformis,711955,-34.9690133333,138.633745,inat_api_benchmark,cbc20aaf22fd52e841df43886647b393c9c797b85a8ed59862678a436170359c,2026-06-26T06:23:36+09:30
686408417,623439e1-0b8d-48c0-9f1b-3ed50696b2a4,Myrmecia pyriformis,myrmecia-pyriformis,711955,-37.7937199557,145.0159451811,inat_api_benchmark,297c9f5fa08ad47d2477c4719f868f159f312aba116012ee9fe76c42ffcbf686,2026-06-26T19:20:02+10:00
686947548,fac7c765-b0fc-4d9b-bf54-5dd44279202a,Myrmecia pyriformis,myrmecia-pyriformis,711955,-34.9918416127,138.6538640467,inat_api_benchmark,876fedec93d342c7633107c4f7785ba8969df477d171b4f8d4f228e5e1a93437,2026-06-27T15:58:48+09:30
687612598,1b3decc1-0521-40f1-823c-c05d8605cb32,Myrmecia pyriformis,myrmecia-pyriformis,711955,-35.2824584542,138.9606129392,inat_api_benchmark,2f9826c2d932e94e603c2303f6b75818a8a5bf89114b8d71331b30ada3d58d54,2026-06-28T15:21:32+09:30
687636535,7911ad26-bdc9-4ede-ae7f-707f29ef65bf,Myrmecia pyriformis,myrmecia-pyriformis,711955,-30.0885603076,151.7766678706,inat_api_benchmark,064cd113066aa506a00954f7c9c8dff82b54a2edf9274840a58b23eb826d14c1,2026-06-28T17:09:24+10:00
680190827,d49650d4-868c-49b0-acf9-9f40a99856f1,Myrmica rubra,myrmica-rubra,119172,57.8275983333,41.4518733333,inat_api_benchmark,1f7c31618d5ab72e1ced17c0deb7bd55ff0a85d8a69536074151ce95219faa5e,2026-06-16T13:14:00+03:00
680472589,6977b5d1-1390-4037-8f5c-7b7bfee5cf3a,Myrmica rubra,myrmica-rubra,119172,48.806907,24.329629,inat_api_benchmark,2f0a196ad1053a388b6f5587668c64f4555583005f9e801999e0dabb29d9b7e3,2026-06-16T22:43:59+03:00
680727492,5cba1874-01ed-43ad-9067-ab0b9466ff68,Myrmica rubra,myrmica-rubra,119172,47.6572271,-122.2880286459,inat_api_benchmark,a59937d36274bf102ba691f54acbaaa9332c5310f1a40ed8e0842fa784f6b66b,2026-06-16T22:18:15-07:00
680756527,e068e7e4-13df-4a3b-b46b-6dd0f446d535,Myrmica rubra,myrmica-rubra,119172,49.9696412626,36.146819123,inat_api_benchmark,e8122401c1c3e07ecfe08a083dad3a73500c3c62af6af3f5ceee6a7be9c12291,2026-06-17T11:03:51+03:00
680925479,4b4a5e2a-726f-4c2d-b7b5-9a8846d73bd9,Myrmica rubra,myrmica-rubra,119172,43.7351602405,-79.2348495677,inat_api_benchmark,c25660e73a2e970df09582bad491910df3f9057eb6dc27c07d15bc1c9fd9b9d3,2026-06-17T10:57:41-04:00
680940490,22f3a639-e4ce-48b9-8ba5-19843f73dbe3,Myrmica rubra,myrmica-rubra,119172,50.8999847856,6.080713886,inat_api_benchmark,f8ecb2dbbd3199b65514c38a456e70f0e6e14d418ae090a31ff8b31b26da25ac,2026-06-17T17:26:11+02:00
680951274,4164469b-da32-4446-9ec3-18b2196e41d6,Myrmica rubra,myrmica-rubra,119172,49.410978,8.7171868997,inat_api_benchmark,e679f71b20834e9f96af30afc452522f8e56a2c6cf3cd191aa098d7db7288193,2026-06-17T17:44:25+02:00
681103438,3f31c4ed-4c6c-4309-bbfd-a7a758402750,Myrmica rubra,myrmica-rubra,119172,48.7092246289,9.2165212906,inat_api_benchmark,dee3937328abdcccb6bd7c500d350380e7cde80b4c4269094414b36d594e16c9,2026-06-17T22:17:00+02:00
681124354,4104bbfd-ab33-401f-bb3a-f3172f67d621,Myrmica rubra,myrmica-rubra,119172,44.1216808781,-78.4400268707,inat_api_benchmark,0f53607e51c3d24be46e2b2f90b7465d5abda7b476b7b82960de78be1904edd3,2026-06-17T16:49:38-04:00
681349960,70b345d1-fb62-4b4d-8ae0-708739bff7b9,Myrmica rubra,myrmica-rubra,119172,48.308225,24.833504,inat_api_benchmark,4502d9de4d033759c8e4af1aea6b82184a43131a35133c4192c3a76f2a0d6959,2026-06-18T08:47:20+03:00
681606843,42f4a580-8e8d-4ba4-b11e-e7d0cbe46a1f,Myrmica rubra,myrmica-rubra,119172,44.5495452881,-80.4663314819,inat_api_benchmark,4f830574b0ad2fb330bd4d7e864d382c301c05b5112861bc1910f6e9a9f3048e,2026-06-18T13:15:09-04:00
681643806,fb943ba0-2901-4c01-9e01-586c157e8cb9,Myrmica rubra,myrmica-rubra,119172,43.5787073419,-79.5723861342,inat_api_benchmark,9cc5eb104587489d81ea54f68d1f02355e88f5d4df2771e0e95df5d2b980a4e0,2026-06-18T14:21:54-04:00
681644662,b5d4f9fe-6918-4ccf-a698-4743d8f40364,Myrmica rubra,myrmica-rubra,119172,43.57925,-79.57273,inat_api_benchmark,2763cddfb959eb100e3119fef4f7d7135393bfc6f556ec237fc3371634913939,2026-06-18T14:23:53-04:00
681645940,fb8a92fd-c6e6-4b74-a1b9-1d0a9820474b,Myrmica rubra,myrmica-rubra,119172,43.5801866667,-79.5739583333,inat_api_benchmark,f4476fd43719f233295ef16c1fb74bc9b3830ff2a9c5b0025cf8d90c26cd81e8,2026-06-18T14:26:33-04:00
681646299,22c96e3c-09c3-40c8-9234-d2f2618926d9,Myrmica rubra,myrmica-rubra,119172,43.5803840984,-79.5742188967,inat_api_benchmark,cd182623c6e234c893a5de2bb5df36c7640a8b4999e2db6c5be934d4a6704d07,2026-06-18T14:27:14-04:00
681647265,cbcd372e-2dc1-4628-83b6-a0920d86f6de,Myrmica rubra,myrmica-rubra,119172,59.702966,30.4232700997,inat_api_benchmark,9ecd1f734b75230762115a8672c2346fe3994055e44a9b44642dd923cfafab78,2026-06-18T21:28:34+03:00
681675183,e8ee4fa7-6e6d-40e0-bdfe-2b91146bfc15,Myrmica rubra,myrmica-rubra,119172,54.1971542272,37.5495721537,inat_api_benchmark,1576c54b52fcde619eb494a06835df5b73199952cc954f75e926d021c46eba29,2026-06-18T22:26:08+03:00
681692484,8e90b20b-bd7f-474e-bfce-7904f0562af7,Myrmica rubra,myrmica-rubra,119172,54.1733547664,10.564369909,inat_api_benchmark,626e79abfa3194f46915ff31ba1cc65f8a3ce88f273105a86214e41f3373cb16,2026-06-18T21:53:34+02:00
681789403,abce20b9-4b4b-4416-8ae8-a3f777c9bfd7,Myrmica rubra,myrmica-rubra,119172,51.0263777778,3.7689333333,inat_api_benchmark,743cd41d946743950384c7a5f9b13403c8994161998643537a19e3bb677ac5b6,2026-06-19T01:08:26+02:00
682066554,d41b9e00-981c-47ef-9ce7-0a068032f763,Myrmica rubra,myrmica-rubra,119172,46.9443169623,16.0801771584,inat_api_benchmark,5f004aef753c04430829d9a03ee9011b36c9d71a6ddb66d89dc75e411eb2aefc,2026-06-19T15:19:23+02:00
682070204,18ddef26-b66f-41d0-a471-9d4a3ecdc857,Myrmica rubra,myrmica-rubra,119172,46.9443169623,16.0801771584,inat_api_benchmark,b04c2946c50dbeabd6f6e3c999e8d1bd8fdd2e5b82de3f1f50b26f8855d6b1ce,2026-06-19T15:27:50+02:00
682169967,7eef47bc-8c0f-4ca3-9f1d-356987ca1464,Myrmica rubra,myrmica-rubra,119172,43.651744252,-79.4612826039,inat_api_benchmark,50c3beb52e59570f78365bc4d32206f82fc39ee590af0b7b18ac39eec54277c5,2026-06-19T13:24:39-04:00
682250995,ddbbf2a7-4959-4340-b836-f8a5badc1078,Myrmica rubra,myrmica-rubra,119172,54.1967336753,37.558603026,inat_api_benchmark,f0556772f272885972790b3b969d12133a8192bf10a37005f03bb401f41f840f,2026-06-19T22:16:51+03:00
682269005,115af5ea-3e9f-4358-b33c-4927c7c49995,Myrmica rubra,myrmica-rubra,119172,46.4585129995,10.4248743877,inat_api_benchmark,9ee41bbbf3e73098153c52fa301f503f6ffc4a6c6975a3b10b526d61fda645fd,2026-06-19T21:48:00+02:00
682595506,dd463d95-90de-401b-af18-c1e437a94acd,Myrmica rubra,myrmica-rubra,119172,46.4585129995,10.4248743877,inat_api_benchmark,4402d5be5887f4455af92f3010aa63862261cb18f47b43a3b3a3e67f1f11efc0,2026-06-20T11:10:11+02:00
682603814,2e263e57-af8e-4aa6-baf4-e618ccc2da2d,Myrmica rubra,myrmica-rubra,119172,46.488025,13.4909866667,inat_api_benchmark,b2e1e3323dfc906c99d6abe8c656b7c5e420a6bc95d68457dafdd10a2605bcb9,2026-06-20T11:38:49+02:00
682847594,35b82786-2b1a-41a2-8c6f-b14fe19e335c,Myrmica rubra,myrmica-rubra,119172,56.3706663797,37.4706064308,inat_api_benchmark,e1426ae6013b9f8b3ad60a85daa50a62bc9d0975056dc68300743696f3c7a971,2026-06-20T20:38:31+03:00
682963783,a1703633-8677-457b-8529-623500a98878,Myrmica rubra,myrmica-rubra,119172,42.5628499089,-0.5936252556,inat_api_benchmark,00f2d0036d2775363e2d397449fc67502c851710c3ed470c81227f162fe9bfe0,2026-06-20T22:51:08+02:00
682991485,a84f5603-6c34-49f0-a743-30af8d901a1d,Myrmica rubra,myrmica-rubra,119172,48.2898066402,25.8931726157,inat_api_benchmark,4e3d7b31bdcc62ab2c86804518fff5cd035e96696e6f7e99c08172fb8b3537d7,2026-06-21T00:22:35+03:00
683005331,c5415c1f-1104-4c3b-963e-77cc3ade9b7a,Myrmica rubra,myrmica-rubra,119172,42.4696694444,2.5726861111,inat_api_benchmark,fba416e93aaa9e3520824d0b610c8611e5b2519ef0b4bdd9bbb936eb20c570f4,2026-06-20T23:44:40+02:00
683245700,7cc4f6c3-2735-44a1-8628-f5b2d6c608fa,Myrmica rubra,myrmica-rubra,119172,49.1845799722,24.447099,inat_api_benchmark,4e999502badf7e26fae8f65772bc665162dccac32be604d1b260343c06ecd3ca,2026-06-21T09:55:47+03:00
683266918,1013a3b5-3344-48ed-850e-f0096ea4f1ec,Myrmica rubra,myrmica-rubra,119172,59.8308183549,30.1294041619,inat_api_benchmark,c3a1d846c4829f86d4e13f6fad2a399f1e766e07ee5bde41e9ee61cb688923dc,2026-06-21T11:02:55+03:00
683646671,89e4c88f-076b-4ef5-924c-4f7e4c81263d,Myrmica rubra,myrmica-rubra,119172,55.2794533506,42.1739343133,inat_api_benchmark,80962c5e94a1634e2957a1e0a7e600591388ab8e22c20424aa9ebed92d535ba9,2026-06-21T23:10:48+03:00
683703884,1ff49de9-7a0d-4e22-b3cc-9748f9cfe6f5,Myrmica rubra,myrmica-rubra,119172,56.9773860556,43.1431749444,inat_api_benchmark,3d4dda42edb6b129fdb565db266b400f0c317448ca221bbd53e3eedd8e13a833,2026-06-22T00:11:59+03:00
683757914,f58dae13-4d47-4270-9cb8-29026c3f63e2,Myrmica rubra,myrmica-rubra,119172,60.6645127718,39.6488462274,inat_api_benchmark,6aa862b4d237a4be71c4469b49cf53d5d037516486f14bd2a67e4610f381c170,2026-06-22T01:51:26+03:00
680715910,1f532169-bc6f-4024-9bf3-3b215b02351f,Odontomachus erythrocephalus,odontomachus-erythrocephalus,321869,4.4504813449,-75.7917209342,inat_api_benchmark,54700d5010c84ac2fc84b1bc493298851eb3970128b84e0279e453b76a7eb9ec,2026-06-16T23:40:23-05:00
681324937,46926964-3aa4-4afd-ade7-88d7c0641929,Odontomachus erythrocephalus,odontomachus-erythrocephalus,321869,4.4553375336,-75.786421895,inat_api_benchmark,459267dd6f8610a08693af81e2ae25210bdf5178bdd32895aade4c4bfaf69820,2026-06-17T23:12:45-05:00
682418277,a7da3fe1-7dd7-40f5-be18-42602efdd59a,Odontomachus erythrocephalus,odontomachus-erythrocephalus,321869,4.4553472272,-75.7864074782,inat_api_benchmark,b32eb91d6f6f051327f44659f99d1fa60332841b5dc9ca0da3b09d36b5bdf5b3,2026-06-19T19:44:28-05:00
685368892,3a059151-f2c5-42f4-9f4b-34820200339e,Odontomachus erythrocephalus,odontomachus-erythrocephalus,321869,4.9004505361,-75.7849969059,inat_api_benchmark,e6dfbb6c01801eb9945af2e1be7e0f1d7ab4b67ccd355656b215d7541c11361a,2026-06-24T10:41:19-05:00
692576642,58489c41-c8a1-413f-b562-871bd05f1da5,Odontomachus erythrocephalus,odontomachus-erythrocephalus,321869,4.6862871573,-74.490139385,inat_api_benchmark,0aaac0c90069ebcc7cec5a1d03f587441a7b6bad1736da796e9dc7a79f1b20dc,2026-07-05T22:11:05-05:00
698179034,f4165c09-2156-49c1-b524-6c051d0e96aa,Odontomachus erythrocephalus,odontomachus-erythrocephalus,321869,5.3235821997,-74.8579754,inat_api_benchmark,59851336a2460bcfb0f138dc2e09bf355a2ffe3c86cbfcd4b0f1b77a77a1d34f,2026-07-14T17:51:35-05:00
699961229,e2302af2-11d4-41ed-8276-ed53abac12f3,Odontomachus erythrocephalus,odontomachus-erythrocephalus,321869,10.3826383333,-84.6137166667,inat_api_benchmark,59c27cf504bc24ff5e1d05d5f24f132c77fab586d1eda48a8edc9c60ddf2c5ee,2026-07-17T22:20:07-06:00
701919036,9d037c97-94e9-4bf9-9144-1f791a720427,Odontomachus erythrocephalus,odontomachus-erythrocephalus,321869,4.4502650753,-75.7919264585,inat_api_benchmark,54092c4b44e3f708922c7a834be901836345bc1d7c19a0416d4b453ce1c64a8e,2026-07-20T21:39:12-05:00
703050546,01225129-86ef-4e29-aae6-7f4549fd009f,Odontomachus erythrocephalus,odontomachus-erythrocephalus,321869,5.8827394681,-76.1985925958,inat_api_benchmark,64ab7a49460a1b15ca398fbc998f93dc04ca9dc7ff4fc965ff568a1abb121618,2026-07-22T18:36:03-05:00
706874382,1dfeb88d-713a-459a-b135-a5796399522e,Odontomachus erythrocephalus,odontomachus-erythrocephalus,321869,10.4312133333,-84.0040666667,inat_api_benchmark,aa25ef38112a44c955466903e9aa0bf4d371829b209125d9eff71a74e396732f,2026-07-28T15:40:41-06:00
707590367,19ca84ea-c6ce-4f7c-bc82-c8ba13cada41,Odontomachus erythrocephalus,odontomachus-erythrocephalus,321869,4.4501754922,-75.7916062698,inat_api_benchmark,ce73985587a4ee8e9fd8087262a9b9c65c502da96d66615e451c0902851557fe,2026-07-29T21:52:20-05:00
707591603,f309c4c9-f375-4fe6-9571-95919254e352,Odontomachus erythrocephalus,odontomachus-erythrocephalus,321869,4.4501858544,-75.7915556431,inat_api_benchmark,d7c22a4663761d4e9866128d89f77561dbbda010900135483fefa93266cd6999,2026-07-29T21:55:53-05:00
707593340,4ec458c8-22cf-49d1-a1c6-2a23e18fc97c,Odontomachus erythrocephalus,odontomachus-erythrocephalus,321869,4.4501490852,-75.7916364446,inat_api_benchmark,4a7cbc83f5e69993ae669ee59ff3e62284c103755bfae435b74cfe7e43f9157d,2026-07-29T22:00:45-05:00
711762690,b64aa698-5c10-4539-9c2b-0698271f7a78,Odontomachus erythrocephalus,odontomachus-erythrocephalus,321869,6.2127525997,-75.5671509997,inat_api_benchmark,1aaa1a60edc1638edd73c65e756b0a1a85a8d29d4349e8c1b7e13d82b05d8c0b,2026-08-05T18:46:08-05:00
711813201,6c693a6c-6f4d-4c48-bdde-68c30693d1ff,Odontomachus erythrocephalus,odontomachus-erythrocephalus,321869,9.6365333333,-82.7093944444,inat_api_benchmark,13c097442421458acfdcc7946d3e88c8ccf4b9c26747a2544861a5857207f8a7,2026-08-05T19:52:28-06:00
712870883,9b28a68a-18e2-4819-8d85-190f68ed77ad,Odontomachus erythrocephalus,odontomachus-erythrocephalus,321869,4.4553168093,-75.786322318,inat_api_benchmark,cf791f4c8831824110efcadad8207626834f0921d208c16021573d6f10a78981,2026-08-07T19:25:40-05:00
712928069,5c11c5d1-86ec-46b5-be59-4bee0e6a4e17,Odontomachus erythrocephalus,odontomachus-erythrocephalus,321869,4.4501290293,-75.7916300744,inat_api_benchmark,b246de4eea72d51487a980f9cdf650c2b31eb09ac799cfe58a0b2d98ba7ad7ba,2026-08-07T22:06:41-05:00
712928331,53ca8fdc-2cc3-4b94-a2ca-82e466b8b7da,Odontomachus erythrocephalus,odontomachus-erythrocephalus,321869,4.4501908684,-75.7916092873,inat_api_benchmark,11810e86379605c03a5e1c3071b7a83395433eeb4c41becd48dc561ef9f76849,2026-08-07T22:07:17-05:00
718148882,b1515a22-13e4-4288-8590-774617a21d5f,Odontomachus erythrocephalus,odontomachus-erythrocephalus,321869,10.4232682,-84.0220298,inat_api_benchmark,880509d36420855706647b3e1f7ced9252cb2eb3e9f13a05b4b00e917967c361,2026-08-16T16:07:22-06:00
719965769,8cc263d5-287f-48f3-b355-e2917e85b204,Odontomachus erythrocephalus,odontomachus-erythrocephalus,321869,6.1453797043,-75.6219102815,inat_api_benchmark,03c804c70c9e5b69d402d6073921635fbf3ee58441126431648793c9f6e08cd2,2026-08-19T21:58:21-05:00
680159256,755fe408-2c9f-4306-8dbf-8a7b4a5c3997,Odontomachus simillimus,odontomachus-simillimus,411282,8.8932074747,76.6141395271,inat_api_benchmark,17945bfb85264b4dbc8f76733e1250bb990f61425b271a39594b939d503b95ca,2026-06-16T13:48:57+05:30
680359019,d0ef25ba-fb5a-4452-9a43-bb96bed039e1,Odontomachus simillimus,odontomachus-simillimus,411282,4.5974872317,101.0897666708,inat_api_benchmark,e6a31dded6f241e62ffa511b22a1c1bd81a8820a573d7e87c4d2bcf4e8007e90,2026-06-17T00:35:08+08:00
680537262,a60df559-4b8c-4465-bb81-0f464c913587,Odontomachus simillimus,odontomachus-simillimus,411282,6.0079487815,80.2581481263,inat_api_benchmark,df0eecf5376a041f0c8bc704dbc9757fdc14ef814d74b230f9d11a2a80c97c18,2026-06-17T03:10:41+05:30
680627448,6c59b5cd-88e3-410a-a923-bb477245a0c3,Odontomachus simillimus,odontomachus-simillimus,411282,3.1740983333,101.5039266667,inat_api_benchmark,78fef1a10801dbc9a8f5283ea341d5e3aac2b1f8c10b2cbfcfe6835c601bd05c,2026-06-17T08:52:14+08:00
681914478,95eb5972-7bc2-482e-9485-51e82e6f523d,Odontomachus simillimus,odontomachus-simillimus,411282,-5.1735944444,119.9684888889,inat_api_benchmark,0c446f4ee5a8a0d06af50e7f93d8d0388b1b197afd5490c7aa2b20e8cfcf8fc6,2026-06-19T12:38:44+08:00
681963199,e77457e6-d3e4-4907-a456-fd710f9b60fe,Odontomachus simillimus,odontomachus-simillimus,411282,10.8450693681,106.6853554174,inat_api_benchmark,c9c5265a32390bb996826ba29905292fa0ce7194f62f1f1014fdbe475cdc79a7,2026-06-19T14:34:40+07:00
681964227,e3eeef77-fbe7-4818-9278-9be4d8e8532d,Odontomachus simillimus,odontomachus-simillimus,411282,1.3327737327,103.7263323184,inat_api_benchmark,9a423f1624dc5d90c3650baaed61278531eb45ec6cc99eddd499063e781e010a,2026-06-19T15:52:51+08:00
681988802,cd250e8d-ff4e-4a03-b2fd-b3045d97a5bc,Odontomachus simillimus,odontomachus-simillimus,411282,1.3475767378,103.783536337,inat_api_benchmark,f2c0be60ec36543986fd76884dd45f735ad744e81e56c855ebe0db9e3237e73d,2026-06-19T17:21:12+08:00
684011845,77def308-a5b5-4661-867b-4071ecd6383c,Odontomachus simillimus,odontomachus-simillimus,411282,3.2389083333,101.6853466667,inat_api_benchmark,5b6c097ffac9d58ede98a29272195bec6e1c6da681074c2f98a2a589aaaaaa5f,2026-06-22T17:11:48+08:00
684358798,24231b08-94eb-4b78-baf0-ef318f7f3c00,Odontomachus simillimus,odontomachus-simillimus,411282,-7.6766183877,110.239590156,inat_api_benchmark,ffa245259c6348c36705ae608a494796972fdc2f50701d6a98a6b848d23aed90,2026-06-23T04:22:23+07:00
684810544,e26ccf8a-022c-498a-9b7a-46780729a5e6,Odontomachus simillimus,odontomachus-simillimus,411282,10.8041166667,78.6762472222,inat_api_benchmark,40305c19c1f8a0bf4c5df794f6ee1958481777222d087f8c4ab15cbf6b8ca658,2026-06-23T22:24:56+05:30
686198475,0f4f713e-d08d-4dd8-b55c-5142999cb7a2,Odontomachus simillimus,odontomachus-simillimus,411282,-6.2180994668,106.8356271555,inat_api_benchmark,6c0a1e22dba54f03288ef2caff7bf7c2a48d89f1c1535b46b2b0c2f250388332,2026-06-26T05:57:05+07:00
689022281,fed26d76-59b0-4984-bf49-1dc8bceefc46,Odontomachus simillimus,odontomachus-simillimus,411282,1.4279380212,103.8535824046,inat_api_benchmark,d53a5566b7b62f29588806c508561eae6aac9b1a1d9d03f8ddfb603358274150,2026-06-29T21:50:22+08:00
689529453,58d06b14-9d04-473f-a653-21bd6b726a24,Odontomachus simillimus,odontomachus-simillimus,411282,5.5167949566,100.4300510511,inat_api_benchmark,da8b478d3a4f4a376864bf5478d5bc7602e0dcdb2b98f2485560e1d0c70d051f,2026-07-01T16:32:11+08:00
689605070,db5a1a3b-31b6-4cec-aa70-1c12b2f4e9e0,Odontomachus simillimus,odontomachus-simillimus,411282,1.2944383333,103.8476033333,inat_api_benchmark,3328241e04468a41a69d2672cadf98832a5f3951ad59881efed3bb457ed3d8ed,2026-07-01T20:46:19+08:00
690637718,5b60f6dd-2b12-4797-8052-978bda733812,Odontomachus simillimus,odontomachus-simillimus,411282,5.3078072,103.1049584997,inat_api_benchmark,ac58e11a17d8fdedef2110917bab2b386fcf6f1dd0b2dc6348d13e0dcd5e5176,2026-07-03T14:20:37+08:00
691326616,339ed772-0f48-4ec6-b1bc-f9dd82a6d47f,Odontomachus simillimus,odontomachus-simillimus,411282,1.4448678691,103.8272976772,inat_api_benchmark,0a76da0e1d91e08c2996a08c05fa4f4ec52db4112cb90181db0357fda7b1f079,2026-07-04T19:43:36+08:00
691866177,104aefb9-fdae-4228-aa5b-1106f0dea4d6,Odontomachus simillimus,odontomachus-simillimus,411282,15.2233838504,73.9338003471,inat_api_benchmark,23a437bfc0d0cbd151d00d6caec57398d95dc35389c1eebc74a17337d5dcd216,2026-07-05T11:03:35+05:30
694716044,2e102412-5ac2-4714-8dcb-c106059f88f8,Odontomachus simillimus,odontomachus-simillimus,411282,1.3401124477,103.7442855835,inat_api_benchmark,7a84d5edeb68fc3b7a2272e62dd6cedaabf73f0559f93acd864c4f994cfd068a,2026-07-10T02:59:56+08:00
695236837,0ceb5ddf-b818-4bf3-b79d-27570de10b34,Odontomachus simillimus,odontomachus-simillimus,411282,13.7306803648,100.5383520678,inat_api_benchmark,bc15ae206e38208b875b987e3db4ccc460cf6cc2ea8283a113a83672af7dcc30,2026-07-10T23:40:03+07:00
696383471,d76002be-5661-4cf4-b178-57335ac18dc1,Odontomachus simillimus,odontomachus-simillimus,411282,1.3571694444,103.8229305556,inat_api_benchmark,2402c30db530b8b4ebd0569623c77b29704a77cba1943f277ef955602be42b24,2026-07-12T19:46:04+08:00
696885656,68e286d3-3216-4bef-b04b-503e539285ef,Odontomachus simillimus,odontomachus-simillimus,411282,1.3067626348,103.7707103603,inat_api_benchmark,0cb2a4100001b8852b87ea0b1bcfac2ed92276faab232cdde3c32750fd88d492,2026-07-13T09:18:52+08:00
697189051,ffe8e853-e898-4ca1-a42d-26e5d160e53c,Odontomachus simillimus,odontomachus-simillimus,411282,15.5434847821,74.0591305867,inat_api_benchmark,b6d9cede8a1c0b2682f5543e5c960682071195a4c801b25bcd1927457738b73f,2026-07-13T20:19:22+05:30
698809339,ff2ff162-09b6-4921-bb59-1b6cf6bfbf18,Odontomachus simillimus,odontomachus-simillimus,411282,1.3618790408,103.7311704084,inat_api_benchmark,f6d1f5986d082977f882c8ccf7b4803dc0af5771ba17a209029bc04d42aea924,2026-07-16T12:06:12+08:00
699299523,a88ef219-d7f6-49ef-b206-0d82a62863cc,Odontomachus simillimus,odontomachus-simillimus,411282,1.360126,103.850013,inat_api_benchmark,7958bba78efdb6fdb1bffcb4fe3d11db8626ebd2501b1bbf3ec619cd23f1ae8a,2026-07-17T08:28:56+08:00
699311875,8cee529a-ccaa-40fc-bb00-5cc9e3e48481,Odontomachus simillimus,odontomachus-simillimus,411282,10.0492404771,76.3158105454,inat_api_benchmark,248d3fe8fc70df89befc29eeafa71d1ee986a9e953e22a1e792b8289e5af3a41,2026-07-17T06:34:38+05:30
700229277,ccfd46f8-3659-45f2-b763-0dc9193b1afd,Odontomachus simillimus,odontomachus-simillimus,411282,9.4389285844,99.9456826689,inat_api_benchmark,0b7ec6764a2e37f73b2c65fd3d48af950901f59688ac8016e78aa62a466917a2,2026-07-18T23:32:28+07:00
702123243,19ea9a25-bcfb-4cbf-9ae8-1deb012c6498,Odontomachus simillimus,odontomachus-simillimus,411282,1.315323079,103.7637012287,inat_api_benchmark,6fd41607b41911cbefaa15b7e061e98a945b8eaa0b7e661d7a886e989bd0aa20,2026-07-21T21:28:10+08:00
702806948,a9146f8d-abae-4c56-a7d1-8483a31b5652,Odontomachus simillimus,odontomachus-simillimus,411282,4.5380801134,101.1059039443,inat_api_benchmark,298914b88f5c14e3b0a7ab5b261b6d978224d31db8800b3c757315c92bb559ad,2026-07-23T00:15:36+08:00
703355717,03f1c1b9-f1c7-48d8-8705-249d6b0ef8d0,Odontomachus simillimus,odontomachus-simillimus,411282,15.5658109585,74.0084666759,inat_api_benchmark,6c334aee3998023774eef5dad83a7dd57928af66420beef3cd3597fd3aff920e,2026-07-23T19:41:55+05:30
705415525,062883d9-a7c4-43de-aa87-a48602cb5dc4,Odontomachus simillimus,odontomachus-simillimus,411282,1.2292294006,103.8508800838,inat_api_benchmark,ae7cf6a80427a48ad0a61aceb5074532cc09bed8e528700f7e91631a0b4a3731,2026-07-27T00:55:46+08:00
705920506,c20f6d95-5aa4-4e4d-8796-4a79b4eb8b51,Odontomachus simillimus,odontomachus-simillimus,411282,5.5167949566,100.4300510511,inat_api_benchmark,b69b615d72921b4d25f6e417e1129d3fe953cbf4752893c919ee266fd7436527,2026-07-27T18:03:52+08:00
706001469,7dd10395-4402-4516-96cf-b05e6eee00f0,Odontomachus simillimus,odontomachus-simillimus,411282,1.3895722222,103.7700777778,inat_api_benchmark,a4f8cb35dfe25cccbe9323508f0bf99c014e8bd9631f6540b6cdcc7312b02924,2026-07-27T21:36:59+08:00
706034487,3d5e0487-6698-4c35-a4dd-423b227566b0,Odontomachus simillimus,odontomachus-simillimus,411282,1.4177464,103.8461516,inat_api_benchmark,426dbe7d9848ea35458af5b7ea5ae41dea50832b72ecfed6732f21bd3859ee80,2026-07-27T22:44:12+08:00
706153042,c81b1172-b6c2-4c4d-aca8-bb5a98bd8700,Odontomachus simillimus,odontomachus-simillimus,411282,1.3072628248,103.7709181477,inat_api_benchmark,2fb8b2352c8398ffc0e556c194eae1fcac4f8e95ede2fda3d692254cab4efc28,2026-07-28T02:06:23+08:00
680670796,5d04461e-bf55-4607-addc-328d40c3d808,Odontoponera denticulata,odontoponera-denticulata,628334,1.3409603337,103.821560665,inat_api_benchmark,a1b2983f00c3de25c813f31660206a1bb0c0bff7a4e3eeb59ac4c690a3b3bbf3,2026-06-17T10:33:39+08:00
681312887,07b8b8b1-593b-4f57-bdd9-9abddc6b9751,Odontoponera denticulata,odontoponera-denticulata,628334,1.4097169933,103.9247397333,inat_api_benchmark,0d9ba10cc79eda5c6d7d4b929cbf7d0f398cf588e83c5474e729ddfe025d0c30,2026-06-18T11:37:31+08:00
681623207,d71cf39f-470f-4859-a917-8c6c331acfac,Odontoponera denticulata,odontoponera-denticulata,628334,-7.7097457,108.6561125,inat_api_benchmark,0c98b4eaa21033aada4733478ae389a2558ea6ee6b561e616f0f9cf6c044e8a7,2026-06-19T00:45:50+07:00
682651889,2f5e3ddf-b995-4d57-973c-15c8c7fa454f,Odontoponera denticulata,odontoponera-denticulata,628334,19.2254299,109.45167,inat_api_benchmark,9457ecf60ac9f9d18a7d2a149d5ef4b134e05da3372d238f6db9e64638d5ead6,2026-06-20T20:03:37+08:00
683082045,b1ee2922-25cd-43fa-8daa-61480a62cb01,Odontoponera denticulata,odontoponera-denticulata,628334,5.5821327985,101.4571012208,inat_api_benchmark,442f0dcc6cf050aa9d8c74911d7c1b769027e796f81a3bc963eb5c6826f50d51,2026-06-21T08:07:21+08:00
683176166,6265b157-bb3a-4e69-be8a-6c32edaa3fdd,Odontoponera denticulata,odontoponera-denticulata,628334,22.3177459722,114.161585,inat_api_benchmark,fbaa3f96aaf4801dece1a6cbacb673721277d96db3b4abbb4544ec952296fcfb,2026-06-21T11:33:17+08:00
684063144,2ca7a6a1-6ea5-4582-a817-ebf890e6145d,Odontoponera denticulata,odontoponera-denticulata,628334,1.384805,103.8211516667,inat_api_benchmark,a6ae1e63060d6557d8204e2a516b4466c317c396309ad02865f16690e3a92e7e,2026-06-22T19:58:21+08:00
684146767,514d73fd-9434-4813-b80d-88d37d0abba0,Odontoponera denticulata,odontoponera-denticulata,628334,5.5818537,101.4574528,inat_api_benchmark,cf1a18263c7d7bff2103b5bdfc6252fd1da7334f4768d5ae4d750cb5790fdac5,2026-06-22T23:07:01+08:00
684628308,022747ee-0eee-4d86-84d4-2a229feee3e2,Odontoponera denticulata,odontoponera-denticulata,628334,9.5722594997,100.0152264997,inat_api_benchmark,a59009d7d0a1adeed75e7117f3c57e69ef9dfc728f0ebccae38f46fd0d486a08,2026-06-23T16:49:08+07:00
685071964,e8444851-6d98-4f1e-aef3-decbe5e714a0,Odontoponera denticulata,odontoponera-denticulata,628334,5.5825998283,101.4569887519,inat_api_benchmark,33d77f2fa5f4b643239ef77091885216ae8c3c89e094e2f740a765b6cb937f55,2026-06-24T09:32:52+08:00
685072382,62d5d11a-331d-4861-aca5-f011f2d7c9f4,Odontoponera denticulata,odontoponera-denticulata,628334,5.5822150883,101.4575382695,inat_api_benchmark,a468f2a41f52cfaf52254c1ce0a147c824e9f13833b2493626d40c616fbba0b9,2026-06-24T09:33:53+08:00
685407104,43dda887-6ef3-4b96-b22d-164014f788fb,Odontoponera denticulata,odontoponera-denticulata,628334,5.4321677,100.3002029,inat_api_benchmark,17e6b776c8ade8360b251bfac72a51fc56be7540d44086113dfb7d9b1c4e69e5,2026-06-25T00:54:33+08:00
685407261,d52d8abc-e2d9-40de-8aad-933fca4062f8,Odontoponera denticulata,odontoponera-denticulata,628334,5.4321677,100.3002029,inat_api_benchmark,c7de2dbc83c49570d087e827e70d45d72e9f981f8193446f08c727dbe05d30ce,2026-06-25T00:54:33+08:00
685800183,af4e4ef3-3f35-42c0-ace5-652cae08b79f,Odontoponera denticulata,odontoponera-denticulata,628334,5.5822375147,101.4570829956,inat_api_benchmark,ef0af7f3066767cf466eb8a2b3caca2fb0a91cadb583feca2cd710b6c9bd7e3e,2026-06-25T15:57:37+08:00
686378413,548b25e9-ac36-46da-9056-a2a05126f4b3,Odontoponera denticulata,odontoponera-denticulata,628334,5.5823516337,101.4570429994,inat_api_benchmark,e847d31acbb0de17105a56b27d52408e5ec40bee6f6d9f5952fab8c61cfae33f,2026-06-26T15:14:10+08:00
687739003,8f97b3d2-3976-4783-a85b-29e1f90f6954,Odontoponera denticulata,odontoponera-denticulata,628334,-7.8355097,110.6430272,inat_api_benchmark,5fdd9804244e7b45bffe73c474062a4328a5aabc7dc251da102668ae2b663784,2026-06-28T19:05:41+07:00
688171924,7c4f6e1b-da64-4603-9c0d-3b7dd8ab6013,Odontoponera denticulata,odontoponera-denticulata,628334,22.7469388889,108.3255694444,inat_api_benchmark,ad76f604ad05c6a55fb8285ead43cec50f02d1f092e97cbb44c1ec08657ad56a,2026-06-29T08:05:11+08:00
688945080,ff72df0a-711a-4d74-b234-81ef514a8858,Odontoponera denticulata,odontoponera-denticulata,628334,-8.413245,115.2401966667,inat_api_benchmark,23fbb72e369a92984d7489b7bf4364f45724f8db15d06cd39237c6bba5cf263a,2026-06-30T15:49:22+08:00
688999246,903f91f6-751e-45d8-bff0-8de6ad4631f9,Odontoponera denticulata,odontoponera-denticulata,628334,13.161119789,123.7298133682,inat_api_benchmark,9cdc29f3249c80168704707ff937c49743c6a66e4bd1791d16fc17f590ecfee3,2026-06-30T19:14:18+08:00
689103042,d0fb790d-db0f-45c2-9ec4-0a02f73d88bc,Odontoponera denticulata,odontoponera-denticulata,628334,11.4110083333,107.4201966667,inat_api_benchmark,f44e7245b15d0e48f51a8ec7c5b00021b31a279b164cee93e7a9273a0607912b,2026-06-30T22:26:00+07:00
689521900,3298cf9e-c66a-4cfb-b032-11988865eeff,Odontoponera denticulata,odontoponera-denticulata,628334,-8.4145014143,115.2389092942,inat_api_benchmark,086872f03985481318446bca70646a923fd9b0bc2d64b8c3003d767eb5ea77fe,2026-07-01T16:00:07+08:00
689604547,01b2ec66-f0f9-4571-b33a-0eb71ccd2473,Odontoponera denticulata,odontoponera-denticulata,628334,1.3859866667,103.8203283333,inat_api_benchmark,8937eb51e60d6089c07ee1baea85b875bf4abb16b8e8bc4352c25d3d2fefb4a5,2026-07-01T20:45:01+08:00
689635761,1da7b9b9-f3f6-4b73-8def-bffc40674fbd,Odontoponera denticulata,odontoponera-denticulata,628334,-8.8088663545,118.5875830835,inat_api_benchmark,76ebf38a23a672164422e9b06b92b9b1bd92735266fe22732953d011290c4983,2026-07-01T22:39:24+08:00
691750480,8b499891-a7f7-4651-afa2-ee2690137e1f,Odontoponera denticulata,odontoponera-denticulata,628334,22.3807326042,114.2205443665,inat_api_benchmark,894ea148c796caa3e6edc422332cfef3faa6b12b7d53cff3f26d552df7c44f30,2026-07-05T08:28:25+08:00
692159375,bfbf39ec-306d-4fe9-9d83-3a5a53a19f15,Odontoponera denticulata,odontoponera-denticulata,628334,22.7398910522,100.9752502439,inat_api_benchmark,c950a8e73c5ee07d8c906ad5ecf854aae80f24d2c15ffc9ca3dddb65bfa415e6,2026-07-06T00:42:00+08:00
693404172,6daa10c8-1c28-47c8-b218-818a99588865,Odontoponera denticulata,odontoponera-denticulata,628334,14.1440939903,121.2321785465,inat_api_benchmark,c800fec2dd04be4cfa2a167c22bfa704506e1c59e447520a0a2332486306701c,2026-07-07T23:26:00+08:00
693939863,be2b5741-aafa-417b-a42e-791096e710b9,Odontoponera denticulata,odontoponera-denticulata,628334,22.3446053588,114.1497254738,inat_api_benchmark,0c76722b1a1b3b67c2858988284bcc3bcc0988901da0483fc0ea9c05642e14cc,2026-07-08T21:38:18+08:00
694483867,20d5a568-8294-4952-a571-79cfb1a94aa2,Odontoponera denticulata,odontoponera-denticulata,628334,3.0243619968,101.6311021821,inat_api_benchmark,5a146aa34c0848c2d25c90a2df93c7d21fbd4b7700b03199cb7803637f7eedce,2026-07-09T19:11:31+08:00
695646180,ee850b33-8416-420b-b904-1fb93f7b1cbc,Odontoponera denticulata,odontoponera-denticulata,628334,1.3428722222,103.8300916667,inat_api_benchmark,7cc4e529a1775468a7f2241dd5fdc1239194fe74bc9276d2c30071ac19acd2f0,2026-07-11T16:36:39+08:00
695798197,27e19e15-044f-42a5-8ddc-3482bd2f60e6,Odontoponera denticulata,odontoponera-denticulata,628334,22.249245,113.944832,inat_api_benchmark,96a7da34a1fe9044cbc3af2898ca490e71ca06eba2ffa1605594ab6fe5172c27,2026-07-11T23:05:40+08:00
695885738,0d9d292a-ae39-459e-88f9-b93aa7a42b6e,Odontoponera denticulata,odontoponera-denticulata,628334,4.597275,101.120474,inat_api_benchmark,ca755163e7ffa70fcd5b9a6c2106a52fb4ecfbec73057c0a6714c97e3c8a9b54,2026-07-12T01:30:32+08:00
695914797,6d1231d3-ed2c-479a-8905-378eac1e36f3,Odontoponera denticulata,odontoponera-denticulata,628334,4.4944228627,101.0884491382,inat_api_benchmark,6fd00a56b1712053e79ce82191f30129c427fe0d9c95e5b33680422d09d90308,2026-07-12T02:03:02+08:00
696927448,beb29549-089b-4d0d-9e8a-1b4e67431d02,Odontoponera denticulata,odontoponera-denticulata,628334,-7.2019783333,108.9554833333,inat_api_benchmark,6959ac59f7c72b30b3a9ffae0b3cc6fbff087fbfc38c9999da295096b870b79c,2026-07-13T09:46:40+07:00
697145260,ff4843f5-c8d5-4437-a7e1-f3d2df8b1d23,Odontoponera denticulata,odontoponera-denticulata,628334,31.808265,76.955445,inat_api_benchmark,f2b1ffc8ddec0405c4974cababd78edde3291f2fa0dd51e0f950084392a5c87f,2026-07-13T18:56:44+05:30
697809682,b74c49b0-9252-4d9f-8dc2-5b5dc44b07c7,Odontoponera denticulata,odontoponera-denticulata,628334,22.0435475615,100.7613343352,inat_api_benchmark,6e9f0c67d7e4c299b2f703359f38e1df068d4cabb3344c4f299caa325e657d42,2026-07-14T22:15:11+08:00
679828778,eb9a3c05-9929-4e65-9126-657128d6e464,Oecophylla smaragdina,oecophylla-smaragdina,117293,1.3002008601,103.8671232015,inat_api_benchmark,ad04630b9457991e3a3afbb9e9e6f8c3cb3fa156692a24ace3527ea7f96353f1,2026-06-16T03:26:26+08:00
679975791,2d7c66df-903c-456d-a22f-c5e4b826cfa6,Oecophylla smaragdina,oecophylla-smaragdina,117293,15.4111216667,74.2002716667,inat_api_benchmark,ab29da7772f88c833466106a868423f7c47acd2b654a694ba093c94e0bb1f459,2026-06-16T05:24:33+05:30
680009552,4fb9c1bc-dd28-4f3c-9f4b-4f4aa490f65d,Oecophylla smaragdina,oecophylla-smaragdina,117293,-20.9250553,149.0487685997,inat_api_benchmark,b4a2b9856cd364cad962db7e8c4941802308c167b7b66539fa484abb670dedcd,2026-06-16T11:08:13+10:00
680018685,168a87b6-f4b8-4cb7-93b9-7ec8e294e3ca,Oecophylla smaragdina,oecophylla-smaragdina,117293,10.6865735309,105.5400432957,inat_api_benchmark,4fd54a75f47a2943f6d60596c80de78e696fbbaadd5d9ba9d86fa3fd96076955,2026-06-16T08:35:45+07:00
680018932,5a056a79-b7fe-43b8-af44-9434eb7bde4d,Oecophylla smaragdina,oecophylla-smaragdina,117293,10.686299419,105.5417813671,inat_api_benchmark,096ef0f68f02666b44f3df752959ab186d3e4eb0106adaa3e72f60b708e65683,2026-06-16T08:35:47+07:00
680062162,947669fd-b969-463d-b54a-d7cf31869d13,Oecophylla smaragdina,oecophylla-smaragdina,117293,1.31108,103.8151466667,inat_api_benchmark,e08f1892973de4646ba9e81c72e36ee9235cd5a8f0c791125c828b6fbdc90505,2026-06-16T11:02:36+08:00
680095681,587ea6b9-813c-4609-9a72-3136fb57c20d,Oecophylla smaragdina,oecophylla-smaragdina,117293,11.0736247749,77.0047979057,inat_api_benchmark,d6c827f9f1302fa6b59da88cf1e186d75694986e6507759ef4ee6bd9f7809bad,2026-06-16T10:04:48+05:30
680106522,01ad0fa4-19a6-42f1-bc33-6642599ba106,Oecophylla smaragdina,oecophylla-smaragdina,117293,4.3354283333,101.1414861667,inat_api_benchmark,16e7ab152d5136569b0a26c90ecfe3689941dc18b5faa21e3947ca14592b2b63,2026-06-16T13:06:42+08:00
680115110,8f431cd1-27c6-4def-9569-5504a1c471ad,Oecophylla smaragdina,oecophylla-smaragdina,117293,-20.34094298,148.95464239,inat_api_benchmark,59405f66cf9a71ee5f4f466c4bd47196af5bdf3669abc3ed8d45319c52ef9656,2026-06-16T15:29:43+10:00
680128675,819f36c5-ae13-4ac5-9920-b1bf18126427,Oecophylla smaragdina,oecophylla-smaragdina,117293,-20.354500547,148.9512621705,inat_api_benchmark,7d3e6c8bc2594a4fe255fe131ac88a08ddd3cf13310d0f147600a7194dd24b47,2026-06-16T16:29:46+10:00
680145340,d7bc3e3f-06e0-4a03-8347-dced164c05ec,Oecophylla smaragdina,oecophylla-smaragdina,117293,23.8386916667,92.6253861111,inat_api_benchmark,eeb3323b0882e239bdd4cbdc0a958a9069054554f961d86974b4cca5b4b6463d,2026-06-16T12:55:02+05:30
680179223,e34a1170-bbf7-4296-9b0e-413c1af8ef84,Oecophylla smaragdina,oecophylla-smaragdina,117293,6.448731259,99.8165057723,inat_api_benchmark,a2a694c5340fa15e6430368e82d2eca628a11b1cc433bae71806b482ba73faba,2026-06-16T17:32:44+08:00
680195674,3733b09d-e75b-4949-b9a4-d1ab70aa8019,Oecophylla smaragdina,oecophylla-smaragdina,117293,14.1969254335,101.3127808778,inat_api_benchmark,8acf3f47872c3b31f37092eb86c833d0f84f8a5018a40b90f8f060217640444b,2026-06-16T17:31:16+07:00
680255166,d61ee3a4-a7c7-4088-8234-c4a3a0af2950,Oecophylla smaragdina,oecophylla-smaragdina,117293,-8.73532,115.1628721667,inat_api_benchmark,33a661823340249bbb4081b001f6cc4cc70f6acbca1cb5330dfbf08c56900b70,2026-06-16T21:14:15+08:00
680259761,6e60d709-5a9a-46fd-81ad-cf08f4ba9f90,Oecophylla smaragdina,oecophylla-smaragdina,117293,-12.8973166667,131.1864783333,inat_api_benchmark,25fb6b8026ee7c0a6dc501d03cde7a4a642f0b26f095da33442f03872283d07a,2026-06-16T22:53:48+09:30
680263803,ca70ff47-8f65-4929-834e-1abeefb4979a,Oecophylla smaragdina,oecophylla-smaragdina,117293,-21.1497073078,148.9666559547,inat_api_benchmark,3cc03f365cdc9686669a2b2417d673017199f67a037032198894d14cede78f7e,2026-06-16T23:31:59+10:00
680309821,507da516-8ceb-4829-9f7c-ff788ea9557e,Oecophylla smaragdina,oecophylla-smaragdina,117293,8.9184019023,98.5284339685,inat_api_benchmark,4d4580d90c6f4e8949d41c141bae356cf42afb790e9ade3d8073b7eb0de70a76,2026-06-16T22:03:53+07:00
680315908,55901144-e5c8-4f8d-9d3f-87189531cbd1,Oecophylla smaragdina,oecophylla-smaragdina,117293,18.5592408317,73.8253113627,inat_api_benchmark,22eb3c8244533c6c604cd4872c6d35a3568abaa2882c46ab561f7a21c0d959bb,2026-06-16T20:42:04+05:30
680342764,8c6324a8-15c6-4d94-b81c-eb711de77751,Oecophylla smaragdina,oecophylla-smaragdina,117293,3.1679,101.698555,inat_api_benchmark,f0f537795f938ab5d8db7d96f46addb3c03f67ec34e9649973d6c940593a5dbd,2026-06-17T00:03:45+08:00
680348382,f14e5354-77d3-4930-bed7-e0f1936c835c,Oecophylla smaragdina,oecophylla-smaragdina,117293,10.4949812388,76.2458024919,inat_api_benchmark,72baccf6412723d49116abde4581493a98a264151836d878fd56cafc09ab4a29,2026-06-16T21:43:48+05:30
680355927,4b991daf-1c6d-4a41-baea-ebf7cc7c7a22,Oecophylla smaragdina,oecophylla-smaragdina,117293,22.175675,100.85183,inat_api_benchmark,beb2c738ccb190403734b2b03d9edae79908db42022f6f14c928a3d49f20a50a,2026-06-17T00:26:46+08:00
680554610,3a91e490-34ed-497f-a45d-78c9203d11f3,Oecophylla smaragdina,oecophylla-smaragdina,117293,8.4706660527,76.9962905797,inat_api_benchmark,a830172963fd8c210df2f8e6de069dcaa889b94b6cd2498feca347c07d5864b1,2026-06-17T03:46:27+05:30
680715361,8a600728-0098-4b51-8910-25a8fdf5a20e,Oecophylla smaragdina,oecophylla-smaragdina,117293,-20.2664337327,148.7118323984,inat_api_benchmark,8256e29e019647b5c27d0c137d0141590f73d2b8402881bd051de13cf587a58a,2026-06-17T14:38:33+10:00
680749900,bff6e769-77cc-424b-aae4-14c0005e845f,Oecophylla smaragdina,oecophylla-smaragdina,117293,4.2680616667,101.146225,inat_api_benchmark,454ab99a50969ff5ebfdc09d22da762394e93fe012de3ed2f22c8ab7d31144ae,2026-06-17T14:39:05+08:00
680774124,7d26dbfd-cd2f-44f1-a0d7-15ce1bbd8679,Oecophylla smaragdina,oecophylla-smaragdina,117293,21.8690883333,86.7834333333,inat_api_benchmark,4b29d0e1f2cb5d9fd1fdcd79aef2732b7dc95be1b06881fc14ce400155011d19,2026-06-17T13:38:47+05:30
680787506,a9d7772e-4fd3-41b0-a895-40780bb9834e,Oecophylla smaragdina,oecophylla-smaragdina,117293,12.6388190176,77.4423651025,inat_api_benchmark,c3fd20024299aa79378fd2d9d4f27bd35e5edd6a3ba011a798c352fad72d381c,2026-06-17T14:29:14+05:30
680788965,efa3e887-6667-4dba-b64b-6660feff2086,Oecophylla smaragdina,oecophylla-smaragdina,117293,3.2410022528,101.480683051,inat_api_benchmark,a66c82a28e88d53bf8cb6d3b6ba4b846f26534123d6cdd8679b8a850f8bfe558,2026-06-17T17:04:20+08:00
680793380,cc7844d8-8d0b-4667-8486-0fa01dc12de2,Oecophylla smaragdina,oecophylla-smaragdina,117293,-16.2382716667,145.427095,inat_api_benchmark,35290ad69913bef25551c5c5b876a47f2c3b6034b538c571a396b08de55ca915,2026-06-17T19:20:16+10:00
680822584,6a335fcc-21ae-4f9e-993a-a64a8860c12a,Oecophylla smaragdina,oecophylla-smaragdina,117293,5.5167949566,100.4300510511,inat_api_benchmark,f82a0f05f9432eb7bf424fc401b7d7870e0a003b59992d59f92df44a0e482b63,2026-06-17T18:58:26+08:00
680825094,3bca25c9-677c-448a-bd37-0747c052b87e,Oecophylla smaragdina,oecophylla-smaragdina,117293,12.02345129,93.004871048,inat_api_benchmark,588627493ebcc3aaf5293fb7071fb0a55502e89ad673a63429bcc4e94dbd5c3f,2026-06-17T16:36:23+05:30
680863058,ec651dee-13e4-4a96-bd1a-37db68c85466,Oecophylla smaragdina,oecophylla-smaragdina,117293,12.3151234314,109.1017779708,inat_api_benchmark,785d5d8fda33e2be7c066e3e6e3b97269aaba2c5a03bc637fc3519ddfae7ba3d,2026-06-17T19:40:52+07:00
680869340,a2580a58-f754-4748-be94-a38b1ed38ef4,Oecophylla smaragdina,oecophylla-smaragdina,117293,23.121749,79.9276651,inat_api_benchmark,cd25b6e10e6ec2d72d928f5b1c2623c2106583cdf7756d5117d2248e78213ef4,2026-06-17T18:35:58+05:30
680905231,d5887fab-dfa3-4c52-ad61-a53db0b22a72,Oecophylla smaragdina,oecophylla-smaragdina,117293,14.1297179497,99.1595371515,inat_api_benchmark,ade82000030ceedd666367d9b8dd174a9af6552ac96ccadd32cf5158769a230d,2026-06-17T21:22:17+07:00
680975939,165bee91-9eff-447a-a899-f48dec1e461c,Oecophylla smaragdina,oecophylla-smaragdina,117293,-6.2111334734,106.764976792,inat_api_benchmark,0b901816594b45a528042af29ab66f7549bbcbf16efb4bc219ec0f99e1ff3d7c,2026-06-17T23:26:25+07:00
680978857,61e1eb5a-44f5-4788-a8e4-aadeea3b420e,Oecophylla smaragdina,oecophylla-smaragdina,117293,1.1279221667,104.054175,inat_api_benchmark,5aa8fc6f96e8e5fd15bbe74ed503d90ef33c08160aa6bff9ea12b5339706465a,2026-06-17T23:32:50+07:00
680267875,08aadc31-b630-4936-82b6-c4e192be2142,Paltothyreus tarsatus,paltothyreus-tarsatus,475699,5.3291666667,-3.993405,inat_api_benchmark,c453a3a194fb51d391195b48eb836e95874f64a9ea59ab6e7b792183c2350473,2026-06-16T13:40:53+00:00
682274225,45d52d42-15ad-4cd5-85c4-13befd74385b,Paltothyreus tarsatus,paltothyreus-tarsatus,475699,-18.9338966667,26.4235416667,inat_api_benchmark,6f5bec5bfca60139cd670da3f286ae7a0436d5238abebb0ff9dda1b65a820aad,2026-06-19T21:56:48+02:00
686187361,33c90116-4dfb-4d45-ba5b-d54e30bf4756,Paltothyreus tarsatus,paltothyreus-tarsatus,475699,13.2744948163,-16.7035045116,inat_api_benchmark,cd1f780730ef6aef475076bec47af183be14acd061dcf5e673b3d1507bd6bb60,2026-06-25T22:22:26+00:00
686620093,e328fba8-be2a-4480-a570-090dcd9e70ca,Paltothyreus tarsatus,paltothyreus-tarsatus,475699,-18.5469633333,24.07985,inat_api_benchmark,4e1e02a0a43d9da62ef4b834f3dc74f462ecad4e05b040691cb98c8bd6d87bef,2026-06-26T19:51:17+02:00
687287766,16173d50-5175-462f-a10a-623164803452,Paltothyreus tarsatus,paltothyreus-tarsatus,475699,-18.854995,34.3539966667,inat_api_benchmark,d1b30402494c8434f10003cd6b47455493e3295991c6eecd69001f77f1aa0ef9,2026-06-27T20:56:02+02:00
699800627,576a42f9-cb7a-4f5f-b046-f4395a80dfb3,Paltothyreus tarsatus,paltothyreus-tarsatus,475699,13.4611592429,-16.5905221876,inat_api_benchmark,dc5ca75b0a51e9e9e4f1b387df50dd6abac4cf63cfb1ef70366f0d7a4f7dbc10,2026-07-17T21:49:55+00:00
701189459,55c31f67-b4ec-4560-8755-bdbbfd688690,Paltothyreus tarsatus,paltothyreus-tarsatus,475699,-18.5228416667,24.0754445,inat_api_benchmark,b362b37a88b3fba760efc8e9425171627ce11249ce37d9945c2140de90a7b2aa,2026-07-20T01:31:02+02:00
702576230,4dfe1abd-2310-41ee-a5d6-af68d0cd9fba,Paltothyreus tarsatus,paltothyreus-tarsatus,475699,0.0556195,32.46698,inat_api_benchmark,baa0913835978246534b425425cc139263af19edf0d7fe0af68ff4ec41551010,2026-07-22T07:42:24+03:00
704218010,ba844b58-dff1-435c-b2ff-5d4eaecf0e7c,Paltothyreus tarsatus,paltothyreus-tarsatus,475699,5.548078537,-4.3404917717,inat_api_benchmark,e81de2fc9133aa2bf755489b20be553a1a38de0ec26f401df85f8aada57c5b0f,2026-07-24T22:07:21+00:00
709877304,2064e6a2-3cac-4d83-8cbf-6466f5a9ebdc,Paltothyreus tarsatus,paltothyreus-tarsatus,475699,6.0564833333,-0.0963916667,inat_api_benchmark,648a8363faab494ff9a3682c8463986df61cd0fe376c7db5041c4b00007a2704,2026-08-02T20:11:53+00:00
711635997,01108379-e376-496f-9972-42f24f62266b,Paltothyreus tarsatus,paltothyreus-tarsatus,475699,-17.9315803,25.8301677,inat_api_benchmark,f0dfaa117b9a27163c7e0064c3be93ba4395d1b2d82a9abe25748027b53ecd35,2026-08-05T21:44:15+02:00
680092182,fcc01424-9283-4671-b842-f821636bfbc3,Paraponera clavata,paraponera-clavata,67986,-2.599955,-60.0377916667,inat_api_benchmark,84d33d32b6a8c82e048bfec6c6264b3b551bba5575789de4cefce297b7fdceb2,2026-06-16T00:24:35-04:00
680265139,91ce4d1e-e720-4d65-912b-9105be1780a3,Paraponera clavata,paraponera-clavata,67986,-1.0371581657,-77.6653864906,inat_api_benchmark,3c456c201f8236ddf58319cc07527c75a5b68a1b01e66fb47452d0ccc9aa8dda,2026-06-16T08:35:01-05:00
680595625,60f0bc63-e458-4cda-9173-9935842627ce,Paraponera clavata,paraponera-clavata,67986,-12.8753551,-69.4099525997,inat_api_benchmark,fc4c2bf85e9bb744e1f441b168e16e9dd7f31268187426dd4d607bae4b6481c3,2026-06-16T18:40:12-05:00
681356487,daef90d4-85bf-4f93-bc2d-ae118c08538d,Paraponera clavata,paraponera-clavata,67986,-12.8947474234,-71.4028875457,inat_api_benchmark,07d4f0a2bd163fbdc15a189dd003e5992819a98fc1a3bbdcd4cf6f74b9762529,2026-06-18T01:13:23-05:00
681389869,a9e56715-8757-4fda-ad6c-172f1d62ea7a,Paraponera clavata,paraponera-clavata,67986,0.5438968639,-76.5288251378,inat_api_benchmark,9c778a836a26d7653548fbe660ca5086bf22134aca28b63cd5574cf9c3ea6273,2026-06-18T03:16:10-05:00
681402341,c75430e7-cbb5-41ce-a6d1-bdab414d4a2b,Paraponera clavata,paraponera-clavata,67986,-14.552795,-67.6971283333,inat_api_benchmark,7c66da671a65487ad698d3f9db8c0d988946123f5ffa9ed29c4f6d4e52ee44b6,2026-06-18T04:55:28-04:00
681779008,c8e8caa0-6796-4fcf-8b16-92bd2fa57c7a,Paraponera clavata,paraponera-clavata,67986,-2.8731043406,-77.7231333649,inat_api_benchmark,ce39e69a57d66b3ec7c79ee3d3924cb6e4b36ad6f6b6367198f5dbf2fcecac1f,2026-06-18T17:41:31-05:00
682133893,9db6f34c-b55a-4fa4-b710-2ec893f06fd2,Paraponera clavata,paraponera-clavata,67986,-3.6539376,-79.7681009,inat_api_benchmark,5288c2600f7c6048c671640291235d65f877b837474d5384fa7503216246924a,2026-06-19T10:32:55-05:00
682165146,c082964b-627d-4fd2-b7a7-bfedb042ad43,Paraponera clavata,paraponera-clavata,67986,10.1578666667,-83.7823416667,inat_api_benchmark,6eab713d6daf1a9d757d1d0cf4de5a760d19f94b5ef4351e6973ef1acd00fc25,2026-06-19T10:35:06-06:00
682183184,c8163c1c-1d8d-4c9e-9349-a3d8cc2ec6b5,Paraponera clavata,paraponera-clavata,67986,0.5251333333,-79.2096633333,inat_api_benchmark,302f34a52779816842ef8b0e30da0b4e99ff0fac434d57a765164cd9b340db05,2026-06-19T12:09:51-05:00
682342808,bf2cc464-8827-46d6-8505-b5dead15d393,Paraponera clavata,paraponera-clavata,67986,-4.5550583333,-73.276695,inat_api_benchmark,8763783726599fc55ce07c3d807f88494bc7f93caf4fa759a3cc4580087250bb,2026-06-19T17:05:42-05:00
682365055,e3baaa0e-14b0-4455-995a-14a5327e0fb3,Paraponera clavata,paraponera-clavata,67986,-12.6050357289,-69.1356938705,inat_api_benchmark,87acca7610573e3f716987a7b67068dce5128aaa11adc7b98441f7a35230f3ce,2026-06-19T17:51:15-05:00
682382285,56a07df1-0929-463a-9a7b-cf2eed26acd1,Paraponera clavata,paraponera-clavata,67986,-0.6786574423,-76.3960698992,inat_api_benchmark,05292a7f703061e97dbad0b8a8f63bd63b0597df40daf2c90353e473e65ff87e,2026-06-19T18:25:28-05:00
682812312,fbc5fb7a-45b4-49a6-a6e6-30a89c6a9229,Paraponera clavata,paraponera-clavata,67986,-10.0694708,-75.5426318,inat_api_benchmark,b68f918f4a95f9cb47b4a8f8936c649f39c0a2d821707d32d042569159471d27,2026-06-20T11:43:30-05:00
682832772,818913db-353b-4a1b-bece-72fd462a3894,Paraponera clavata,paraponera-clavata,67986,-2.5974699433,-60.0442962063,inat_api_benchmark,d7fe258caab1b22766838d2ba78933877d6393d9ea15d22fcea49a1bb6ad2b26,2026-06-20T13:14:56-04:00
682859212,aee3878e-ac67-4e80-a8cf-49b0f3f26985,Paraponera clavata,paraponera-clavata,67986,10.685595,-84.180725,inat_api_benchmark,20be5bad2bb786a0f74dc21284939f5a172521ab2ae04825c1d78341b78efe3e,2026-06-20T11:55:41-06:00
682934460,6ab0d6a9-5774-415f-afbc-e28b7842da69,Paraponera clavata,paraponera-clavata,67986,-1.0390805,-77.5664833333,inat_api_benchmark,d1ab3097df632afc7f470b69c4fd4e2a4a18ff1ef29030df60229ac32a3a7002,2026-06-20T14:51:51-05:00
683010762,92766743-a928-4fac-b0a0-df34f8a7783a,Paraponera clavata,paraponera-clavata,67986,-4.5640883333,-73.4547416667,inat_api_benchmark,0a97e8fb4a7c55811556134ec40dd92f3facce63885caa99b9ca266c66221bb0,2026-06-20T16:54:33-05:00
683055443,48ed72d9-a8d9-4629-800d-1275dce373b0,Paraponera clavata,paraponera-clavata,67986,-3.5741616667,-59.9515133333,inat_api_benchmark,4f34bf2ce6d2c0b9f7ce26e0c9682f1b81be9db662c422e6b7e36cef3cc20132,2026-06-20T19:15:37-04:00
683056187,9d88546b-9831-45a6-912a-712cfa3ad075,Paraponera clavata,paraponera-clavata,67986,-3.2929605737,-64.7848933563,inat_api_benchmark,538ea75205b6f113f8027290c7c975c609cc647ab446741578949df666cb6c2f,2026-06-20T19:17:00-04:00
683109453,860e4052-4447-44e5-a80e-5be3a4bacc5a,Paraponera clavata,paraponera-clavata,67986,10.4313620201,-84.0035282066,inat_api_benchmark,4c0ddc7bc54422aacf73214a58bb6b49f3044c39d8dc25b88db204f7a2858a2b,2026-06-20T19:08:17-06:00
683114455,bc7927c6-60f1-4188-ba84-b0a461ddb8eb,Paraponera clavata,paraponera-clavata,67986,10.4319105,-84.0024346,inat_api_benchmark,9789d8c6b8ca04c62d9ad8b25d7a95ed445b405023f0c450532fe946152dbde3,2026-06-20T19:18:23-06:00
683227195,1b9cdc3a-efeb-46cf-aa49-350adf6d9626,Paraponera clavata,paraponera-clavata,67986,10.471455,-84.6535416667,inat_api_benchmark,236285b1a7350f6bfd537e484a98f8e4f9cf19024a46174c50d28779bce60b4b,2026-06-20T23:56:16-06:00
683582615,ca8ff6a6-e571-4bb5-bfc4-e31398c0adcf,Paraponera clavata,paraponera-clavata,67986,10.4155443268,-84.1206802616,inat_api_benchmark,d2a8930929a428e51d2e94930ff714772e6af28ea9405ee913d1f46a84d1d0b7,2026-06-21T12:32:10-06:00
683839344,3b13bf22-795e-484b-b5b6-cc8ff255029f,Paraponera clavata,paraponera-clavata,67986,-12.9147203664,-71.4687486738,inat_api_benchmark,e42927ee8261fe70cdbf41e5ada5c30b004da41ccf055f79734fdca64f965c06,2026-06-21T20:15:18-05:00
683974277,3ba5b208-d27a-48f0-a2e4-ce888236b793,Paraponera clavata,paraponera-clavata,67986,10.435545,-84.0089722167,inat_api_benchmark,e01ee267b680e1648b86a0e9a06720e72e0f8f32bdaa1c23c272778edc375158,2026-06-22T00:56:35-06:00
684308306,32a6ff39-0339-437b-a787-caec5589b5a8,Paraponera clavata,paraponera-clavata,67986,-0.8935348,-77.71024705,inat_api_benchmark,3e6d972d8076a57fbb635a364ae6ee453b02966667cf5af040998397227257df,2026-06-22T14:37:41-05:00
684358436,fa12187a-65f7-44bd-be2f-a24992235e57,Paraponera clavata,paraponera-clavata,67986,10.4305083333,-84.0067972167,inat_api_benchmark,444637eb0124a5e1c20ff652f5399f97603d0c38eae77c2b0a27cf25b088d3d2,2026-06-22T15:12:04-06:00
684437496,d52c75a1-17cd-4ebf-82ad-d2887281088b,Paraponera clavata,paraponera-clavata,67986,-3.6598256,-79.781005,inat_api_benchmark,8d8aeccb258f314760c069d7e711f5a52992046b5d937216d7aac7f716f0f9ea,2026-06-22T18:58:03-05:00
684700940,1e23a492-d0e4-4551-94ce-397a3f9e55eb,Paraponera clavata,paraponera-clavata,67986,10.4298633333,-84.00501945,inat_api_benchmark,9f089505fb512457a3f289ab33cdb39e960b4dcd41a01b30635753049e2a806c,2026-06-23T07:20:46-06:00
684704866,15fc01d8-58d7-44a8-9c15-69e5e2aeef95,Paraponera clavata,paraponera-clavata,67986,10.4265166667,-83.999795,inat_api_benchmark,a3d4ed963cc9b34d784cf1189363bcd9633da5ea7f04ff07b1987275e82f4dca,2026-06-23T07:28:50-06:00
684725317,f8671e89-b223-482c-ad36-63fd82b43533,Paraponera clavata,paraponera-clavata,67986,5.1252329984,-52.757845754,inat_api_benchmark,f2ddbb921341ca3304fc60cea3b6ee936f68ff9f13b438add4d7c915012f1c81,2026-06-23T11:10:28-03:00
684763259,fd075b42-45a1-48c8-9085-7c0a48268379,Paraponera clavata,paraponera-clavata,67986,10.4305602533,-84.0070034854,inat_api_benchmark,93074f89e097635f009a49838af239bdb620ab392332fbff052f08afece5000f,2026-06-23T09:26:14-06:00
684770237,9acf566d-8b2d-4d3d-88e4-e5669bdc9533,Paraponera clavata,paraponera-clavata,67986,10.42995,-84.0047916667,inat_api_benchmark,cfbbf0f1ced2a6afd0602194e60c45ff09c1d6e0a1b639dc168eab2a10eb21bf,2026-06-23T09:38:50-06:00
684741931,00f003b5-340c-4b7c-83ce-eeecf7ab4fe3,Paraponera clavata,paraponera-clavata,67986,10.4328888889,-84.0081027778,inat_api_benchmark,74a69af1f6ae1090208f2c360c729a4c3addf2ffe2b8abcb990988d63ecfe8de,2026-06-23T10:28:50-06:00
679704664,d748c324-968b-4a6a-b601-3c61155a7c8b,Paratrechina longicornis,paratrechina-longicornis,69388,22.5826221512,88.2909110514,inat_api_benchmark,365058b68ab1ae2b435b228eb2b99e72d4f31d67dfe54f91e3560ffc2f60989c,2026-06-16T00:10:22+05:30
680102655,38b3eac2-2394-46ac-b58c-c4f356be4eb7,Paratrechina longicornis,paratrechina-longicornis,69388,32.7697325,35.0395974,inat_api_benchmark,5ad1b88831a0a32a77478b2e14eb6ca63b33673ac8aea0d676c5aefb14953d3d,2026-06-16T08:23:11+03:00
680150888,71501648-a2c8-4520-ae5b-fb851e6f9db4,Paratrechina longicornis,paratrechina-longicornis,69388,-19.6213892151,134.1231443207,inat_api_benchmark,f23ce3c09b8127b4240b72112831506415c0899ac9cbc88cd063f4d295c073ad,2026-06-16T17:20:27+09:30
680246171,1509e3ed-a115-4c6f-a169-26c5dc66b844,Paratrechina longicornis,paratrechina-longicornis,69388,-12.5320607997,-49.7832903997,inat_api_benchmark,73cf71788fc1a167d9dadff382e7f35c295885cf7079dbb7d9658c68aa8e362e,2026-06-16T09:52:56-03:00
680239344,67139aa3-eb28-4cb2-95d9-ecb5201ebf5a,Paratrechina longicornis,paratrechina-longicornis,69388,28.0415029942,-82.7788943419,inat_api_benchmark,3cbf1d1cfa40066ddda30c98700126905bc12e40f4deaaa786c7eb6bf83d4499,2026-06-16T09:01:16-04:00
680257105,bffa0249-a50c-4a95-8486-d6d280aa66f0,Paratrechina longicornis,paratrechina-longicornis,69388,-12.5320423997,-49.783152,inat_api_benchmark,16189e6002a28d92414cf845f60464fe9f09a9db48ce1f30edf786e72dca1a0e,2026-06-16T10:18:10-03:00
680339246,9d8852a0-3ea7-4770-b10e-a9d23689a6b8,Paratrechina longicornis,paratrechina-longicornis,69388,4.471246153,101.135039715,inat_api_benchmark,3a019f4297538ff482b1a557dc777ff298abf4436e59bb4be3795c6f8f0189e4,2026-06-17T00:11:53+08:00
680892644,3012838e-dab1-4a71-931a-0e08d0d07bb7,Paratrechina longicornis,paratrechina-longicornis,69388,26.3883525557,-81.7242493453,inat_api_benchmark,55a1ddf2483ef608349232bf2dd31364ae35ded8d6667a9778f12a43943f7705,2026-06-17T09:55:09-04:00
681247213,564116eb-5854-4dd7-8f42-321f09b1d2fb,Paratrechina longicornis,paratrechina-longicornis,69388,36.7683532189,3.0479429662,inat_api_benchmark,d3c4a78fe20d2bfa8a27eb4af3703a1db019b63e7a372126ac08b6daec87f6a3,2026-06-18T02:03:51+01:00
681586213,d1642f08-7c7c-4f80-ad8a-fca292594498,Paratrechina longicornis,paratrechina-longicornis,69388,31.9016437931,34.8330822028,inat_api_benchmark,5fe3f308cdc506004179be10a7ab13098752664321239f1393adf3508d211686,2026-06-18T19:38:08+03:00
682059654,6f8fdee1-f616-44f8-8e89-a0ad1820e4c1,Paratrechina longicornis,paratrechina-longicornis,69388,13.0755753447,80.2960107789,inat_api_benchmark,6022f5b2eda7c51b7406206351e04a6f3c4e35dbcfc7355fb7dc3489c77946e1,2026-06-19T18:48:36+05:30
682103535,e43c9f24-4e31-4ebc-82ee-843b9a665c18,Paratrechina longicornis,paratrechina-longicornis,69388,23.4457316667,113.4795733333,inat_api_benchmark,399451d2ac40c9e223a7684213876029fcbd2d5d79537dc56369e8cda79bfe91,2026-06-19T22:36:52+08:00
682162076,86f3a7b0-58e7-401b-b637-bcf1b62874d6,Paratrechina longicornis,paratrechina-longicornis,69388,12.910215131,77.6083096862,inat_api_benchmark,12b607553af3d336f5be63d86c9293a78fb57882878531f8161fff203d2171ff,2026-06-19T21:58:46+05:30
682386915,678452d9-80a3-42ee-b28e-c6e7ae3e98f3,Paratrechina longicornis,paratrechina-longicornis,69388,24.1371083333,-110.3345633333,inat_api_benchmark,a9442456378afb2d46f96134bb6238a006230a23f9c82d95b16243c7611a79b8,2026-06-19T16:35:16-07:00
682452191,5a6bb477-66cf-4b57-9c95-6d9986f7c03e,Paratrechina longicornis,paratrechina-longicornis,69388,14.5096149998,121.0128633249,inat_api_benchmark,786b4d5b5f7154955132ec8bba6e53890659d40452adc943604cdb584d57b282,2026-06-20T10:02:31+08:00
682454017,eb27b62d-277d-4d77-88cf-1ffa59e98990,Paratrechina longicornis,paratrechina-longicornis,69388,14.5094179989,121.0127399099,inat_api_benchmark,5ff180a9c4a19274764d87cddd8bcc16678ebb2be553a317528f5b44e857bf64,2026-06-20T10:06:54+08:00
682535915,5f754e8d-4c76-4de3-be57-39e23d8f0942,Paratrechina longicornis,paratrechina-longicornis,69388,22.3753039472,114.1266310215,inat_api_benchmark,16d84961510f41a1b01a65ee77f138fe49fad41c8e9fe24602244cd24b2b0a23,2026-06-20T13:54:38+08:00
682569329,6a03c8c4-5631-491e-8f21-9a0ff8cf60ca,Paratrechina longicornis,paratrechina-longicornis,69388,22.2602161,114.1692021,inat_api_benchmark,b037a9911d04e7d029b5fd5d90eaaa45ad152b9e958f0808582c6307858050e2,2026-06-20T15:43:13+08:00
682695320,80024672-59b8-4924-b75e-78965851cb0f,Paratrechina longicornis,paratrechina-longicornis,69388,18.6960773451,99.1503525058,inat_api_benchmark,c14a89e8c4d87f30d4a52627b84cec27be1e0b3477f6f50d9e1bbba53e62d008,2026-06-20T20:32:47+07:00
682809959,84a98caf-83da-4c5e-b03d-afbe343de8f7,Paratrechina longicornis,paratrechina-longicornis,69388,31.9729890141,34.8018138007,inat_api_benchmark,07e9448c9b6348f7e13b37286ddd0275ea059ceeb229aef025b0eac6cc3fb270,2026-06-20T19:43:19+03:00
683035460,b016022b-5493-422d-9b48-f5ee4cb934f5,Paratrechina longicornis,paratrechina-longicornis,69388,18.6791202666,-68.4124193655,inat_api_benchmark,0a6af7051e6e13dfe7722de329dc38ec88257662cb02bf4413d500a676345cb3,2026-06-20T18:39:47-04:00
683310273,a13ec689-5886-416a-ae41-c5b91dd90482,Paratrechina longicornis,paratrechina-longicornis,69388,13.8726222222,100.4909555556,inat_api_benchmark,8ef9d75ee44fc1912071110bbeb0d05c49b3e34eb451d885047771a195493bb1,2026-06-21T17:10:04+07:00
684050809,c142a2e7-3bf3-4316-863a-9a669d19df2f,Paratrechina longicornis,paratrechina-longicornis,69388,-7.3141604997,112.7252419,inat_api_benchmark,e2d36360967689b87f004404aa26d5a7de20da2410a6ba4b157ea64c14c9f869,2026-06-22T18:18:38+07:00
684452830,7bb66845-5a11-47dc-93e7-f176c0885e81,Paratrechina longicornis,paratrechina-longicornis,69388,27.7899333333,-97.3952944444,inat_api_benchmark,dc946e3f6b7d8e27ebac3cfc72dc4e32f5d1530ced4b8a34cb9c73935ee15364,2026-06-22T19:44:27-05:00
684649886,2c568783-fde2-47cb-bf40-0622d544962e,Paratrechina longicornis,paratrechina-longicornis,69388,9.5719639722,100.0145019722,inat_api_benchmark,cd9c0b54848e23b40fb68c0bd3b4a47d1bbc5eb164df8e32c6ec95c7759a2d81,2026-06-23T18:03:49+07:00
684827435,439f4dbf-3f28-4b29-a589-a9a382c876ba,Paratrechina longicornis,paratrechina-longicornis,69388,1.323685709,103.9279740745,inat_api_benchmark,4a1e1b75bd10115a64c48ece2733403951f7ae7ed4214d8eb944b96bd7e21fda,2026-06-24T01:25:00+08:00
684897199,5e85f47a-72ee-4f5b-9a0d-25c685a40ee3,Paratrechina longicornis,paratrechina-longicornis,69388,36.5377533333,-4.6290166667,inat_api_benchmark,5379adc676596def11401f8f53154bf571c667c677091da58ef31263f378c90e,2026-06-23T21:31:05+02:00
684972824,7d3db5a8-a769-4993-93ab-ffd90d9e6ce8,Paratrechina longicornis,paratrechina-longicornis,69388,-22.9008227032,-43.1345806271,inat_api_benchmark,e01f53de2982a49d194076f1675529067143bb25fbf187b5ddf36a00d2091812,2026-06-23T18:55:23-03:00
685026641,551c6b52-558d-4448-8561-b5c395f0aa3b,Paratrechina longicornis,paratrechina-longicornis,69388,22.3270634974,114.1514449203,inat_api_benchmark,50280b77fcbfcc2fbc7986757888bb6732fb9dc5afe1b19191ca1c676ba82a3b,2026-06-24T07:48:09+08:00
685073413,7a37febc-314c-4eca-9c8d-027220926b4b,Paratrechina longicornis,paratrechina-longicornis,69388,28.051447288,-80.6768836304,inat_api_benchmark,0edcd50ce1a244fdcded02cc187dda7a628c436030f80f7b3d5e7ada8c11574d,2026-06-23T21:35:53-04:00
685342026,b1d5bbf3-3793-40a4-8ef7-713dbe425e4e,Paratrechina longicornis,paratrechina-longicornis,69388,18.2252788544,-65.6839141846,inat_api_benchmark,cb2dba151686e85ac293ce4b2dd53e99cb4a04ed825779858ce7cb0ec18222e5,2026-06-24T08:39:43-04:00
685629481,e879ae7f-1909-4a8e-9c29-96cf067a8d0f,Paratrechina longicornis,paratrechina-longicornis,69388,18.2253189087,-65.6840820313,inat_api_benchmark,9485619e2cf95e73a7d74eeef06c0687ce248f53155a88afbecad16a1cddd7ab,2026-06-24T10:47:55-04:00
685361276,fe25e7d7-8705-406f-b4de-ac08ed732837,Paratrechina longicornis,paratrechina-longicornis,69388,12.1457361111,-68.9989,inat_api_benchmark,2a274805b7006132ed7bff0faf6004cae41a8b3022e978fcc7115e67c3648708,2026-06-24T11:26:23-04:00
685373685,a9f1cfd2-dc5f-486f-b205-a870e8027159,Paratrechina longicornis,paratrechina-longicornis,69388,12.4806055556,-69.9728722222,inat_api_benchmark,8473a3153687a235986b7b649856c7e608a3d32755744f8c902b975b637ad9d9,2026-06-24T11:50:09-04:00
685451820,2f7e89ca-11a8-4a80-a906-80f7934fb4d2,Paratrechina longicornis,paratrechina-longicornis,69388,11.1882549997,75.8074433,inat_api_benchmark,c1d7b01e5f97626fe3970d8eaa7c6f2ac1cfac1c3e21db24cd706238a7151fa2,2026-06-24T23:40:07+05:30
679942030,3832d597-2a3f-4570-bc01-d505cf6567de,Pheidole pallidula,pheidole-pallidula,343179,39.4327024,-0.3752216,inat_api_benchmark,500255291710fcfaf6d5abb9d8a2a7cffac58da7f097d9cba3a68ccf856890a8,2026-06-16T00:45:08+02:00
680176756,ee3b71a6-a105-4254-951e-fe658a001e27,Pheidole pallidula,pheidole-pallidula,343179,43.612543,3.7790389722,inat_api_benchmark,23fa7abb11027a1d7bf4e8d2e4be7c7d360c9ec7a447cc2224e86b7168f4c432,2026-06-16T11:23:47+02:00
681166130,dd0f3c89-7b97-4769-aa74-b1f428f03a75,Pheidole pallidula,pheidole-pallidula,343179,45.4395,12.3390716667,inat_api_benchmark,088119b5761c99113446a6704721b39f29e89df561fbe201b2a88cea0798a2dd,2026-06-17T21:28:05+02:00
681082544,d31e5fe6-b5dc-4441-97a8-ae771de0c114,Pheidole pallidula,pheidole-pallidula,343179,41.9277533333,12.4110616667,inat_api_benchmark,1fa4bdd22de48f1bebb7cbda993560313bfa89e8bbd035a118e5f46d003878e1,2026-06-17T21:37:31+02:00
681083903,7fbcaf29-d634-43cd-81c8-bfefec77f226,Pheidole pallidula,pheidole-pallidula,343179,43.6317838915,3.8687235676,inat_api_benchmark,7f655c5d7c6e275212cf1ac645d6790f1430fbeeb0e8905b615725eb1ae9f0b6,2026-06-17T21:38:58+02:00
681194286,5c87a6c8-56d2-4673-a13e-dc72d5e9eafc,Pheidole pallidula,pheidole-pallidula,343179,40.5111569418,-3.6198847,inat_api_benchmark,eadd7fba15e2430d9a40c0f5988941831d55805a6d4c31d6b7e330b52337b73e,2026-06-18T01:03:58+02:00
681270721,376c323e-03b9-4940-9d2b-2ac21c9bfec6,Pheidole pallidula,pheidole-pallidula,343179,41.9257708267,12.4418145467,inat_api_benchmark,7b3fcd4ac708bc3caba163ede5239187f56c513b23f9bfa95cb4d6cb3d67172c,2026-06-18T04:17:44+02:00
681270877,666b3d8d-18ac-450f-8dcf-ac99b3b356be,Pheidole pallidula,pheidole-pallidula,343179,41.9258816567,12.44177341,inat_api_benchmark,2058a774ab37ebf2a41ad82b448e27a742b81c045f3f2fb13aff37f6f90f2f97,2026-06-18T04:17:47+02:00
681270915,271bf89e-62fa-4174-a7e3-977901f0944f,Pheidole pallidula,pheidole-pallidula,343179,41.9258513067,12.4417417167,inat_api_benchmark,8f0ff147383c871ea52dd4ea099ac7c354e4a36a59d19eba3ca27f84fb3798bc,2026-06-18T04:17:48+02:00
682243874,0bfb82a0-58e2-494d-ac31-85e786401312,Pheidole pallidula,pheidole-pallidula,343179,42.105575,2.7716416667,inat_api_benchmark,e925d39f30d4417dabe0ad4cf8d32e445e90d4fc6299f2df0757a1d3d4e3e144,2026-06-19T21:04:16+02:00
682556590,b31aab11-5c0e-40bb-badd-ee965a7a91db,Pheidole pallidula,pheidole-pallidula,343179,43.9333757654,5.6093973724,inat_api_benchmark,40d4f08691fe78afcbc69bbb21125bea7aa32d91911737895eca0ecbbeebc6f3,2026-06-20T09:01:52+02:00
682607776,e3b1abaa-f050-4c8c-a618-0c2f798363a3,Pheidole pallidula,pheidole-pallidula,343179,40.6444938634,14.5904293977,inat_api_benchmark,355a42ee0b3c91ab29bcbdff5c56f859e107c892f651957e81c679c084ba7b64,2026-06-20T14:52:22+02:00
682997845,9804b904-03f2-4c71-ad8c-a4c05d79442e,Pheidole pallidula,pheidole-pallidula,343179,42.4719219525,3.1167736715,inat_api_benchmark,d13a4bd59a80411653e7101ece4393838e60f5bd149f3b7e3801b247d01615d2,2026-06-20T23:33:10+02:00
683017686,e26875fc-6e67-4e92-a70b-aa57b140fd15,Pheidole pallidula,pheidole-pallidula,343179,42.4802277778,3.1362638889,inat_api_benchmark,63df09c9daa86619e2619c0ae6b433deb3d935d40a101679a16a816992352198,2026-06-21T00:08:21+02:00
683019878,450ca717-3ad9-440c-b4e1-7a11659c27c4,Pheidole pallidula,pheidole-pallidula,343179,42.47195,3.1167388889,inat_api_benchmark,a947698587e225d6183e8aa8c65b9039a56dcfcc6dd5c6ec5b8b034ca8461be0,2026-06-21T00:11:39+02:00
683020630,2bddbd92-b720-4ce9-aad9-ab96f809e23c,Pheidole pallidula,pheidole-pallidula,343179,42.4697527778,2.5727833333,inat_api_benchmark,c287ccaa6f10f0958c65d19618aaaa50f20457f00817a410559ac08a743c5b77,2026-06-21T00:13:17+02:00
683324636,0fd51156-8ac1-471a-9395-01b17f04ead3,Pheidole pallidula,pheidole-pallidula,343179,43.9996386904,4.3728065481,inat_api_benchmark,f64ae321c1e9015a06fa4113e82c552a9acf6237fc47fc299ca4dfc06761ff6b,2026-06-21T12:49:46+02:00
683555643,e1589e8e-9700-4915-8c8b-e19b20c3e0ce,Pheidole pallidula,pheidole-pallidula,343179,41.1425781196,1.0915141914,inat_api_benchmark,a0c536795eaedbc9285a9ee9b999dedb75706ebc3a5a331bc4f81908fd9be4e1,2026-06-21T19:33:12+02:00
683568993,0966945f-a5c3-48f2-9f0b-f741acef12b7,Pheidole pallidula,pheidole-pallidula,343179,38.2787933333,-0.7094999722,inat_api_benchmark,5b7e8f3e52bedeb4942d1679f479d36349a9991b6dcfff3b368f6b31c46b45c6,2026-06-21T19:54:52+02:00
683610389,28dd0a07-3aea-449f-9d9b-383f5c696603,Pheidole pallidula,pheidole-pallidula,343179,43.6342633333,3.8694216667,inat_api_benchmark,de00beca3e3c1dbafc85afdaa84361ba70c666a8e961c959cc620522b8fa3d85,2026-06-21T20:56:47+02:00
683649383,36798ac3-8db4-4ed8-9509-bdec50de4f95,Pheidole pallidula,pheidole-pallidula,343179,43.6390116667,3.861915,inat_api_benchmark,26a4240ae807300cfd164355e328a8b058273cec3c40b7d1d8776fa850b85753,2026-06-21T22:10:47+02:00
684324825,5ad2717c-c9f2-4ea0-abbf-6288873fe4a3,Pheidole pallidula,pheidole-pallidula,343179,41.5870466667,1.9167866667,inat_api_benchmark,af1d729583b2796581f915c630874b9710f5c68829de232aed7bcc94901a5541,2026-06-22T22:09:57+02:00
684694865,3398a7c3-93af-4a28-ae87-0bad5758e11f,Pheidole pallidula,pheidole-pallidula,343179,38.3285829916,-1.09536957,inat_api_benchmark,ce95ce1ec562ab2ea00d45af089bbb208559fd1b598553236ecf656fd8d18830,2026-06-23T15:07:59+02:00
685229932,2bee01fb-a9f3-4d83-a6ed-aca5d41e7595,Pheidole pallidula,pheidole-pallidula,343179,40.4956435974,-3.594970743,inat_api_benchmark,ba7ddfcbce1588d3688e14f42bd0142741cb58835b84245787abf5584670f416,2026-06-24T12:04:51+02:00
685342802,d0e9fced-4f07-449a-a2f7-52ed2f7bb7d3,Pheidole pallidula,pheidole-pallidula,343179,40.966625,-5.668895,inat_api_benchmark,2200d99e5f48375f0b3b72d04c7f8baffaa3104f6a015420060772852eecdf77,2026-06-24T16:49:36+02:00
685554444,98f48cea-27b4-4bb5-ac76-594d4685aa83,Pheidole pallidula,pheidole-pallidula,343179,40.7778968811,14.5238580704,inat_api_benchmark,ae93fa42be7fcbc2aaaf8edbf1f5b880a0ed24088f09d8a15d6d395ac3fbfc9c,2026-06-24T23:14:38+02:00
685810756,a4be40f2-0eda-45cd-9e02-fca3d11894d3,Pheidole pallidula,pheidole-pallidula,343179,40.4099792974,-3.7165905163,inat_api_benchmark,bcdcb6626533ec553a840d2ed20f27269c243fff8193ca829729eeaec9e68825,2026-06-25T10:39:22+02:00
686062649,182ca994-63f2-46d7-8cfe-93d4a903d1a4,Pheidole pallidula,pheidole-pallidula,343179,43.9365916667,12.5552383333,inat_api_benchmark,5e82982d9a11d0cc41c341af9bf10f71b482369c67dc4f47ce934fb144ec4643,2026-06-25T20:24:42+02:00
686394037,c9421d3e-231f-400d-9ec9-874ec2a65c90,Pheidole pallidula,pheidole-pallidula,343179,38.1131070363,-1.2979009937,inat_api_benchmark,603c7606fdef76752a659a2687f7b184e3145aa3bd1198aff21b770288daaba4,2026-06-26T10:17:47+02:00
686431037,78c407df-1cbb-4cf0-afac-975a3156e1a4,Pheidole pallidula,pheidole-pallidula,343179,36.7347033333,-4.481455,inat_api_benchmark,9b0a3cec6a8c208bb53bcd987b51b1c290e3ad9e381eb76b9c6b40417560a2c4,2026-06-26T12:33:07+02:00
686449803,1ecd7189-5510-411a-8257-a14bb20cee33,Pheidole pallidula,pheidole-pallidula,343179,41.1919138,15.5291868997,inat_api_benchmark,8942a2ca80a718cf5c8afd37b661e8269ef45ea662e4b37ee31a0cabc16c39e1,2026-06-26T13:40:27+02:00
686478950,082ee5de-643a-4637-8730-80c3cc1d8ace,Pheidole pallidula,pheidole-pallidula,343179,37.1532666667,-7.819925,inat_api_benchmark,b2e358c617f027e20fb5941debbf0cf8078d9ed6f3dee6f9d465fc363ab50244,2026-06-26T14:05:04+01:00
686544203,d08bd7e7-79d1-4940-9670-5070a7341e85,Pheidole pallidula,pheidole-pallidula,343179,39.6458107114,3.430293873,inat_api_benchmark,66db05e4dd4f7be6a7bca33ebf8bd32ccdc31724b6a0b20e2f8a6e62ecdaafce,2026-06-26T17:24:39+02:00
686796922,d67c1c64-9f8d-4717-8db5-1e8004a0e8a8,Pheidole pallidula,pheidole-pallidula,343179,39.243875,-9.3150111111,inat_api_benchmark,d14a74a3234a4acb49f448107c6a1966a3382d2be8b8f512abac3212dfd09dc0,2026-06-27T00:39:10+01:00
687068007,55e2662a-8fe0-478b-85c8-b5aaa28e8999,Pheidole pallidula,pheidole-pallidula,343179,38.3667839,-5.8374744997,inat_api_benchmark,e6a0a0e18f90f5adfa6569885c67c5357bda3938c91d5c036e0a5afc4c058684,2026-06-27T14:43:49+02:00
680750952,33441b2c-11e7-4d86-8748-3121a6f40815,Pogonomyrmex barbatus,pogonomyrmex-barbatus,194690,19.6912759488,-98.8443471864,inat_api_benchmark,e728fc115670b7a5ad0be9f7c09219be6ee350a3a6d5010552fe305437884ba8,2026-06-17T00:43:08-06:00
681085052,de9dfd30-e5f2-40ba-8c01-d852fc6a8335,Pogonomyrmex barbatus,pogonomyrmex-barbatus,194690,32.2172,-110.69292,inat_api_benchmark,b4b0000e602f82aed51ba672cdb09663ef014f24cef427683d0b0bfba37a9f2b,2026-06-17T12:41:58-07:00
681177073,0ae1d935-f26b-4374-8dcf-f1109edb6c93,Pogonomyrmex barbatus,pogonomyrmex-barbatus,194690,19.354785,-99.089585,inat_api_benchmark,4a4731edadb951e7251b866af5ca5e252f3eba8e81381c489de2d01e13496a70,2026-06-17T16:26:36-06:00
681551341,68b7bd32-ed77-455d-ba33-62a4578b08f7,Pogonomyrmex barbatus,pogonomyrmex-barbatus,194690,31.4044196581,-111.0895447785,inat_api_benchmark,738c28a7051b5633267ef77863e4b31237f2afd6ebfd47a0b498c66f9fcd0ccb,2026-06-18T08:30:34-07:00
681584448,068fbaf4-8ca8-41dd-8c3e-c5b6f7b02de9,Pogonomyrmex barbatus,pogonomyrmex-barbatus,194690,20.1772827778,-98.927015,inat_api_benchmark,75da77bdf2836226a8d04b03ab1d8bda0bf0f92b2bd46549d76b44fd99ff20a8,2026-06-18T10:35:29-06:00
681588629,532867da-d7e7-4774-af39-f47543115dd5,Pogonomyrmex barbatus,pogonomyrmex-barbatus,194690,26.2033582795,-98.2193777803,inat_api_benchmark,af0a3c32ba13d2d68dbbcec1aa24840791c7d95516553f1959f6baaecc144f21,2026-06-18T11:52:26-05:00
681781586,8967a026-2784-4f4a-a61e-d117592ad353,Pogonomyrmex barbatus,pogonomyrmex-barbatus,194690,30.4304479825,-98.1725886115,inat_api_benchmark,9c1fe3b5342930b58c90329263a4ddcea8c5031eb83d749761e7f182c3046885,2026-06-18T17:53:43-05:00
682149479,0c94bc3c-8435-4640-912a-f4ba4d22a257,Pogonomyrmex barbatus,pogonomyrmex-barbatus,194690,32.0597882697,-110.0761930708,inat_api_benchmark,045e3b8f214cdc5306e76dd05c9c23f3a51737a779b8d9fa15e0decf012c3a37,2026-06-19T09:03:10-07:00
682240687,b30872c2-919c-43e0-8d2a-e175f1b05cfc,Pogonomyrmex barbatus,pogonomyrmex-barbatus,194690,31.8833777778,-109.2071055556,inat_api_benchmark,fd24b2c19591a18a400949d0e5383fb86e0528d86c16ef8f704013a0353c10f1,2026-06-19T11:58:03-07:00
682820453,f25a9138-d5d7-48a8-b7f9-3ea36bb3ef40,Pogonomyrmex barbatus,pogonomyrmex-barbatus,194690,33.8853533333,-98.4928716667,inat_api_benchmark,128fc35bc1ccc0a9c2ba331c84660697b8abf43a6bc9a92b4f51fd84daf02230,2026-06-20T11:55:38-05:00
683013499,cd7375c4-764b-42d0-b62b-d223e0140c10,Pogonomyrmex barbatus,pogonomyrmex-barbatus,194690,34.2696966667,-99.63413,inat_api_benchmark,1b70c5cc0cc28c8dd20221839e6c9eff366db41b32ccbcbc00e2f15aee22232b,2026-06-20T13:50:07-05:00
683094139,f0d844f9-1dc7-4b62-92f7-a2b13c17cfd5,Pogonomyrmex barbatus,pogonomyrmex-barbatus,194690,32.0593277778,-110.0758722222,inat_api_benchmark,dae53a752db36806adf6230a389a8e07a4cc13fb4a68e0913a9838c87bf6f577,2026-06-20T17:31:34-07:00
683125246,db190a40-343d-4739-9ff7-91ef61050286,Pogonomyrmex barbatus,pogonomyrmex-barbatus,194690,31.3670464371,-99.3073952654,inat_api_benchmark,e7595a540d32f4bbfebd0b0baa9cc2b323110e608354e9340b0f3e148a924949,2026-06-20T20:42:32-05:00
683209589,da59b59f-ebbd-4c18-b345-32b5c901eb66,Pogonomyrmex barbatus,pogonomyrmex-barbatus,194690,20.7023353333,-100.4461593611,inat_api_benchmark,59b71b6154598181bd304b67543b07ceed688a705e21ad10395049f3f586a956,2026-06-20T23:01:19-06:00
683219716,ac1a86b5-1d10-49a0-95e0-1ce5791a9e13,Pogonomyrmex barbatus,pogonomyrmex-barbatus,194690,34.4213373852,-101.0521841207,inat_api_benchmark,ac25cf08ca08450caa1ad8e73a94a200abc1b8eaea21668b88d93823c21d49aa,2026-06-21T00:43:13-05:00
683470189,7596a46f-f780-40e7-8912-b1f32b0d3f86,Pogonomyrmex barbatus,pogonomyrmex-barbatus,194690,32.01006945,-109.38553,inat_api_benchmark,30d1e0e8911227cba14c8e1687dd87f69947ef02ea72cd022b00dc3a5500834e,2026-06-21T08:26:56-07:00
683540615,0ed0652c-24de-4249-9dc6-f92878fb9af2,Pogonomyrmex barbatus,pogonomyrmex-barbatus,194690,32.2394305556,-109.0872222222,inat_api_benchmark,2107751593dce3c072870f4945808d052478c78bd13e37ee6786a8424f12c4e8,2026-06-21T10:11:55-07:00
684335832,e60f6a7f-b342-402d-bb4d-721686b3b884,Pogonomyrmex barbatus,pogonomyrmex-barbatus,194690,29.93872,-97.897195,inat_api_benchmark,98114b6bd495cdc96de8383c0e48f38139be45fd14934b9be0e634151f710b19,2026-06-22T15:30:45-05:00
684355497,d34da6e9-d5af-4ef5-b168-6b2d8d38fdea,Pogonomyrmex barbatus,pogonomyrmex-barbatus,194690,32.0781095738,-111.311461135,inat_api_benchmark,3df28dc3de4658fab1739cabdb8e5212623cb8fcfa8af1d904c3b317947c09f3,2026-06-22T14:06:25-07:00
684420010,fac3356d-2e62-4b06-b21a-4bfab1ff79fe,Pogonomyrmex barbatus,pogonomyrmex-barbatus,194690,37.74357,-99.979905,inat_api_benchmark,5f22947210bca8d3f872204cec11bd2bbcf2af93b5928c1c0edded53fde4312f,2026-06-22T18:17:43-05:00
684491414,dd824105-aa15-4903-be8a-2786a9b1830e,Pogonomyrmex barbatus,pogonomyrmex-barbatus,194690,19.3460108089,-99.0921521189,inat_api_benchmark,012926dee6244c213968338a6300f102d61699c04a9c2dacba2adf373cf41e52,2026-06-22T21:41:54-06:00
684540485,a544e393-f30b-477e-81e1-73fd3c0f79b6,Pogonomyrmex barbatus,pogonomyrmex-barbatus,194690,30.5282168908,-104.2095430382,inat_api_benchmark,cd1a51124ceeff7b4281118df17ed5b329798a352f7e8d412f067afcdf154f13,2026-06-22T23:34:06-05:00
684547055,d32e7399-9c26-4174-98cf-a3201e2d4bc9,Pogonomyrmex barbatus,pogonomyrmex-barbatus,194690,30.7060795455,-104.1048612376,inat_api_benchmark,c0dbf60bf8e3c86158d04a5ab28aecf55bce62fccd3bdb8f07f0fee0767447cf,2026-06-23T00:04:46-05:00
684582923,a1872095-edfa-4ba8-b6ff-36fc240e0a97,Pogonomyrmex barbatus,pogonomyrmex-barbatus,194690,30.1136843593,-101.597988495,inat_api_benchmark,739d23c85e3b83aad89d2f2eec1f556e10dbfb727a4b758ead02c49ccfafb319,2026-06-23T01:59:48-05:00
684789927,2c14e81b-707f-46d1-ac08-cbbdf49691e2,Pogonomyrmex barbatus,pogonomyrmex-barbatus,194690,31.5724,-111.3234116667,inat_api_benchmark,61c074eb1ebffdb42c66e69724ae6946c2688420dd5a37e305d6f7c11b408111,2026-06-23T09:15:29-07:00
685052121,d19f8d69-a55b-46ee-95e0-bd0d71371819,Pogonomyrmex barbatus,pogonomyrmex-barbatus,194690,34.7750594294,-111.9007987011,inat_api_benchmark,fc2cd58f4322502f02d1a2cb0138730bb443824f4397f65243238442897d3b2f,2026-06-23T17:47:42-07:00
685444412,8e6258f2-554c-4f8e-bf0f-5f61699c6e3e,Pogonomyrmex barbatus,pogonomyrmex-barbatus,194690,30.237631809,-98.6261564892,inat_api_benchmark,e755c922388db6cdb0c9272f4cee3ea0833e4e47299a6f483c0dcef5bf24f219,2026-06-24T12:57:43-05:00
685507291,a0e776fa-9a3f-4ad7-b210-60fa8420f688,Pogonomyrmex barbatus,pogonomyrmex-barbatus,194690,31.5455493826,-110.1369879395,inat_api_benchmark,8a48228fa9a6afa0ba746b29dd80f95aba8bbd1dd571d1c0c9848db33de99f13,2026-06-24T12:46:22-07:00
685637995,478734d3-290a-4abc-acfb-24e8c8894471,Pogonomyrmex barbatus,pogonomyrmex-barbatus,194690,34.7212548252,-98.7011272517,inat_api_benchmark,233be5932382531dd4fb0411204f5a2536794be73d6074a1d0fa7ebfb80ab531,2026-06-24T19:16:02-05:00
686465896,202642f3-f71f-4ed6-87e6-7758d3c839c4,Pogonomyrmex barbatus,pogonomyrmex-barbatus,194690,31.7876283333,-110.6362133333,inat_api_benchmark,c52c05f6b9886b07c9ce33c68dd6dbc2ff4f238cba488a7979cc7cc29d4be8fd,2026-06-26T05:30:13-07:00
686487626,26bdcac8-6c5f-466d-86f8-e6bee4e77b01,Pogonomyrmex barbatus,pogonomyrmex-barbatus,194690,29.5539840263,-98.2335084488,inat_api_benchmark,ed491ee08241b930488403101f159905088288eb8bd848a299e091593ba0e458,2026-06-26T08:26:56-05:00
687302071,6aebb1de-4c98-4cff-b31d-00b2c47459f9,Pogonomyrmex barbatus,pogonomyrmex-barbatus,194690,32.4533835834,-99.7312829643,inat_api_benchmark,8f8baaff4e782958449ba2b1d9a4b9c0e7f0906e78995840b800768a4d6ea4f6,2026-06-27T14:19:46-05:00
687861268,4c799db4-8b70-4587-9423-f40a8aece7a5,Pogonomyrmex barbatus,pogonomyrmex-barbatus,194690,32.389605949,-99.3323141134,inat_api_benchmark,d246a64fbced12f838c74e69aa5d1fdbaa2e04ac5f465debed5ee486c5319fc4,2026-06-28T10:46:26-05:00
688249889,619a81b8-fc1f-4f02-a5ce-1bbfab1d2681,Pogonomyrmex barbatus,pogonomyrmex-barbatus,194690,30.5034633333,-98.818445,inat_api_benchmark,995f8e8210cc82aab196c7d5ebf27f40726d5eed5b164c6318d4f1bf357bd8f6,2026-06-28T21:45:21-05:00
688396421,eadf0307-00cf-4fbc-8edf-d6152faee87c,Pogonomyrmex barbatus,pogonomyrmex-barbatus,194690,29.6282166667,-99.1821944444,inat_api_benchmark,a8134bc59fed19d18288c60df282e6430c65a0847717005b4ce6a194cb6536fb,2026-06-29T05:56:19-05:00
680336363,7a626934-ff0b-49ec-b1dd-fa48faf8c341,Pogonomyrmex rugosus,pogonomyrmex-rugosus,69517,38.605025,-109.58065,inat_api_benchmark,a03e50a1fef159be83a17e7e48d5714c83b298a5b38960eb4bbbc4696efe4229,2026-06-16T09:51:24-06:00
680622253,00faf163-0b99-45b9-8621-dad754298ea1,Pogonomyrmex rugosus,pogonomyrmex-rugosus,69517,35.1764939402,-106.5272084921,inat_api_benchmark,8438498b54420ae65337a6731fc335fe8f7d938756e7fd18f466fc97d623cef1,2026-06-16T18:38:40-06:00
680665025,6ca76f90-850d-4e6d-a859-1fd37444ca4b,Pogonomyrmex rugosus,pogonomyrmex-rugosus,69517,31.7455367778,-106.4437637222,inat_api_benchmark,25dc56d35690584cee9a1e0ccba2fc746bac8cd327348c368dfb293d96289e08,2026-06-16T21:19:26-05:00
681215106,ec660f52-3e13-4c38-8846-76b042a53dc0,Pogonomyrmex rugosus,pogonomyrmex-rugosus,69517,35.3508027472,-106.5441627993,inat_api_benchmark,1185c547a3f9cf4c5573f56c9ce4f06741339b5edc95cbdf1b887ef9a54c82f6,2026-06-17T17:49:57-06:00
681217662,c7b29267-53a4-4791-8748-666d0c4947fb,Pogonomyrmex rugosus,pogonomyrmex-rugosus,69517,32.1357700896,-111.1243030429,inat_api_benchmark,2555995b22b5d9e7b467930d6f9e00902ce949c364e30101035eaf7e50c41a6a,2026-06-17T16:55:49-07:00
681571272,3af629c9-2bac-4e72-b4be-6215b0361034,Pogonomyrmex rugosus,pogonomyrmex-rugosus,69517,32.3631549726,-111.1124387597,inat_api_benchmark,33eac6d30545c7f8b83426a39c67404e451b7cb7291ff531cefeecf0c36d9323,2026-06-18T09:10:30-07:00
681808005,a35bd949-bfff-4ad8-b249-a363bdae2765,Pogonomyrmex rugosus,pogonomyrmex-rugosus,69517,35.7352063057,-105.9578528203,inat_api_benchmark,5d37469d6f61ead2184554b53dab439094ecc5ee26b5f9ae252375e88456af77,2026-06-18T17:50:45-06:00
682415427,eb9c12b4-c78f-44a3-8912-bcea570a206b,Pogonomyrmex rugosus,pogonomyrmex-rugosus,69517,28.2631718083,-105.4939145025,inat_api_benchmark,7974dfe613ce3d16586688fbde1b583ee1cecc65db800f1b9f6614c6a7e2591a,2026-06-19T18:48:55-06:00
682429045,0ed6266a-6394-41a8-a717-3e77bd73cb94,Pogonomyrmex rugosus,pogonomyrmex-rugosus,69517,28.39778,-106.8542033333,inat_api_benchmark,77ba6396ec40925138cf9f7e196e65ce1c4f2f07044fe1301d4e3e704f6fe203,2026-06-19T19:08:02-06:00
682435394,f61089cb-5a82-4f20-93d7-d65a2d1012c5,Pogonomyrmex rugosus,pogonomyrmex-rugosus,69517,28.3977833333,-106.85415,inat_api_benchmark,29ff2b3149b1a1c62e01b8ab88f733ea9cccd324561f0215f1305b41e4721608,2026-06-19T19:22:47-06:00
682678508,c28bf81a-264f-4ebb-ab35-4ab5d62c33a1,Pogonomyrmex rugosus,pogonomyrmex-rugosus,69517,35.6893019387,-105.930849351,inat_api_benchmark,afb801b80d058d5920ccaec816dd50ccc6d6cf9585c6ec0d33fdf04ab906e7a2,2026-06-20T06:57:57-06:00
682820827,5b0a57c9-4059-4836-b9c9-b2cafd37919a,Pogonomyrmex rugosus,pogonomyrmex-rugosus,69517,35.6891166667,-105.9333033333,inat_api_benchmark,1889c5101ce002af883bb78acbd2af44fe5e404e034ff2b4e56a1b26dc8a3817,2026-06-20T10:55:59-06:00
683837248,3f7e6d8b-6bd1-4c0b-8e74-fc8de91ebf66,Pogonomyrmex rugosus,pogonomyrmex-rugosus,69517,32.6715966667,-116.823745,inat_api_benchmark,525b1de4dc91bb8a14276e56fbf903653c69550d8cf1df1593b594aa4b680e72,2026-06-21T18:11:21-07:00
684474045,f4923d9e-3f6b-40ac-beb3-5ec0b6552731,Pogonomyrmex rugosus,pogonomyrmex-rugosus,69517,32.2401148732,-110.8986769531,inat_api_benchmark,df3fc9c5ef1e6e41261cbc272a688210a0dfef953354c8baf7798027af9405ae,2026-06-22T18:22:28-07:00
684478134,48d06a1a-1b6b-431f-8cab-04745301211b,Pogonomyrmex rugosus,pogonomyrmex-rugosus,69517,35.1265470934,-106.4172225942,inat_api_benchmark,a07259f0b036321eccbd8f35a29593991f0c3031eef12064e80783e723626eb1,2026-06-22T19:33:27-06:00
684491601,8fd97b54-e8bd-4089-a9d0-9b742c8537fd,Pogonomyrmex rugosus,pogonomyrmex-rugosus,69517,33.4814633333,-112.557625,inat_api_benchmark,3f95fe6c0567ca8d95d6db04a3a5dd221f4616b04ca018a8e5ebbc4294f1663f,2026-06-22T19:05:29-07:00
684540616,d0fcd53c-a7e1-42f0-a47a-ad59102a91a6,Pogonomyrmex rugosus,pogonomyrmex-rugosus,69517,30.5282168908,-104.2095430382,inat_api_benchmark,82e490ea35b2d38fd13e921afc69ee79cec371f80637eef5497c514639845483,2026-06-22T23:34:09-05:00
684544089,1107ae93-aff5-4e13-a9f9-f5de1e74ac76,Pogonomyrmex rugosus,pogonomyrmex-rugosus,69517,30.356555671,-103.6658554295,inat_api_benchmark,5bd04520848e8f22d6c0de5e995907f3b1b1933e74ffb898526783495225f47d,2026-06-22T23:34:10-05:00
684546747,99732e9f-0851-4b0d-88f6-40b02bb87488,Pogonomyrmex rugosus,pogonomyrmex-rugosus,69517,30.5300551365,-104.2280830909,inat_api_benchmark,8a5da51a3da1456014522f85fb2aed0180a3234a95e959aee6d7457196ea0af0,2026-06-23T00:04:42-05:00
684980404,7c544564-0dfc-407b-befb-0cf075acc254,Pogonomyrmex rugosus,pogonomyrmex-rugosus,69517,35.574164765,-117.7026802479,inat_api_benchmark,55c7d6ce35837e5c35fb5af64d6c5d7e8db167ce14f68ac9bdfa458bb4c1a7fc,2026-06-23T15:11:40-07:00
684985699,fc78f564-1331-4cb8-b489-3acb87905a9e,Pogonomyrmex rugosus,pogonomyrmex-rugosus,69517,32.52688475,-110.5042140167,inat_api_benchmark,4b669fa31cdada299663d49f6bb3bcdfc03a363da02b23ab067e2cfb79ec09c3,2026-06-23T15:22:23-07:00
685585687,18779e45-76f1-4092-a1e5-110e8016c52d,Pogonomyrmex rugosus,pogonomyrmex-rugosus,69517,35.4907470606,-105.9040153899,inat_api_benchmark,47a9369c4fe70e398fbb6b9ea665bf027cbf96c81cbc60c77b84968a3b4e435a,2026-06-24T16:17:46-06:00
685601084,81b79a01-c7e5-4d32-b722-8c08e5ce31dd,Pogonomyrmex rugosus,pogonomyrmex-rugosus,69517,36.8216805999,-107.8669694905,inat_api_benchmark,3d10d415e28e2772dd258167c9a8f16d5189fe8352009cbe0c2e40fcf0492753,2026-06-24T16:50:40-06:00
685647811,19f3cb21-4f1a-4249-bef7-352bff7cca79,Pogonomyrmex rugosus,pogonomyrmex-rugosus,69517,36.886975,-111.5269866667,inat_api_benchmark,718b2010feba6ce7e5e679d9972d61b3677ba9730dfa101fc5f5a124ffe95bc2,2026-06-24T17:30:36-07:00
685823075,8454eb23-36ef-4ec9-b0c9-f17281091302,Pogonomyrmex rugosus,pogonomyrmex-rugosus,69517,33.6670286083,-111.8247485161,inat_api_benchmark,29b7258d800427000dc995626ff028a78c6669adb320d9562eabc1f7bd1c39e3,2026-06-25T02:28:36-07:00
686274047,c5c4c242-aec1-4944-87b0-54350d2c722e,Pogonomyrmex rugosus,pogonomyrmex-rugosus,69517,37.2044116667,-112.9817666667,inat_api_benchmark,69a9cae2b6d7128479ca26eabd78b23a346f59b03111d2d48732b2d2851fd5f7,2026-06-25T19:42:22-06:00
686306076,03467839-bbb0-4c55-9ee9-5cc6c3451896,Pogonomyrmex rugosus,pogonomyrmex-rugosus,69517,35.0067794447,-118.2836514821,inat_api_benchmark,c8ed74ad4538c52a110f9cb9c766cf6d78ae09f7abb51a2cf1b5a357c9230872,2026-06-25T20:00:24-07:00
686307139,eb5c8281-dfd0-4a00-90e5-bd1f9e56a9c7,Pogonomyrmex rugosus,pogonomyrmex-rugosus,69517,35.1566321518,-118.3072661047,inat_api_benchmark,0638614a6346379b3902c265881b5c5c7b3adf58301f31929ecdecd8f9886f04,2026-06-25T20:03:27-07:00
686326682,9071fe9d-fcf8-4a04-9d37-b88db80b0e12,Pogonomyrmex rugosus,pogonomyrmex-rugosus,69517,34.9228383333,-110.1454305,inat_api_benchmark,7549634a868cfbf4ac44538182d44fe52f2197d16c4e2d55e3c0c037e00a3f9a,2026-06-25T20:57:07-07:00
686640372,32579b4d-9e2c-407c-a857-c4e56d4ae6ff,Pogonomyrmex rugosus,pogonomyrmex-rugosus,69517,35.1120083333,-106.6822366667,inat_api_benchmark,cd4820f1e2c5900001f9b06cfd4f35e5c798877099880a51ce35705dac7703d3,2026-06-26T12:29:29-06:00
686783463,f471faa5-6f9b-41fd-8689-ed33cb843e5f,Pogonomyrmex rugosus,pogonomyrmex-rugosus,69517,35.5870790218,-105.9058545243,inat_api_benchmark,a582056309163f2adb6cd74b862036600fb53931c5e04cd551ff3b4548a63723,2026-06-26T17:05:55-06:00
686783941,21431992-1e99-477b-a028-0e789cc9f8c9,Pogonomyrmex rugosus,pogonomyrmex-rugosus,69517,32.5492383333,-108.42775,inat_api_benchmark,f37d1e48bc845278ee6c469b868b4f398f45405ce7cda80677f471084dd136ef,2026-06-26T17:07:10-06:00
686806453,557cfd1d-0ff3-4b64-b7ab-cc570e76d81a,Pogonomyrmex rugosus,pogonomyrmex-rugosus,69517,35.1257969121,-118.2808276181,inat_api_benchmark,f8720035b9c59328a7c42763dbd81c2997d63309cbd6c04fc72d4af232fd445c,2026-06-26T16:58:13-07:00
686807593,77051ef8-10b5-4d34-9b4b-d0486884b538,Pogonomyrmex rugosus,pogonomyrmex-rugosus,69517,35.0824790167,-118.2876846474,inat_api_benchmark,2ec4e1d36f3e77163cfafba948651182f20c6ff7cc7c24c5fa0218a08e1cb8a0,2026-06-26T17:00:39-07:00
686812706,1ba27326-902c-40f2-8fbb-44a09a9a457a,Pogonomyrmex rugosus,pogonomyrmex-rugosus,69517,35.4033410082,-105.971738448,inat_api_benchmark,34cab6eeae10ef74687efd24396b023fcf7c7812be3fd6a7ec8b46a3b45d611f,2026-06-26T18:12:13-06:00
680040480,935f1230-7938-488a-92f6-61fe644bda6d,Polyrhachis dives,polyrhachis-dives,424544,22.4702133333,114.0049277833,inat_api_benchmark,398a47322b17c4beac38185c08f979dec254586dc262f5e8b4ad65cb07d9321d,2026-06-16T10:12:55+08:00
681964103,40dd1fe5-73a3-4fb7-b872-7abec754526f,Polyrhachis dives,polyrhachis-dives,424544,1.3327737327,103.7263323184,inat_api_benchmark,fea2c2e74c975f3daf340ef696427550ce1a79ab19c5fd0c27197bc233f89662,2026-06-19T15:52:49+08:00
681964201,6fedfed5-fccb-4acc-a0cd-b4bec8afdbbd,Polyrhachis dives,polyrhachis-dives,424544,1.3327737327,103.7263323184,inat_api_benchmark,de11cd3f080d58040f70a99c08b30b6a028f7e0a3b48db8f162c89e5d2b56a86,2026-06-19T15:52:49+08:00
682101363,9df9e719-3341-489a-8711-1f4d8eec5316,Polyrhachis dives,polyrhachis-dives,424544,22.377235,114.30136,inat_api_benchmark,c477d3594a1d2f2dffee60a08f5e8993d71e7d1b4f55e0a93711cadf64c6a28c,2026-06-19T22:35:22+08:00
682500241,7de56bfe-4a25-4c8f-8aad-97a89e91ab91,Polyrhachis dives,polyrhachis-dives,424544,24.2099897402,120.5969426036,inat_api_benchmark,7b64e20fdfd3d3ec3aa857e0904835513379df7b08b26f4e27313608a31d2704,2026-06-20T12:05:05+08:00
682777166,c9a3c771-b19c-424f-a259-79d7472f5642,Polyrhachis dives,polyrhachis-dives,424544,22.4849498134,114.5848884434,inat_api_benchmark,1f140dd601f75f6de5b66e4ec83df8980b0e9681c25748bed711a1d7b45c79ef,2026-06-20T23:50:24+08:00
684043011,23a62906-631a-4aff-b78b-e18dcbfdc3ee,Polyrhachis dives,polyrhachis-dives,424544,22.2447216309,88.0558678508,inat_api_benchmark,122abdcc69f831b7cadcea074dde14211053592a4e33ca4214df720b012deb21,2026-06-22T16:23:27+05:30
684608006,170ccffd-e5b6-4a8b-9c49-050d5f4f15c7,Polyrhachis dives,polyrhachis-dives,424544,22.220787,113.914825,inat_api_benchmark,62955b703b429b55f1fbee19f182f80d802264b25657d3c7da5e6bee825d0626,2026-06-23T17:21:04+08:00
685822312,f7dc28ee-a972-4a76-ac15-1bdf448bcfc8,Polyrhachis dives,polyrhachis-dives,424544,22.4695633333,114.0051111167,inat_api_benchmark,1f043b88ef56916e848b468b0f9221397de5da2812c1765873d3aa9df718c5ee,2026-06-25T17:25:24+08:00
685922044,808f88f4-86f5-4795-9401-6480c0744b48,Polyrhachis dives,polyrhachis-dives,424544,22.4700358774,114.0071931246,inat_api_benchmark,8d44358c9bb3bc42433a76f38ec7febe9b5120aec2a06eff0153742962e935e6,2026-06-25T22:00:58+08:00
686341851,8fa47f09-20c1-405f-bed2-14d096cd3379,Polyrhachis dives,polyrhachis-dives,424544,22.470328266,114.0072301403,inat_api_benchmark,553ad8800219b58c972c6ae40a59fde1b721a4d34a225f416e605e63131e0977,2026-06-26T12:51:53+08:00
688845991,c89c6532-ef6c-4505-b6b2-c578653fbfa4,Polyrhachis dives,polyrhachis-dives,424544,16.4117487551,120.5935479328,inat_api_benchmark,893ba1d7513277a61df60883076458829b9bd5b9dc8860220591821cda91f38d,2026-06-30T10:27:12+08:00
689419863,2baf45c2-1146-4e83-9c27-32c3789b083c,Polyrhachis dives,polyrhachis-dives,424544,24.5522279151,115.9026674623,inat_api_benchmark,6c76db5055196409bf91b4c913198056c74881d8b1dd1d3eda77f3a49fb34fea,2026-07-01T10:20:45+08:00
689444396,8a7a2bc2-b37f-4491-bfb1-80ec1ce1eef9,Polyrhachis dives,polyrhachis-dives,424544,23.4513905179,121.4961127752,inat_api_benchmark,6a1068fdcfee89c5f355db747c0c3d1ade198fd7c8a84f79c03230b7a1501dc5,2026-07-01T11:21:24+08:00
689793873,0f672aa2-488a-4b8d-a7e2-858aa846f0cb,Polyrhachis dives,polyrhachis-dives,424544,-8.8352085459,118.3910697663,inat_api_benchmark,65cd90494181aa1f553af18943068dfb6ce81209bd4859feff35b6314efa9510,2026-07-02T04:15:44+08:00
690025952,7ace0ba2-36ab-4dc3-a0bc-7965d35cf602,Polyrhachis dives,polyrhachis-dives,424544,22.020834185,121.5727657825,inat_api_benchmark,b7151eb47d5fb324f2d59c5b79ea932b87ab25cdd721c29f9153d8290614c119,2026-07-02T12:06:45+08:00
690735571,00c9da46-7488-41ac-a349-074090538b9a,Polyrhachis dives,polyrhachis-dives,424544,22.4711783333,114.0059277833,inat_api_benchmark,df78239348e8e958692be417457998a5f1249578be8d493e9b65e56d4be52d59,2026-07-03T20:20:53+08:00
691720927,7104fe60-84de-44c6-864f-a5a8c16afcee,Polyrhachis dives,polyrhachis-dives,424544,16.4012829722,120.589307,inat_api_benchmark,59223d0e58ce983d1d0890b702b129f599dd051826d4a174476595821b3322de,2026-07-05T07:23:55+08:00
692002879,831af1f7-6863-43d1-a1a5-8ee4b272c8ec,Polyrhachis dives,polyrhachis-dives,424544,24.4659928522,112.6264949888,inat_api_benchmark,467ff53e6dd2a58bf776e74a3c7a0f5d524866cf3227490a17f9343ce6ce1cff,2026-07-05T20:16:25+08:00
692126440,6162f3c2-acf8-458b-820e-ad1fe248661f,Polyrhachis dives,polyrhachis-dives,424544,22.4845367984,113.3762440779,inat_api_benchmark,88fd5d417fc027b55020367c45c6331a6c461393e97eef03122681153884c4ca,2026-07-05T23:52:46+08:00
692146706,02b88a98-36d0-4779-851f-1b80a8ed5b4f,Polyrhachis dives,polyrhachis-dives,424544,24.7056708535,113.3061227569,inat_api_benchmark,644fc3e1b72f6a29dd1aabf4f953d56435e3ad3c8ff328342d4c3f8a975cc691,2026-07-06T00:28:48+08:00
693900366,55112441-ddc8-4f57-b96d-910fd61f11ba,Polyrhachis dives,polyrhachis-dives,424544,22.470605,114.00594445,inat_api_benchmark,e8cb22f3dd09f4a9a77ccb1f74cabe0017fc8b6913d5c29dce98d66015cddd32,2026-07-08T20:00:13+08:00
694439192,7e4d9186-1c84-456f-9fc3-f4d695b0a21f,Polyrhachis dives,polyrhachis-dives,424544,6.3713931036,99.6716592876,inat_api_benchmark,27f5b7f3834a89eae641f811fe1289f42314893393e30e3adba85999ebcefecd,2026-07-09T16:44:59+08:00
696257496,de6f900e-3370-4915-9987-0c0fc35e8a40,Polyrhachis dives,polyrhachis-dives,424544,26.5013713343,127.8506909778,inat_api_benchmark,9c9917b6dc9cf679d206a083f93ff8ddb7ff5270466ea18cb5db89795f21a6fa,2026-07-12T14:06:03+09:00
696515633,1e43e075-1487-445f-baa8-f4e04821346b,Polyrhachis dives,polyrhachis-dives,424544,13.7229443997,100.7625431997,inat_api_benchmark,40b0500c7982be36fa9546f7cda5977dcd283ef884835d1dec7747f77af94d4d,2026-07-12T22:44:11+07:00
697574490,e269f9d6-3ff3-4f2f-ab59-52affe8b4b46,Polyrhachis dives,polyrhachis-dives,424544,22.2839599301,113.9258458838,inat_api_benchmark,885124bbebd970d85f76063aaa761ce26495b843d1de8c31ee23e6bacb6ccff4,2026-07-14T10:27:39+08:00
697800234,2cc3f5cc-4bee-4dba-9e6a-a8365ff44b42,Polyrhachis dives,polyrhachis-dives,424544,22.4706383967,114.0065240487,inat_api_benchmark,f285bd8cdd4dd04b39688ac75cbc3a9fb759fcb3e06f5ffda5917f93da1d7eec,2026-07-14T21:42:23+08:00
697820799,2b43f161-4bc5-4ec4-afd6-76f0572d9884,Polyrhachis dives,polyrhachis-dives,424544,16.4117487551,120.5935479328,inat_api_benchmark,ae09007a071f7ba254951c9709140721061d65e0c760d39899d4acbeae3e5d77,2026-07-14T22:30:44+08:00
699516996,8329c6c3-d97a-4c76-805c-ea025d426fca,Polyrhachis dives,polyrhachis-dives,424544,22.9647750662,88.528762158,inat_api_benchmark,cd4688dfb43a5e80b95c475f0ec39249a72f51e68c23ae489c33fbeec5d57110,2026-07-17T18:23:35+05:30
700772304,0f38ccb5-49a1-42c4-b5fe-cc5b8f16ea32,Polyrhachis dives,polyrhachis-dives,424544,25.0974871614,121.4553688458,inat_api_benchmark,105821c17b991954db4b4943f1de39415b15e2c21e3475f2ddf7ebbbdd8a8f6c,2026-07-19T21:49:35+08:00
701325734,a99a81fe-cd2e-490a-bb9c-9743cde68b2b,Polyrhachis dives,polyrhachis-dives,424544,-17.5195916667,146.0224416667,inat_api_benchmark,0f5ec6c5dab1b90270f7a33d48fc1538a97e11cd6b5fad0133372e248c962241,2026-07-20T14:12:23+10:00
701447495,8f95e14e-a02b-4023-857d-717fdb226419,Polyrhachis dives,polyrhachis-dives,424544,2.2702335252,111.8640066049,inat_api_benchmark,4d58acfaa22d3da461db92c7589b0d9a298a94e513bc87fd0b03ede53d95956a,2026-07-20T19:22:16+08:00
705130885,a647fac9-6fa6-4e70-bd11-293a13a47ac6,Polyrhachis dives,polyrhachis-dives,424544,26.737132,128.161694,inat_api_benchmark,ce6760f2cd897cc33165a0cae7aa80a795be522ac49e22897134fa48c2bba601,2026-07-26T18:20:43+09:00
706045279,5df4b454-1190-45ff-8f06-a2f0d9d55cc1,Polyrhachis dives,polyrhachis-dives,424544,25.3901604895,107.8646625157,inat_api_benchmark,6cf5f41f6d62c3509328b781d6a3128f1a8638acaba9c5998c5e3128524d2ce5,2026-07-27T23:58:04+08:00
706321241,e3e4ce95-caae-45ea-a536-38009745a90d,Polyrhachis dives,polyrhachis-dives,424544,26.3925654732,127.8061119133,inat_api_benchmark,5fc621395e4322e99d16da8e9dbcc6c504ece548c238f4cb32a0143dfb086519,2026-07-28T08:23:24+09:00
692657275,5322657c-7b87-49b2-8eeb-6e29edd413cc,Polyrhachis schistacea,polyrhachis-schistacea,574721,-25.3450410987,27.6776206121,inat_api_benchmark,367062b2e2a8aa5a8567e60048a3a41d66b1de3598286ad2d5e6d4581c118ab1,2026-07-06T11:57:29+02:00
680473161,6d44b0e0-8eb1-4c13-ba52-a56c2a1ce15d,Prenolepis imparis,prenolepis-imparis,68142,37.4401666667,-122.1488195,inat_api_benchmark,72675c5166f3dc5924d1a98674bc5280c75744500792c9b6a99148f3c8017e70,2026-06-16T12:44:53-07:00
680476603,78d287db-f347-4793-a4a0-2446d3ca71cc,Prenolepis imparis,prenolepis-imparis,68142,43.362045,-80.0897361667,inat_api_benchmark,80f87daf028bf58038663bbb46a4781f026c4d7324b20d92d953f40e813c17ae,2026-06-16T15:51:06-04:00
680758569,9d4436f5-c7b8-4368-8348-1b51869a60c1,Prenolepis imparis,prenolepis-imparis,68142,37.26378772,-122.01011611,inat_api_benchmark,b40cd71deaba3152f46defefc3ee0599440dca2e3a10842025417c1f3049297a,2026-06-17T00:16:05-07:00
680757753,dae2ae36-231e-4140-9dd5-4bcdbfe47b39,Prenolepis imparis,prenolepis-imparis,68142,37.2637779755,-122.0101901946,inat_api_benchmark,ace117b797ba2e082f17a0a723cf3e55be1c193424ae265074344f0c63a5b345,2026-06-17T00:30:43-07:00
681061881,d748365e-c39f-421a-b3d9-72f7b8a801df,Prenolepis imparis,prenolepis-imparis,68142,38.0577861111,-91.2297944444,inat_api_benchmark,b510919813a4f3ea4e072d62b5c8cd6227440c71509d4ef3b4a49fc9463fef16,2026-06-17T14:00:24-05:00
681104040,511c7d2e-6110-476f-9a60-a3c23f8cf7e8,Prenolepis imparis,prenolepis-imparis,68142,43.5286431997,-80.2270335997,inat_api_benchmark,bfffd77bccf4a0228c5c8490d8e9b0e13f2d4e57a766a15fe41b9b6b0186f68a,2026-06-17T16:13:52-04:00
681155001,b1891d8c-5364-4173-a1a6-b38138365c91,Prenolepis imparis,prenolepis-imparis,68142,36.96458,-122.0830483333,inat_api_benchmark,8f562aeec0cf8bc567423a09b05c9d34721435c3f9be9bc355c1e213106f3191,2026-06-17T15:38:35-07:00
681155028,fead34db-bcf9-4f67-b8be-527c9b49b0f2,Prenolepis imparis,prenolepis-imparis,68142,36.96464,-122.0830933333,inat_api_benchmark,a8ae9a86f06c404ab59001b426aa159367259f5e8b6e43ebab2277c0ee75e87f,2026-06-17T15:38:35-07:00
681238884,dc61b10e-65c7-43d6-9d28-9eff323a3d9a,Prenolepis imparis,prenolepis-imparis,68142,37.4402116667,-122.14885,inat_api_benchmark,913ab2cb575ed823fd66490d3ad182daf730545ca1849c02dee0b8c0a62a185e,2026-06-17T17:45:04-07:00
681239206,8d33bd85-22b3-4619-99ea-65fa20ff5c74,Prenolepis imparis,prenolepis-imparis,68142,37.44023,-122.1488721667,inat_api_benchmark,4aef1414c8abb0fec40918001d64f39dc7f507ebaf45e5288072570a0c334c65,2026-06-17T17:45:59-07:00
681266669,5c9859a1-3598-4e00-9b9b-51183df4739f,Prenolepis imparis,prenolepis-imparis,68142,37.4402849371,-122.1490163169,inat_api_benchmark,2b9c896555dbc93a7bc784f978df38993bf2360eaabed342372a738d65a65c7c,2026-06-17T18:50:58-07:00
681298814,c7eea2cd-95c9-4f4e-aa93-ffb6d990e592,Prenolepis imparis,prenolepis-imparis,68142,40.8896904031,-73.8928102313,inat_api_benchmark,ece725991d0134a695f2f1060fbd81ff2b0432e5f13509eb3a5a265877e9c3f6,2026-06-17T22:59:18-04:00
681466370,20f563ac-0d6e-4937-8f07-6938f9385a63,Prenolepis imparis,prenolepis-imparis,68142,40.0981917389,-82.9880748186,inat_api_benchmark,070f0bcc6c71e5011deca194f4d8509a061fa51e3aaa3c120ced2252e06fa73f,2026-06-18T08:29:54-04:00
681663880,a7a2ccfe-7a4d-4dd8-9fa2-ec1beef419a4,Prenolepis imparis,prenolepis-imparis,68142,35.8540616667,-85.2823633333,inat_api_benchmark,9ccf714d765f484d93c0d626e545d93fbc77f0433cc4b078e9811d1a3e5c5145,2026-06-18T14:01:05-05:00
681683998,0bb3c850-96ef-4681-a8d1-e5b881a53c21,Prenolepis imparis,prenolepis-imparis,68142,43.6948441374,-79.4113826456,inat_api_benchmark,183b52764211ebf5c7caa278f8302f20df6548f6d79502df54403a2787985c5e,2026-06-18T15:36:43-04:00
681748170,18af5253-248c-4222-a3f0-aa756062cb01,Prenolepis imparis,prenolepis-imparis,68142,43.5510366667,-79.6580716667,inat_api_benchmark,ec424f572da8e4edbfb67d6d29470f008b041bce8cb47fc41b191ad5e1aba6bb,2026-06-18T17:37:25-04:00
682056050,c6232ad3-923c-45d1-8640-ae33c8726b1c,Prenolepis imparis,prenolepis-imparis,68142,41.5362960287,-82.7116419096,inat_api_benchmark,d5d87339434267515e2b7400265bc0cd0f07b0fa01d7b40f8515752d9354dc0e,2026-06-19T08:53:10-04:00
682265728,f05461cd-0416-43d4-b85e-deb60410ac1a,Prenolepis imparis,prenolepis-imparis,68142,42.3938533333,-85.3856416667,inat_api_benchmark,8de007b7e193812f5f0e4b6a95a374fdbd0bbb58ef7766bec8aa053d7acb6446,2026-06-19T15:42:40-04:00
683030608,4ced4f93-d212-4c84-84f1-1a320a2ca076,Prenolepis imparis,prenolepis-imparis,68142,41.8310165138,-86.2434559906,inat_api_benchmark,129cce5961ab037bc18b988ad1de4f0f9215f0e67b6e8473301cc52f4d8f763b,2026-06-20T18:49:02-04:00
683131188,72c2b967-2b1e-4055-a633-e2f997752b33,Prenolepis imparis,prenolepis-imparis,68142,43.2807633333,-81.8093033333,inat_api_benchmark,a32894a139bcf69f8b4ba99c5d122100dea4fc145b9a4982e0c34010f21683e9,2026-06-20T21:55:09-04:00
683429224,7ca247b8-e8b9-4094-82f2-329e32910ae1,Prenolepis imparis,prenolepis-imparis,68142,43.0520266361,-88.3433079392,inat_api_benchmark,1db26cb39a0a78ec729b68890714e98314573ef807f7e547ded4174ab6cc6d5d,2026-06-21T09:19:21-05:00
683696983,984c622a-c3fc-4708-b978-2f6596a05dad,Prenolepis imparis,prenolepis-imparis,68142,43.3744055556,-80.9696638889,inat_api_benchmark,2fa8a2bc4010c4ef3425aaf1d73058e8c971545cd439a5696d5ffebcd2533aa8,2026-06-21T17:01:14-04:00
684603160,4e220349-4306-4655-b889-0e79d7951d03,Prenolepis imparis,prenolepis-imparis,68142,42.8206296237,-88.4081357759,inat_api_benchmark,0b9feb0ef31b15a6de381888d5807ce768422695bcc7e44e41e0ce20dc6f7ef4,2026-06-23T03:27:37-05:00
684810951,8236774d-90b4-42b1-af7b-4f541c3d5672,Prenolepis imparis,prenolepis-imparis,68142,43.28078,-81.8093633333,inat_api_benchmark,bab5f2eb87702dcd552232f8829e8b233c8e0b01fe86b46c32b6fa2fc8c974ff,2026-06-23T14:04:32-04:00
684921089,e4e5a38c-9a05-4b0e-bf00-c0a9182a9539,Prenolepis imparis,prenolepis-imparis,68142,43.0893166667,-89.4339966667,inat_api_benchmark,c339749086ae8ac911adec93da101d10b9eb9ad294c6b17db745e665f10e610b,2026-06-23T15:09:44-05:00
685169863,23ef2100-a409-4724-87cc-fb37c7b0bd59,Prenolepis imparis,prenolepis-imparis,68142,37.2637966667,-122.0101388833,inat_api_benchmark,8d020eba8926f6fb58a223912cb1e71c2f2ce7433e48b2019d94bfb6308fdbab,2026-06-23T23:26:29-07:00
685351507,5ce3d46a-f593-4073-b43f-83fcf02fc403,Prenolepis imparis,prenolepis-imparis,68142,43.1286057358,-88.042515479,inat_api_benchmark,e8fbd3b37a9b3147ec99911edb262e67e2bd556fda0c31d666cafc7c1f1efb3d,2026-06-24T10:06:25-05:00
685463119,d2fe7951-7557-4626-97dd-c7279f435e44,Prenolepis imparis,prenolepis-imparis,68142,39.5954383333,-74.3470533333,inat_api_benchmark,a326654bdcd0fd16f134857a673e95d59a25c4c640f1584f0395d72525382894,2026-06-24T14:31:21-04:00
685538663,236f009c-dfc4-4b68-ab0b-52e235c073b7,Prenolepis imparis,prenolepis-imparis,68142,38.3302916667,-122.2832116667,inat_api_benchmark,a40557aeed20bf48c9aacd2e934b576d2b5a4579c677b7922fb07e2c6e150c44,2026-06-24T13:43:10-07:00
685547690,221e2fcc-95f8-4c08-a584-69536fb879f9,Prenolepis imparis,prenolepis-imparis,68142,43.6567628,-79.4209165997,inat_api_benchmark,89ee39b4444f047fad16af0e1bb784a0b0e134a3321bd0be58b06c22ad061088,2026-06-24T17:00:40-04:00
685714393,6447ea52-9e03-4cff-87da-60d20cc02286,Prenolepis imparis,prenolepis-imparis,68142,37.2730633333,-121.9039216667,inat_api_benchmark,d9831b89750dad44397e11b7887fd288eccbe5bc525874d8ef329661186bc664,2026-06-24T20:03:12-07:00
685731783,15c68c80-e629-4d60-a89a-d7e4d4cb4eb6,Prenolepis imparis,prenolepis-imparis,68142,37.4091073059,-122.2353500441,inat_api_benchmark,1719c0527366f0a6e05441a8942fffd275cbc3f6835b16b1340a1954aa2ddbf6,2026-06-24T21:09:56-07:00
685731956,a283e203-0aa7-4e0b-99ad-9b0a6288fadb,Prenolepis imparis,prenolepis-imparis,68142,37.4092436595,-122.2353500441,inat_api_benchmark,542136399a3bdc69a075b3afd017370e07b46b4be5847f5b0e66418a19a5f360,2026-06-24T21:09:56-07:00
685732018,cda7703a-e5b8-47ee-844a-5580f0e6b8e0,Prenolepis imparis,prenolepis-imparis,68142,37.4090050405,-122.2356075362,inat_api_benchmark,4a572ec29d74f50298ccc73d3b3d2e009baacd6a951bb6804ce202a46b515ba2,2026-06-24T21:09:57-07:00
685732221,9078e9dc-6dfa-4a3e-992c-1d891506637a,Prenolepis imparis,prenolepis-imparis,68142,37.4090902616,-122.2358864859,inat_api_benchmark,ba7b16d81c20022d6f711f9656edddfc1f564c860fee48a0cc08466a5e5df3e5,2026-06-24T21:09:58-07:00
680038817,ba2dcccf-8b9b-4d80-b691-12258dfc8e47,Pristomyrmex punctatus,pristomyrmex-punctatus,360058,35.01529,138.426145,inat_api_benchmark,13280983308c33fc4736b6d34d3cdcbffbf2ff89bf2a2de69fc000ab7ba3d5ce,2026-06-16T13:50:34+09:00
680116802,5ec9ff83-c5b8-47d4-a3b2-1b69608d17d6,Pristomyrmex punctatus,pristomyrmex-punctatus,360058,35.2717940111,136.6379542262,inat_api_benchmark,cf2495590eac1771cd16804c880d3520a579cb3be8dc6dc4a53818f5260822e3,2026-06-16T14:56:18+09:00
680217742,02363920-afc8-4119-84e9-8227873d902c,Pristomyrmex punctatus,pristomyrmex-punctatus,360058,37.9767181,127.2761665,inat_api_benchmark,fa050ba10cefa9fb2f9e2bd49e38e8e77c4a5e9079f6cbd2ae6ba40f9c83d79f,2026-06-16T21:03:21+09:00
681394971,d6a67191-9e37-41eb-b53c-be262d0f64c1,Pristomyrmex punctatus,pristomyrmex-punctatus,360058,34.9647695246,138.4675579399,inat_api_benchmark,4f84e3aa962359ebefe76cb4925535a841c54cfbba9c59f0c8c9a17514d7bbbe,2026-06-18T17:30:33+09:00
681413808,b9a9e456-b07b-4390-926d-324877a7426e,Pristomyrmex punctatus,pristomyrmex-punctatus,360058,35.6331133333,139.4595466667,inat_api_benchmark,f4c38da83349acef5345b76e1e98e63e6f3a4c93974406b2e605b1cb90a0d4c6,2026-06-18T18:37:54+09:00
681419235,337a420f-2253-4350-9663-af1df76d1b08,Pristomyrmex punctatus,pristomyrmex-punctatus,360058,35.64565654,139.43983875,inat_api_benchmark,43515b89d8e5f2ea53ee4f09dce03a9bdbfd0fecd969e963a28e2300c363a4d2,2026-06-18T18:56:42+09:00
682002920,cee426f1-d724-46b7-a517-e99e66bf4366,Pristomyrmex punctatus,pristomyrmex-punctatus,360058,35.3494010003,136.6265265532,inat_api_benchmark,c5428567216730e17f7c99f33d95ebb357126486a052b5f945d2f8db7493c274,2026-06-19T19:03:24+09:00
682591464,f4a82cf9-ab24-46b8-9f07-bc682b3685ed,Pristomyrmex punctatus,pristomyrmex-punctatus,360058,35.6404188733,139.0519464248,inat_api_benchmark,a08e885909ca103ec0beea16d111ab1386477ba9e21f4529116c38a362153fdc,2026-06-20T18:08:15+09:00
682626578,eed57495-519f-4661-9ed7-ba5709083c41,Pristomyrmex punctatus,pristomyrmex-punctatus,360058,30.3767984153,120.2195413418,inat_api_benchmark,127283fd4661da6436221bad958a7e4a8cfdcbddfae6cbb4e1f9884372b7d4cd,2026-06-20T18:50:14+08:00
682652164,0bd6aa79-ea4b-45ac-9cf1-209e2d477f6e,Pristomyrmex punctatus,pristomyrmex-punctatus,360058,19.2254299,109.45167,inat_api_benchmark,ac3a3daab1db28429965250280e6270fd4d04d572a7b57f089f91b73935e5514,2026-06-20T20:03:44+08:00
683088899,152cc930-b9a9-451b-b4ad-a4fb79b92cf7,Pristomyrmex punctatus,pristomyrmex-punctatus,360058,37.54272,126.8686366667,inat_api_benchmark,b58c8f2ce2d7f28d7b912fbd223ba098c906d8fa29e2ffdeebe330b9bf2ee62e,2026-06-21T09:20:35+09:00
683658807,41b3e95d-39cd-4763-9f20-487fa46e780c,Pristomyrmex punctatus,pristomyrmex-punctatus,360058,35.3423593076,136.6295160475,inat_api_benchmark,f006c6a0eff8923a1b043e5a9c4e310b334f10cda902b094167bebc3df793d5c,2026-06-22T06:19:25+09:00
683679016,02dbc0d0-99fa-45c6-95c3-ccad5da32359,Pristomyrmex punctatus,pristomyrmex-punctatus,360058,35.3419411536,136.6293832026,inat_api_benchmark,baed49738f3c0ea57c71daecac636306c303f7848df990af8bde65044f5c1e2c,2026-06-22T06:19:34+09:00
684459892,b9cce337-9299-467e-828f-b01edac774b3,Pristomyrmex punctatus,pristomyrmex-punctatus,360058,35.4047139688,139.3761108482,inat_api_benchmark,d20e494fea295d15433d1cec38bdc2509f2eccff6ee727ef5b00fc5f2c5ae4bc,2026-06-23T09:47:53+09:00
684831654,c01a9611-ea2d-48df-8591-6f6eee0b775a,Pristomyrmex punctatus,pristomyrmex-punctatus,360058,35.34315,139.5879638889,inat_api_benchmark,59f908332c6db012043d2e1c14d78f0172e0378b0167ad3ad976a1695ad9bd6e,2026-06-24T02:32:30+09:00
684953976,4d0cd897-b3b0-4746-9dcf-55fadc835e24,Pristomyrmex punctatus,pristomyrmex-punctatus,360058,35.63868794,139.43690934,inat_api_benchmark,ee7395f820a516aae84a85549218ebfb2f4a8cd48e7198ede8b26fec2e254bc4,2026-06-24T06:18:29+09:00
685151875,80773f0f-778a-495a-ad48-0f0c14e8b5a0,Pristomyrmex punctatus,pristomyrmex-punctatus,360058,37.8463251241,127.3094670784,inat_api_benchmark,7738837ece41e7785197a2b3dd3e071c3cfeb3ba9664ade6199b602e7eaa8476,2026-06-24T14:26:11+09:00
686520275,d97e1cd5-75b7-4da2-b15e-cae6bed326b7,Pristomyrmex punctatus,pristomyrmex-punctatus,360058,35.4170150885,127.8743593209,inat_api_benchmark,a914b2a80914fe04437f28ee541a391a35ad17cefbc3ed408c429eac7d2361d2,2026-06-26T23:37:27+09:00
686561368,dfa192ac-30e9-48f7-af91-f626dd6480a7,Pristomyrmex punctatus,pristomyrmex-punctatus,360058,1.3387956294,103.8082912671,inat_api_benchmark,fca0be29ed673dd50168922ee2dfe768b8bb1321e04fbe399ec5a34ebf82cdf7,2026-06-27T01:01:57+08:00
686961861,cf014b04-f74c-4107-928b-3176ddd9ac17,Pristomyrmex punctatus,pristomyrmex-punctatus,360058,36.8223439604,138.2081103789,inat_api_benchmark,e368a096553d517306574eb7d1dbf757471bf765c38bdef105ef62218581e9f7,2026-06-27T16:22:50+09:00
687031059,f5d0652b-2544-4697-95af-638e2bf2510a,Pristomyrmex punctatus,pristomyrmex-punctatus,360058,38.2451568185,140.8027170246,inat_api_benchmark,edb7e238b1ead152a34b70d67a64cdbe0209269ca676b89dce15a66c7aab3456,2026-06-27T20:42:44+09:00
687086135,9c1531e2-534b-405f-8832-6ab39656960b,Pristomyrmex punctatus,pristomyrmex-punctatus,360058,37.9768216667,127.2769280333,inat_api_benchmark,f6714c87bba3b89790e4486c1b85807ca9eeb009347f020ecbc475599339d58a,2026-06-27T22:48:18+09:00
687541293,42c76e5c-4719-45f3-ad05-1fe22b89e22d,Pristomyrmex punctatus,pristomyrmex-punctatus,360058,37.9763000333,127.2751928,inat_api_benchmark,63fe1b513dfa0bd6ab99f192026a8b2b56bf739daed8c7a2a24251f3c356e62e,2026-06-28T12:24:31+09:00
687796783,e7c22ac3-b725-4b89-878e-f321b71419a6,Pristomyrmex punctatus,pristomyrmex-punctatus,360058,28.8936277778,115.0799444444,inat_api_benchmark,c1d77b7024299c8034c3676592e6a19c51fc2415f40149e6ca9c102d5dd4ff54,2026-06-28T22:03:37+08:00
687784455,d0dec3ae-c68f-461f-9439-7a5e3922876b,Pristomyrmex punctatus,pristomyrmex-punctatus,360058,24.8540665247,112.9562738753,inat_api_benchmark,0f587d5cfd04fd86e53a4f96f13bee4d3a685797c065f14815a9b6968f03be34,2026-06-28T23:10:39+08:00
688485831,bbe46f38-db7f-4d55-a1d2-df75164dcd0e,Pristomyrmex punctatus,pristomyrmex-punctatus,360058,35.4046539603,138.8899282739,inat_api_benchmark,9aaec780ea790d5392d0feb500077d496cd5de25d64e78a67390ed1867abf656,2026-06-29T23:31:22+09:00
688927062,2b79b3c7-2428-478d-ac28-d8fbebc458df,Pristomyrmex punctatus,pristomyrmex-punctatus,360058,24.9077263883,113.0581322217,inat_api_benchmark,051c2530e314aed611f637bf19b1f141afff1761eff831791c1720f0886e81fb,2026-06-30T17:35:06+08:00
688978717,4a2dff64-45f4-4185-86e0-68a876a0b9d5,Pristomyrmex punctatus,pristomyrmex-punctatus,360058,29.685105,119.639002,inat_api_benchmark,f08c0a1e3877a059ef4f206b3897bc34b5b1cb31a25892ca0c6b19a83cf18ff1,2026-06-30T18:06:02+08:00
688990832,53ab8843-eb5b-4af6-87ab-94a6dbf770a9,Pristomyrmex punctatus,pristomyrmex-punctatus,360058,35.4997972222,139.5866222222,inat_api_benchmark,f26c2c85928922b2b4078dace567c00ae1094761489e0e1a91ab54154d822871,2026-06-30T19:47:14+09:00
689088270,8ad14cec-38f2-4c35-98e0-4310260863b6,Pristomyrmex punctatus,pristomyrmex-punctatus,360058,34.5438216667,135.50795,inat_api_benchmark,89cc702b6923c1ec536b8987dcf1ce5138c9816c27372bd30cbb3c5ea06a9822,2026-06-30T23:55:17+09:00
689414673,c136aae0-0b57-4eb5-ad8f-3f99288d9512,Pristomyrmex punctatus,pristomyrmex-punctatus,360058,1.3359,103.7810133333,inat_api_benchmark,6780c76cd803a8e7befd6aa02e22c899737c4633dfef915b9c9d8e04f2a9e30c,2026-07-01T10:06:39+08:00
689551913,2129e936-4e87-48cc-b341-807f172a6614,Pristomyrmex punctatus,pristomyrmex-punctatus,360058,35.3641953902,136.641487025,inat_api_benchmark,5e2927386dac753f1e6b515091b78575074681a621c4c6b47d2929f81a9c69c3,2026-07-01T19:19:12+09:00
689551981,1eea8148-347c-44e9-84f3-aa770e17f68e,Pristomyrmex punctatus,pristomyrmex-punctatus,360058,35.3642152402,136.6417024326,inat_api_benchmark,6881f8bef0d8d45eab38e94490a7172b6d5177757b1d477b56a169ea66fe7118,2026-07-01T19:19:12+09:00
689647078,df89ec29-4d53-4d7b-b045-27fd38751c5d,Pristomyrmex punctatus,pristomyrmex-punctatus,360058,37.9717521333,127.2641512333,inat_api_benchmark,2401f93e9fcc708a98626ab922ed416d847eebdde1bfe6a36589a33b73febb36,2026-07-02T00:07:27+09:00
689693826,158a5465-2f19-4f15-8a1d-5fc5ef8f5e14,Pristomyrmex punctatus,pristomyrmex-punctatus,360058,37.8040123541,127.2939327989,inat_api_benchmark,a04aa2bdf105375ae7a65bf44bbeca5704a725ed7f94c3f8cd6f5cfde66d2c90,2026-07-02T01:12:17+09:00
680366483,4ed45fc8-269d-47c0-ac41-dc1818e1f0b4,Pseudomyrmex gracilis,pseudomyrmex-gracilis,300301,20.6706774,-103.367366,inat_api_benchmark,eced2137f202f56399ede8183412c1d4865d20cf9960c274f6363642ae51e486,2026-06-16T10:46:28-06:00
680423143,3e827963-c6e7-48da-bc26-c6ddd87f5543,Pseudomyrmex gracilis,pseudomyrmex-gracilis,300301,19.7021583333,-103.4510116667,inat_api_benchmark,fb8277ecbe75d50452afd216bc1e85a97eb92c54fa43e27442ad124e7eae853e,2026-06-16T12:20:37-06:00
680512695,6a08f382-b476-44ce-a684-0c33b0eab9da,Pseudomyrmex gracilis,pseudomyrmex-gracilis,300301,20.7472818758,-102.6554211974,inat_api_benchmark,e029f65f1e27b37c0eff713b3f3cba46570154a774d31479402c9e3a775b7807,2026-06-16T14:55:49-06:00
680535141,c7fd06b6-38fe-436e-8c90-ffb74f4d99cf,Pseudomyrmex gracilis,pseudomyrmex-gracilis,300301,26.1271024,-97.9580927,inat_api_benchmark,711780412da6b7ec84f78ba325f944e1008dd43ce805049f27740e6caf167155,2026-06-16T16:37:22-05:00
680723683,13008971-c459-4639-bbb5-9a52e1bf2726,Pseudomyrmex gracilis,pseudomyrmex-gracilis,300301,27.1024637,-108.7504578,inat_api_benchmark,292da1ff006cffc56283fb3264c028c327c0f4a7fb0eb68a0bfbcaed0f4f7c7d,2026-06-16T22:04:20-07:00
681007323,a0d07e55-33c1-462a-a51f-f5a922ecc705,Pseudomyrmex gracilis,pseudomyrmex-gracilis,300301,20.7459472,-103.3446753,inat_api_benchmark,8118304fa133b078f5c56a11e95ffa4fc7a758a859f8dc7d0d482d0163149e83,2026-06-17T11:24:05-06:00
681132899,d18c2183-0b48-4eb3-8b19-36b22e2986af,Pseudomyrmex gracilis,pseudomyrmex-gracilis,300301,29.9307966667,-90.0861888333,inat_api_benchmark,5cbb3271a97d99391f95d785bfaaafbf31b1d4c7fc909a62d9f627727ee97374,2026-06-17T16:04:50-05:00
681254196,440f3f22-ec21-471f-9ea4-d06261d9159a,Pseudomyrmex gracilis,pseudomyrmex-gracilis,300301,30.5036780446,-86.4590060064,inat_api_benchmark,c6dd2876f3ddafd2b4bd89fed6077fc2f533a446f572a6268a4cc6ffad59af84,2026-06-17T20:25:59-05:00
681476494,690ddd40-c270-48ff-a10a-7a6df588c10d,Pseudomyrmex gracilis,pseudomyrmex-gracilis,300301,29.1069361667,-81.3557366667,inat_api_benchmark,575242f22aefb7291f9978ced17d83117ce120c60a62d830f86092fdd841825c,2026-06-18T08:54:09-04:00
681542740,0c52b076-c38c-4c49-9449-0fdf114dfa99,Pseudomyrmex gracilis,pseudomyrmex-gracilis,300301,27.5633792877,-80.4139633179,inat_api_benchmark,760d99abbe4dceadb52d6a97b84f8c0c2ae18d7a9d72485f0099ecb439730c77,2026-06-18T11:13:35-04:00
681561871,28481550-3207-4fe7-8edd-c8a4437da28c,Pseudomyrmex gracilis,pseudomyrmex-gracilis,300301,29.2651361111,-81.0251222222,inat_api_benchmark,7a64667f2cca849b950d8101aa7da6db17840251c489057921b7b065bc2a20b0,2026-06-18T12:11:15-04:00
681615321,0f3fc9ba-2109-4feb-b359-92cfcec3bed7,Pseudomyrmex gracilis,pseudomyrmex-gracilis,300301,26.3226608688,-80.1975684048,inat_api_benchmark,dcbf5d118fb047c7db324e2a20af778501bbd88d71346499c20e4d375be5325b,2026-06-18T13:31:34-04:00
681627096,966f324d-c5be-4054-9cff-f156b411eaac,Pseudomyrmex gracilis,pseudomyrmex-gracilis,300301,21.2781633333,-157.8321833333,inat_api_benchmark,c7ea4c6563060cbdaa04d9ca13ad354620b961ae0e47794da6e6efb34c5fcedc,2026-06-18T07:52:40-10:00
681644453,991aa038-8dfe-4751-94dd-3e6f0d39b175,Pseudomyrmex gracilis,pseudomyrmex-gracilis,300301,29.9302987464,-90.0129474563,inat_api_benchmark,87d51908e84bff3ded7c4d11bb1f6a303c2f9d58863c5623404ba3050140a9c7,2026-06-18T13:23:21-05:00
681694143,3183b627-ba2f-41ce-b21a-726e008f12e4,Pseudomyrmex gracilis,pseudomyrmex-gracilis,300301,29.9361957435,-85.4012205143,inat_api_benchmark,ef9cf36d825f0d5195744a480596124915d03be109fd5bd569c47b3d11fbe157,2026-06-18T14:56:37-05:00
681914040,69ffe672-117b-42e1-baf6-be25c0ca4695,Pseudomyrmex gracilis,pseudomyrmex-gracilis,300301,30.5036780446,-86.4590060064,inat_api_benchmark,3891a4192ddaf6dd20bbde2ee349e59db207ecef125d262fcbe122f0567fd60b,2026-06-18T23:45:26-05:00
682129649,c0e6f41f-ace3-4ede-9dda-04bed3a05be3,Pseudomyrmex gracilis,pseudomyrmex-gracilis,300301,28.1854782104,-81.4346618652,inat_api_benchmark,6a6b2679af0c01b148e855ac8362217e69cbe058f26685ac492c9f71ddfb2d2f,2026-06-19T11:23:50-04:00
682165834,ad93995f-ccfd-4f0c-8644-7a1b0845da82,Pseudomyrmex gracilis,pseudomyrmex-gracilis,300301,32.1935558114,-80.6641330674,inat_api_benchmark,80dc8711de56337f4a342eb77a36e4b63b1a68fc6a33923d23b281884d1b0ae2,2026-06-19T12:36:10-04:00
682173228,a9ea771b-2250-410e-9647-d7a7ac941f8c,Pseudomyrmex gracilis,pseudomyrmex-gracilis,300301,29.331495,-98.4931033333,inat_api_benchmark,46abd249e3b1211c26ba4cafc2dac8cc5d67401c313f6d8aaa2d4f34d792c4fa,2026-06-19T11:50:22-05:00
682186132,001c45d8-ae24-43fa-8333-0da38faad808,Pseudomyrmex gracilis,pseudomyrmex-gracilis,300301,25.6458324345,-100.2674400054,inat_api_benchmark,12ff31e95e1cbf5f32092c30161af255900fe3d5fd9b4eb85ea9bdb996367ab3,2026-06-19T11:17:56-06:00
682267735,93f6054d-f09b-4b47-96e0-75ae4ad9d976,Pseudomyrmex gracilis,pseudomyrmex-gracilis,300301,29.9865966667,-95.35087,inat_api_benchmark,20259167399c36b70d892b4c22462e2cc941163ef7ed5b0f61ef582d006876fe,2026-06-19T14:46:04-05:00
682356264,5ad91173-ab87-42cb-ada7-d30084df6a22,Pseudomyrmex gracilis,pseudomyrmex-gracilis,300301,29.8377779645,-95.2859572751,inat_api_benchmark,0bac3e27c0477b9fb7901a8959737d7fcf6c060f91464b8e98c889e962cb73e8,2026-06-19T17:34:06-05:00
682360854,3732ce4d-261a-4aa2-9d20-c048bb9d1680,Pseudomyrmex gracilis,pseudomyrmex-gracilis,300301,30.3885478663,-97.6508404162,inat_api_benchmark,6a533ea228a973fe4b7bdd08c9010a05ce273b9870a4eaef1de98e4d08afedb6,2026-06-19T17:43:03-05:00
682462415,2fedf86b-5ba9-4cd0-9627-a68b125dc1fc,Pseudomyrmex gracilis,pseudomyrmex-gracilis,300301,20.6715494646,-103.2185600325,inat_api_benchmark,0f5a1612fd9246e0978ce473990f993c46d7253d04752cf652f235fe208958b8,2026-06-19T20:27:13-06:00
683018168,2ac5fcdb-2bf9-4e7f-b512-765e888a557c,Pseudomyrmex gracilis,pseudomyrmex-gracilis,300301,27.8886384707,-81.949801066,inat_api_benchmark,671e9ec49cdfb1dab1a6200e844700ba684aa574d04b4234fecfe6bd1ecb07bc,2026-06-20T18:08:05-04:00
683086108,0f040ed7-d834-4b10-a4b1-b8929c7974ae,Pseudomyrmex gracilis,pseudomyrmex-gracilis,300301,30.190495,-95.4554216667,inat_api_benchmark,8d9743f4777df1c6932681407d9cf2d22672859ad540753ce5cbb13909ad2ae2,2026-06-20T19:14:42-05:00
683118177,19c2ce19-d200-46ee-892c-00ff23f9e6e3,Pseudomyrmex gracilis,pseudomyrmex-gracilis,300301,31.97498731,-81.0279654,inat_api_benchmark,5841024071342a33ab015707be020fca1a9bf74f8ba09a57a8974f98a7d3f09f,2026-06-20T21:26:53-04:00
683692263,2cb18e53-4ef4-4325-820f-d9b60b597783,Pseudomyrmex gracilis,pseudomyrmex-gracilis,300301,28.9970512263,-82.7288298194,inat_api_benchmark,b8e4ff11c6551fd16943cbf54b4fca2b894cfc7d3f808a03b35e60a18c6bb017,2026-06-21T16:54:34-04:00
684076963,2e2bf8fe-da0f-4009-8c20-1389e7872ab4,Pseudomyrmex gracilis,pseudomyrmex-gracilis,300301,30.2262406799,-95.5201411852,inat_api_benchmark,825d2497f02eb894c78a8d32016905f1442cbd037e4f84ea4270bcbc4db613a7,2026-06-22T07:32:04-05:00
684255220,69b7fd5f-1015-448e-95e1-bc6d4ffc1355,Pseudomyrmex gracilis,pseudomyrmex-gracilis,300301,25.7558383942,-100.2896499634,inat_api_benchmark,fb4716ee46cfa05df72639b37f9e8a4c30b9f7a1c9811b4523098ec3ffa3e652,2026-06-22T12:03:46-06:00
684570998,c2671b4f-9133-4d7d-b783-b4dbba7fdedc,Pseudomyrmex gracilis,pseudomyrmex-gracilis,300301,27.6723448073,-97.3503263468,inat_api_benchmark,16fe547c689fb8e93589cc20a4553b3b93c21888eb9b60ae422348f2954ffe26,2026-06-23T01:07:06-05:00
685032833,62b95f18-ea20-4f50-b4bd-130b26f5ed96,Pseudomyrmex gracilis,pseudomyrmex-gracilis,300301,29.6357348,-81.6466164,inat_api_benchmark,3bb7e32666eccf4a9ace087e27434d3430ec5c12fa778de1a94ce977225d0534,2026-06-23T20:05:25-04:00
685066797,dddc89ce-2907-4845-8ba2-f3e4bd32e2f7,Pseudomyrmex gracilis,pseudomyrmex-gracilis,300301,24.8160993903,-107.3600121871,inat_api_benchmark,711e52add2a3335207e9b870eb63247e259af855e8f73fe370ded786119384a2,2026-06-23T18:35:42-07:00
685650528,fa9f16f8-dfb2-48f6-8ee0-05a7aba2a810,Pseudomyrmex gracilis,pseudomyrmex-gracilis,300301,29.5243808594,-95.7995550509,inat_api_benchmark,fb88ca6f79acf4245d637cb7f2eda71d736ff467b29625fcb589756a375ba9b0,2026-06-24T19:37:11-05:00
685687345,6fc72a92-66d0-43f8-a2c6-a89f52abd593,Pseudomyrmex gracilis,pseudomyrmex-gracilis,300301,29.7214970875,-95.3895883338,inat_api_benchmark,30fa53a6faceda366fd51bd3d72aa3e44197bfd7c91c1f9e6946a6f67e9d5ce1,2026-06-24T21:02:02-05:00
680039357,12d65696-0915-4afe-8394-af0a3d98a69e,Rhytidoponera metallica,rhytidoponera-metallica,201975,-33.6078618841,150.7537820325,inat_api_benchmark,c2b4dc9b71cbfe112e50c5302ff4d27ae33cd1496969a22f1da605b97e823cd9,2026-06-16T12:10:48+10:00
680117895,84930b32-e3db-4112-a609-126f900f0db5,Rhytidoponera metallica,rhytidoponera-metallica,201975,-25.2872716667,152.74736,inat_api_benchmark,05ec20d0f4c288a3dfa3f95c70161657e75a349c9400decb0290db04919783ff,2026-06-16T16:12:08+10:00
680190677,3bea169c-6f9b-458a-a707-bd6af8d064d0,Rhytidoponera metallica,rhytidoponera-metallica,201975,-27.4547888544,152.9596984013,inat_api_benchmark,3cbc97551cbbe1db9769666ddbc0998e4725b6cdcc3e097d040ddd1f03456a19,2026-06-16T20:30:46+10:00
680190719,67eaa56b-ac49-4613-9335-88ac780680d0,Rhytidoponera metallica,rhytidoponera-metallica,201975,-27.4547888544,152.9596984013,inat_api_benchmark,29aeeebb397d627d61c822c49d784978134d17f8f6ab10d2aa7c2f26b3cdd5a3,2026-06-16T20:30:47+10:00
680255887,7a161d88-40d8-4083-9fad-50b6f9bb338a,Rhytidoponera metallica,rhytidoponera-metallica,201975,-35.11432288,147.37899386,inat_api_benchmark,61d8e7ac674d3aa2fa13216b772a0e54d44a061c86093d12c3d6b57794ecf0c6,2026-06-16T23:55:47+10:00
680756372,51531cc1-820e-4583-9e5f-4cec1915ec62,Rhytidoponera metallica,rhytidoponera-metallica,201975,-26.6731116667,152.8457466667,inat_api_benchmark,e317c01be5ad55759e38d5a98f605b637a89b0927042b72d32389a64eda239ba,2026-06-17T17:04:21+10:00
680767368,a78d2df6-c447-4838-a032-de9b403e49d5,Rhytidoponera metallica,rhytidoponera-metallica,201975,-33.892405,151.2345283333,inat_api_benchmark,b7d99afec3024c11e225d33965f82c82343a8039c8d5b5de2c4b9e365d847fb8,2026-06-17T17:45:19+10:00
680819244,762e226e-fa69-4839-b680-7d462ab404c7,Rhytidoponera metallica,rhytidoponera-metallica,201975,-33.9112966294,151.181887706,inat_api_benchmark,90699cb385fa1a2581c6ab19bb101d0d32f562374baffd9f4f4dc0e4acc10e77,2026-06-17T20:49:34+10:00
681194153,ac9c6540-f803-41da-ac3e-b36408dc9ce6,Rhytidoponera metallica,rhytidoponera-metallica,201975,-33.6041229839,151.0584404986,inat_api_benchmark,448b53fdeae9b84e23ece8b062bab30d4afe268b37402a64432c74e32c2f91c5,2026-06-18T09:03:36+10:00
681267623,aa284fec-4d61-49e6-980c-b6f35278d7b0,Rhytidoponera metallica,rhytidoponera-metallica,201975,-27.4885533333,152.947355,inat_api_benchmark,949d83cead2e040d2a6439c32ce324bccd5c105838fe60a358196afb370c6c75,2026-06-18T11:47:32+10:00
681281123,85e5edd8-02d5-4a21-a012-425713459a39,Rhytidoponera metallica,rhytidoponera-metallica,201975,-34.3614083333,150.3093555556,inat_api_benchmark,790abb4694588745d89ccd9fbbc5b80fa73f847e3ad84dc34d68b7430dc02271,2026-06-18T12:25:30+10:00
681288738,52997e7c-a158-42dc-8b0e-a89a1e30d9fd,Rhytidoponera metallica,rhytidoponera-metallica,201975,-35.2771666,149.1062171,inat_api_benchmark,c35fb5403ea7c892ec14eb8dfb19bf8c41aa0a947f08150314c060186097dcb0,2026-06-18T12:35:02+10:00
681369011,8db0eae9-2291-441e-a7ca-823a66694244,Rhytidoponera metallica,rhytidoponera-metallica,201975,-27.4750883333,153.028275,inat_api_benchmark,fd3075a2f02d88dd86df7b6189d27fee700c59a94e5c4d6e949a23b631a398f6,2026-06-18T16:48:38+10:00
681426968,9c13e332-2f0b-4da9-a880-68d56429950e,Rhytidoponera metallica,rhytidoponera-metallica,201975,-34.7785883249,138.521899311,inat_api_benchmark,8786285fc9af966864ef6e66c2ddefce018506745665b48c556343d3765a8688,2026-06-18T19:56:05+09:30
681893957,d9a97a29-5fd8-43dd-90ea-82b24a848241,Rhytidoponera metallica,rhytidoponera-metallica,201975,-27.126721208,149.5917923748,inat_api_benchmark,ea48e23383575592599e73b690e8863a2c946fbb2103c14d4c0c7478bd791594,2026-06-19T13:37:45+10:00
681944113,17948b6a-d032-4d35-b0cc-c74d174f9070,Rhytidoponera metallica,rhytidoponera-metallica,201975,-34.6164861,150.2151771,inat_api_benchmark,80239081212ca273252aa5f22120b87a36b3ad4ef7b80051d8e447918b48c98a,2026-06-19T16:22:28+10:00
681944310,911510e9-9292-4e3d-abe3-cfde3f8be177,Rhytidoponera metallica,rhytidoponera-metallica,201975,-34.0614972997,150.7319761997,inat_api_benchmark,e65f51e2fb132bd7480effddb12d72a953d04f401ade55673b5eda47f733e20e,2026-06-19T16:23:13+10:00
682032066,c1c8b888-215b-49f1-9798-e707c1719eb8,Rhytidoponera metallica,rhytidoponera-metallica,201975,-33.7783447374,150.6213784218,inat_api_benchmark,1b42f3be1927febad2215817891b7aab51793298bba77021bd44ec22a0bd7e33,2026-06-19T21:48:17+10:00
682431220,499d7cee-b038-40ed-a9d1-1e1452fba26a,Rhytidoponera metallica,rhytidoponera-metallica,201975,-31.50449,150.6724966667,inat_api_benchmark,6b597639d9ff07d6814dc06a63decd351d137847fd3dd5651af674010eb2788c,2026-06-20T11:22:52+10:00
682455046,b56bd356-fe4f-4f94-b41c-ac769d94913d,Rhytidoponera metallica,rhytidoponera-metallica,201975,-33.8582218239,151.1826587651,inat_api_benchmark,6867ec7036ab64a86fbd6abfc5d66ad72b464edb67160f32c6ba7a6c27fe6146,2026-06-20T12:10:00+10:00
682444235,9a9fcf15-a4c7-41c4-abd6-d8d27129bb09,Rhytidoponera metallica,rhytidoponera-metallica,201975,-30.1337978139,153.1533737563,inat_api_benchmark,027a769a323c8e5b5119060e43b7b407f1b5ec5c6531012c8e4c74d85271ffc4,2026-06-20T13:00:29+10:00
682527883,acdfd95e-ad84-4da8-b6f9-65e11743741e,Rhytidoponera metallica,rhytidoponera-metallica,201975,-27.2043837343,152.9319091165,inat_api_benchmark,fa3762098b1cdba1b0cdb573efe3fda78d93b6dca926f0d79bfe1da91cc14f2c,2026-06-20T15:28:55+10:00
682562146,6edb2a09-7f0b-4745-8c36-475346f5ab5d,Rhytidoponera metallica,rhytidoponera-metallica,201975,-23.3177546322,150.4471208342,inat_api_benchmark,1f652550770fe8c71edacf6774177a00f46f4e46406e54fe7e8c42a0dafe2084,2026-06-20T17:20:01+10:00
682563718,7b02972b-7c11-4d43-b15b-72201c5efd64,Rhytidoponera metallica,rhytidoponera-metallica,201975,-23.2048338767,150.4359140876,inat_api_benchmark,aa4c96793e14fb4f3772d60ee973b3542e5151aa2ccf32515b0ed6acc358ef3a,2026-06-20T17:24:14+10:00
683127449,08bc8c36-abc9-4cc4-8dbe-6d67eb68723c,Rhytidoponera metallica,rhytidoponera-metallica,201975,-33.9099670239,151.1860692973,inat_api_benchmark,98e026f8eccae701ce9e50ecff92107d3946cde50f3d14dba6c1e3de47df8f29,2026-06-21T12:04:22+10:00
683321815,56a26756-5ad3-4d16-913d-aa20bc173cdc,Rhytidoponera metallica,rhytidoponera-metallica,201975,-27.4324473388,152.9965338633,inat_api_benchmark,aa317c142dcaa676b28a1441433870a5c084e1cdc045ede6b4b6200c070fdcc1,2026-06-21T21:05:37+10:00
683321969,83636405-9678-4df3-b49e-493d387662e2,Rhytidoponera metallica,rhytidoponera-metallica,201975,-27.4326074542,152.996332136,inat_api_benchmark,d51009f34e5f30706ede0246192c3bf7df7c2e7959201d6c2036eeaf34359c2d,2026-06-21T21:05:39+10:00
683337605,644b9496-45b6-46a3-866a-628e8d679f01,Rhytidoponera metallica,rhytidoponera-metallica,201975,-34.8728715726,138.7140872773,inat_api_benchmark,562a4cd19c4ff802027dcf8c8c6e5def0cafd125f5f7930e1425236ededbf721,2026-06-21T20:52:15+09:30
683337653,3894757d-b942-4a8a-8213-1fbbaeaafdd0,Rhytidoponera metallica,rhytidoponera-metallica,201975,-34.872813394,138.7141197338,inat_api_benchmark,12f012eedc981c883bef49eab26f10e02d701a521a99634460fa9b739e062176,2026-06-21T20:52:15+09:30
683855495,d7dcc111-61c0-4984-ba4e-28834bb03e43,Rhytidoponera metallica,rhytidoponera-metallica,201975,-37.7573033333,144.6417216667,inat_api_benchmark,f2c93b0fdc0675996755a3d6e3b1862c6c277bfc6f0944e491b63a220ae94f6a,2026-06-22T11:46:08+10:00
683988597,247baf92-3dd2-4b66-ac2d-6e4b8ca2028c,Rhytidoponera metallica,rhytidoponera-metallica,201975,-27.48478833,152.9437753498,inat_api_benchmark,0136c965512b0f5af142066abff3c956c2d6820f9b7c04fd419a631bea2fb54f,2026-06-22T20:19:47+10:00
684445593,873e0848-e63e-49f2-96c4-04de882bd2b4,Rhytidoponera metallica,rhytidoponera-metallica,201975,-27.6904659066,152.8626237677,inat_api_benchmark,97c13d36d9004578791bddae68b3af2681271a68740accbb1c8ecafaa8a6a95f,2026-06-23T10:58:54+10:00
684570386,98f1304b-b1e8-4401-841e-4949edbb4237,Rhytidoponera metallica,rhytidoponera-metallica,201975,-37.7415383333,144.918975,inat_api_benchmark,e55707f11a853f3a20f11f0aac841bc07676aa7b3b8b922417adaa50d5ec9730,2026-06-23T16:00:27+10:00
684583288,ccffd4f6-5707-4bac-bf07-d6bf48da2c1a,Rhytidoponera metallica,rhytidoponera-metallica,201975,-27.889285,152.2474666667,inat_api_benchmark,400c98b77dae32dbd02bf7e47b05bca3cafb9a7ad3580966db022ccb733420fc,2026-06-23T16:58:38+10:00
684584377,4fdb2551-6c8d-41bc-bc3a-ff3d5e254a67,Rhytidoponera metallica,rhytidoponera-metallica,201975,-27.8882916667,152.2475966667,inat_api_benchmark,dae3feabbd5ecc4fedf9fb49e1570a33658ea621f7e1d85e9f1f41c76e164776,2026-06-23T16:58:39+10:00
680098253,bcd5da54-1fa2-4783-8bb2-f863be5d1010,Solenopsis invicta,solenopsis-invicta,67598,20.9359125426,105.7801559481,inat_api_benchmark,58cea4c24b2cc4ed4ce9f7eef1ffd6e0479c5a3e0bae1c5ac2362808454eb41d,2026-06-16T11:42:32+07:00
680119849,8ee4a9a3-a9fd-4169-a055-c9412c7fa9d2,Solenopsis invicta,solenopsis-invicta,67598,27.5771527481,-97.4538814341,inat_api_benchmark,8a4389d147a3807eadbd96079f6afe9fba5d54894d16af3856487bb2be2d5c16,2026-06-16T00:57:35-05:00
680521370,a5582dc3-4b15-42af-bab3-088c4f4e7140,Solenopsis invicta,solenopsis-invicta,67598,33.7070583333,-78.863245,inat_api_benchmark,648d1933d8326e35f6476f17d1bbe82bb779b7ec056aed2c6dc5599bc83d1d4c,2026-06-16T17:07:03-04:00
680535658,767dd774-21ff-4f71-b3c4-c63529c76e28,Solenopsis invicta,solenopsis-invicta,67598,32.8677783333,-98.477525,inat_api_benchmark,f72934904c493e5f9cd3993189562005ac7a14c1a86319034e5897d9c41da3e3,2026-06-16T16:37:58-05:00
680609217,9ab18022-e238-45e5-a49a-836b95455ef2,Solenopsis invicta,solenopsis-invicta,67598,30.6457950928,-96.2955801671,inat_api_benchmark,d78f2225db96e41dbfee7209a8b31b5e083bb1bafda007a2e7e40d52d0a91d3a,2026-06-16T19:20:18-05:00
680624515,0d38d471-a31a-4ba8-acbb-f91ce5709a17,Solenopsis invicta,solenopsis-invicta,67598,30.5382209493,-96.699378299,inat_api_benchmark,306fa60e42ba477df331d468ad63b798d19ebd43a763bd0bf396ff519fff721b,2026-06-16T19:55:09-05:00
680721253,f80d14c1-111e-4698-86bb-e3b8805b584e,Solenopsis invicta,solenopsis-invicta,67598,-27.8187656065,152.7588613704,inat_api_benchmark,3831650a642e9228cd8e58dcec95e108e452a22b3ef7c3ac2e276829b197c289,2026-06-17T14:58:32+10:00
680984003,fb9826f6-4ba8-4f0f-8817-39950792d2c9,Solenopsis invicta,solenopsis-invicta,67598,30.6262588889,-96.3975294444,inat_api_benchmark,0b37f2252323508514ff1be9acbdfd535423e2e058045164cd863f0af307102b,2026-06-17T11:41:54-05:00
681012203,17a67359-7630-4078-89ab-015d75931aa4,Solenopsis invicta,solenopsis-invicta,67598,27.48232,-82.335425,inat_api_benchmark,7f91d5c31b186f520d81dd39af848561f75222c85f2305df083f2f685cc773fd,2026-06-17T13:32:52-04:00
681108782,81570d51-9d3b-45c2-8701-d71a9d2d59c7,Solenopsis invicta,solenopsis-invicta,67598,31.0367355347,-97.3603134155,inat_api_benchmark,3d79bbb4a35ca0f2c47c5a40236371719607976577882af28eef7781274fbe84,2026-06-17T15:22:18-05:00
681280863,e78425fb-3a4d-4a86-a249-16d3898a5b96,Solenopsis invicta,solenopsis-invicta,67598,28.4127416667,-81.45983,inat_api_benchmark,5583fa017b5371f2ee2279c5e1f40fe17730701cd02a35da023dac2f16d2604a,2026-06-17T22:16:56-04:00
681312386,4dc35aef-20e0-4bbb-a0b2-fb6935b9a38f,Solenopsis invicta,solenopsis-invicta,67598,30.6481734613,-97.0240229153,inat_api_benchmark,3c92eb5b1c5c5a14a89d0efbd1c9405daab1eca211e34f51292a3b8ee30e4af4,2026-06-17T22:39:38-05:00
681350711,cc313b3d-8402-4ba6-be09-135367a3b99c,Solenopsis invicta,solenopsis-invicta,67598,-27.5500555278,152.5098110833,inat_api_benchmark,fc15d1fcfe3974f498cee7aaa97a8172911804ddb7a5193713155fca8ea4b872,2026-06-18T15:39:12+10:00
681372401,38f02c81-f611-4272-9548-81952e2987b0,Solenopsis invicta,solenopsis-invicta,67598,25.1936229675,121.4242898973,inat_api_benchmark,91813b4ea609ac7dd3062708d7e4279f6482e9f087f2785b7d639319ebd3223d,2026-06-18T15:02:58+08:00
681461410,e0fa7107-2d3e-4b04-be50-fce53b8e3ed3,Solenopsis invicta,solenopsis-invicta,67598,34.167395,-77.909395,inat_api_benchmark,14389aa879e61ef55bda6bed28c535b0cdff3fe0ba12dc2c37cb7663b62ab41e,2026-06-18T08:16:33-04:00
681689287,2005aa44-a42b-4851-8629-5bd43bd57d6b,Solenopsis invicta,solenopsis-invicta,67598,26.1652820449,-81.0713124275,inat_api_benchmark,cf56a35a594ec0b24d1e1cbf45d9062d4b3c626a5344ee1f678895fc53f23fb7,2026-06-18T15:47:14-04:00
681815050,e48e1723-4a75-4aa8-9f86-1c8fb7dfedb5,Solenopsis invicta,solenopsis-invicta,67598,33.9381021,-84.6940240997,inat_api_benchmark,ab7860597149ab824c63d254defd9436b04897a6f6da3b89a99365c15401c4ab,2026-06-18T20:07:51-04:00
682259825,55176fdd-a97c-4c44-8a38-b174412aa5dd,Solenopsis invicta,solenopsis-invicta,67598,29.8968116667,-84.8532466667,inat_api_benchmark,548b075c0571af90a99982dd0e32a900aeff2dc05ada59067e76c1071f79828d,2026-06-19T15:31:38-04:00
682368181,5a1e172b-bc07-49d4-bf0b-84e90a5b18be,Solenopsis invicta,solenopsis-invicta,67598,32.86779505,-98.4774798,inat_api_benchmark,1f27f5e274b2a2067190a4e750d384c5d5f97886dca3792b19460eaae044dc11,2026-06-19T17:57:24-05:00
682483983,0b47f0c1-7884-43cc-8096-5734610c88b6,Solenopsis invicta,solenopsis-invicta,67598,29.70252,106.79643,inat_api_benchmark,3d22bf519e3627d5bcf64638350e3fc501604b0d03ba9f02036e6c4199081f6c,2026-06-20T10:46:43+08:00
682473204,bd871335-8988-4305-b73d-9faccb0dbad3,Solenopsis invicta,solenopsis-invicta,67598,29.1912883333,-94.9566116667,inat_api_benchmark,dcb9b7b242b0461612cd3904706019af671882c83f86d3df73eeba4d1d6ba6f3,2026-06-19T21:53:55-05:00
682758814,2b7944bf-00df-4fd7-9c0a-b1f8030fa4b1,Solenopsis invicta,solenopsis-invicta,67598,30.3000033333,-98.0157361167,inat_api_benchmark,99a81cd5348b4b91e708291b4c6d86bed763953ab8e8cce9d170b1d56a8249b4,2026-06-20T10:21:45-05:00
682842711,bd4df478-3ced-44a5-9358-8838578f6a2d,Solenopsis invicta,solenopsis-invicta,67598,28.2561654322,-96.7945775438,inat_api_benchmark,ca01af0e303942b0f5fb933440d3f9bc94ad5f66e86d4d9eab782edae7c24a36,2026-06-20T12:44:31-05:00
682892885,5026e144-0afb-4c58-b64e-9da09e1b98cf,Solenopsis invicta,solenopsis-invicta,67598,32.9109533333,-95.3410416667,inat_api_benchmark,a32a4eaa477df806e3b4baacd7eae5e8d7cda4e1a700bbd58fc9e985cf83575b,2026-06-20T13:48:06-05:00
682936482,e1d916a0-0a0b-44eb-a04c-8595e38c8db9,Solenopsis invicta,solenopsis-invicta,67598,26.8861528571,-81.8768234842,inat_api_benchmark,7c7b692a7787700cd0d77b4fefe6c767723cf0d8a34b5cb28199c24eda2b6d6d,2026-06-20T16:31:03-04:00
682996300,9fdf33b4-f897-4b80-b805-86db14631043,Solenopsis invicta,solenopsis-invicta,67598,33.7158414,-84.3965139,inat_api_benchmark,5ef200b80e39240f3de1908d219defbe5f3fc8d41d8175e2245ab54b9e20fb93,2026-06-20T17:31:23-04:00
683130435,6b00212b-f77b-4eb7-a36e-4c73d4f13945,Solenopsis invicta,solenopsis-invicta,67598,31.4709644318,-85.4347000122,inat_api_benchmark,9cf909e6a7f18d7182969538ac881fed5206537e3f6a5835b8463d6e412d7611,2026-06-20T20:53:25-05:00
683175051,aab98a1b-ea1b-4eb8-96d5-32c607b60715,Solenopsis invicta,solenopsis-invicta,67598,-27.448783773,152.953505555,inat_api_benchmark,61f0794fd4ae074e3dcf616e782722ec1779fee68809f95d53619e1367a196fb,2026-06-21T13:31:13+10:00
683426172,3077b9ba-abe2-4ba8-9cb3-3a1641a85539,Solenopsis invicta,solenopsis-invicta,67598,33.0508471667,-96.8482966667,inat_api_benchmark,205bdbb9d676794a8bcdd12ad171a91d7930455b77223ba86037e249e5beda54,2026-06-21T09:13:51-05:00
683510797,eaba3222-1df7-443c-8f6e-e90460b16ce2,Solenopsis invicta,solenopsis-invicta,67598,30.65105,-97.81243,inat_api_benchmark,36e43aa0f8c0aebc2e1eaafc43564c93d33f66241745e8e154dd6e558bae3ae9,2026-06-21T11:30:23-05:00
683804960,1b59c71b-aaf1-42a5-85c1-036a417377e1,Solenopsis invicta,solenopsis-invicta,67598,32.9931260587,-96.9058395421,inat_api_benchmark,e4ff7dfb28aa97c247beef3833a41fabce23912095d742eef7afcf956c7d7b27,2026-06-21T19:11:19-05:00
683834947,4e876cad-ca17-459c-9d71-0fd51657b947,Solenopsis invicta,solenopsis-invicta,67598,32.7329484433,-97.5257355423,inat_api_benchmark,efb816d6feb844b8fab6cb1be546b809d3df4a20ed3c5f1c320670f8c4215238,2026-06-21T20:22:23-05:00
683854473,f2778579-c9fa-4840-9d20-70a6456ad26e,Solenopsis invicta,solenopsis-invicta,67598,-27.4062042,153.0757275997,inat_api_benchmark,0473837513d6e9a9bf84c185d97dff50d5632f69f6adc937522832d5c9507e4b,2026-06-22T11:43:58+10:00
683914655,3655317b-2755-4f16-bdab-20ba451628b3,Solenopsis invicta,solenopsis-invicta,67598,24.9953766667,121.189745,inat_api_benchmark,5a61078f8da0bac938c90ccc099a3b9fb4b845147603dc0f04a8dce7f593e313,2026-06-22T11:53:34+08:00
683979418,e62825eb-2477-4c88-8488-408acc7a8fa2,Solenopsis invicta,solenopsis-invicta,67598,25.0679769109,121.5695118516,inat_api_benchmark,15d6466afb12194f08d38ef4322586fc01489eb741a18d6049e534031ab386c1,2026-06-22T15:16:30+08:00
680227994,8a23f0b6-7634-4f55-8d73-dc9491731ee7,Tapinoma sessile,tapinoma-sessile,47340,38.953531,-77.111578,inat_api_benchmark,f744c97900c59439883e8c44e75a633e14a0fef889b640d5db172767d6f9f993,2026-06-16T08:08:28-04:00
680323170,3bafed8b-b4f1-41ba-a3d5-63291725f204,Tapinoma sessile,tapinoma-sessile,47340,38.6539283333,-90.3087383333,inat_api_benchmark,fcf3e958b8cc13b24229f9d9d9e843641b391d4a3d3ba73228a673079a993f79,2026-06-16T10:26:10-05:00
680332782,5d7f923e-ebdb-44fa-bc31-99170db99c21,Tapinoma sessile,tapinoma-sessile,47340,41.308880184,-73.6872910572,inat_api_benchmark,79d68dcc282fecb4b8c88bb80dbb860bcc6a50e657275adbe8eb12e3f4a1005b,2026-06-16T11:45:04-04:00
680333387,24186d10-0c04-4b63-8c24-d4987447b8c7,Tapinoma sessile,tapinoma-sessile,47340,42.4676777778,-76.4558194444,inat_api_benchmark,46ac662ab67dc9bc56a1ae6bd5e2b174e7c2aacfd63e8cac2defb4b478661453,2026-06-16T11:46:06-04:00
680463579,bd208be2-a609-4a8f-8fa5-211b2fc2b07f,Tapinoma sessile,tapinoma-sessile,47340,41.406418795,-70.601482835,inat_api_benchmark,c8eef2ae1e1c7b511f45f719072092cc23ea24037339420c5ebd9fb7a0ff5437,2026-06-16T15:28:09-04:00
680484874,89e20932-9f41-407f-8a14-65c14be13977,Tapinoma sessile,tapinoma-sessile,47340,43.128787,-77.6332905997,inat_api_benchmark,0ca682e0fdd6cbeae461d9051e9208fb8587a10d687e1e34f3b66517ba38e0a6,2026-06-16T16:05:36-04:00
680590989,1a5f27cf-bd9f-4a20-a2fa-0a5c87bebba8,Tapinoma sessile,tapinoma-sessile,47340,39.7102088889,-77.33011625,inat_api_benchmark,17888af8c69b446bb0cf9028ee16f6c92800f787ea3a8d0ec48a34cf09b6901f,2026-06-16T19:30:10-04:00
680939173,f35725ba-536c-4c3f-b353-140acb8bd3ba,Tapinoma sessile,tapinoma-sessile,47340,42.4051283333,-85.4004133333,inat_api_benchmark,26affa8510cb54d8264f75158eead2296a540caf4813ef498f187d71b1f8c886,2026-06-17T11:23:49-04:00
681018189,5eb03178-889a-423e-a7e3-ad54e6865332,Tapinoma sessile,tapinoma-sessile,47340,41.35018765,-81.4879155824,inat_api_benchmark,9d46ab2ada5c92904cb1f0cd5c27f2573b853852cd1810643fcf549bc2ff9602,2026-06-17T13:43:34-04:00
681056272,ba0a349f-b27f-4ec5-9217-eaec7a87ca56,Tapinoma sessile,tapinoma-sessile,47340,41.69027,-73.012825,inat_api_benchmark,a632a414532402f53c5a35fb061e8546d180b7feb151887a2b2d218ad3423b45,2026-06-17T14:50:54-04:00
681100799,16659bfe-15b9-46a6-bc88-7ea66c680948,Tapinoma sessile,tapinoma-sessile,47340,40.3686178922,-80.0234984234,inat_api_benchmark,1933971bb34c1356e3aeba235b1bcd9e4d30ceb0ba3ab91e673f600989c47ec8,2026-06-17T16:08:25-04:00
681115416,428923bf-8380-4b3e-bde9-0d1991f45235,Tapinoma sessile,tapinoma-sessile,47340,41.4860749,-73.2351792,inat_api_benchmark,51e7fb7b392eb9aca6e030c5bff6d37d955c167e7b334dd56b09522b74a10634,2026-06-17T16:35:09-04:00
681153919,59c97506-2ad7-49e0-ae37-a532dbcccd2b,Tapinoma sessile,tapinoma-sessile,47340,40.69508,-105.2848283333,inat_api_benchmark,658d0d882cf7d93d37433ae307c2b375954ac3d0104763a1ecab06d1b384ce74,2026-06-17T16:14:52-06:00
681209792,45db946d-0326-4812-9c60-0a354c024a5a,Tapinoma sessile,tapinoma-sessile,47340,41.4175463833,-70.5878252667,inat_api_benchmark,f5e4f6dfa804aa8667fb2766bae60ebba8f9e677d959f3e6535d77e4cc5e6e88,2026-06-17T19:39:09-04:00
681423576,2ac1b17e-4b18-4c48-b639-a14d65411fe0,Tapinoma sessile,tapinoma-sessile,47340,44.0335096731,-73.1913543692,inat_api_benchmark,769c1d5b40b7556d932c7855360a0cf5b0dcdefc88f4a5231bbd56ae3eb3def9,2026-06-18T06:12:15-04:00
681510676,3681dc6d-2ce1-4dd2-9ad0-1ac7eed38d57,Tapinoma sessile,tapinoma-sessile,47340,36.1349861667,-81.6761033333,inat_api_benchmark,9bbbd3d73ffa1b8e5075e9051198005f2efde2e908fb9941f625bdca47f21742,2026-06-18T10:11:56-04:00
681540641,e890703e-506b-4d90-8e42-210bfcce3190,Tapinoma sessile,tapinoma-sessile,47340,42.9837033333,-79.2233883333,inat_api_benchmark,7fac08c95bb8831fb115c06f79170fbb3fb49d5c8fdf1fdf87ef6ebc30de3b3e,2026-06-18T11:09:51-04:00
681579145,66bce25e-7bbf-4d02-a7e7-fb1586a42490,Tapinoma sessile,tapinoma-sessile,47340,38.9368553987,-81.7816121112,inat_api_benchmark,6195d27f7367e91c4ede7e05c7672278841c0f5ce6d21a982ce53f31f66b9b2c,2026-06-18T12:27:13-04:00
681677538,03d183c4-cd76-44cf-b40c-aa7525094417,Tapinoma sessile,tapinoma-sessile,47340,37.205444832,-80.2761349468,inat_api_benchmark,1121ff61ad8492427b5008b1eca71841e109d2aa4d4466fa0ff070959b533226,2026-06-18T15:25:26-04:00
681702622,b98f7333-2f82-4b61-b574-f7e0d11d55ab,Tapinoma sessile,tapinoma-sessile,47340,40.2650966667,-80.4425283333,inat_api_benchmark,60a1058c548522edffcc3ee3485ceab36b69af80b2037ada62de64b4c46b7b23,2026-06-18T16:11:57-04:00
681713618,b72bdd4b-339a-4ef6-a502-65976ac3f30e,Tapinoma sessile,tapinoma-sessile,47340,40.0228477373,-90.1056947223,inat_api_benchmark,d0337a1d31b66a7794d4a3ae217069b5c79aa83da42710537b018f0ac2012ea0,2026-06-18T15:53:41-05:00
681736050,9db392de-75a3-4aea-950a-f7815e9210cf,Tapinoma sessile,tapinoma-sessile,47340,42.4792366667,-76.43985,inat_api_benchmark,13b9ef4dc4dafbd5304bc706d4b48e51164552d734c1a1bba533f5a163dd3d44,2026-06-18T17:15:06-04:00
681914407,bd3e8268-9821-443e-aab5-1a41d47f2fce,Tapinoma sessile,tapinoma-sessile,47340,33.429745,-84.1746533333,inat_api_benchmark,e3e067e322ab7a5ba00d44e96eefb05148855c8cc276bb6d7ed64084e2d2247c,2026-06-19T00:37:21-04:00
683581787,50fae1ad-d681-4c17-81e6-619ade8245c8,Tapinoma sessile,tapinoma-sessile,47340,40.9028493153,-73.8940361176,inat_api_benchmark,efc06dd5c8d764aa764789631882362725264b8368246dbfd00b57f2b3ed90c0,2026-06-19T11:00:00-04:00
682268280,af95e9da-26c8-4ec6-a743-48e67ebfd89e,Tapinoma sessile,tapinoma-sessile,47340,39.4257133333,-119.7261883333,inat_api_benchmark,2cf28c607700d01d133edb46eca3435aa03b6c7e3d633a1a30407e7933c2a66c,2026-06-19T12:46:41-07:00
682323659,a45fb7ce-f980-4b70-b57c-69854623c3df,Tapinoma sessile,tapinoma-sessile,47340,42.5013742973,-83.0515347049,inat_api_benchmark,836f48f80870264106afb03e2079168c8c6956c8a2c73df44e73d8962f55467c,2026-06-19T17:26:53-04:00
682409978,59ff50f4-162f-4bc7-8a50-e195ab7294d4,Tapinoma sessile,tapinoma-sessile,47340,43.2436615337,-81.5375625549,inat_api_benchmark,3532d6de23aa888b99d616633b91d9b83c6b76f1ebdca56dda1cf602f0b588e8,2026-06-19T20:25:46-04:00
682423852,5d6365c4-4754-4ace-b6e1-94e4d6d653fc,Tapinoma sessile,tapinoma-sessile,47340,40.5845712503,-73.9938555781,inat_api_benchmark,5ae50a0aba0320b6575737a24eb14d025b04b322c5fbf4a53203a2ef64e82b91,2026-06-19T21:02:54-04:00
682504262,affb5622-322e-463d-9d93-91a2533ad215,Tapinoma sessile,tapinoma-sessile,47340,40.8541069031,-124.0688171387,inat_api_benchmark,a221e96886340ad4fa8b38ac4a20805c134bfdd6323eda1cba099ee29827487d,2026-06-19T21:16:40-07:00
682534732,176c7af9-267b-4e7b-8840-a901e30acaca,Tapinoma sessile,tapinoma-sessile,47340,40.8894194444,-73.8919861111,inat_api_benchmark,85cc8ca5a5c6504cac35b0e7845d4c3fbc25c71438140d79782d419792e45bd6,2026-06-20T02:21:18-04:00
682729225,60dd9e0f-e58e-4471-a3cd-84aba4180ded,Tapinoma sessile,tapinoma-sessile,47340,45.3213816001,-71.8957605101,inat_api_benchmark,24347046cabc12e1d3bee72025e44e6092da7b840b94c30502434296e6a52526,2026-06-20T10:38:04-04:00
682892640,f63de18e-ddbd-4d38-9e42-772c1f1cb0f5,Tapinoma sessile,tapinoma-sessile,47340,40.0279027074,-81.7008241559,inat_api_benchmark,4da9a514e7e57eeb72d969bc41cb9da4cf2f039fa106a7246bd768dd8e38c343,2026-06-20T14:53:16-04:00
682894377,7bbb5d77-c97f-4a7d-a7e9-8605e21c65f9,Tapinoma sessile,tapinoma-sessile,47340,40.0278000147,-81.7007496353,inat_api_benchmark,412864a56c73e7ec551f1393a7481755315ae54ff537628802fd56020f53e47f,2026-06-20T14:53:17-04:00
683032917,ffee1317-812b-470c-9c6a-c90347226ab3,Tapinoma sessile,tapinoma-sessile,47340,36.1426583333,-85.8064633333,inat_api_benchmark,30e8fdc0ad36aafb25be5facc37b9ba002be9f9c022c0e5bda4a682cd4e99f72,2026-06-20T17:35:22-05:00
683054408,3ad56782-d1ba-4695-aed5-100e118614eb,Tapinoma sessile,tapinoma-sessile,47340,32.9343633333,-96.9480283333,inat_api_benchmark,62f625326edd1a05c142805dd1c90e0a04adb05f27d9de43a8263d29e909b9d0,2026-06-20T18:13:28-05:00
680186776,650018bc-6aa8-4bc2-b9fb-e6ed90a4c80d,Tetramorium immigrans,tetramorium-immigrans,569552,45.4415209359,-121.155168586,inat_api_benchmark,13552f1883d7c7cdc9d77810e5b6f130591eef79c6508cc1f9a5f161c82b9cb1,2026-06-16T03:00:32-07:00
680321097,97b86906-4dde-4b02-8722-3a490d65d5ee,Tetramorium immigrans,tetramorium-immigrans,569552,40.9000383333,-74.0045611167,inat_api_benchmark,34700cfb122ac97e54204f556405224e6255b22f343440ac9ea3b99883202ecb,2026-06-16T11:22:04-04:00
680395167,c3b030fd-853f-457b-b921-5cc55f94eaff,Tetramorium immigrans,tetramorium-immigrans,569552,42.1866628853,-85.5848303491,inat_api_benchmark,326774450b3ddee6f3b27a960d0842ba8452a3d15e3a6affd3e4fa8ca8469cbc,2026-06-16T13:35:01-04:00
680452563,907d8ffb-0df0-464e-94ae-8b17e21c83d5,Tetramorium immigrans,tetramorium-immigrans,569552,46.0748111111,-118.318375,inat_api_benchmark,2b3eaeb78f500663b61b37f7dea69245d7966e81f184edcb46bed9d929f6bc38,2026-06-16T12:07:12-07:00
680547904,bddf2b31-727a-437e-b9d6-0a17c9ca5aeb,Tetramorium immigrans,tetramorium-immigrans,569552,42.0927891404,-89.1085659011,inat_api_benchmark,9a019ce3eba1562497d4140f63f3ffb6001e134a290dc609fee66100c487dff2,2026-06-16T17:02:12-05:00
680592193,775532d3-776c-43d6-b101-76ee4f6b220a,Tetramorium immigrans,tetramorium-immigrans,569552,41.7220783333,-81.221275,inat_api_benchmark,feaa153166c3017f0b0bd3af656453136622e42a1e22081de0319e5d2f8d99f7,2026-06-16T19:33:04-04:00
680608639,220c4e29-b884-49e3-b4b4-c32b3d83241e,Tetramorium immigrans,tetramorium-immigrans,569552,44.184125,-88.4423216667,inat_api_benchmark,8dfd9933bbf177b6c9c7a4e5ba426a1606cc3fa474c20c599dba8026e3d7aad9,2026-06-16T19:08:51-05:00
680621943,c5ba0ed6-eb19-4219-93be-3da05c876d4a,Tetramorium immigrans,tetramorium-immigrans,569552,41.5927794844,-90.7028983864,inat_api_benchmark,5f1ba1178866bf253d41c90ea353231efa0ea49e25de49dc569ba05a537a0ab3,2026-06-16T19:38:01-05:00
681609344,6fdff9b0-8918-46c4-9a8d-79b3b3de371c,Tetramorium immigrans,tetramorium-immigrans,569552,40.8243714762,-73.9232159031,inat_api_benchmark,904aa40fdbb575d4c9171aea11f784430960b9c214ed890ecdbac652090e05f2,2026-06-16T20:52:38-04:00
680632204,de617b52-48b4-4d30-8b8a-ab9a0a5158b0,Tetramorium immigrans,tetramorium-immigrans,569552,44.943575,-93.2551933333,inat_api_benchmark,e115f76962f9e405e625d352a3905539b89479f63cd0eb09dc502dbb3ce7cbdb,2026-06-16T20:05:05-05:00
681043987,5e932f5c-c100-483f-9f82-b0ea0f47d2fb,Tetramorium immigrans,tetramorium-immigrans,569552,40.0348484614,-74.9192550173,inat_api_benchmark,4caadface6bfc3ef7620ee8897725b0f4d9a1f188efd12f3db3d13e6b0085388,2026-06-17T14:33:48-04:00
681089792,e749a175-e0b1-40c3-a9b6-02887f21301f,Tetramorium immigrans,tetramorium-immigrans,569552,42.5862617181,-87.9284987573,inat_api_benchmark,48c5344100a6816527c258a87ea967bf7e731c06324af62d9b3106449571dc6a,2026-06-17T14:49:46-05:00
681214692,332f40ab-5649-4d97-b4bd-dd66513e63ae,Tetramorium immigrans,tetramorium-immigrans,569552,40.5458795118,-111.8809019029,inat_api_benchmark,63103eb2440322ed4df2ff35623fe2b9ab4134540acac445018c1c36a72152a0,2026-06-17T17:49:08-06:00
681221233,ec62237d-01bd-454f-be01-9e3d4c389cbb,Tetramorium immigrans,tetramorium-immigrans,569552,38.9825466991,-74.9494107736,inat_api_benchmark,4aee247ff43e4e45e5615c3844a3fb5fe0dcb3714bc535810a1c65e62ae4aa97,2026-06-17T20:03:49-04:00
681247141,bf79eff4-b872-43bd-83ba-1fcb9af729fb,Tetramorium immigrans,tetramorium-immigrans,569552,39.2856916667,-74.581725,inat_api_benchmark,60d222e183e1aff8f35439658cdf9b1c4e4608d0aa25d45ec79c70dfddf6994f,2026-06-17T21:47:02-04:00
681442441,cadcfee8-e266-4e4f-a2cb-2b97886e4a29,Tetramorium immigrans,tetramorium-immigrans,569552,39.6652801687,-75.7502142244,inat_api_benchmark,dc702afd1d8de25e58760af80e08b80bc76eb158aac2833e96fd2aa67167599e,2026-06-18T07:18:34-04:00
681470954,6872c133-8765-4e1f-9ccc-2986880a1776,Tetramorium immigrans,tetramorium-immigrans,569552,39.8852664841,-76.7319274829,inat_api_benchmark,4d31f1272fdb79e2be194ec43fcd220072b4e814cf79b59dce696431a0cb6d33,2026-06-18T08:42:38-04:00
681679411,1aafa766-53b6-4516-b450-95c60b6953a7,Tetramorium immigrans,tetramorium-immigrans,569552,41.8709216667,-74.0525805,inat_api_benchmark,b06195e463700cd67b14e70091abafc4d2e6ed6ac23efa87059b30ea330a1b8a,2026-06-18T15:28:55-04:00
681692700,b8316cab-9be3-467a-ba39-a28e3d175952,Tetramorium immigrans,tetramorium-immigrans,569552,43.0296279587,-89.5196558292,inat_api_benchmark,92b313c7352dc10f5c3e09d5288396c4c11dbbfe195f1d6cee2a147cd160d9f2,2026-06-18T14:53:54-05:00
681783449,de0c387d-be5c-4081-9b69-bdf88a9df6ea,Tetramorium immigrans,tetramorium-immigrans,569552,44.0454833333,-77.743575,inat_api_benchmark,379d68b48c99744914b5c17e3b2b1fc11c920776dfd13a11da1d3ca174e6c4e4,2026-06-18T18:51:00-04:00
681878440,5ee86fde-c6e1-4f60-8949-72bf64471b27,Tetramorium immigrans,tetramorium-immigrans,569552,40.3947771508,-111.6123978938,inat_api_benchmark,05b4f027a9de5b4ae1549d8b703f45a0179721006c2a9af2acb4ddf5ae423675,2026-06-18T20:56:56-06:00
681902954,f9b4163a-39c1-410b-96c4-20a1abc8de00,Tetramorium immigrans,tetramorium-immigrans,569552,37.3718083333,-122.0790416667,inat_api_benchmark,72f95f27501233329ae9ac13eb907a69af2a7c63ae070afc241465a3ca22c3b9,2026-06-18T21:02:34-07:00
681935613,46cb4aba-6581-40b5-9d50-11dea47dc74f,Tetramorium immigrans,tetramorium-immigrans,569552,41.1540243694,-81.3393164054,inat_api_benchmark,80d0e8eb749ba1b7fff7c20c78cb9287b8626088ab57abeb00fb629fef13b97a,2026-06-19T01:50:03-04:00
682060256,4ec591c1-79c5-4ea8-bf81-ae9bace38059,Tetramorium immigrans,tetramorium-immigrans,569552,45.5437626684,-121.0637303171,inat_api_benchmark,11ca0fcb70d56823627cf702a99bdd116a7aeea60d01affa2ea0cc4e625e4b3e,2026-06-19T06:03:21-07:00
682088772,60072d0f-0dcc-41ad-bdb8-29727a13929b,Tetramorium immigrans,tetramorium-immigrans,569552,42.4718583333,-83.1417471667,inat_api_benchmark,35809be1fef592221bc0d2a0894c08518eb99fcab9082fb834785d2875c123ac,2026-06-19T10:08:03-04:00
682149747,9009de03-8489-479d-904e-a60b397d1ba6,Tetramorium immigrans,tetramorium-immigrans,569552,40.0052083333,-105.1165471667,inat_api_benchmark,b00818f8140a9eeebce45990c4fa55a9d035497c4a03ca7e991168b91f1519b8,2026-06-19T10:03:36-06:00
682198040,74ffa1e2-3a05-4054-a495-f34eac9abf75,Tetramorium immigrans,tetramorium-immigrans,569552,47.404125,-122.3292,inat_api_benchmark,576e12112384732be3a30f4f50f6e4eb63f055cd4781f7fbba8d810634124b0c,2026-06-19T10:38:35-07:00
682263489,74d364d2-1bce-457f-ad7f-306c7167845b,Tetramorium immigrans,tetramorium-immigrans,569552,43.6637146179,-79.45167091,inat_api_benchmark,3140568b2688c27a9006c636905f0da2d8a4b1e10a409178599b4efc94556104,2026-06-19T15:39:22-04:00
682383353,ca21abfc-ccc8-4da3-90f2-7bc6f5a6fed4,Tetramorium immigrans,tetramorium-immigrans,569552,42.2558444444,-82.4309,inat_api_benchmark,559d398bba5d6d90dbf24e9945289fbdeb55671e635813aaafb3eaa38fba580d,2026-06-19T19:27:41-04:00
682419933,fdaa89cb-cae8-45de-b3b6-4e574f6a8090,Tetramorium immigrans,tetramorium-immigrans,569552,41.1992615997,-74.5681064997,inat_api_benchmark,bf891884a236276d1ac349b7894fdf1f970a76ad1d0ccbeed420be57cdb30a82,2026-06-19T22:11:44-04:00
682518853,07e96885-debc-4030-872c-9233c34f93ea,Tetramorium immigrans,tetramorium-immigrans,569552,43.1129222222,-88.4404416667,inat_api_benchmark,82d7411fba5f2f3ddafc390b962458fd2d3aa4e7f81cbd6ab97ab34e4cb5195b,2026-06-20T00:06:55-05:00
682526765,07ca32f7-6b1f-4892-a6aa-9ec079a9d452,Tetramorium immigrans,tetramorium-immigrans,569552,42.0488186953,-71.2556077627,inat_api_benchmark,bef62c3393f3d2f01a4c9ce3df12ff0a5073b451753271a1658d0b57083ad372,2026-06-20T01:24:20-04:00
682671877,4bb0fa88-949c-45a6-93c3-fca80df3adf4,Tetramorium immigrans,tetramorium-immigrans,569552,38.85592,-104.81897,inat_api_benchmark,e019b36085f95647a9d5c09a694ab1d2a7553e2ebe9e0fb0e89ccec5adce83e4,2026-06-20T06:44:38-06:00
682711132,0167c37b-3637-4312-8e00-90ba74abf221,Tetramorium immigrans,tetramorium-immigrans,569552,43.2302851431,-76.2153450124,inat_api_benchmark,6c0ed25488e07cdc7379754977c50bb8c3774c76937c079c3172321b31f2070e,2026-06-20T10:01:32-04:00
682735258,5f4aad1f-0263-4b31-9eaa-9beaf402c15e,Tetramorium immigrans,tetramorium-immigrans,569552,40.03757557,-83.09969479,inat_api_benchmark,5d2864355ac38ebbeb850829a52a0b99ea4ffe98d3bac5c710d2ef608b2915e7,2026-06-20T10:42:19-04:00
680127292,062df849-a29b-4533-abc4-166cbcddb9d6,Tetraponera rufonigra,tetraponera-rufonigra,155026,17.6000650997,78.0278821997,inat_api_benchmark,8ad46b6b29d126204e2d4d5a2b3f198eeb256ee0f9b1576fed85673031554766,2026-06-16T11:53:25+05:30
680253890,5147cc53-2a65-4946-ac6f-2a8bee5bd4ab,Tetraponera rufonigra,tetraponera-rufonigra,155026,0.5145783333,101.4532083333,inat_api_benchmark,60ac8e235328a05c3ebae1ee84382121982ba313a6b192fb500e7aeec8b9118e,2026-06-16T20:11:18+07:00
680265293,e1c42aee-8bf3-49ad-bef5-45874f54cac9,Tetraponera rufonigra,tetraponera-rufonigra,155026,6.3516165,99.7185141,inat_api_benchmark,634c8c4fc738dbe62b1190171f5872f859a1d6d5abafa4b7982712527b25a999,2026-06-16T21:35:41+08:00
680319057,6097a732-d50b-4d7e-88c6-0efe71a567bc,Tetraponera rufonigra,tetraponera-rufonigra,155026,6.3516165,99.7185141,inat_api_benchmark,0cf340f2ade049eb939ff427f26296af10c6eeef36b58eb5ec6eba273e092b40,2026-06-16T23:18:26+08:00
680319625,ded88d0a-d746-4002-a714-691a74c8ff26,Tetraponera rufonigra,tetraponera-rufonigra,155026,6.3516165,99.7185141,inat_api_benchmark,9d96a5b8cfa47a8f7461e8bd8b85e4de669386bd26dda2823508527b14b16dee,2026-06-16T23:19:34+08:00
680660790,ef838f24-d253-465f-be81-e09ecab0eeac,Tetraponera rufonigra,tetraponera-rufonigra,155026,13.7924146259,100.3212639222,inat_api_benchmark,ac51ddf294d47ee549c8af0d7dff343a5a68211e45515abb660b9b15fc5a18cc,2026-06-17T09:14:30+07:00
680953909,7fa163f7-d501-42e8-b31b-74e76caa7a56,Tetraponera rufonigra,tetraponera-rufonigra,155026,13.0906358698,80.3325437195,inat_api_benchmark,32f2a44af99111b717486f549e2beed42a5cd97d81de7dc70aee7311d9ea581a,2026-06-17T22:25:51+05:30
681366980,30eff7c1-9b2f-4b40-85b7-77da0368bf65,Tetraponera rufonigra,tetraponera-rufonigra,155026,22.3172126879,87.9838445038,inat_api_benchmark,d6d32507d9d24e7a4f12c8ab87c6a3f50da546e2e93302566e87005115e0ca0e,2026-06-18T12:09:50+05:30
681600697,d3866b13-14c2-44a5-af6a-e462053ecfbe,Tetraponera rufonigra,tetraponera-rufonigra,155026,18.4465176103,73.4286274016,inat_api_benchmark,5136cd11612fcde447927b23232d9cadb5802f513b819eb4efd9e6eb0a7b20cd,2026-06-18T22:33:53+05:30
682031666,c6e1f12e-4220-44ec-ba15-8aefda3da19f,Tetraponera rufonigra,tetraponera-rufonigra,155026,14.631368812,74.445521005,inat_api_benchmark,11d115c3399161886d464b6801da0b5da598e3556c4dd730f646d52ba3771eea,2026-06-19T17:12:04+05:30
682089225,b8cc3430-b046-44f0-b5cf-6d9fe63466fa,Tetraponera rufonigra,tetraponera-rufonigra,155026,22.3154944444,87.9854638889,inat_api_benchmark,68a8aadf3f2ae511d54e6fbb6b1169bb8d8d1890b5af6e14f6cb0bb0cc3a4bad,2026-06-19T19:38:55+05:30
682240253,4e68be12-bd57-40d8-b582-5e7f255a1429,Tetraponera rufonigra,tetraponera-rufonigra,155026,1.3071915045,103.9309305309,inat_api_benchmark,7213ebd3880918ff6ce7688e51f94f375c5b52d199ed638b5cfe7be14302be7f,2026-06-20T02:57:26+08:00
682507841,4a3671d2-9259-4f46-8941-f3fe2849cc4f,Tetraponera rufonigra,tetraponera-rufonigra,155026,20.4242095833,79.4104995556,inat_api_benchmark,9c8ef6713c7ba155cc8f3b20996ab444bfcc90516d6f0c8200afb33afffaca49,2026-06-20T09:34:23+05:30
682652063,80b27e34-155a-4f68-b164-62c4d381b093,Tetraponera rufonigra,tetraponera-rufonigra,155026,19.2254299,109.45167,inat_api_benchmark,3c251a39e81f72c5376846f33b5dfec7ab6b9c1582ac9b287de184a5856ce86c,2026-06-20T20:03:42+08:00
683884431,511e3fd2-afe3-4235-98cb-bee7e64bba58,Tetraponera rufonigra,tetraponera-rufonigra,155026,22.3137751,87.9834045,inat_api_benchmark,2d0bb88101a825f86eadb1d6560c23d4b62c3c48be89ea2bc89ca7a0cce94c3f,2026-06-22T08:13:23+05:30
683966894,1fb375fb-6909-4051-98c1-7e9fb7e31657,Tetraponera rufonigra,tetraponera-rufonigra,155026,22.3109,87.9814083333,inat_api_benchmark,e58d41ea41ea3218ba9d6f0712ed4cdb0a451981cdaefd20e07c1c6c095f5019,2026-06-22T12:02:37+05:30
684018698,20a321bd-2d62-49af-8bf7-454b76a8cd87,Tetraponera rufonigra,tetraponera-rufonigra,155026,22.3446934801,88.0856487527,inat_api_benchmark,b7aa7341c90c75281a684754a1688cf77f53240c62ca5ef1b128cc69937d3e92,2026-06-22T15:04:40+05:30
684019932,b5434811-b431-450e-a2fd-1230ed419a7a,Tetraponera rufonigra,tetraponera-rufonigra,155026,17.4142633333,78.5334833333,inat_api_benchmark,bb2cc356a0a8713106d3da6d0340eae11c24e53f8e9cebc7b14261fd8fef28d6,2026-06-22T15:08:13+05:30
684041845,5283b855-6c78-4bcc-b4ce-d33906456895,Tetraponera rufonigra,tetraponera-rufonigra,155026,10.8456864531,106.6857721657,inat_api_benchmark,2691727aaa57ebad7fcb3939c509bc09d234b4170723c344fa3363423aebaba5,2026-06-22T17:49:55+07:00
684533529,a5c7a6f2-5415-48b6-94d1-471961b4bc39,Tetraponera rufonigra,tetraponera-rufonigra,155026,10.8456584637,106.6861825436,inat_api_benchmark,9b4b1b72148cdb6c15228ea1eae78b2c8b0f83c7c34b2e4e1e54a3ddea2226a9,2026-06-23T10:56:14+07:00
684577814,1a1306f2-5aa9-445c-9eb9-947c77293cb7,Tetraponera rufonigra,tetraponera-rufonigra,155026,22.3137220755,87.9824001342,inat_api_benchmark,85d0722229dcf44945d0059f7d321ca2961f4e8ec88cf78ffbed36a93a8c5b7b,2026-06-23T12:00:36+05:30
684607770,81c44d43-2bc7-43a0-8d4a-a8d44d2f6631,Tetraponera rufonigra,tetraponera-rufonigra,155026,9.572039,100.0149969722,inat_api_benchmark,2dfe24d6f225e92b8e130ae8645f4c4292cca709cb9a4924362ed16625b52655,2026-06-23T15:28:50+07:00
684611239,b84d150e-3983-459f-93dd-ea88a7fcf71e,Tetraponera rufonigra,tetraponera-rufonigra,155026,22.3131867206,87.9823783413,inat_api_benchmark,93896b7010c5095b86b4d12c893e6eedacc2e9be9e29dcc2dee3fed471c3eba2,2026-06-23T14:11:05+05:30
684626604,2f69f244-41c2-4e6b-8af1-e65e4960d2b4,Tetraponera rufonigra,tetraponera-rufonigra,155026,22.3136972618,87.9827964306,inat_api_benchmark,6c6ac7ad0c69733cab2f93a2a959e5f2edf8d066ad9094a50badeb5d4c9afc4a,2026-06-23T15:12:53+05:30
684627643,85efac6e-6112-4c76-9544-3d0ce9238b06,Tetraponera rufonigra,tetraponera-rufonigra,155026,22.3130527778,87.9837777778,inat_api_benchmark,62d0d3244119ddf2e4899e83d18aaf9ba1673a3aa03be86af2dd257b779a1dda,2026-06-23T15:16:29+05:30
684680106,61d31467-cc66-44f5-855e-07264acf54d1,Tetraponera rufonigra,tetraponera-rufonigra,155026,12.9494157323,77.5846804306,inat_api_benchmark,8c3bc81a8a08ad58f379152f2f3c7d5b4dfec3ee1d9f5d3777d2024aad45b806,2026-06-23T18:03:47+05:30
684746235,fc0bb567-145b-4ab6-b3cd-6a2dc6acfe76,Tetraponera rufonigra,tetraponera-rufonigra,155026,22.3137205246,87.9829674214,inat_api_benchmark,c7f9633b7531c7078b01b44fc993d872d0cb3e009b3408f4a5eaf6e379eb4043,2026-06-23T20:22:55+05:30
685093422,f395dc1f-4d29-4167-b61b-469b6344ba7a,Tetraponera rufonigra,tetraponera-rufonigra,155026,22.24507942,88.05886864,inat_api_benchmark,cd48176504ff477d8aa2ad0d31a26a81f8f56d97b5f7d86e9622766811f09b6b,2026-06-24T07:50:21+05:30
685204540,95ab7930-4519-4d90-b255-399e6807329e,Tetraponera rufonigra,tetraponera-rufonigra,155026,12.8742056269,77.5272426009,inat_api_benchmark,e599052dbf2105c450ac4c4ac150318e12b161c4aa13a450e9fb321149f0e629,2026-06-24T14:09:07+05:30
685205009,f7acc1e1-1a34-4dbe-8f2c-d07b730ec087,Tetraponera rufonigra,tetraponera-rufonigra,155026,22.3842791205,87.9778765887,inat_api_benchmark,70aefa87dff94dca011d2c30b61d965a2200756821c1584b5ee62942507dae34,2026-06-24T14:11:02+05:30
685213557,b97a34aa-fc3e-479c-838f-7eeed8b17c55,Tetraponera rufonigra,tetraponera-rufonigra,155026,22.4892611111,88.3921583333,inat_api_benchmark,d7e7acf06d89aabd12b83c408799f6b786ab0ac6bcefba7495364c8fb4fde7e8,2026-06-24T14:41:51+05:30
685879889,d74352b3-bcf8-4625-a726-1da3413e2b56,Tetraponera rufonigra,tetraponera-rufonigra,155026,22.313721145,87.9829989374,inat_api_benchmark,4750a63eee8744556cfcafca27d28c1d4b207b150fda6c20981ce345718b8aaa,2026-06-25T17:56:06+05:30
686109934,4159ec18-3b02-44d8-a5e1-2181a8741954,Tetraponera rufonigra,tetraponera-rufonigra,155026,10.978642,76.2861089722,inat_api_benchmark,27d7d2d9784bfa270a13ea45bb3106a91b9fb4cf54301ded3bf949357e02ac04,2026-06-26T01:21:45+05:30
686331249,fe3c36bd-853c-4fce-bd9f-93d512176b56,Tetraponera rufonigra,tetraponera-rufonigra,155026,22.3134980741,87.9834160209,inat_api_benchmark,2c1a53fa568998fd76ab349a7d17d0eeb51a044f484c7ba07f45fb3672bfff89,2026-06-26T09:28:29+05:30
686671405,61d2941f-1022-46fb-acf2-e88938f14300,Tetraponera rufonigra,tetraponera-rufonigra,155026,12.97765,77.5968466667,inat_api_benchmark,fbcccf17379d1fdb28ab3217f1ea131e07574c3a09cfca8fa4f7a8b4bd41e8ba,2026-06-27T00:55:26+05:30
681577570,07d91e40-448e-47a2-9901-45007f13bf81,Veromessor pergandei,veromessor-pergandei,371172,33.8257013017,-116.3319199681,inat_api_benchmark,162a96c4023304cfc2a2867ac4e95d8d6c0ad267d88ba8ba742ca494680edf29,2026-06-18T09:22:08-07:00
682446318,4941690b-2ac3-47b6-9b2d-1628097a3e09,Veromessor pergandei,veromessor-pergandei,371172,35.0581083333,-119.6079683333,inat_api_benchmark,314dc979385cd64d992f344e537ece03e398afba5795493c3ae2e6f11e198dce,2026-06-19T18:54:54-07:00
686306549,84eee162-1b3d-4756-b6c7-a146869ded89,Veromessor pergandei,veromessor-pergandei,371172,35.0923665879,-118.2191234714,inat_api_benchmark,48752e0337b8fc981c8210143a32d4c8c5384216ddda771251735d04aa4811eb,2026-06-25T20:01:54-07:00
686810643,2e4df2c1-907c-4b74-864b-f12ffcebbef5,Veromessor pergandei,veromessor-pergandei,371172,35.0980720354,-118.2074610299,inat_api_benchmark,8a781db0dddfca5511483739a55421c249b4fc0264b87a8dfa3d094269b05e1d,2026-06-26T17:07:50-07:00
687862486,5dfb85a5-5562-4054-826b-37de132241b9,Veromessor pergandei,veromessor-pergandei,371172,32.3739083333,-111.0517805556,inat_api_benchmark,68e41ffa316e1cb3c6738b10b6181276eef2e1c91e2d3f65039f762f3475e861,2026-06-28T08:58:45-07:00
688476839,95ec43b6-fdd3-46ea-90a3-6001e5e19d6c,Veromessor pergandei,veromessor-pergandei,371172,32.3813944444,-111.0034861111,inat_api_benchmark,ca375e8759d8b6898191135cdb01c377bf3b3c546c02c12bf5db5673e395d973,2026-06-29T08:05:15-07:00
692039769,656ffe49-b312-45ac-a829-6b53ebf81387,Veromessor pergandei,veromessor-pergandei,371172,33.3825705,-112.1236468,inat_api_benchmark,cf749bb3e46a8c2e1f0915d8a559686220d7cec54a5eb084e1fca3ba1412d388,2026-07-05T06:35:06-07:00
692362512,2fa0661b-5b9b-4fe2-9bcf-18d94f80d328,Veromessor pergandei,veromessor-pergandei,371172,34.9306916598,-118.3585422184,inat_api_benchmark,1fbc583b8040a94bb66e04a488fe5b18157733a7e6e9608be06abaf4c0ade045,2026-07-05T15:18:58-07:00
692362990,6b335ea8-97b5-4fce-b9c8-f6ab29397e8f,Veromessor pergandei,veromessor-pergandei,371172,34.999473319,-118.3774462386,inat_api_benchmark,2fef4e52a6c4991cacb966cd82c1d94ff267621d13a052ffb01dff4cc330dec8,2026-07-05T15:19:08-07:00
692363110,b80aa1d8-1456-4040-8d4f-40058b8f5370,Veromessor pergandei,veromessor-pergandei,371172,34.8720813695,-118.202078863,inat_api_benchmark,bdf26aa97fef265a89be9d5d61ab25226018a35014e3f1764a6ea5203650300c,2026-07-05T15:19:09-07:00
692363543,6bc578dd-7ca4-4593-b1ed-e3866fb8fa68,Veromessor pergandei,veromessor-pergandei,371172,34.8031993755,-118.2067870165,inat_api_benchmark,dfa3290f80f8c66bafdcd2cac399a86349a4433157dde78fd52c504e4326307b,2026-07-05T15:19:15-07:00
692363660,ca46784b-d8ca-4a48-8a91-98957db29b30,Veromessor pergandei,veromessor-pergandei,371172,34.815085133,-118.2043552817,inat_api_benchmark,f1596049088b2698948d9e9b54c3ff3fa886ae1a661f5e8c72881276cd985d3c,2026-07-05T15:19:17-07:00
692422861,d200523c-3c5e-432f-95c3-9cdd37537f23,Veromessor pergandei,veromessor-pergandei,371172,34.9091864397,-118.3245660178,inat_api_benchmark,25274ba0008f724ad88dc0fac4c0a89c096809d2ae4702cb6f6ab4c750662014,2026-07-05T16:35:39-07:00
696785704,5ac975ba-f4d2-447f-8cd6-f7f151f318f6,Veromessor pergandei,veromessor-pergandei,371172,33.4363671997,-111.5362290997,inat_api_benchmark,ab17f53ddb0a284e84363381c929c7b16562a9f231ff1b28328c5f07af11ae24,2026-07-12T15:17:23-07:00
696898617,2ed42a64-d2cd-4c3e-9d1d-1bbde6859564,Veromessor pergandei,veromessor-pergandei,371172,35.586077,-117.9393749722,inat_api_benchmark,6d5ffb1ed14a64b6f7a5066bbb35171401484c66870dade2807d8e15fc3fa976,2026-07-12T18:44:24-07:00
696927148,c97e7c55-f3f0-490b-aab4-a441d46e2535,Veromessor pergandei,veromessor-pergandei,371172,35.0844333333,-119.3971416667,inat_api_benchmark,c1023e7ae520a8d2c8ceba4cbce3960065ec11a0aa757492d940b2638785c6d0,2026-07-12T19:51:34-07:00
699529998,05edd5b9-b92f-4935-b6ff-9dd5061d4532,Veromessor pergandei,veromessor-pergandei,371172,32.4424569649,-110.9563995429,inat_api_benchmark,5a0f0411291635edc45615e25314df1a0cb4edda52cf7d69d92f5b334adfac43,2026-07-17T05:53:44-07:00
701598737,6be1fca3-d0a7-4d0e-9112-d571caaf38a6,Veromessor pergandei,veromessor-pergandei,371172,34.4765657103,-117.3978836921,inat_api_benchmark,9e45b4e2401f7f99fa408d5cec0dc0f06fac01ef45d9b2cf17bb72d3a9122e23,2026-07-20T09:58:55-07:00
705051896,a96bbb5d-5ee3-4c36-84de-b8eeb30bf367,Veromessor pergandei,veromessor-pergandei,371172,35.6369833333,-117.7032083333,inat_api_benchmark,c7fb8ecbca34831cec18102f89fd5786fdce660d44ca8d1a2c0efbc9f9600cb4,2026-07-25T20:03:57-07:00
705837799,0baef2b4-0738-4f5d-bff9-5dddb9bcfaf3,Veromessor pergandei,veromessor-pergandei,371172,33.3020216667,-116.25483,inat_api_benchmark,162a4e03d7ee93dde41431ac75971a796e40ca422956410b03acd45062be8ac1,2026-07-26T22:14:05-07:00
708046691,9fc2ec14-2d62-4f9c-bb24-1652e7cbe9b7,Veromessor pergandei,veromessor-pergandei,371172,29.9378583333,-112.6255111111,inat_api_benchmark,69e3d0a7640399002ca72fe2c4978539f6a59a19713a8a6dac453b70db05248b,2026-07-30T15:03:42-07:00
708046779,2a8fe7b3-767e-4d5e-9b7d-bc4b663310ca,Veromessor pergandei,veromessor-pergandei,371172,29.93825,-112.6253194444,inat_api_benchmark,bb27014d9896a42a12d96c869274a291f92f77e8e85db6052ef059ecaa8487ea,2026-07-30T15:03:43-07:00
708067650,19515f20-b654-4c09-9e52-0bfad78053e7,Veromessor pergandei,veromessor-pergandei,371172,33.3669027778,-116.4138583333,inat_api_benchmark,f56958db202bacb01fdc9464f80ea4060be7adb03a333f29389a881d294e1c18,2026-07-30T15:32:40-07:00
710701293,9d256bb5-3251-4e7c-a990-040c197bcba0,Veromessor pergandei,veromessor-pergandei,371172,34.8901669455,-118.3832040716,inat_api_benchmark,f22c6aa46357f9ba399aee93732eef4b3741448c95ccdd04d3e79b9a3ffccbc1,2026-08-03T09:16:59-07:00
710674479,ee2732a2-17cb-46e9-82d9-20f631764c71,Veromessor pergandei,veromessor-pergandei,371172,35.0643284906,-118.3974324478,inat_api_benchmark,c43b64f8df387eead724036817ea8dcc1bdacc0adc673550df77bc473e34813a,2026-08-03T19:04:26-07:00
710736706,3d7f6175-dd15-4cd6-90a7-abfb1e00c46d,Veromessor pergandei,veromessor-pergandei,371172,35.0592008827,-118.2796156617,inat_api_benchmark,74a0ad8133fcb97efe6f474ce923f8acedc82362c33a707653f96f32f3b75e14,2026-08-03T21:45:50-07:00
710736977,b8ab1f09-0b70-49d6-a9f0-1866273d2676,Veromessor pergandei,veromessor-pergandei,371172,35.1351199259,-118.3812515399,inat_api_benchmark,3a6019dbcebb0ff6d10a00ac487f8859bf0c56d357a3ea47a7a4238235c94f70,2026-08-03T21:46:51-07:00
712395691,d216e897-84e4-4775-a98f-ffc354625166,Veromessor pergandei,veromessor-pergandei,371172,34.9606649931,-118.3440656053,inat_api_benchmark,d6f5389b6cafeab3c5c7205f7ecc32c0d471492e97a1b3ea1cf0f23adb556c36,2026-08-06T20:31:03-07:00
712395806,12f70641-7122-4c4d-b20d-9b8bcca36215,Veromessor pergandei,veromessor-pergandei,371172,34.9451355039,-118.2917542489,inat_api_benchmark,cb1ccdb68130502d45f19b817416f8636c58b93eb5672cf4fa9a53356ce922b2,2026-08-06T20:31:03-07:00
713710149,7b616236-1103-4411-be63-d64908cee2e9,Veromessor pergandei,veromessor-pergandei,371172,34.1179695,-114.2219466667,inat_api_benchmark,6adb46cd00a8e786dc73e95ff1176acdec3abd4025e50687b762d3932f14fd42,2026-08-09T04:54:43-07:00
714678622,be95f970-8db9-446a-98d6-d3283e2cb6ac,Veromessor pergandei,veromessor-pergandei,371172,32.387725,-111.3695133333,inat_api_benchmark,7992e8bd68bb0a30368122150a01f05b21e70cc13894aad48a24012cf43c6f80,2026-08-10T15:13:07-07:00
714779675,2c81cf61-e1b6-4033-bee9-4212513bb9b1,Veromessor pergandei,veromessor-pergandei,371172,35.0899142662,-118.2088981347,inat_api_benchmark,8863f8f5866285c8a24802a188eab46ac4bd055f62768fdc343192ccecd48129,2026-08-10T19:32:44-07:00
715061741,2d9bbbcd-070e-4c80-8d63-b87cffb9778b,Veromessor pergandei,veromessor-pergandei,371172,33.32313,-112.0674445,inat_api_benchmark,a79a518ddfae8ddfe3dbb58cbea94636208b418459a7479acc4c1c1cd5343f21,2026-08-11T09:16:02-07:00
715061896,6df0d285-e450-42c8-b372-ab9a9b4f52fe,Veromessor pergandei,veromessor-pergandei,371172,33.32515,-112.0692666667,inat_api_benchmark,47b13f09139528aee2e7d0f987337386d60adaabc037d4316c3d6bd3f59dd0a5,2026-08-11T09:16:16-07:00
715233041,b7937942-4d3d-4288-a119-29ab58c012e1,Veromessor pergandei,veromessor-pergandei,371172,34.9484174069,-118.3894447137,inat_api_benchmark,6958fc41ff32b210dabe2dbbe4b8a06fb979e95daaf581a887dcfb3d7e1b3f42,2026-08-11T14:56:11-07:00
